id_oferta,id_oferta_num,curso,campus,turno,modalidade,observacoes_min,observacoes_max,primeira_nota_min,ultima_nota_min,primeira_nota_max,ultima_nota_max,media_historica_min,mediana_historica_min,minimo_historico_min,maximo_historico_min,amplitude_historica_min,desvio_historico_min,coef_var_min,consistencia_min,mudancas_min,volatilidade_min,media_historica_max,mediana_historica_max,minimo_historico_max,maximo_historico_max,amplitude_historica_max,desvio_historico_max,coef_var_max,consistencia_max,mudancas_max,volatilidade_max,persistencia_min,persistencia_max,regressao_linear_min,regressao_linear_max,regressao_ponderada_min,regressao_ponderada_max,media_movel_min,media_movel_max,ensemble_min,ensemble_max,ensemble_mediana_min,ensemble_mediana_max,ensemble_desvio_min,ensemble_desvio_max,ensemble_amplitude_min,ensemble_amplitude_max,ensemble_n_modelos_min,ensemble_n_modelos_max,intervalo_previsto,delta_media_min,delta_media_max,delta_ultima_min,delta_ultima_max,estab_coef_var,estab_amplitude,estab_volatilidade,estab_mudancas,estab_observacoes,indice_estabilidade,classe_estabilidade
Administração (Bacharelado) | Darcy Ribeiro | Diurno | AC | EP=False | R=NA | GE=NA | PCD=False | SM=NA,1,Administração (Bacharelado),Darcy Ribeiro,Diurno,AC,6,6,-5.813,38.131,69.035,99.156,26.868,37.418,-5.813,46.485,52.298,23.412,87.136,80.0,2.0,35.681,82.398,96.546,12.807,120.3,107.493,37.802,45.877,60.0,2,65.453,38.131,99.156,37.962,64.876,28.688,62.418,29.51,78.226,33.573,76.169,33.736,71.551,5.177,16.825,9.443,36.738,4,4,42.596,6.705,-6.229,-4.558,-22.987,8.638743455497377,31.413612565445025,28.53403141361257,17.212041884816752,95.29411764705881,36.22,Baixa
Administração (Bacharelado) | Darcy Ribeiro | Diurno | CN | EP=False | R=NA | GE=NEGROS | PCD=False | SM=NA,3,Administração (Bacharelado),Darcy Ribeiro,Diurno,CN,6,6,-40.808,-12.58,3.022,6.842,-28.12,-26.694,-54.707,-4.981,49.726,22.874,-81.344,60.0,4.0,48.142,-7.373,1.368,-49.856,44.699,94.555,36.28,-492.069,60.0,3,76.162,-12.58,6.842,-24.194,-10.52,-23.703,-5.991,-27.185,-8.122,-21.916,-4.448,-23.949,-7.057,6.411,7.751,14.605,17.362,4,4,17.468,6.204,2.925,-9.336,-11.29,77.35602094240838,33.63874345549738,19.240837696335078,1.505235602094246,95.29411764705881,45.41,Moderada
Administração (Bacharelado) | Darcy Ribeiro | Diurno | EP_R1_NPPI | EP=True | R=R1 | GE=NPPI | PCD=False | SM=1.5,5,Administração (Bacharelado),Darcy Ribeiro,Diurno,EP_R1_NPPI,4,4,-90.624,-59.221,-3.524,-21.197,-51.749,-50.495,-90.624,-15.383,75.241,31.566,-60.997,66.667,1.0,56.273,-2.144,-1.766,-21.197,16.153,37.35,15.322,-714.546,66.667,1,27.969,-59.221,-21.197,-34.793,-11.358,-53.332,-19.532,-48.358,-3.987,-48.926,-14.019,-50.845,-15.445,10.416,7.95,24.428,17.21,4,4,34.907,2.823,-11.875,10.295,7.178,73.56020942408377,17.14659685863874,12.827225130890053,37.56544502617801,64.9673202614379,41.21,Moderada
Administração (Bacharelado) | Darcy Ribeiro | Diurno | EP_R1_NPPIQ | EP=True | R=R1 | GE=NPPIQ | PCD=False | SM=1.0,7,Administração (Bacharelado),Darcy Ribeiro,Diurno,EP_R1_NPPIQ,1,1,-67.831,-67.831,-19.227,-19.227,-67.831,-67.831,-67.831,-67.831,0.0,0.0,0.0,100.0,0.0,0.0,-19.227,-19.227,-19.227,-19.227,0.0,0.0,0.0,100.0,0,0.0,-67.831,-19.227,,,,,-67.831,-19.227,-67.831,-19.227,-67.831,-19.227,0.0,0.0,0.0,0.0,2,2,48.604,0.0,0.0,0.0,0.0,33.37696335078534,82.32984293193716,78.20680628272252,74.54188481675392,17.77777777777778,57.25,Moderada
Administração (Bacharelado) | Darcy Ribeiro | Diurno | EP_R1_PPI | EP=True | R=R1 | GE=PPI | PCD=False | SM=1.5,8,Administração (Bacharelado),Darcy Ribeiro,Diurno,EP_R1_PPI,4,4,-32.289,-53.789,-1.11,-9.772,-42.766,-42.494,-53.789,-32.289,21.5,9.419,-22.024,100.0,0.0,1.148,7.238,7.574,-9.772,23.576,33.348,15.355,212.143,66.667,1,25.647,-53.789,-9.772,-60.975,-1.088,-61.193,-11.231,-46.408,5.573,-55.591,-4.13,-57.382,-5.43,7.022,7.867,14.785,16.804,4,4,51.461,-12.825,-11.368,-1.802,5.642,56.675392670157066,57.06806282722513,56.28272251308901,74.54188481675392,64.9673202614379,61.91,Alta
Administração (Bacharelado) | Darcy Ribeiro | Diurno | EP_R2_NPPI | EP=True | R=R2 | GE=NPPI | PCD=False | SM=1.5,10,Administração (Bacharelado),Darcy Ribeiro,Diurno,EP_R2_NPPI,5,5,-80.471,-77.484,-26.835,-34.03,-31.063,-11.331,-80.471,13.596,94.067,44.632,-143.68,75.0,1.0,66.797,22.259,33.653,-34.03,85.005,119.035,51.531,231.504,75.0,1,78.449,-77.484,-34.03,-21.793,2.537,-53.685,-32.203,-29.003,17.876,-45.491,-11.455,-41.344,-14.833,25.325,25.795,55.691,51.906,4,4,34.036,-14.428,-33.714,31.993,22.575,87.30366492146598,8.115183246073299,7.853403141361259,37.56544502617801,82.2875816993464,44.63,Moderada
Administração (Bacharelado) | Darcy Ribeiro | Diurno | EP_R2_NPPIQ | EP=True | R=R2 | GE=NPPIQ | PCD=False | SM=1.0,12,Administração (Bacharelado),Darcy Ribeiro,Diurno,EP_R2_NPPIQ,1,1,-17.433,-17.433,18.394,18.394,-17.433,-17.433,-17.433,-17.433,0.0,0.0,0.0,100.0,0.0,0.0,18.394,18.394,18.394,18.394,0.0,0.0,0.0,100.0,0,0.0,-17.433,18.394,,,,,-17.433,18.394,-17.433,18.394,-17.433,18.394,0.0,0.0,0.0,0.0,2,2,35.827,0.0,0.0,0.0,0.0,33.37696335078534,82.32984293193716,78.20680628272252,74.54188481675392,17.77777777777778,57.25,Moderada
Administração (Bacharelado) | Darcy Ribeiro | Diurno | EP_R2_PPI | EP=True | R=R2 | GE=PPI | PCD=False | SM=1.5,14,Administração (Bacharelado),Darcy Ribeiro,Diurno,EP_R2_PPI,4,4,-66.919,-51.29,-1.149,2.093,-41.334,-42.102,-66.919,-14.213,52.706,22.805,-55.171,66.667,1.0,37.412,4.658,1.368,-1.149,17.044,18.193,8.363,179.556,66.667,1,15.688,-51.29,2.093,-24.937,11.189,-39.153,7.841,-38.055,5.964,-38.359,6.772,-38.604,6.903,10.772,3.795,26.353,9.096,4,4,45.131,2.975,2.114,12.931,4.679,71.98952879581152,30.89005235602095,26.8324607329843,37.56544502617801,64.9673202614379,46.45,Moderada
Administração (Bacharelado) | Darcy Ribeiro | Diurno | EP_R2_PPIQ | EP=True | R=R2 | GE=PPIQ | PCD=False | SM=1.0,16,Administração (Bacharelado),Darcy Ribeiro,Diurno,EP_R2_PPIQ,1,1,-25.422,-25.422,-3.245,-3.245,-25.422,-25.422,-25.422,-25.422,0.0,0.0,0.0,100.0,0.0,0.0,-3.245,-3.245,-3.245,-3.245,0.0,0.0,0.0,100.0,0,0.0,-25.422,-3.245,,,,,-25.422,-3.245,-25.422,-3.245,-25.422,-3.245,0.0,0.0,0.0,0.0,2,2,22.177,0.0,0.0,0.0,0.0,33.37696335078534,82.32984293193716,78.20680628272252,74.54188481675392,17.77777777777778,57.25,Moderada
Administração (Bacharelado) | Darcy Ribeiro | Noturno | AC | EP=False | R=NA | GE=NA | PCD=False | SM=NA,2,Administração (Bacharelado),Darcy Ribeiro,Noturno,AC,6,6,-98.9,-7.05,38.986,44.901,-38.006,-16.271,-98.9,-2.777,96.123,42.97,-113.06,60.0,2.0,68.732,40.601,47.522,-40.646,98.221,138.867,45.085,111.043,60.0,4,73.686,-7.05,44.901,-17.479,2.085,-29.29,0.305,-33.119,31.431,-21.734,19.68,-23.384,16.758,11.838,22.054,26.069,44.596,4,4,41.414,16.272,-20.921,-14.684,-25.221,84.68586387434554,7.59162303664922,6.282722513089,17.212041884816752,95.29411764705881,42.21,Moderada
Administração (Bacharelado) | Darcy Ribeiro | Noturno | CN | EP=False | R=NA | GE=NEGROS | PCD=False | SM=NA,4,Administração (Bacharelado),Darcy Ribeiro,Noturno,CN,5,5,-3.806,-54.846,1.212,-53.83,-23.06,-6.548,-54.846,-1.176,53.67,26.464,-114.765,50.0,3.0,43.831,-6.654,1.212,-53.83,19.031,72.861,27.61,-414.944,50.0,1,29.73,-54.846,-53.83,-58.81,-48.142,-59.141,-59.904,-30.223,-14.281,-50.755,-44.039,-56.828,-50.986,13.826,20.412,28.918,45.623,4,4,6.716,-27.695,-37.385,4.091,9.791,84.94764397905759,29.973821989528794,21.596858638743456,5.759162303664922,82.2875816993464,44.91,Moderada
Administração (Bacharelado) | Darcy Ribeiro | Noturno | EP_R1_NPPI | EP=True | R=R1 | GE=NPPI | PCD=False | SM=1.5,6,Administração (Bacharelado),Darcy Ribeiro,Noturno,EP_R1_NPPI,4,4,-64.264,-45.664,-17.504,6.082,-43.377,-40.222,-64.264,-28.8,35.464,15.577,-35.91,66.667,1.0,25.462,-8.615,-5.711,-34.78,11.743,46.523,21.557,-250.23,66.667,2,47.455,-45.664,6.082,-30.922,-2.556,-40.192,-0.233,-40.886,-7.403,-39.416,-1.028,-40.539,-1.394,6.163,5.602,14.742,13.485,4,4,38.388,3.961,7.587,6.248,-7.11,64.39790575916231,46.46596858638743,38.481675392670155,37.56544502617801,64.9673202614379,50.38,Moderada
Administração (Bacharelado) | Darcy Ribeiro | Noturno | EP_R1_PPI | EP=True | R=R1 | GE=PPI | PCD=False | SM=1.5,9,Administração (Bacharelado),Darcy Ribeiro,Noturno,EP_R1_PPI,3,3,2.342,-46.477,2.342,-16.586,-38.741,-46.477,-72.089,2.342,74.431,37.814,-97.606,50.0,1.0,70.741,-8.798,-12.149,-16.586,2.342,18.928,9.899,-112.519,100.0,0,7.109,-46.477,-16.586,-87.56,-27.726,-70.886,-26.05,-46.878,-11.952,-62.95,-20.578,-58.882,-21.318,19.986,7.558,41.083,15.773,4,4,42.372,-24.209,-11.78,-16.473,-3.992,81.15183246073299,17.539267015706805,5.890052356020947,37.56544502617801,49.73856209150327,38.38,Baixa
Administração (Bacharelado) | Darcy Ribeiro | Noturno | EP_R2_NPPI | EP=True | R=R2 | GE=NPPI | PCD=False | SM=1.5,11,Administração (Bacharelado),Darcy Ribeiro,Noturno,EP_R2_NPPI,4,4,-30.302,-63.326,31.847,12.204,-28.627,-21.404,-63.326,-8.376,54.95,25.012,-87.372,66.667,1.0,36.858,15.661,13.598,3.601,31.847,28.246,11.83,75.538,66.667,1,13.402,-63.326,12.204,-54.427,-1.919,-68.977,3.173,-33.787,12.145,-55.129,6.401,-58.877,7.659,15.437,6.984,35.19,14.123,4,4,61.53,-26.502,-9.26,8.197,-5.803,79.05759162303664,29.450261780104714,27.552356020942405,37.56544502617801,64.9673202614379,47.72,Moderada
Administração (Bacharelado) | Darcy Ribeiro | Noturno | EP_R2_NPPIQ | EP=True | R=R2 | GE=NPPIQ | PCD=False | SM=1.0,13,Administração (Bacharelado),Darcy Ribeiro,Noturno,EP_R2_NPPIQ,1,1,-55.503,-55.503,-4.817,-4.817,-55.503,-55.503,-55.503,-55.503,0.0,0.0,0.0,100.0,0.0,0.0,-4.817,-4.817,-4.817,-4.817,0.0,0.0,0.0,100.0,0,0.0,-55.503,-4.817,,,,,-55.503,-4.817,-55.503,-4.817,-55.503,-4.817,0.0,0.0,0.0,0.0,2,2,50.686,0.0,0.0,0.0,0.0,33.37696335078534,82.32984293193716,78.20680628272252,74.54188481675392,17.77777777777778,57.25,Moderada
Administração (Bacharelado) | Darcy Ribeiro | Noturno | EP_R2_PPI | EP=True | R=R2 | GE=PPI | PCD=False | SM=1.5,15,Administração (Bacharelado),Darcy Ribeiro,Noturno,EP_R2_PPI,3,3,-74.731,-84.174,-4.551,-84.174,-70.191,-74.731,-84.174,-51.667,32.507,16.722,-23.824,50.0,1.0,39.295,-31.612,-6.11,-84.174,-4.551,79.623,45.527,-144.02,100.0,0,54.097,-84.174,-84.174,-79.634,-111.235,-88.896,-123.986,-71.764,-44.882,-81.117,-91.069,-81.904,-97.704,7.292,34.981,17.131,79.103,4,4,-9.952,-10.926,-59.457,3.057,-6.895,57.72251308900523,48.167539267015705,24.345549738219894,37.56544502617801,49.73856209150327,43.51,Moderada
Agronomia (Bacharelado) | Darcy Ribeiro | Diurno | AC | EP=False | R=NA | GE=NA | PCD=False | SM=NA,17,Agronomia (Bacharelado),Darcy Ribeiro,Diurno,AC,6,6,-82.562,-5.377,39.359,112.172,-34.375,-8.274,-95.148,-5.377,89.771,42.405,-123.361,60.0,2.0,70.645,56.917,67.5,-49.448,112.172,161.62,59.647,104.798,60.0,2,108.034,-5.377,112.172,-21.67,61.668,-32.309,61.612,-31.35,58.048,-22.676,73.375,-26.51,61.64,12.494,25.92,26.932,54.124,4,4,96.051,11.699,16.458,-17.299,-38.797,85.60209424083769,9.685863874345547,6.020942408376961,17.212041884816752,95.29411764705881,42.76,Moderada
Agronomia (Bacharelado) | Darcy Ribeiro | Diurno | CN | EP=False | R=NA | GE=NEGROS | PCD=False | SM=NA,18,Agronomia (Bacharelado),Darcy Ribeiro,Diurno,CN,5,5,-56.023,-22.112,-9.606,-14.127,-50.545,-56.023,-86.604,-13.14,73.464,32.126,-63.56,50.0,2.0,56.735,-9.118,-9.606,-66.324,32.518,98.842,36.998,-405.773,50.0,3,78.596,-22.112,-14.127,-44.693,-7.445,-34.118,-5.445,-50.921,-8.349,-37.961,-8.842,-39.405,-7.897,12.639,3.727,28.809,8.682,4,4,29.119,12.584,0.276,-15.849,5.285,73.95287958115183,18.19371727748691,12.565445026178013,17.212041884816752,82.2875816993464,40.84,Moderada
Agronomia (Bacharelado) | Darcy Ribeiro | Diurno | EP_R1_NPPI | EP=True | R=R1 | GE=NPPI | PCD=False | SM=1.5,19,Agronomia (Bacharelado),Darcy Ribeiro,Diurno,EP_R1_NPPI,3,3,-64.547,-28.599,-64.547,19.269,-47.828,-50.337,-64.547,-28.599,35.948,18.105,-37.854,100.0,0.0,5.323,-3.813,19.269,-64.547,33.84,98.387,53.1,-1392.717,50.0,1,79.873,-28.599,19.269,-16.298,57.272,-16.784,41.891,-41.836,10.157,-25.879,32.147,-22.692,30.58,12.063,21.413,25.538,47.115,4,4,58.026,21.949,35.96,2.72,12.878,65.31413612565444,45.68062827225131,55.23560209424083,74.54188481675392,49.73856209150327,58.1,Moderada
Agronomia (Bacharelado) | Darcy Ribeiro | Diurno | EP_R1_NPPIQ | EP=True | R=R1 | GE=NPPIQ | PCD=False | SM=1.0,20,Agronomia (Bacharelado),Darcy Ribeiro,Diurno,EP_R1_NPPIQ,1,1,-56.39,-56.39,-56.39,-56.39,-56.39,-56.39,-56.39,-56.39,0.0,0.0,0.0,100.0,0.0,0.0,-56.39,-56.39,-56.39,-56.39,0.0,0.0,0.0,100.0,0,0.0,-56.39,-56.39,,,,,-56.39,-56.39,-56.39,-56.39,-56.39,-56.39,0.0,0.0,0.0,0.0,2,2,0.0,0.0,0.0,0.0,0.0,33.37696335078534,82.32984293193716,78.20680628272252,74.54188481675392,17.77777777777778,57.25,Moderada
Agronomia (Bacharelado) | Darcy Ribeiro | Diurno | EP_R1_PPI | EP=True | R=R1 | GE=PPI | PCD=False | SM=1.5,21,Agronomia (Bacharelado),Darcy Ribeiro,Diurno,EP_R1_PPI,4,4,-73.408,-64.647,-29.038,-16.992,-70.283,-69.028,-82.722,-60.355,22.367,9.913,-14.105,66.667,2.0,22.043,-40.531,-31.206,-82.722,-16.992,65.73,28.968,-71.472,66.667,1,57.992,-64.647,-16.992,-69.304,-43.834,-68.3,-29.821,-70.087,-41.192,-68.084,-32.96,-68.802,-35.506,2.406,12.259,5.44,26.842,4,4,35.124,2.199,7.571,-3.437,-15.968,53.66492146596858,56.28272251308901,42.40837696335078,17.212041884816752,64.9673202614379,46.91,Moderada
Agronomia (Bacharelado) | Darcy Ribeiro | Diurno | EP_R2_NPPI | EP=True | R=R2 | GE=NPPI | PCD=False | SM=1.5,22,Agronomia (Bacharelado),Darcy Ribeiro,Diurno,EP_R2_NPPI,4,4,-58.889,-35.875,21.927,1.054,-58.995,-52.99,-94.126,-35.875,58.251,25.235,-42.775,66.667,2.0,52.765,21.669,23.662,1.054,38.297,37.243,15.443,71.267,66.667,1,20.997,-35.875,1.054,-53.494,2.789,-44.203,-5.354,-57.895,17.893,-47.867,4.096,-48.848,1.922,9.822,9.842,22.02,23.246,4,4,51.963,11.128,-17.573,-11.992,3.042,67.67015706806284,27.617801047120416,15.575916230366493,17.212041884816752,64.9673202614379,38.61,Baixa
Agronomia (Bacharelado) | Darcy Ribeiro | Diurno | EP_R2_NPPIQ | EP=True | R=R2 | GE=NPPIQ | PCD=False | SM=1.0,23,Agronomia (Bacharelado),Darcy Ribeiro,Diurno,EP_R2_NPPIQ,1,1,-58.036,-58.036,-13.042,-13.042,-58.036,-58.036,-58.036,-58.036,0.0,0.0,0.0,100.0,0.0,0.0,-13.042,-13.042,-13.042,-13.042,0.0,0.0,0.0,100.0,0,0.0,-58.036,-13.042,,,,,-58.036,-13.042,-58.036,-13.042,-58.036,-13.042,0.0,0.0,0.0,0.0,2,2,44.994,0.0,0.0,0.0,0.0,33.37696335078534,82.32984293193716,78.20680628272252,74.54188481675392,17.77777777777778,57.25,Moderada
Agronomia (Bacharelado) | Darcy Ribeiro | Diurno | EP_R2_PPI | EP=True | R=R2 | GE=PPI | PCD=False | SM=1.5,24,Agronomia (Bacharelado),Darcy Ribeiro,Diurno,EP_R2_PPI,4,3,-67.906,-61.917,-36.5,-4.933,-72.736,-73.751,-81.527,-61.917,19.61,9.394,-12.915,66.667,1.0,16.015,-23.405,-28.783,-36.5,-4.933,31.567,16.456,-70.31,100.0,0,11.408,-61.917,-4.933,-68.727,-1.075,-62.467,2.339,-71.935,-18.144,-66.262,-5.453,-65.598,-3.004,4.883,8.967,10.018,20.483,4,4,60.809,6.474,17.952,-4.345,-0.52,53.010471204188484,58.24607329842932,48.821989528795804,37.56544502617801,64.9673202614379,52.52,Moderada
Agronomia (Bacharelado) | Darcy Ribeiro | Diurno | EP_R2_PPIQ | EP=True | R=R2 | GE=PPIQ | PCD=False | SM=1.0,25,Agronomia (Bacharelado),Darcy Ribeiro,Diurno,EP_R2_PPIQ,1,1,-62.778,-62.778,-36.2,-36.2,-62.778,-62.778,-62.778,-62.778,0.0,0.0,0.0,100.0,0.0,0.0,-36.2,-36.2,-36.2,-36.2,0.0,0.0,0.0,100.0,0,0.0,-62.778,-36.2,,,,,-62.778,-36.2,-62.778,-36.2,-62.778,-36.2,0.0,0.0,0.0,0.0,2,2,26.578,0.0,0.0,0.0,0.0,33.37696335078534,82.32984293193716,78.20680628272252,74.54188481675392,17.77777777777778,57.25,Moderada
Arquitetura e Urbanismo (Bacharelado) | Darcy Ribeiro | Diurno | AC | EP=False | R=NA | GE=NA | PCD=False | SM=NA,26,Arquitetura e Urbanismo (Bacharelado),Darcy Ribeiro,Diurno,AC,6,5,65.986,98.047,111.643,146.303,79.586,79.452,64.82,98.047,33.227,13.352,16.777,80.0,2.0,20.718,116.522,121.99,77.537,146.303,68.766,25.173,21.603,75.0,2,47.648,98.047,146.303,93.196,122.953,92.623,128.773,82.826,118.18,91.673,129.052,92.91,125.863,6.38,12.289,15.221,28.123,4,4,37.379,12.087,12.53,-6.374,-17.251,14.528795811518325,47.5130890052356,43.84816753926701,17.212041884816752,95.29411764705881,43.68,Moderada
Arquitetura e Urbanismo (Bacharelado) | Darcy Ribeiro | Diurno | CN | EP=False | R=NA | GE=NEGROS | PCD=False | SM=NA,28,Arquitetura e Urbanismo (Bacharelado),Darcy Ribeiro,Diurno,CN,6,6,46.911,65.15,54.412,65.15,54.41,50.52,27.497,85.859,58.362,19.643,36.103,60.0,4.0,38.219,55.66,53.793,27.497,85.859,58.362,19.306,34.687,60.0,4,36.6,65.15,65.15,54.699,52.198,58.656,57.585,54.478,54.836,58.246,57.442,56.678,56.21,4.987,5.589,10.672,12.952,4,4,-0.804,3.836,1.782,-6.904,-7.708,12.172774869109947,27.356020942408378,25.916230366492144,1.505235602094246,95.29411764705881,32.45,Baixa
Arquitetura e Urbanismo (Bacharelado) | Darcy Ribeiro | Diurno | EP_R1_NPPI | EP=True | R=R1 | GE=NPPI | PCD=False | SM=1.5,30,Arquitetura e Urbanismo (Bacharelado),Darcy Ribeiro,Diurno,EP_R1_NPPI,4,4,-74.003,-14.415,-50.838,58.507,-7.936,2.969,-74.003,36.319,110.322,48.873,-615.796,66.667,1.0,72.623,25.838,47.841,-50.838,58.507,109.345,51.986,201.203,100.0,0,46.35,-14.415,58.507,40.746,112.758,11.728,95.155,1.8,43.222,9.965,77.411,6.764,76.831,23.178,32.096,55.161,69.536,4,4,67.446,17.901,51.573,24.38,18.904,97.38219895287958,4.450261780104714,5.366492146596857,37.56544502617801,64.9673202614379,41.95,Moderada
Arquitetura e Urbanismo (Bacharelado) | Darcy Ribeiro | Diurno | EP_R1_NPPIQ | EP=True | R=R1 | GE=NPPIQ | PCD=False | SM=1.0,32,Arquitetura e Urbanismo (Bacharelado),Darcy Ribeiro,Diurno,EP_R1_NPPIQ,1,1,-32.379,-32.379,4.506,4.506,-32.379,-32.379,-32.379,-32.379,0.0,0.0,0.0,100.0,0.0,0.0,4.506,4.506,4.506,4.506,0.0,0.0,0.0,100.0,0,0.0,-32.379,4.506,,,,,-32.379,4.506,-32.379,4.506,-32.379,4.506,0.0,0.0,0.0,0.0,2,2,36.885,0.0,0.0,0.0,0.0,33.37696335078534,82.32984293193716,78.20680628272252,74.54188481675392,17.77777777777778,57.25,Moderada
Arquitetura e Urbanismo (Bacharelado) | Darcy Ribeiro | Diurno | EP_R1_PPI | EP=True | R=R1 | GE=PPI | PCD=False | SM=1.5,33,Arquitetura e Urbanismo (Bacharelado),Darcy Ribeiro,Diurno,EP_R1_PPI,4,4,-44.527,-23.28,18.536,23.159,-16.892,-19.846,-44.527,16.653,61.18,25.364,-150.156,66.667,1.0,48.647,30.218,27.254,18.536,47.826,29.29,12.879,42.621,66.667,1,22.771,-23.28,23.159,-9.223,37.804,-22.832,30.308,-15.358,31.735,-17.673,30.751,-19.095,31.021,6.704,6.015,14.057,14.645,4,4,48.424,-0.781,0.533,5.607,7.592,87.95811518324608,25.916230366492144,18.848167539267013,37.56544502617801,64.9673202614379,47.05,Moderada
Arquitetura e Urbanismo (Bacharelado) | Darcy Ribeiro | Diurno | EP_R2_NPPI | EP=True | R=R2 | GE=NPPI | PCD=False | SM=1.5,35,Arquitetura e Urbanismo (Bacharelado),Darcy Ribeiro,Diurno,EP_R2_NPPI,5,5,23.187,-33.969,39.321,4.708,34.598,49.823,-33.969,74.542,108.511,42.645,123.259,50.0,1.0,56.131,58.894,61.77,4.708,108.759,104.051,39.547,67.149,50.0,1,54.468,-33.969,4.708,3.18,43.57,-24.808,16.455,27.616,55.489,-6.995,30.056,-10.814,30.013,27.966,23.501,61.585,50.781,4,4,37.051,-41.593,-28.838,26.974,25.348,7.198952879581155,4.842931937172779,12.958115183246077,37.56544502617801,82.2875816993464,28.97,Baixa
Arquitetura e Urbanismo (Bacharelado) | Darcy Ribeiro | Diurno | EP_R2_NPPIQ | EP=True | R=R2 | GE=NPPIQ | PCD=False | SM=1.0,37,Arquitetura e Urbanismo (Bacharelado),Darcy Ribeiro,Diurno,EP_R2_NPPIQ,1,1,65.505,65.505,97.824,97.824,65.505,65.505,65.505,65.505,0.0,0.0,0.0,100.0,0.0,0.0,97.824,97.824,97.824,97.824,0.0,0.0,0.0,100.0,0,0.0,65.505,97.824,,,,,65.505,97.824,65.505,97.824,65.505,97.824,0.0,0.0,0.0,0.0,2,2,32.319,0.0,0.0,0.0,0.0,33.37696335078534,82.32984293193716,78.20680628272252,74.54188481675392,17.77777777777778,57.25,Moderada
Arquitetura e Urbanismo (Bacharelado) | Darcy Ribeiro | Diurno | EP_R2_PPI | EP=True | R=R2 | GE=PPI | PCD=False | SM=1.5,39,Arquitetura e Urbanismo (Bacharelado),Darcy Ribeiro,Diurno,EP_R2_PPI,4,4,-33.644,-10.139,16.99,15.247,-2.715,2.182,-33.644,18.42,52.064,24.186,-890.733,66.667,1.0,39.68,34.726,34.843,15.247,53.972,38.725,21.504,61.926,66.667,1,37.22,-10.139,15.247,13.934,33.1,-1.407,18.214,0.615,34.401,0.751,25.24,-0.396,25.657,9.951,9.915,24.073,19.154,4,4,24.489,3.466,-9.486,10.89,9.993,98.56020942408377,31.80628272251309,24.083769633507856,37.56544502617801,64.9673202614379,51.4,Moderada
Arquitetura e Urbanismo (Bacharelado) | Darcy Ribeiro | Diurno | EP_R2_PPIQ | EP=True | R=R2 | GE=PPIQ | PCD=False | SM=1.0,41,Arquitetura e Urbanismo (Bacharelado),Darcy Ribeiro,Diurno,EP_R2_PPIQ,1,1,12.661,12.661,61.488,61.488,12.661,12.661,12.661,12.661,0.0,0.0,0.0,100.0,0.0,0.0,61.488,61.488,61.488,61.488,0.0,0.0,0.0,100.0,0,0.0,12.661,61.488,,,,,12.661,61.488,12.661,61.488,12.661,61.488,0.0,0.0,0.0,0.0,2,2,48.827,0.0,0.0,0.0,0.0,33.37696335078534,82.32984293193716,78.20680628272252,74.54188481675392,17.77777777777778,57.25,Moderada
Arquitetura e Urbanismo (Bacharelado) | Darcy Ribeiro | Noturno | AC | EP=False | R=NA | GE=NA | PCD=False | SM=NA,27,Arquitetura e Urbanismo (Bacharelado),Darcy Ribeiro,Noturno,AC,6,6,-31.822,48.138,62.419,74.131,24.09,33.66,-31.822,61.623,93.445,37.087,153.954,80.0,2.0,50.006,63.998,71.021,15.316,87.641,72.325,25.328,39.576,60.0,4,48.288,48.138,74.131,57.422,53.451,42.523,52.257,32.026,61.487,45.027,60.331,45.33,57.469,10.624,10.071,25.396,21.874,4,4,15.304,20.937,-3.667,-3.111,-13.8,6.282722513089,8.376963350785338,17.015706806282726,17.212041884816752,95.29411764705881,28.84,Baixa
Arquitetura e Urbanismo (Bacharelado) | Darcy Ribeiro | Noturno | CN | EP=False | R=NA | GE=NEGROS | PCD=False | SM=NA,29,Arquitetura e Urbanismo (Bacharelado),Darcy Ribeiro,Noturno,CN,6,6,-66.223,23.271,-53.075,23.271,-25.271,-26.274,-66.223,23.271,89.494,36.803,-145.634,80.0,2.0,45.849,-23.08,-26.274,-56.427,23.271,79.698,34.174,-148.073,80.0,2,42.857,23.271,23.271,21.031,16.649,29.137,27.258,-14.246,-13.62,14.798,13.389,22.151,19.96,19.662,18.531,43.383,40.879,4,4,-1.409,40.069,36.469,-8.473,-9.882,87.56544502617801,10.34031413612565,20.287958115183248,17.212041884816752,95.29411764705881,46.14,Moderada
Arquitetura e Urbanismo (Bacharelado) | Darcy Ribeiro | Noturno | EP_R1_NPPI | EP=True | R=R1 | GE=NPPI | PCD=False | SM=1.5,31,Arquitetura e Urbanismo (Bacharelado),Darcy Ribeiro,Noturno,EP_R1_NPPI,3,3,-65.025,-19.787,5.459,-19.787,-29.209,-19.787,-65.025,-2.815,62.21,32.157,-110.094,50.0,1.0,55.99,-0.537,5.459,-19.787,12.718,32.505,17.062,-3179.216,50.0,1,28.117,-19.787,-19.787,16.029,-25.783,2.832,-32.41,-21.669,-4.744,-5.649,-20.681,-8.478,-22.785,18.243,11.809,37.698,27.666,4,4,-15.032,23.56,-20.144,14.138,-0.894,83.90052356020942,25.130890052356026,13.35078534031413,37.56544502617801,49.73856209150327,41.94,Moderada
Arquitetura e Urbanismo (Bacharelado) | Darcy Ribeiro | Noturno | EP_R1_PPI | EP=True | R=R1 | GE=PPI | PCD=False | SM=1.5,34,Arquitetura e Urbanismo (Bacharelado),Darcy Ribeiro,Noturno,EP_R1_PPI,3,3,-46.6,-20.256,-28.781,-20.256,-24.467,-20.256,-46.6,-6.545,40.055,20.357,-83.201,50.0,1.0,38.018,-18.527,-20.256,-28.781,-6.545,22.236,11.218,-60.55,50.0,1,25.418,-20.256,-20.256,1.877,-10.002,-7.084,-15.994,-20.076,-17.106,-11.385,-15.84,-13.58,-16.55,10.78,4.29,22.133,10.254,4,4,-4.455,13.082,2.687,8.871,4.416,77.87958115183247,42.40837696335078,26.439790575916234,37.56544502617801,49.73856209150327,46.81,Moderada
Arquitetura e Urbanismo (Bacharelado) | Darcy Ribeiro | Noturno | EP_R2_NPPI | EP=True | R=R2 | GE=NPPI | PCD=False | SM=1.5,36,Arquitetura e Urbanismo (Bacharelado),Darcy Ribeiro,Noturno,EP_R2_NPPI,4,4,-25.804,-44.019,12.181,37.832,-28.281,-27.511,-44.019,-14.083,29.936,12.333,-43.607,66.667,1.0,15.41,13.738,12.31,-7.5,37.832,45.332,18.58,135.25,66.667,2,33.416,-44.019,37.832,-45.726,27.992,-51.031,37.006,-31.77,16.588,-43.137,29.855,-44.873,32.499,8.144,9.904,19.26,21.244,4,4,72.992,-14.856,16.117,0.882,-7.977,68.06282722513089,50.654450261780106,49.60732984293193,37.56544502617801,64.9673202614379,54.17,Moderada
Arquitetura e Urbanismo (Bacharelado) | Darcy Ribeiro | Noturno | EP_R2_NPPIQ | EP=True | R=R2 | GE=NPPIQ | PCD=False | SM=1.0,38,Arquitetura e Urbanismo (Bacharelado),Darcy Ribeiro,Noturno,EP_R2_NPPIQ,1,1,-57.497,-57.497,11.923,11.923,-57.497,-57.497,-57.497,-57.497,0.0,0.0,0.0,100.0,0.0,0.0,11.923,11.923,11.923,11.923,0.0,0.0,0.0,100.0,0,0.0,-57.497,11.923,,,,,-57.497,11.923,-57.497,11.923,-57.497,11.923,0.0,0.0,0.0,0.0,2,2,69.42,0.0,0.0,0.0,0.0,33.37696335078534,82.32984293193716,78.20680628272252,74.54188481675392,17.77777777777778,57.25,Moderada
Arquitetura e Urbanismo (Bacharelado) | Darcy Ribeiro | Noturno | EP_R2_PPI | EP=True | R=R2 | GE=PPI | PCD=False | SM=1.5,40,Arquitetura e Urbanismo (Bacharelado),Darcy Ribeiro,Noturno,EP_R2_PPI,4,4,-17.044,-39.05,-17.044,-39.05,-37.176,-28.047,-81.638,-10.972,70.666,32.002,-86.082,66.667,2.0,57.805,-18.222,-14.008,-39.05,-5.822,33.228,14.623,-80.25,66.667,1,22.428,-39.05,-39.05,-71.347,-33.439,-64.044,-41.299,-44.01,-21.265,-54.613,-33.763,-54.027,-36.244,15.531,8.964,32.297,20.034,4,4,20.85,-17.437,-15.541,-15.563,5.287,78.79581151832461,19.371727748691104,12.172774869109947,17.212041884816752,64.9673202614379,38.5,Baixa
Arquivologia (Bacharelado) | Darcy Ribeiro | Noturno | AC | EP=False | R=NA | GE=NA | PCD=False | SM=NA,42,Arquivologia (Bacharelado),Darcy Ribeiro,Noturno,AC,5,5,-46.303,-57.868,-10.847,41.329,-62.403,-57.868,-82.039,-46.303,35.736,13.889,-22.257,75.0,2.0,21.444,9.017,-5.298,-13.001,41.329,54.33,25.975,288.073,75.0,2,44.227,-57.868,41.329,-63.443,42.128,-56.447,43.084,-62.975,15.46,-60.183,35.5,-60.422,41.729,3.547,13.379,6.996,27.624,4,4,95.683,2.22,26.483,-2.315,-5.829,56.80628272251309,46.07329842931938,43.19371727748691,17.212041884816752,82.2875816993464,49.11,Moderada
Arquivologia (Bacharelado) | Darcy Ribeiro | Noturno | CN | EP=False | R=NA | GE=NEGROS | PCD=False | SM=NA,43,Arquivologia (Bacharelado),Darcy Ribeiro,Noturno,CN,3,3,-71.228,10.221,-71.228,10.221,-44.656,-71.228,-72.96,10.221,83.181,47.532,-106.442,50.0,1.0,60.043,-44.656,-71.228,-72.96,10.221,83.181,47.532,-106.442,50.0,1,60.043,10.221,10.221,36.793,36.793,50.945,50.945,-31.081,-31.081,16.72,16.72,23.507,23.507,36.062,36.062,82.026,82.026,4,4,0.0,61.376,61.376,6.499,6.499,83.50785340314137,12.172774869109947,11.256544502617805,37.56544502617801,49.73856209150327,38.85,Baixa
Arquivologia (Bacharelado) | Darcy Ribeiro | Noturno | EP_R1_NPPI | EP=True | R=R1 | GE=NPPI | PCD=False | SM=1.5,44,Arquivologia (Bacharelado),Darcy Ribeiro,Noturno,EP_R1_NPPI,2,2,-47.977,-30.721,-47.977,-19.2,-39.349,-39.349,-47.977,-30.721,17.256,12.202,-31.009,100.0,0.0,0.0,-33.588,-33.588,-47.977,-19.2,28.777,20.348,-60.581,100.0,0,0.0,-30.721,-19.2,-13.465,9.577,-13.465,9.577,-36.473,-28.792,-23.531,-7.21,-22.093,-4.812,11.858,19.775,23.008,38.369,4,4,16.321,15.818,26.378,7.19,11.99,61.64921465968587,59.29319371727748,78.20680628272252,74.54188481675392,39.47712418300654,62.63,Alta
Arquivologia (Bacharelado) | Darcy Ribeiro | Noturno | EP_R2_NPPI | EP=True | R=R2 | GE=NPPI | PCD=False | SM=1.5,45,Arquivologia (Bacharelado),Darcy Ribeiro,Noturno,EP_R2_NPPI,3,3,-55.757,-34.645,-55.757,-30.382,-49.832,-55.757,-59.094,-34.645,24.449,13.258,-26.605,50.0,1.0,19.648,-48.411,-55.757,-59.094,-30.382,28.712,15.702,-32.436,50.0,1,22.662,-34.645,-30.382,-29.09,-23.609,-26.825,-21.033,-46.313,-44.182,-34.218,-29.802,-31.867,-26.995,8.707,10.366,19.489,23.148,4,4,4.416,15.614,18.609,0.427,0.58,59.16230366492147,54.581151832460726,45.287958115183244,37.56544502617801,49.73856209150327,49.27,Moderada
Arquivologia (Bacharelado) | Darcy Ribeiro | Noturno | EP_R2_NPPIQ | EP=True | R=R2 | GE=NPPIQ | PCD=False | SM=1.0,46,Arquivologia (Bacharelado),Darcy Ribeiro,Noturno,EP_R2_NPPIQ,1,1,-70.619,-70.619,-31.332,-31.332,-70.619,-70.619,-70.619,-70.619,0.0,0.0,0.0,100.0,0.0,0.0,-31.332,-31.332,-31.332,-31.332,0.0,0.0,0.0,100.0,0,0.0,-70.619,-31.332,,,,,-70.619,-31.332,-70.619,-31.332,-70.619,-31.332,0.0,0.0,0.0,0.0,2,2,39.287,0.0,0.0,0.0,0.0,33.37696335078534,82.32984293193716,78.20680628272252,74.54188481675392,17.77777777777778,57.25,Moderada
Arquivologia (Bacharelado) | Darcy Ribeiro | Noturno | EP_R2_PPI | EP=True | R=R2 | GE=PPI | PCD=False | SM=1.5,47,Arquivologia (Bacharelado),Darcy Ribeiro,Noturno,EP_R2_PPI,2,2,-36.22,-66.41,-34.267,-66.41,-51.315,-51.315,-66.41,-36.22,30.19,21.348,-41.601,100.0,0.0,0.0,-50.338,-50.338,-66.41,-34.267,32.143,22.729,-45.151,100.0,0,0.0,-66.41,-66.41,-81.505,-82.481,-81.505,-82.481,-56.347,-55.696,-71.442,-71.767,-73.958,-74.446,12.325,13.122,25.158,26.786,4,4,-0.325,-20.127,-21.429,-5.032,-5.357,66.8848167539267,50.0,78.20680628272252,74.54188481675392,39.47712418300654,61.82,Alta
Artes Cênicas (Bacharelado) | Darcy Ribeiro | Diurno | AC | EP=False | R=NA | GE=NA | PCD=False | SM=NA,48,Artes Cênicas (Bacharelado),Darcy Ribeiro,Diurno,AC,6,6,-35.963,23.679,47.134,42.35,-7.114,-11.186,-35.963,27.497,63.46,30.574,-429.767,60.0,3.0,20.519,42.471,35.787,22.845,88.886,66.041,24.754,58.285,60.0,3,48.225,23.679,42.35,45.017,35.542,46.811,33.343,5.298,40.821,30.201,38.014,34.348,38.182,19.648,4.267,41.513,9.007,4,4,7.813,37.315,-4.457,6.522,-4.336,95.94240837696336,23.691099476439792,44.24083769633508,5.759162303664922,95.29411764705881,52.99,Moderada
Artes Cênicas (Bacharelado) | Darcy Ribeiro | Diurno | EP_R1_NPPI | EP=True | R=R1 | GE=NPPI | PCD=False | SM=1.5,49,Artes Cênicas (Bacharelado),Darcy Ribeiro,Diurno,EP_R1_NPPI,1,1,-64.508,-64.508,-64.508,-64.508,-64.508,-64.508,-64.508,-64.508,0.0,0.0,0.0,100.0,0.0,0.0,-64.508,-64.508,-64.508,-64.508,0.0,0.0,0.0,100.0,0,0.0,-64.508,-64.508,,,,,-64.508,-64.508,-64.508,-64.508,-64.508,-64.508,0.0,0.0,0.0,0.0,2,2,0.0,0.0,0.0,0.0,0.0,33.37696335078534,82.32984293193716,78.20680628272252,74.54188481675392,17.77777777777778,57.25,Moderada
Artes Cênicas (Bacharelado) | Darcy Ribeiro | Diurno | EP_R1_PPI | EP=True | R=R1 | GE=PPI | PCD=False | SM=1.5,50,Artes Cênicas (Bacharelado),Darcy Ribeiro,Diurno,EP_R1_PPI,3,3,-5.726,-42.49,-5.726,-42.49,-15.928,-5.726,-42.49,0.432,42.922,23.209,-145.709,50.0,1.0,34.705,-15.928,-5.726,-42.49,0.432,42.922,23.209,-145.709,50.0,1,34.705,-42.49,-42.49,-52.114,-52.114,-56.134,-56.134,-22.055,-22.055,-43.198,-43.198,-47.302,-47.302,15.214,15.214,34.079,34.079,4,4,0.0,-27.27,-27.27,-0.708,-0.708,87.69633507853402,39.92146596858639,29.712041884816752,37.56544502617801,49.73856209150327,48.93,Moderada
Artes Cênicas (Bacharelado) | Darcy Ribeiro | Diurno | EP_R2_NPPI | EP=True | R=R2 | GE=NPPI | PCD=False | SM=1.5,51,Artes Cênicas (Bacharelado),Darcy Ribeiro,Diurno,EP_R2_NPPI,3,3,19.746,-19.882,19.746,-1.832,-2.223,-6.534,-19.882,19.746,39.628,20.163,-906.864,100.0,0.0,9.144,3.793,-1.832,-6.534,19.746,26.28,14.014,369.438,50.0,1,21.908,-19.882,-1.832,-27.936,-12.663,-28.642,-10.592,-8.828,0.197,-21.322,-6.223,-23.909,-6.212,9.229,6.352,19.814,12.86,4,4,15.099,-19.099,-10.016,-1.44,-4.391,98.82198952879581,42.80104712041884,53.14136125654449,74.54188481675392,49.73856209150327,63.81,Alta
Artes Cênicas (Bacharelado) | Darcy Ribeiro | Diurno | EP_R2_NPPIQ | EP=True | R=R2 | GE=NPPIQ | PCD=False | SM=1.0,52,Artes Cênicas (Bacharelado),Darcy Ribeiro,Diurno,EP_R2_NPPIQ,1,1,-30.791,-30.791,18.165,18.165,-30.791,-30.791,-30.791,-30.791,0.0,0.0,0.0,100.0,0.0,0.0,18.165,18.165,18.165,18.165,0.0,0.0,0.0,100.0,0,0.0,-30.791,18.165,,,,,-30.791,18.165,-30.791,18.165,-30.791,18.165,0.0,0.0,0.0,0.0,2,2,48.956,0.0,0.0,0.0,0.0,33.37696335078534,82.32984293193716,78.20680628272252,74.54188481675392,17.77777777777778,57.25,Moderada
Artes Cênicas (Bacharelado) | Darcy Ribeiro | Diurno | EP_R2_NPPIQ_PCD | EP=True | R=R2 | GE=NPPIQ | PCD=True | SM=1.0,53,Artes Cênicas (Bacharelado),Darcy Ribeiro,Diurno,EP_R2_NPPIQ_PCD,1,1,-33.372,-33.372,-33.372,-33.372,-33.372,-33.372,-33.372,-33.372,0.0,0.0,0.0,100.0,0.0,0.0,-33.372,-33.372,-33.372,-33.372,0.0,0.0,0.0,100.0,0,0.0,-33.372,-33.372,,,,,-33.372,-33.372,-33.372,-33.372,-33.372,-33.372,0.0,0.0,0.0,0.0,2,2,0.0,0.0,0.0,0.0,0.0,33.37696335078534,82.32984293193716,78.20680628272252,74.54188481675392,17.77777777777778,57.25,Moderada
Artes Cênicas (Bacharelado) | Darcy Ribeiro | Diurno | EP_R2_PPI | EP=True | R=R2 | GE=PPI | PCD=False | SM=1.5,54,Artes Cênicas (Bacharelado),Darcy Ribeiro,Diurno,EP_R2_PPI,1,1,-58.968,-58.968,-58.968,-58.968,-58.968,-58.968,-58.968,-58.968,0.0,0.0,0.0,100.0,0.0,0.0,-58.968,-58.968,-58.968,-58.968,0.0,0.0,0.0,100.0,0,0.0,-58.968,-58.968,,,,,-58.968,-58.968,-58.968,-58.968,-58.968,-58.968,0.0,0.0,0.0,0.0,2,2,0.0,0.0,0.0,0.0,0.0,33.37696335078534,82.32984293193716,78.20680628272252,74.54188481675392,17.77777777777778,57.25,Moderada
Artes Cênicas (Licenciatura) | Darcy Ribeiro | Diurno | AC | EP=False | R=NA | GE=NA | PCD=False | SM=NA,55,Artes Cênicas (Licenciatura),Darcy Ribeiro,Diurno,AC,1,1,-12.384,-12.384,29.579,29.579,-12.384,-12.384,-12.384,-12.384,0.0,0.0,0.0,100.0,0.0,0.0,29.579,29.579,29.579,29.579,0.0,0.0,0.0,100.0,0,0.0,-12.384,29.579,,,,,-12.384,29.579,-12.384,29.579,-12.384,29.579,0.0,0.0,0.0,0.0,2,2,41.963,0.0,0.0,0.0,0.0,33.37696335078534,82.32984293193716,78.20680628272252,74.54188481675392,17.77777777777778,57.25,Moderada
Artes Cênicas (Licenciatura) | Darcy Ribeiro | Diurno | EP_R2_NPPIQ | EP=True | R=R2 | GE=NPPIQ | PCD=False | SM=1.0,57,Artes Cênicas (Licenciatura),Darcy Ribeiro,Diurno,EP_R2_NPPIQ,1,1,-49.808,-49.808,-49.808,-49.808,-49.808,-49.808,-49.808,-49.808,0.0,0.0,0.0,100.0,0.0,0.0,-49.808,-49.808,-49.808,-49.808,0.0,0.0,0.0,100.0,0,0.0,-49.808,-49.808,,,,,-49.808,-49.808,-49.808,-49.808,-49.808,-49.808,0.0,0.0,0.0,0.0,2,2,0.0,0.0,0.0,0.0,0.0,33.37696335078534,82.32984293193716,78.20680628272252,74.54188481675392,17.77777777777778,57.25,Moderada
Artes Cênicas (Licenciatura) | Darcy Ribeiro | Diurno | EP_R2_PPIQ | EP=True | R=R2 | GE=PPIQ | PCD=False | SM=1.0,58,Artes Cênicas (Licenciatura),Darcy Ribeiro,Diurno,EP_R2_PPIQ,1,1,-62.337,-62.337,-53.522,-53.522,-62.337,-62.337,-62.337,-62.337,0.0,0.0,0.0,100.0,0.0,0.0,-53.522,-53.522,-53.522,-53.522,0.0,0.0,0.0,100.0,0,0.0,-62.337,-53.522,,,,,-62.337,-53.522,-62.337,-53.522,-62.337,-53.522,0.0,0.0,0.0,0.0,2,2,8.815,0.0,0.0,0.0,0.0,33.37696335078534,82.32984293193716,78.20680628272252,74.54188481675392,17.77777777777778,57.25,Moderada
Artes Cênicas (Licenciatura) | Darcy Ribeiro | Noturno | AC | EP=False | R=NA | GE=NA | PCD=False | SM=NA,56,Artes Cênicas (Licenciatura),Darcy Ribeiro,Noturno,AC,1,1,-53.375,-53.375,16.725,16.725,-53.375,-53.375,-53.375,-53.375,0.0,0.0,0.0,100.0,0.0,0.0,16.725,16.725,16.725,16.725,0.0,0.0,0.0,100.0,0,0.0,-53.375,16.725,,,,,-53.375,16.725,-53.375,16.725,-53.375,16.725,0.0,0.0,0.0,0.0,2,2,70.1,0.0,0.0,0.0,0.0,33.37696335078534,82.32984293193716,78.20680628272252,74.54188481675392,17.77777777777778,57.25,Moderada
Artes Cênicas (Literatura) | Darcy Ribeiro | Diurno | AC | EP=False | R=NA | GE=NA | PCD=False | SM=NA,59,Artes Cênicas (Literatura),Darcy Ribeiro,Diurno,AC,4,4,-52.165,-1.077,19.702,21.881,-20.971,-25.174,-52.165,18.627,70.792,35.297,-168.312,66.667,2.0,74.411,39.162,20.792,18.627,96.437,77.81,38.207,97.563,66.667,2,76.199,-1.077,21.881,0.37,60.248,-4.149,45.552,-16.703,43.379,-5.39,42.765,-2.613,44.466,7.774,15.811,17.073,38.367,4,4,48.155,15.581,3.603,-4.313,20.884,89.3979057591623,19.10994764397905,4.581151832460728,17.212041884816752,64.9673202614379,39.05,Baixa
Artes Cênicas (Literatura) | Darcy Ribeiro | Diurno | EP_R1_NPPI | EP=True | R=R1 | GE=NPPI | PCD=False | SM=1.5,61,Artes Cênicas (Literatura),Darcy Ribeiro,Diurno,EP_R1_NPPI,2,2,14.969,-42.056,14.969,-5.063,-13.543,-13.543,-42.056,14.969,57.025,40.323,-297.728,100.0,0.0,0.0,4.953,4.953,-5.063,14.969,20.032,14.165,285.984,100.0,0,0.0,-42.056,-5.063,-99.081,-25.095,-99.081,-25.095,-23.048,1.614,-65.816,-13.41,-70.568,-15.079,39.187,13.766,76.033,26.709,4,4,52.406,-52.273,-18.363,-23.76,-8.347,94.50261780104712,28.272251308900522,78.20680628272252,74.54188481675392,39.47712418300654,63.0,Alta
Artes Cênicas (Literatura) | Darcy Ribeiro | Diurno | EP_R2_NPPI | EP=True | R=R2 | GE=NPPI | PCD=False | SM=1.5,63,Artes Cênicas (Literatura),Darcy Ribeiro,Diurno,EP_R2_NPPI,1,1,-21.566,-21.566,-21.566,-21.566,-21.566,-21.566,-21.566,-21.566,0.0,0.0,0.0,100.0,0.0,0.0,-21.566,-21.566,-21.566,-21.566,0.0,0.0,0.0,100.0,0,0.0,-21.566,-21.566,,,,,-21.566,-21.566,-21.566,-21.566,-21.566,-21.566,0.0,0.0,0.0,0.0,2,2,0.0,0.0,0.0,0.0,0.0,33.37696335078534,82.32984293193716,78.20680628272252,74.54188481675392,17.77777777777778,57.25,Moderada
Artes Cênicas (Literatura) | Darcy Ribeiro | Diurno | EP_R2_PPI | EP=True | R=R2 | GE=PPI | PCD=False | SM=1.5,65,Artes Cênicas (Literatura),Darcy Ribeiro,Diurno,EP_R2_PPI,1,1,-49.617,-49.617,-49.617,-49.617,-49.617,-49.617,-49.617,-49.617,0.0,0.0,0.0,100.0,0.0,0.0,-49.617,-49.617,-49.617,-49.617,0.0,0.0,0.0,100.0,0,0.0,-49.617,-49.617,,,,,-49.617,-49.617,-49.617,-49.617,-49.617,-49.617,0.0,0.0,0.0,0.0,2,2,0.0,0.0,0.0,0.0,0.0,33.37696335078534,82.32984293193716,78.20680628272252,74.54188481675392,17.77777777777778,57.25,Moderada
Artes Cênicas (Literatura) | Darcy Ribeiro | Noturno | AC | EP=False | R=NA | GE=NA | PCD=False | SM=NA,60,Artes Cênicas (Literatura),Darcy Ribeiro,Noturno,AC,1,1,-68.863,-68.863,25.467,25.467,-68.863,-68.863,-68.863,-68.863,0.0,0.0,0.0,100.0,0.0,0.0,25.467,25.467,25.467,25.467,0.0,0.0,0.0,100.0,0,0.0,-68.863,25.467,,,,,-68.863,25.467,-68.863,25.467,-68.863,25.467,0.0,0.0,0.0,0.0,2,2,94.33,0.0,0.0,0.0,0.0,33.37696335078534,82.32984293193716,78.20680628272252,74.54188481675392,17.77777777777778,57.25,Moderada
Artes Cênicas (Literatura) | Darcy Ribeiro | Noturno | EP_R1_PPI | EP=True | R=R1 | GE=PPI | PCD=False | SM=1.5,62,Artes Cênicas (Literatura),Darcy Ribeiro,Noturno,EP_R1_PPI,1,1,-10.798,-10.798,-10.798,-10.798,-10.798,-10.798,-10.798,-10.798,0.0,0.0,0.0,100.0,0.0,0.0,-10.798,-10.798,-10.798,-10.798,0.0,0.0,0.0,100.0,0,0.0,-10.798,-10.798,,,,,-10.798,-10.798,-10.798,-10.798,-10.798,-10.798,0.0,0.0,0.0,0.0,2,2,0.0,0.0,0.0,0.0,0.0,33.37696335078534,82.32984293193716,78.20680628272252,74.54188481675392,17.77777777777778,57.25,Moderada
Artes Cênicas (Literatura) | Darcy Ribeiro | Noturno | EP_R2_NPPI | EP=True | R=R2 | GE=NPPI | PCD=False | SM=1.5,64,Artes Cênicas (Literatura),Darcy Ribeiro,Noturno,EP_R2_NPPI,1,1,-68.553,-68.553,-68.553,-68.553,-68.553,-68.553,-68.553,-68.553,0.0,0.0,0.0,100.0,0.0,0.0,-68.553,-68.553,-68.553,-68.553,0.0,0.0,0.0,100.0,0,0.0,-68.553,-68.553,,,,,-68.553,-68.553,-68.553,-68.553,-68.553,-68.553,0.0,0.0,0.0,0.0,2,2,0.0,0.0,0.0,0.0,0.0,33.37696335078534,82.32984293193716,78.20680628272252,74.54188481675392,17.77777777777778,57.25,Moderada
Artes Visuais (Bacharelado) | Darcy Ribeiro | Diurno | AC | EP=False | R=NA | GE=NA | PCD=False | SM=NA,66,Artes Visuais (Bacharelado),Darcy Ribeiro,Diurno,AC,6,6,-54.583,13.225,41.796,75.062,-20.002,-19.65,-68.761,29.41,98.171,37.916,-189.563,60.0,3.0,55.73,40.637,44.768,9.382,75.062,65.68,26.194,64.458,60.0,3,47.288,13.225,75.062,22.556,55.689,15.888,60.922,-9.869,44.22,10.45,58.973,14.557,58.305,14.103,12.794,32.425,30.842,4,4,48.523,30.452,18.336,-2.775,-16.089,90.31413612565446,6.937172774869104,13.612565445026181,5.759162303664922,95.29411764705881,42.38,Moderada
Artes Visuais (Bacharelado) | Darcy Ribeiro | Diurno | CN | EP=False | R=NA | GE=NEGROS | PCD=False | SM=NA,67,Artes Visuais (Bacharelado),Darcy Ribeiro,Diurno,CN,1,1,-21.925,-21.925,-21.925,-21.925,-21.925,-21.925,-21.925,-21.925,0.0,0.0,0.0,100.0,0.0,0.0,-21.925,-21.925,-21.925,-21.925,0.0,0.0,0.0,100.0,0,0.0,-21.925,-21.925,,,,,-21.925,-21.925,-21.925,-21.925,-21.925,-21.925,0.0,0.0,0.0,0.0,2,2,0.0,0.0,0.0,0.0,0.0,33.37696335078534,82.32984293193716,78.20680628272252,74.54188481675392,17.77777777777778,57.25,Moderada
Artes Visuais (Bacharelado) | Darcy Ribeiro | Diurno | EP_R2_NPPI | EP=True | R=R2 | GE=NPPI | PCD=False | SM=1.5,68,Artes Visuais (Bacharelado),Darcy Ribeiro,Diurno,EP_R2_NPPI,3,3,-37.278,-73.314,-37.278,-3.219,-29.701,-37.278,-73.314,21.489,94.803,47.854,-161.118,50.0,1.0,108.59,-6.336,-3.219,-37.278,21.489,58.767,29.507,-465.708,50.0,1,59.026,-73.314,-3.219,-43.93,26.165,-65.133,16.929,-35.707,-0.659,-54.521,9.804,-54.532,8.135,17.625,14.113,37.607,29.384,4,4,64.325,-24.82,16.14,18.793,13.023,88.87434554973822,7.853403141361259,0.9162303664921434,37.56544502617801,49.73856209150327,36.99,Baixa
Artes Visuais (Bacharelado) | Darcy Ribeiro | Diurno | EP_R2_NPPIQ | EP=True | R=R2 | GE=NPPIQ | PCD=False | SM=1.0,69,Artes Visuais (Bacharelado),Darcy Ribeiro,Diurno,EP_R2_NPPIQ,1,1,-64.314,-64.314,-16.574,-16.574,-64.314,-64.314,-64.314,-64.314,0.0,0.0,0.0,100.0,0.0,0.0,-16.574,-16.574,-16.574,-16.574,0.0,0.0,0.0,100.0,0,0.0,-64.314,-16.574,,,,,-64.314,-16.574,-64.314,-16.574,-64.314,-16.574,0.0,0.0,0.0,0.0,2,2,47.74,0.0,0.0,0.0,0.0,33.37696335078534,82.32984293193716,78.20680628272252,74.54188481675392,17.77777777777778,57.25,Moderada
Artes Visuais (Licenciatura) | Darcy Ribeiro | Diurno | AC | EP=False | R=NA | GE=NA | PCD=False | SM=NA,70,Artes Visuais (Licenciatura),Darcy Ribeiro,Diurno,AC,3,3,-56.057,-7.957,28.223,70.753,-51.341,-56.057,-90.01,-7.957,82.053,41.229,-80.304,50.0,1.0,82.029,51.117,54.376,28.223,70.753,42.53,21.451,41.965,100.0,0,6.913,-7.957,70.753,-15.266,83.015,-1.732,81.874,-43.325,58.206,-17.07,73.462,-11.612,76.314,18.356,11.578,41.592,24.809,4,4,90.532,34.271,22.345,-9.113,2.709,77.22513089005236,12.958115183246077,3.926701570680624,37.56544502617801,49.73856209150327,36.28,Baixa
Artes Visuais (Licenciatura) | Darcy Ribeiro | Diurno | CN | EP=False | R=NA | GE=NEGROS | PCD=False | SM=NA,72,Artes Visuais (Licenciatura),Darcy Ribeiro,Diurno,CN,2,2,-30.845,-33.237,-30.845,-33.237,-32.041,-32.041,-33.237,-30.845,2.392,1.691,-5.279,100.0,0.0,0.0,-32.041,-32.041,-33.237,-30.845,2.392,1.691,-5.279,100.0,0,0.0,-33.237,-33.237,-33.835,-33.835,-33.835,-33.835,-32.44,-32.44,-33.337,-33.337,-33.536,-33.536,0.661,0.661,1.395,1.395,4,4,0.0,-1.296,-1.296,-0.1,-0.1,51.439790575916234,64.39790575916231,78.20680628272252,74.54188481675392,39.47712418300654,61.61,Alta
Artes Visuais (Licenciatura) | Darcy Ribeiro | Diurno | EP_R1_NPPI | EP=True | R=R1 | GE=NPPI | PCD=False | SM=1.5,73,Artes Visuais (Licenciatura),Darcy Ribeiro,Diurno,EP_R1_NPPI,1,1,-23.748,-23.748,-23.748,-23.748,-23.748,-23.748,-23.748,-23.748,0.0,0.0,0.0,100.0,0.0,0.0,-23.748,-23.748,-23.748,-23.748,0.0,0.0,0.0,100.0,0,0.0,-23.748,-23.748,,,,,-23.748,-23.748,-23.748,-23.748,-23.748,-23.748,0.0,0.0,0.0,0.0,2,2,0.0,0.0,0.0,0.0,0.0,33.37696335078534,82.32984293193716,78.20680628272252,74.54188481675392,17.77777777777778,57.25,Moderada
Artes Visuais (Licenciatura) | Darcy Ribeiro | Diurno | EP_R1_PPI | EP=True | R=R1 | GE=PPI | PCD=False | SM=1.5,74,Artes Visuais (Licenciatura),Darcy Ribeiro,Diurno,EP_R1_PPI,1,1,-23.125,-23.125,-23.125,-23.125,-23.125,-23.125,-23.125,-23.125,0.0,0.0,0.0,100.0,0.0,0.0,-23.125,-23.125,-23.125,-23.125,0.0,0.0,0.0,100.0,0,0.0,-23.125,-23.125,,,,,-23.125,-23.125,-23.125,-23.125,-23.125,-23.125,0.0,0.0,0.0,0.0,2,2,0.0,0.0,0.0,0.0,0.0,33.37696335078534,82.32984293193716,78.20680628272252,74.54188481675392,17.77777777777778,57.25,Moderada
Artes Visuais (Licenciatura) | Darcy Ribeiro | Diurno | EP_R2_NPPI | EP=True | R=R2 | GE=NPPI | PCD=False | SM=1.5,75,Artes Visuais (Licenciatura),Darcy Ribeiro,Diurno,EP_R2_NPPI,3,3,29.145,-59.575,29.145,-16.763,-17.375,-21.695,-59.575,29.145,88.72,44.517,-256.216,100.0,0.0,9.164,15.584,29.145,-16.763,34.369,51.132,28.135,180.539,50.0,1,39.85,-59.575,-16.763,-83.915,-18.847,-82.403,-25.422,-32.162,7.932,-64.514,-13.275,-70.989,-17.805,24.273,14.612,51.753,33.355,4,4,51.239,-47.139,-28.859,-4.939,3.488,93.58638743455498,10.471204188481675,53.010471204188484,74.54188481675392,49.73856209150327,56.27,Moderada
Artes Visuais (Licenciatura) | Darcy Ribeiro | Diurno | EP_R2_PPI | EP=True | R=R2 | GE=PPI | PCD=False | SM=1.5,76,Artes Visuais (Licenciatura),Darcy Ribeiro,Diurno,EP_R2_PPI,2,2,-17.979,-22.141,-17.979,-22.141,-20.06,-20.06,-22.141,-17.979,4.162,2.943,-14.671,100.0,0.0,0.0,-20.06,-20.06,-22.141,-17.979,4.162,2.943,-14.671,100.0,0,0.0,-22.141,-22.141,-24.222,-24.222,-24.222,-24.222,-20.754,-20.754,-22.835,-22.835,-23.181,-23.181,1.699,1.699,3.468,3.468,4,4,0.0,-2.775,-2.775,-0.694,-0.694,53.92670157068062,63.87434554973822,78.20680628272252,74.54188481675392,39.47712418300654,62.01,Alta
Artes Visuais (Licenciatura) | Darcy Ribeiro | Noturno | AC | EP=False | R=NA | GE=NA | PCD=False | SM=NA,71,Artes Visuais (Licenciatura),Darcy Ribeiro,Noturno,AC,1,1,-13.502,-13.502,-13.502,-13.502,-13.502,-13.502,-13.502,-13.502,0.0,0.0,0.0,100.0,0.0,0.0,-13.502,-13.502,-13.502,-13.502,0.0,0.0,0.0,100.0,0,0.0,-13.502,-13.502,,,,,-13.502,-13.502,-13.502,-13.502,-13.502,-13.502,0.0,0.0,0.0,0.0,2,2,0.0,0.0,0.0,0.0,0.0,33.37696335078534,82.32984293193716,78.20680628272252,74.54188481675392,17.77777777777778,57.25,Moderada
Biblioteconomia (Bacharelado) | Darcy Ribeiro | Diurno | AC | EP=False | R=NA | GE=NA | PCD=False | SM=NA,77,Biblioteconomia (Bacharelado),Darcy Ribeiro,Diurno,AC,5,5,-37.863,-57.49,15.722,36.282,-65.71,-69.572,-82.692,-37.863,44.829,18.562,-28.248,50.0,3.0,29.974,33.842,28.392,15.722,60.65,44.928,16.695,49.332,50.0,2,31.725,-57.49,36.282,-74.13,36.685,-63.109,33.508,-68.444,34.418,-65.793,35.223,-65.777,35.35,7.134,1.511,16.64,3.177,4,4,101.016,-0.083,1.381,-8.303,-1.059,60.60209424083769,37.69633507853403,33.63874345549738,5.759162303664922,82.2875816993464,44.0,Moderada
Biblioteconomia (Bacharelado) | Darcy Ribeiro | Diurno | CN | EP=False | R=NA | GE=NEGROS | PCD=False | SM=NA,78,Biblioteconomia (Bacharelado),Darcy Ribeiro,Diurno,CN,4,4,-13.884,-46.402,-13.884,-46.402,-28.064,-25.985,-46.402,-13.884,32.518,15.129,-53.91,100.0,0.0,6.611,-28.064,-25.985,-46.402,-13.884,32.518,15.129,-53.91,100.0,0,6.611,-46.402,-46.402,-56.108,-56.108,-55.846,-55.846,-33.78,-33.78,-48.034,-48.034,-51.124,-51.124,10.52,10.52,22.327,22.327,4,4,0.0,-19.97,-19.97,-1.632,-1.632,71.72774869109948,48.03664921465969,54.712041884816756,74.54188481675392,64.9673202614379,62.8,Alta
Biblioteconomia (Bacharelado) | Darcy Ribeiro | Diurno | EP_R1_NPPI | EP=True | R=R1 | GE=NPPI | PCD=False | SM=1.5,79,Biblioteconomia (Bacharelado),Darcy Ribeiro,Diurno,EP_R1_NPPI,3,3,-36.505,-15.523,-15.885,-15.523,-41.492,-36.505,-72.447,-15.523,56.924,28.788,-69.382,50.0,1.0,65.666,-21.988,-15.885,-34.556,-15.523,19.033,10.886,-49.508,50.0,1,26.661,-15.523,-15.523,-20.51,-21.626,-5.032,-15.342,-37.995,-21.928,-19.765,-18.605,-18.016,-18.574,13.759,3.666,32.963,6.586,4,4,1.16,21.727,3.383,-4.242,-3.082,74.73821989528795,28.403141361256544,8.376963350785338,37.56544502617801,49.73856209150327,39.76,Baixa
Biblioteconomia (Bacharelado) | Darcy Ribeiro | Diurno | EP_R1_PPI | EP=True | R=R1 | GE=PPI | PCD=False | SM=1.5,80,Biblioteconomia (Bacharelado),Darcy Ribeiro,Diurno,EP_R1_PPI,2,2,-41.515,-59.315,-41.515,-59.315,-50.415,-50.415,-59.315,-41.515,17.8,12.587,-24.966,100.0,0.0,0.0,-50.415,-50.415,-59.315,-41.515,17.8,12.587,-24.966,100.0,0,0.0,-59.315,-59.315,-77.115,-77.115,-77.115,-77.115,-53.382,-53.382,-66.732,-66.732,-68.215,-68.215,12.232,12.232,23.733,23.733,4,4,0.0,-16.317,-16.317,-7.417,-7.417,57.98429319371727,59.03141361256545,78.20680628272252,74.54188481675392,39.47712418300654,61.85,Alta
Biblioteconomia (Bacharelado) | Darcy Ribeiro | Diurno | EP_R2_NPPI | EP=True | R=R2 | GE=NPPI | PCD=False | SM=1.5,81,Biblioteconomia (Bacharelado),Darcy Ribeiro,Diurno,EP_R2_NPPI,4,4,-18.898,-30.853,-18.898,22.648,-29.26,-24.876,-57.03,-10.259,46.771,20.348,-69.542,66.667,2.0,38.077,14.896,16.062,-18.898,46.357,65.255,27.211,182.676,66.667,1,32.803,-30.853,22.648,-49.919,55.275,-46.411,44.859,-33.392,22.972,-40.144,36.439,-39.902,33.915,9.429,16.302,19.066,32.627,4,4,76.583,-10.884,21.543,-9.291,13.791,75.0,35.994764397905755,26.178010471204193,17.212041884816752,64.9673202614379,43.87,Moderada
Biblioteconomia (Bacharelado) | Darcy Ribeiro | Diurno | EP_R2_NPPIQ | EP=True | R=R2 | GE=NPPIQ | PCD=False | SM=1.0,82,Biblioteconomia (Bacharelado),Darcy Ribeiro,Diurno,EP_R2_NPPIQ,1,1,-54.547,-54.547,-52.729,-52.729,-54.547,-54.547,-54.547,-54.547,0.0,0.0,0.0,100.0,0.0,0.0,-52.729,-52.729,-52.729,-52.729,0.0,0.0,0.0,100.0,0,0.0,-54.547,-52.729,,,,,-54.547,-52.729,-54.547,-52.729,-54.547,-52.729,0.0,0.0,0.0,0.0,2,2,1.818,0.0,0.0,0.0,0.0,33.37696335078534,82.32984293193716,78.20680628272252,74.54188481675392,17.77777777777778,57.25,Moderada
Biblioteconomia (Bacharelado) | Darcy Ribeiro | Diurno | EP_R2_PPI | EP=True | R=R2 | GE=PPI | PCD=False | SM=1.5,83,Biblioteconomia (Bacharelado),Darcy Ribeiro,Diurno,EP_R2_PPI,3,3,-9.93,-45.652,-9.93,-45.652,-33.539,-45.036,-45.652,-9.93,35.722,20.449,-60.969,100.0,0.0,24.388,-33.539,-45.036,-45.652,-9.93,35.722,20.449,-60.969,100.0,0,24.388,-45.652,-45.652,-69.261,-69.261,-63.513,-63.513,-39.493,-39.493,-54.48,-54.48,-54.582,-54.582,14.173,14.173,29.768,29.768,4,4,0.0,-20.941,-20.941,-8.828,-8.828,73.42931937172774,46.20418848167539,39.79057591623037,74.54188481675392,49.73856209150327,56.74,Moderada
Biologia (Bacharelado) | Darcy Ribeiro | Diurno | AC | EP=False | R=NA | GE=NA | PCD=False | SM=NA,84,Biologia (Bacharelado),Darcy Ribeiro,Diurno,AC,5,5,47.639,78.793,102.589,119.236,67.391,70.253,47.639,92.094,44.455,19.416,28.811,75.0,2.0,34.7,118.196,119.236,55.263,174.618,119.355,44.252,37.439,50.0,2,76.416,78.793,119.236,80.359,102.962,75.468,91.725,70.073,112.458,76.173,106.595,77.131,107.71,4.55,11.951,10.287,27.511,4,4,30.422,8.782,-11.601,-2.62,-12.641,13.089005235602091,38.21989528795812,29.84293193717278,17.212041884816752,82.2875816993464,36.13,Baixa
Biologia (Bacharelado) | Darcy Ribeiro | Diurno | CN | EP=False | R=NA | GE=NEGROS | PCD=False | SM=NA,85,Biologia (Bacharelado),Darcy Ribeiro,Diurno,CN,5,5,-8.39,29.652,-0.152,29.652,7.988,23.621,-29.292,29.652,58.944,25.688,321.567,75.0,2.0,48.358,9.636,23.621,-29.292,29.652,58.944,24.617,255.467,75.0,2,47.243,29.652,29.652,16.54,13.2,15.329,13.474,9.533,10.082,17.763,16.602,15.934,13.337,8.495,8.835,20.119,19.57,4,4,-1.161,9.775,6.966,-11.889,-13.05,3.4031413612565453,26.96335078534031,19.10994764397905,17.212041884816752,82.2875816993464,29.8,Baixa
Biologia (Bacharelado) | Darcy Ribeiro | Diurno | EP_R1_NPPI | EP=True | R=R1 | GE=NPPI | PCD=False | SM=1.5,86,Biologia (Bacharelado),Darcy Ribeiro,Diurno,EP_R1_NPPI,4,4,-58.578,-64.765,-3.085,-36.085,-9.895,-23.784,-64.765,72.752,137.517,64.932,-656.206,66.667,1.0,115.734,12.014,5.694,-36.085,72.752,108.837,45.595,379.521,66.667,1,75.302,-64.765,-36.085,-7.214,-7.956,-48.122,-34.811,-13.91,4.15,-33.503,-18.676,-31.016,-21.384,27.484,19.995,57.551,40.235,4,4,14.827,-23.608,-30.69,31.262,17.409,97.64397905759162,1.5706806282722474,0.654450261780104,37.56544502617801,64.9673202614379,40.48,Moderada
Biologia (Bacharelado) | Darcy Ribeiro | Diurno | EP_R1_NPPIQ | EP=True | R=R1 | GE=NPPIQ | PCD=False | SM=1.0,87,Biologia (Bacharelado),Darcy Ribeiro,Diurno,EP_R1_NPPIQ,1,1,-78.848,-78.848,-26.937,-26.937,-78.848,-78.848,-78.848,-78.848,0.0,0.0,0.0,100.0,0.0,0.0,-26.937,-26.937,-26.937,-26.937,0.0,0.0,0.0,100.0,0,0.0,-78.848,-26.937,,,,,-78.848,-26.937,-78.848,-26.937,-78.848,-26.937,0.0,0.0,0.0,0.0,2,2,51.911,0.0,0.0,0.0,0.0,33.37696335078534,82.32984293193716,78.20680628272252,74.54188481675392,17.77777777777778,57.25,Moderada
Biologia (Bacharelado) | Darcy Ribeiro | Diurno | EP_R1_NPPI_PCD | EP=True | R=R1 | GE=NPPI | PCD=True | SM=1.5,88,Biologia (Bacharelado),Darcy Ribeiro,Diurno,EP_R1_NPPI_PCD,1,1,6.759,6.759,6.759,6.759,6.759,6.759,6.759,6.759,0.0,0.0,0.0,100.0,0.0,0.0,6.759,6.759,6.759,6.759,0.0,0.0,0.0,100.0,0,0.0,6.759,6.759,,,,,6.759,6.759,6.759,6.759,6.759,6.759,0.0,0.0,0.0,0.0,2,2,0.0,0.0,0.0,0.0,0.0,33.37696335078534,82.32984293193716,78.20680628272252,74.54188481675392,17.77777777777778,57.25,Moderada
Biologia (Bacharelado) | Darcy Ribeiro | Diurno | EP_R1_PPI | EP=True | R=R1 | GE=PPI | PCD=False | SM=1.5,89,Biologia (Bacharelado),Darcy Ribeiro,Diurno,EP_R1_PPI,3,3,-42.429,-4.111,-6.123,3.96,-16.435,-4.111,-42.429,-2.765,39.664,22.522,-137.034,50.0,1.0,28.998,29.229,3.96,-6.123,89.849,95.972,52.74,180.44,50.0,1,128.595,-4.111,3.96,15.721,51.946,12.105,29.089,-10.049,30.909,3.417,28.976,3.997,29.999,12.448,19.64,25.77,47.986,4,4,25.559,19.852,-0.253,7.528,25.016,86.91099476439791,42.67015706806283,35.07853403141361,37.56544502617801,49.73856209150327,50.39,Moderada
Biologia (Bacharelado) | Darcy Ribeiro | Diurno | EP_R2_NPPI | EP=True | R=R2 | GE=NPPI | PCD=False | SM=1.5,90,Biologia (Bacharelado),Darcy Ribeiro,Diurno,EP_R2_NPPI,4,4,5.725,5.963,31.993,29.19,19.414,15.751,5.725,40.429,34.704,16.807,86.573,66.667,1.0,30.018,32.766,30.722,29.19,40.429,11.239,5.263,16.062,66.667,2,11.195,5.963,29.19,26.168,33.412,16.783,32.157,20.194,32.894,17.277,31.914,18.488,32.526,8.482,1.887,20.205,4.222,4,4,14.637,-2.137,-0.852,11.314,2.724,8.769633507853403,46.72774869109948,33.50785340314136,37.56544502617801,64.9673202614379,38.31,Baixa
Biologia (Bacharelado) | Darcy Ribeiro | Diurno | EP_R2_NPPIQ | EP=True | R=R2 | GE=NPPIQ | PCD=False | SM=1.0,91,Biologia (Bacharelado),Darcy Ribeiro,Diurno,EP_R2_NPPIQ,1,1,29.597,29.597,56.051,56.051,29.597,29.597,29.597,29.597,0.0,0.0,0.0,100.0,0.0,0.0,56.051,56.051,56.051,56.051,0.0,0.0,0.0,100.0,0,0.0,29.597,56.051,,,,,29.597,56.051,29.597,56.051,29.597,56.051,0.0,0.0,0.0,0.0,2,2,26.454,0.0,0.0,0.0,0.0,33.37696335078534,82.32984293193716,78.20680628272252,74.54188481675392,17.77777777777778,57.25,Moderada
Biologia (Bacharelado) | Darcy Ribeiro | Diurno | EP_R2_NPPI_PCD | EP=True | R=R2 | GE=NPPI | PCD=True | SM=1.5,92,Biologia (Bacharelado),Darcy Ribeiro,Diurno,EP_R2_NPPI_PCD,1,1,-25.671,-25.671,-25.671,-25.671,-25.671,-25.671,-25.671,-25.671,0.0,0.0,0.0,100.0,0.0,0.0,-25.671,-25.671,-25.671,-25.671,0.0,0.0,0.0,100.0,0,0.0,-25.671,-25.671,,,,,-25.671,-25.671,-25.671,-25.671,-25.671,-25.671,0.0,0.0,0.0,0.0,2,2,0.0,0.0,0.0,0.0,0.0,33.37696335078534,82.32984293193716,78.20680628272252,74.54188481675392,17.77777777777778,57.25,Moderada
Biologia (Bacharelado) | Darcy Ribeiro | Diurno | EP_R2_PPI | EP=True | R=R2 | GE=PPI | PCD=False | SM=1.5,93,Biologia (Bacharelado),Darcy Ribeiro,Diurno,EP_R2_PPI,4,4,-40.62,-80.211,42.573,-58.11,-37.745,-45.39,-80.211,20.011,100.222,42.038,-111.373,66.667,1.0,67.01,-3.564,0.64,-58.11,42.573,100.683,47.114,-1321.842,100.0,0,20.488,-80.211,-58.11,-66.532,-74.193,-87.529,-83.154,-47.192,-21.423,-70.366,-59.22,-73.372,-66.152,17.731,27.245,40.337,61.731,4,4,11.146,-32.621,-55.656,9.845,-1.11,84.42408376963351,6.4136125654450264,7.59162303664922,37.56544502617801,64.9673202614379,40.19,Moderada
Biologia (Bacharelado) | Darcy Ribeiro | Diurno | EP_R2_PPIQ | EP=True | R=R2 | GE=PPIQ | PCD=False | SM=1.0,94,Biologia (Bacharelado),Darcy Ribeiro,Diurno,EP_R2_PPIQ,1,1,-67.982,-67.982,8.016,8.016,-67.982,-67.982,-67.982,-67.982,0.0,0.0,0.0,100.0,0.0,0.0,8.016,8.016,8.016,8.016,0.0,0.0,0.0,100.0,0,0.0,-67.982,8.016,,,,,-67.982,8.016,-67.982,8.016,-67.982,8.016,0.0,0.0,0.0,0.0,2,2,75.998,0.0,0.0,0.0,0.0,33.37696335078534,82.32984293193716,78.20680628272252,74.54188481675392,17.77777777777778,57.25,Moderada
Biologia (Licenciatura) | Darcy Ribeiro | Diurno | AC | EP=False | R=NA | GE=NA | PCD=False | SM=NA,95,Biologia (Licenciatura),Darcy Ribeiro,Diurno,AC,1,1,61.373,61.373,143.74,143.74,61.373,61.373,61.373,61.373,0.0,0.0,0.0,100.0,0.0,0.0,143.74,143.74,143.74,143.74,0.0,0.0,0.0,100.0,0,0.0,61.373,143.74,,,,,61.373,143.74,61.373,143.74,61.373,143.74,0.0,0.0,0.0,0.0,2,2,82.367,0.0,0.0,0.0,0.0,33.37696335078534,82.32984293193716,78.20680628272252,74.54188481675392,17.77777777777778,57.25,Moderada
Biologia (Licenciatura) | Darcy Ribeiro | Diurno | CN | EP=False | R=NA | GE=NEGROS | PCD=False | SM=NA,97,Biologia (Licenciatura),Darcy Ribeiro,Diurno,CN,1,1,45.804,45.804,45.804,45.804,45.804,45.804,45.804,45.804,0.0,0.0,0.0,100.0,0.0,0.0,45.804,45.804,45.804,45.804,0.0,0.0,0.0,100.0,0,0.0,45.804,45.804,,,,,45.804,45.804,45.804,45.804,45.804,45.804,0.0,0.0,0.0,0.0,2,2,0.0,0.0,0.0,0.0,0.0,33.37696335078534,82.32984293193716,78.20680628272252,74.54188481675392,17.77777777777778,57.25,Moderada
Biologia (Licenciatura) | Darcy Ribeiro | Diurno | EP_R1_NPPI | EP=True | R=R1 | GE=NPPI | PCD=False | SM=1.5,99,Biologia (Licenciatura),Darcy Ribeiro,Diurno,EP_R1_NPPI,1,1,38.006,38.006,47.711,47.711,38.006,38.006,38.006,38.006,0.0,0.0,0.0,100.0,0.0,0.0,47.711,47.711,47.711,47.711,0.0,0.0,0.0,100.0,0,0.0,38.006,47.711,,,,,38.006,47.711,38.006,47.711,38.006,47.711,0.0,0.0,0.0,0.0,2,2,9.705,0.0,0.0,0.0,0.0,33.37696335078534,82.32984293193716,78.20680628272252,74.54188481675392,17.77777777777778,57.25,Moderada
Biologia (Licenciatura) | Darcy Ribeiro | Diurno | EP_R1_PPI | EP=True | R=R1 | GE=PPI | PCD=False | SM=1.5,101,Biologia (Licenciatura),Darcy Ribeiro,Diurno,EP_R1_PPI,0,1,,,-7.024,-7.024,,,,,,,,,,,-7.024,-7.024,-7.024,-7.024,0.0,0.0,0.0,100.0,0,0.0,,-7.024,,,,,,-7.024,,-7.024,,-7.024,,0.0,,0.0,0,2,,,0.0,,0.0,,,,,0.130718954248366,0.13,Muito baixa
Biologia (Licenciatura) | Darcy Ribeiro | Diurno | EP_R2_NPPI | EP=True | R=R2 | GE=NPPI | PCD=False | SM=1.5,103,Biologia (Licenciatura),Darcy Ribeiro,Diurno,EP_R2_NPPI,1,1,51.276,51.276,55.29,55.29,51.276,51.276,51.276,51.276,0.0,0.0,0.0,100.0,0.0,0.0,55.29,55.29,55.29,55.29,0.0,0.0,0.0,100.0,0,0.0,51.276,55.29,,,,,51.276,55.29,51.276,55.29,51.276,55.29,0.0,0.0,0.0,0.0,2,2,4.014,0.0,0.0,0.0,0.0,33.37696335078534,82.32984293193716,78.20680628272252,74.54188481675392,17.77777777777778,57.25,Moderada
Biologia (Licenciatura) | Darcy Ribeiro | Diurno | EP_R2_PPI | EP=True | R=R2 | GE=PPI | PCD=False | SM=1.5,106,Biologia (Licenciatura),Darcy Ribeiro,Diurno,EP_R2_PPI,1,1,21.358,21.358,36.304,36.304,21.358,21.358,21.358,21.358,0.0,0.0,0.0,100.0,0.0,0.0,36.304,36.304,36.304,36.304,0.0,0.0,0.0,100.0,0,0.0,21.358,36.304,,,,,21.358,36.304,21.358,36.304,21.358,36.304,0.0,0.0,0.0,0.0,2,2,14.946,0.0,0.0,0.0,0.0,33.37696335078534,82.32984293193716,78.20680628272252,74.54188481675392,17.77777777777778,57.25,Moderada
Biologia (Licenciatura) | Darcy Ribeiro | Noturno | AC | EP=False | R=NA | GE=NA | PCD=False | SM=NA,96,Biologia (Licenciatura),Darcy Ribeiro,Noturno,AC,5,4,-36.584,-14.729,45.635,54.739,-15.744,-14.729,-36.584,5.948,42.532,19.736,-125.359,50.0,3.0,40.424,77.398,61.205,45.635,141.546,95.911,43.711,56.476,66.667,1,86.012,-14.729,54.739,-5.439,73.581,-9.926,53.625,-13.136,75.07,-10.807,64.254,-11.531,64.16,4.099,11.654,9.29,21.444,4,4,75.061,4.937,-13.144,3.922,9.515,85.86387434554975,41.09947643979057,23.429319371727754,5.759162303664922,82.2875816993464,47.69,Moderada
Biologia (Licenciatura) | Darcy Ribeiro | Noturno | CN | EP=False | R=NA | GE=NEGROS | PCD=False | SM=NA,98,Biologia (Licenciatura),Darcy Ribeiro,Noturno,CN,3,3,9.788,-17.183,35.977,-17.183,11.089,9.788,-17.183,40.662,57.845,28.944,261.019,50.0,1.0,62.734,19.819,35.977,-17.183,40.662,57.845,32.13,162.119,50.0,1,44.215,-17.183,-17.183,-20.85,-27.086,-25.093,-28.877,6.594,10.959,-14.133,-15.547,-19.017,-22.134,14.191,18.404,31.687,39.836,4,4,-1.414,-25.222,-35.366,3.05,1.636,4.319371727748688,27.748691099476442,9.554973821989531,37.56544502617801,49.73856209150327,25.79,Baixa
Biologia (Licenciatura) | Darcy Ribeiro | Noturno | EP_R1_NPPI | EP=True | R=R1 | GE=NPPI | PCD=False | SM=1.5,100,Biologia (Licenciatura),Darcy Ribeiro,Noturno,EP_R1_NPPI,3,3,-18.134,-34.27,22.642,-8.304,-32.616,-34.27,-45.443,-18.134,27.309,13.729,-42.095,50.0,1.0,27.211,-3.706,-8.304,-25.456,22.642,48.098,24.376,-657.756,50.0,1,46.139,-34.27,-8.304,-48.752,-34.652,-42.338,-23.777,-35.305,-8.864,-40.166,-18.899,-38.822,-16.32,6.753,12.714,14.482,26.348,4,4,21.267,-7.55,-15.193,-5.896,-10.595,67.14659685863874,53.14136125654449,36.518324607329845,37.56544502617801,49.73856209150327,48.82,Moderada
Biologia (Licenciatura) | Darcy Ribeiro | Noturno | EP_R1_PPI | EP=True | R=R1 | GE=PPI | PCD=False | SM=1.5,102,Biologia (Licenciatura),Darcy Ribeiro,Noturno,EP_R1_PPI,3,3,-57.415,-32.04,-43.489,-17.529,-38.388,-32.04,-57.415,-25.71,31.705,16.779,-43.708,50.0,1.0,26.895,-9.648,-17.529,-43.489,32.075,75.564,38.394,-397.957,50.0,1,88.507,-32.04,-17.529,-20.261,0.683,-25.336,-13.926,-34.159,-5.321,-27.949,-9.023,-28.688,-9.623,6.357,8.252,13.898,18.212,4,4,18.926,10.439,0.625,4.091,8.506,68.19371727748691,49.21465968586387,36.910994764397905,37.56544502617801,49.73856209150327,48.32,Moderada
Biologia (Licenciatura) | Darcy Ribeiro | Noturno | EP_R2_NPPI | EP=True | R=R2 | GE=NPPI | PCD=False | SM=1.5,104,Biologia (Licenciatura),Darcy Ribeiro,Noturno,EP_R2_NPPI,4,4,-20.37,3.563,18.629,3.563,-10.327,-8.404,-44.203,19.703,63.906,27.947,-270.632,66.667,2.0,62.372,4.722,11.096,-44.203,40.899,85.102,36.042,763.288,66.667,2,70.513,3.563,3.563,-8.354,-27.853,-6.815,-22.754,-9.932,-1.793,-5.384,-12.209,-7.584,-12.273,6.099,15.418,13.495,31.416,4,4,-6.825,4.943,-16.931,-8.947,-15.772,93.84816753926701,23.1675392670157,10.07853403141361,17.212041884816752,64.9673202614379,41.85,Moderada
Biologia (Licenciatura) | Darcy Ribeiro | Noturno | EP_R2_NPPIQ | EP=True | R=R2 | GE=NPPIQ | PCD=False | SM=1.0,105,Biologia (Licenciatura),Darcy Ribeiro,Noturno,EP_R2_NPPIQ,1,1,-40.608,-40.608,7.61,7.61,-40.608,-40.608,-40.608,-40.608,0.0,0.0,0.0,100.0,0.0,0.0,7.61,7.61,7.61,7.61,0.0,0.0,0.0,100.0,0,0.0,-40.608,7.61,,,,,-40.608,7.61,-40.608,7.61,-40.608,7.61,0.0,0.0,0.0,0.0,2,2,48.218,0.0,0.0,0.0,0.0,33.37696335078534,82.32984293193716,78.20680628272252,74.54188481675392,17.77777777777778,57.25,Moderada
Biologia (Licenciatura) | Darcy Ribeiro | Noturno | EP_R2_PPI | EP=True | R=R2 | GE=PPI | PCD=False | SM=1.5,107,Biologia (Licenciatura),Darcy Ribeiro,Noturno,EP_R2_PPI,4,4,-17.581,-14.417,-17.581,9.672,-25.56,-22.234,-43.355,-14.417,28.938,12.99,-50.823,66.667,1.0,24.412,-3.447,-3.954,-17.786,11.906,29.692,16.464,-477.601,66.667,2,17.876,-14.417,9.672,-27.304,24.415,-19.655,24.01,-25.909,2.125,-21.821,15.056,-22.782,16.841,5.952,11.015,12.887,22.29,4,4,36.877,3.739,18.503,-7.404,5.384,70.41884816753927,52.09424083769634,39.65968586387435,37.56544502617801,64.9673202614379,52.94,Moderada
Biotecnologia (Bacharelado) | Darcy Ribeiro | Diurno | AC | EP=False | R=NA | GE=NA | PCD=False | SM=NA,108,Biotecnologia (Bacharelado),Darcy Ribeiro,Diurno,AC,6,6,13.962,67.536,103.116,157.41,46.788,62.272,-13.439,87.359,100.798,38.337,81.938,60.0,4.0,69.102,119.757,141.502,20.763,157.41,136.647,52.513,43.849,60.0,2,91.568,67.536,157.41,44.465,105.08,38.077,104.913,46.235,116.263,49.078,120.916,45.35,110.671,12.794,24.902,29.459,52.497,4,4,71.838,2.29,1.159,-18.458,-36.494,9.031413612565443,6.151832460732987,6.151832460732987,1.505235602094246,95.29411764705881,23.63,Baixa
Biotecnologia (Bacharelado) | Darcy Ribeiro | Diurno | CN | EP=False | R=NA | GE=NEGROS | PCD=False | SM=NA,109,Biotecnologia (Bacharelado),Darcy Ribeiro,Diurno,CN,5,5,-40.953,64.205,-1.459,64.205,37.907,64.205,-40.953,72.345,113.298,47.152,124.389,50.0,1.0,36.858,45.805,64.205,-1.459,72.345,73.804,31.273,68.273,50.0,1,24.371,64.205,64.205,107.79,93.38,86.633,80.38,54.299,56.932,78.232,73.724,75.419,72.293,23.901,16.363,53.492,36.449,4,4,-4.508,40.325,27.919,14.027,9.519,7.0680628272251305,3.926701570680624,27.552356020942405,37.56544502617801,82.2875816993464,31.68,Baixa
Biotecnologia (Bacharelado) | Darcy Ribeiro | Diurno | EP_R1_NPPI | EP=True | R=R1 | GE=NPPI | PCD=False | SM=1.5,110,Biotecnologia (Bacharelado),Darcy Ribeiro,Diurno,EP_R1_NPPI,4,4,-62.356,-32.078,44.477,-32.078,-45.11,-43.003,-62.356,-32.078,30.278,14.06,-31.168,100.0,0.0,6.166,-3.959,-4.832,-50.648,44.477,95.125,44.767,-1130.824,66.667,2,87.757,-32.078,-32.078,-18.579,-43.11,-20.265,-34.983,-39.804,-11.789,-27.681,-30.49,-26.171,-33.53,10.069,13.313,21.225,31.321,4,4,-2.809,17.429,-26.531,4.397,1.588,61.78010471204188,49.86910994764398,54.9738219895288,74.54188481675392,64.9673202614379,61.23,Alta
Biotecnologia (Bacharelado) | Darcy Ribeiro | Diurno | EP_R1_NPPIQ | EP=True | R=R1 | GE=NPPIQ | PCD=False | SM=1.0,111,Biotecnologia (Bacharelado),Darcy Ribeiro,Diurno,EP_R1_NPPIQ,1,1,22.903,22.903,22.903,22.903,22.903,22.903,22.903,22.903,0.0,0.0,0.0,100.0,0.0,0.0,22.903,22.903,22.903,22.903,0.0,0.0,0.0,100.0,0,0.0,22.903,22.903,,,,,22.903,22.903,22.903,22.903,22.903,22.903,0.0,0.0,0.0,0.0,2,2,0.0,0.0,0.0,0.0,0.0,33.37696335078534,82.32984293193716,78.20680628272252,74.54188481675392,17.77777777777778,57.25,Moderada
Biotecnologia (Bacharelado) | Darcy Ribeiro | Diurno | EP_R1_PPI | EP=True | R=R1 | GE=PPI | PCD=False | SM=1.5,112,Biotecnologia (Bacharelado),Darcy Ribeiro,Diurno,EP_R1_PPI,3,3,-47.176,-25.889,-47.176,42.794,-34.343,-29.963,-47.176,-25.889,21.287,11.299,-32.901,100.0,0.0,9.291,2.838,12.895,-47.176,42.794,89.97,45.82,1614.722,100.0,0,21.335,-25.889,42.794,-13.056,92.808,-15.246,87.779,-30.795,17.833,-21.246,60.303,-20.567,65.286,8.482,36.156,17.739,74.975,4,4,81.549,13.097,57.465,4.643,17.509,62.56544502617801,57.19895287958114,52.87958115183247,74.54188481675392,49.73856209150327,59.38,Moderada
Biotecnologia (Bacharelado) | Darcy Ribeiro | Diurno | EP_R2_NPPI | EP=True | R=R2 | GE=NPPI | PCD=False | SM=1.5,113,Biotecnologia (Bacharelado),Darcy Ribeiro,Diurno,EP_R2_NPPI,5,5,-60.398,-84.167,32.963,-24.822,-7.042,2.909,-84.167,55.938,140.105,63.585,-902.894,75.0,1.0,88.072,51.173,32.963,-24.822,130.314,155.136,59.689,116.641,50.0,1,75.63,-84.167,-24.822,-37.212,-1.334,-82.111,-37.51,-13.747,39.505,-54.309,-6.04,-59.662,-13.078,34.651,33.86,70.42,77.014,4,4,48.269,-47.267,-57.213,29.858,18.782,98.69109947643979,1.308900523560208,3.27225130890052,37.56544502617801,82.2875816993464,44.63,Moderada
Biotecnologia (Bacharelado) | Darcy Ribeiro | Diurno | EP_R2_NPPIQ | EP=True | R=R2 | GE=NPPIQ | PCD=False | SM=1.0,114,Biotecnologia (Bacharelado),Darcy Ribeiro,Diurno,EP_R2_NPPIQ,1,1,-36.957,-36.957,43.54,43.54,-36.957,-36.957,-36.957,-36.957,0.0,0.0,0.0,100.0,0.0,0.0,43.54,43.54,43.54,43.54,0.0,0.0,0.0,100.0,0,0.0,-36.957,43.54,,,,,-36.957,43.54,-36.957,43.54,-36.957,43.54,0.0,0.0,0.0,0.0,2,2,80.497,0.0,0.0,0.0,0.0,33.37696335078534,82.32984293193716,78.20680628272252,74.54188481675392,17.77777777777778,57.25,Moderada
Biotecnologia (Bacharelado) | Darcy Ribeiro | Diurno | EP_R2_PPI | EP=True | R=R2 | GE=PPI | PCD=False | SM=1.5,115,Biotecnologia (Bacharelado),Darcy Ribeiro,Diurno,EP_R2_PPI,4,4,-40.891,-25.817,40.546,-25.817,-32.611,-33.354,-53.337,-10.399,42.938,18.598,-57.03,66.667,2.0,32.868,44.408,49.711,-25.817,104.025,129.842,53.883,121.337,66.667,1,94.248,-25.817,-25.817,-10.571,5.922,-11.165,-23.712,-28.203,36.71,-18.939,-1.724,-18.491,-8.895,9.373,29.437,17.632,62.528,4,4,17.215,13.672,-46.132,6.878,24.093,72.38219895287958,39.79057591623037,31.151832460732987,17.212041884816752,64.9673202614379,45.1,Moderada
Biotecnologia (Bacharelado) | Darcy Ribeiro | Diurno | EP_R2_PPIQ | EP=True | R=R2 | GE=PPIQ | PCD=False | SM=1.0,116,Biotecnologia (Bacharelado),Darcy Ribeiro,Diurno,EP_R2_PPIQ,1,1,-47.168,-47.168,-47.168,-47.168,-47.168,-47.168,-47.168,-47.168,0.0,0.0,0.0,100.0,0.0,0.0,-47.168,-47.168,-47.168,-47.168,0.0,0.0,0.0,100.0,0,0.0,-47.168,-47.168,,,,,-47.168,-47.168,-47.168,-47.168,-47.168,-47.168,0.0,0.0,0.0,0.0,2,2,0.0,0.0,0.0,0.0,0.0,33.37696335078534,82.32984293193716,78.20680628272252,74.54188481675392,17.77777777777778,57.25,Moderada
Ciência Política (Bacharelado) | Darcy Ribeiro | Diurno | AC | EP=False | R=NA | GE=NA | PCD=False | SM=NA,117,Ciência Política (Bacharelado),Darcy Ribeiro,Diurno,AC,6,6,-16.226,55.467,118.576,112.083,31.669,49.195,-16.226,55.467,71.693,31.588,99.746,60.0,2.0,47.124,95.834,111.566,27.872,128.48,100.608,37.561,39.194,60.0,2,52.574,55.467,112.083,52.927,58.995,42.748,68.327,36.73,87.063,46.968,81.617,47.838,77.695,8.763,23.425,18.737,53.088,4,4,34.649,15.299,-14.217,-8.499,-30.466,8.246073298429323,18.717277486910998,19.764397905759157,17.212041884816752,95.29411764705881,31.85,Baixa
Ciência Política (Bacharelado) | Darcy Ribeiro | Diurno | CN | EP=False | R=NA | GE=NEGROS | PCD=False | SM=NA,118,Ciência Política (Bacharelado),Darcy Ribeiro,Diurno,CN,6,6,-6.36,48.441,63.804,48.441,19.562,11.203,-6.889,59.772,66.661,29.263,149.594,60.0,3.0,44.353,31.256,36.141,-6.889,63.804,70.693,30.811,98.577,60.0,3,57.921,48.441,48.441,52.191,28.803,47.783,37.76,27.331,30.672,43.937,36.419,48.112,34.216,11.24,8.895,24.861,19.638,4,4,-7.518,24.375,5.163,-4.504,-12.022,6.4136125654450264,21.46596858638743,21.20418848167539,5.759162303664922,95.29411764705881,30.03,Baixa
Ciência Política (Bacharelado) | Darcy Ribeiro | Diurno | EP_R1_NPPI | EP=True | R=R1 | GE=NPPI | PCD=False | SM=1.5,119,Ciência Política (Bacharelado),Darcy Ribeiro,Diurno,EP_R1_NPPI,4,4,-23.763,-21.736,2.994,15.499,-29.484,-25.849,-44.5,-21.736,22.764,10.338,-35.065,66.667,1.0,20.108,-7.882,-9.546,-27.935,15.499,43.434,20.566,-260.914,66.667,1,34.288,-21.736,15.499,-32.104,2.959,-26.717,16.661,-30.008,-5.714,-27.641,7.351,-28.362,9.229,4.518,10.694,10.369,22.376,4,4,34.992,1.843,15.233,-5.905,-8.148,63.87434554973822,55.75916230366492,44.89528795811518,37.56544502617801,64.9673202614379,53.41,Moderada
Ciência Política (Bacharelado) | Darcy Ribeiro | Diurno | EP_R1_NPPIQ | EP=True | R=R1 | GE=NPPIQ | PCD=False | SM=1.0,120,Ciência Política (Bacharelado),Darcy Ribeiro,Diurno,EP_R1_NPPIQ,1,1,-33.164,-33.164,-3.3,-3.3,-33.164,-33.164,-33.164,-33.164,0.0,0.0,0.0,100.0,0.0,0.0,-3.3,-3.3,-3.3,-3.3,0.0,0.0,0.0,100.0,0,0.0,-33.164,-3.3,,,,,-33.164,-3.3,-33.164,-3.3,-33.164,-3.3,0.0,0.0,0.0,0.0,2,2,29.864,0.0,0.0,0.0,0.0,33.37696335078534,82.32984293193716,78.20680628272252,74.54188481675392,17.77777777777778,57.25,Moderada
Ciência Política (Bacharelado) | Darcy Ribeiro | Diurno | EP_R1_PPI | EP=True | R=R1 | GE=PPI | PCD=False | SM=1.5,121,Ciência Política (Bacharelado),Darcy Ribeiro,Diurno,EP_R1_PPI,4,4,-20.735,-15.546,4.398,-3.077,-20.308,-18.14,-30.87,-14.082,16.788,7.598,-37.412,66.667,2.0,16.612,6.288,0.66,-18.086,41.919,60.005,25.527,405.937,66.667,2,51.064,-15.546,-3.077,-20.614,-14.319,-18.879,-18.821,-20.369,2.167,-18.852,-8.513,-19.624,-8.698,2.333,9.723,5.068,20.988,4,4,10.339,1.456,-14.801,-3.306,-5.436,65.18324607329843,59.424083769633505,48.167539267015705,17.212041884816752,64.9673202614379,50.99,Moderada
Ciência Política (Bacharelado) | Darcy Ribeiro | Diurno | EP_R2_NPPI | EP=True | R=R2 | GE=NPPI | PCD=False | SM=1.5,122,Ciência Política (Bacharelado),Darcy Ribeiro,Diurno,EP_R2_NPPI,4,4,-48.057,16.428,24.311,22.171,-16.566,-17.317,-48.057,16.428,64.485,26.551,-160.279,66.667,2.0,25.748,23.508,23.241,20.572,26.979,6.407,2.775,11.804,66.667,2,4.96,16.428,22.171,29.751,20.301,30.352,20.088,-7.302,22.867,17.307,21.357,23.09,21.236,17.62,1.374,37.655,2.779,4,4,4.05,33.873,-2.151,0.879,-0.814,88.7434554973822,22.643979057591622,38.089005235602095,17.212041884816752,64.9673202614379,46.33,Moderada
Ciência Política (Bacharelado) | Darcy Ribeiro | Diurno | EP_R2_NPPIQ | EP=True | R=R2 | GE=NPPIQ | PCD=False | SM=1.0,123,Ciência Política (Bacharelado),Darcy Ribeiro,Diurno,EP_R2_NPPIQ,1,1,13.769,13.769,47.698,47.698,13.769,13.769,13.769,13.769,0.0,0.0,0.0,100.0,0.0,0.0,47.698,47.698,47.698,47.698,0.0,0.0,0.0,100.0,0,0.0,13.769,47.698,,,,,13.769,47.698,13.769,47.698,13.769,47.698,0.0,0.0,0.0,0.0,2,2,33.929,0.0,0.0,0.0,0.0,33.37696335078534,82.32984293193716,78.20680628272252,74.54188481675392,17.77777777777778,57.25,Moderada
Ciência Política (Bacharelado) | Darcy Ribeiro | Diurno | EP_R2_NPPIQ_PCD | EP=True | R=R2 | GE=NPPIQ | PCD=True | SM=1.0,124,Ciência Política (Bacharelado),Darcy Ribeiro,Diurno,EP_R2_NPPIQ_PCD,1,1,-31.841,-31.841,-24.216,-24.216,-31.841,-31.841,-31.841,-31.841,0.0,0.0,0.0,100.0,0.0,0.0,-24.216,-24.216,-24.216,-24.216,0.0,0.0,0.0,100.0,0,0.0,-31.841,-24.216,,,,,-31.841,-24.216,-31.841,-24.216,-31.841,-24.216,0.0,0.0,0.0,0.0,2,2,7.625,0.0,0.0,0.0,0.0,33.37696335078534,82.32984293193716,78.20680628272252,74.54188481675392,17.77777777777778,57.25,Moderada
Ciência Política (Bacharelado) | Darcy Ribeiro | Diurno | EP_R2_PPI | EP=True | R=R2 | GE=PPI | PCD=False | SM=1.5,125,Ciência Política (Bacharelado),Darcy Ribeiro,Diurno,EP_R2_PPI,4,4,-68.378,-30.791,55.251,5.586,-49.211,-48.837,-68.378,-30.791,37.587,15.397,-31.287,100.0,0.0,8.371,11.828,0.267,-8.471,55.251,63.722,29.561,249.911,66.667,1,41.007,-30.791,5.586,-20.295,-24.566,-20.594,-9.694,-43.428,4.55,-28.777,-6.031,-25.692,-2.572,10.918,14.187,23.133,30.152,4,4,22.746,20.434,-17.859,2.014,-11.617,61.9109947643979,44.109947643979055,53.403141361256544,74.54188481675392,64.9673202614379,59.79,Moderada
Ciência Política (Bacharelado) | Darcy Ribeiro | Diurno | EP_R2_PPIQ | EP=True | R=R2 | GE=PPIQ | PCD=False | SM=1.0,126,Ciência Política (Bacharelado),Darcy Ribeiro,Diurno,EP_R2_PPIQ,1,1,-37.151,-37.151,-5.97,-5.97,-37.151,-37.151,-37.151,-37.151,0.0,0.0,0.0,100.0,0.0,0.0,-5.97,-5.97,-5.97,-5.97,0.0,0.0,0.0,100.0,0,0.0,-37.151,-5.97,,,,,-37.151,-5.97,-37.151,-5.97,-37.151,-5.97,0.0,0.0,0.0,0.0,2,2,31.181,0.0,0.0,0.0,0.0,33.37696335078534,82.32984293193716,78.20680628272252,74.54188481675392,17.77777777777778,57.25,Moderada
Ciência da Computação (Bacharelado) | Darcy Ribeiro | Diurno | AC | EP=False | R=NA | GE=NA | PCD=False | SM=NA,127,Ciência da Computação (Bacharelado),Darcy Ribeiro,Diurno,AC,6,6,78.303,135.827,141.416,166.528,120.698,125.414,78.303,143.984,65.681,24.633,20.409,80.0,2.0,27.083,163.997,167.532,126.56,192.19,65.63,25.869,15.774,60.0,4,47.131,135.827,166.528,148.907,158.885,137.872,150.955,127.414,162.78,137.505,159.787,136.849,160.832,8.846,6.664,21.492,15.573,4,4,22.282,16.807,-4.21,1.678,-6.741,14.267015706806285,22.382198952879584,36.64921465968587,17.212041884816752,95.29411764705881,37.16,Baixa
Ciência da Computação (Bacharelado) | Darcy Ribeiro | Diurno | CN | EP=False | R=NA | GE=NEGROS | PCD=False | SM=NA,128,Ciência da Computação (Bacharelado),Darcy Ribeiro,Diurno,CN,6,6,44.904,117.648,57.682,117.648,89.841,87.318,44.904,137.024,92.12,33.759,37.577,80.0,2.0,51.225,91.971,87.318,57.682,137.024,79.342,30.614,33.287,80.0,2,50.078,117.648,117.648,125.351,121.092,115.811,113.985,98.296,98.904,114.276,112.907,116.729,115.817,11.427,9.776,27.055,22.188,4,4,-1.369,24.435,20.936,-3.372,-4.741,11.780104712041883,8.900523560209429,16.361256544502623,17.212041884816752,95.29411764705881,29.91,Baixa
Ciência da Computação (Bacharelado) | Darcy Ribeiro | Diurno | EP_R1_NPPI | EP=True | R=R1 | GE=NPPI | PCD=False | SM=1.5,129,Ciência da Computação (Bacharelado),Darcy Ribeiro,Diurno,EP_R1_NPPI,5,5,-75.28,8.647,-0.86,18.344,1.768,8.992,-75.28,46.784,122.064,45.781,2590.027,75.0,1.0,68.282,38.212,21.805,-0.86,86.756,87.616,36.282,94.949,50.0,1,54.622,8.647,18.344,40.786,36.771,17.943,14.235,10.438,37.892,19.454,26.811,14.191,27.558,14.781,12.273,32.139,23.657,4,4,7.357,17.686,-11.401,10.807,8.467,0.39267015706806463,2.2251308900523514,7.198952879581155,37.56544502617801,82.2875816993464,25.93,Baixa
Ciência da Computação (Bacharelado) | Darcy Ribeiro | Diurno | EP_R1_NPPIQ | EP=True | R=R1 | GE=NPPIQ | PCD=False | SM=1.0,130,Ciência da Computação (Bacharelado),Darcy Ribeiro,Diurno,EP_R1_NPPIQ,1,1,-38.263,-38.263,32.989,32.989,-38.263,-38.263,-38.263,-38.263,0.0,0.0,0.0,100.0,0.0,0.0,32.989,32.989,32.989,32.989,0.0,0.0,0.0,100.0,0,0.0,-38.263,32.989,,,,,-38.263,32.989,-38.263,32.989,-38.263,32.989,0.0,0.0,0.0,0.0,2,2,71.252,0.0,0.0,0.0,0.0,33.37696335078534,82.32984293193716,78.20680628272252,74.54188481675392,17.77777777777778,57.25,Moderada
Ciência da Computação (Bacharelado) | Darcy Ribeiro | Diurno | EP_R1_PPI | EP=True | R=R1 | GE=PPI | PCD=False | SM=1.5,131,Ciência da Computação (Bacharelado),Darcy Ribeiro,Diurno,EP_R1_PPI,5,5,-34.939,-18.098,-2.517,-7.693,-8.109,-7.916,-34.939,11.4,46.339,19.321,-238.253,50.0,1.0,27.945,20.86,6.671,-7.693,79.464,87.157,35.546,170.404,75.0,1,57.74,-18.098,-7.693,-3.081,-4.084,-16.078,-20.414,-6.992,15.317,-11.062,-4.219,-11.535,-5.888,7.186,14.787,15.017,35.731,4,4,6.843,-2.953,-25.079,7.036,3.474,93.06282722513089,36.518324607329845,36.12565445026178,37.56544502617801,82.2875816993464,57.11,Moderada
Ciência da Computação (Bacharelado) | Darcy Ribeiro | Diurno | EP_R1_PPIQ | EP=True | R=R1 | GE=PPIQ | PCD=False | SM=1.0,132,Ciência da Computação (Bacharelado),Darcy Ribeiro,Diurno,EP_R1_PPIQ,1,1,0.178,0.178,0.178,0.178,0.178,0.178,0.178,0.178,0.0,0.0,0.0,100.0,0.0,0.0,0.178,0.178,0.178,0.178,0.0,0.0,0.0,100.0,0,0.0,0.178,0.178,,,,,0.178,0.178,0.178,0.178,0.178,0.178,0.0,0.0,0.0,0.0,2,2,0.0,0.0,0.0,0.0,0.0,33.37696335078534,82.32984293193716,78.20680628272252,74.54188481675392,17.77777777777778,57.25,Moderada
Ciência da Computação (Bacharelado) | Darcy Ribeiro | Diurno | EP_R2_NPPI | EP=True | R=R2 | GE=NPPI | PCD=False | SM=1.5,133,Ciência da Computação (Bacharelado),Darcy Ribeiro,Diurno,EP_R2_NPPI,5,5,9.801,77.535,115.857,77.535,88.255,107.146,9.801,131.855,122.054,48.062,54.458,50.0,1.0,62.398,128.39,124.221,77.535,181.985,104.45,38.171,29.73,50.0,1,49.739,77.535,77.535,126.558,99.958,95.445,75.582,96.767,122.071,99.076,93.787,96.106,88.746,20.312,21.86,49.023,46.489,4,4,-5.289,10.821,-34.603,21.541,16.252,10.471204188481675,2.3560209424083767,9.947643979057597,37.56544502617801,82.2875816993464,28.53,Baixa
Ciência da Computação (Bacharelado) | Darcy Ribeiro | Diurno | EP_R2_NPPIQ | EP=True | R=R2 | GE=NPPIQ | PCD=False | SM=1.0,134,Ciência da Computação (Bacharelado),Darcy Ribeiro,Diurno,EP_R2_NPPIQ,1,1,118.288,118.288,118.288,118.288,118.288,118.288,118.288,118.288,0.0,0.0,0.0,100.0,0.0,0.0,118.288,118.288,118.288,118.288,0.0,0.0,0.0,100.0,0,0.0,118.288,118.288,,,,,118.288,118.288,118.288,118.288,118.288,118.288,0.0,0.0,0.0,0.0,2,2,0.0,0.0,0.0,0.0,0.0,33.37696335078534,82.32984293193716,78.20680628272252,74.54188481675392,17.77777777777778,57.25,Moderada
Ciência da Computação (Bacharelado) | Darcy Ribeiro | Diurno | EP_R2_NPPIQ_PCD | EP=True | R=R2 | GE=NPPIQ | PCD=True | SM=1.0,135,Ciência da Computação (Bacharelado),Darcy Ribeiro,Diurno,EP_R2_NPPIQ_PCD,1,1,42.861,42.861,42.861,42.861,42.861,42.861,42.861,42.861,0.0,0.0,0.0,100.0,0.0,0.0,42.861,42.861,42.861,42.861,0.0,0.0,0.0,100.0,0,0.0,42.861,42.861,,,,,42.861,42.861,42.861,42.861,42.861,42.861,0.0,0.0,0.0,0.0,2,2,0.0,0.0,0.0,0.0,0.0,33.37696335078534,82.32984293193716,78.20680628272252,74.54188481675392,17.77777777777778,57.25,Moderada
Ciência da Computação (Bacharelado) | Darcy Ribeiro | Diurno | EP_R2_NPPI_PCD | EP=True | R=R2 | GE=NPPI | PCD=True | SM=1.5,136,Ciência da Computação (Bacharelado),Darcy Ribeiro,Diurno,EP_R2_NPPI_PCD,1,1,-10.517,-10.517,-10.517,-10.517,-10.517,-10.517,-10.517,-10.517,0.0,0.0,0.0,100.0,0.0,0.0,-10.517,-10.517,-10.517,-10.517,0.0,0.0,0.0,100.0,0,0.0,-10.517,-10.517,,,,,-10.517,-10.517,-10.517,-10.517,-10.517,-10.517,0.0,0.0,0.0,0.0,2,2,0.0,0.0,0.0,0.0,0.0,33.37696335078534,82.32984293193716,78.20680628272252,74.54188481675392,17.77777777777778,57.25,Moderada
Ciência da Computação (Bacharelado) | Darcy Ribeiro | Diurno | EP_R2_PPI | EP=True | R=R2 | GE=PPI | PCD=False | SM=1.5,137,Ciência da Computação (Bacharelado),Darcy Ribeiro,Diurno,EP_R2_PPI,5,5,12.338,-12.086,54.187,22.791,24.249,29.628,-12.086,53.97,66.056,25.235,104.066,75.0,1.0,40.201,58.102,56.75,22.791,91.909,69.118,24.763,42.62,50.0,3,44.524,-12.086,22.791,16.897,47.375,1.109,35.743,22.615,55.718,7.134,40.407,9.003,41.559,15.713,14.319,34.701,32.927,4,4,33.273,-17.115,-17.695,19.22,17.616,8.115183246073299,21.858638743455494,23.560209424083766,37.56544502617801,82.2875816993464,34.68,Baixa
Ciência da Computação (Bacharelado) | Darcy Ribeiro | Diurno | EP_R2_PPIQ | EP=True | R=R2 | GE=PPIQ | PCD=False | SM=1.0,138,Ciência da Computação (Bacharelado),Darcy Ribeiro,Diurno,EP_R2_PPIQ,1,1,48.884,48.884,74.724,74.724,48.884,48.884,48.884,48.884,0.0,0.0,0.0,100.0,0.0,0.0,74.724,74.724,74.724,74.724,0.0,0.0,0.0,100.0,0,0.0,48.884,74.724,,,,,48.884,74.724,48.884,74.724,48.884,74.724,0.0,0.0,0.0,0.0,2,2,25.84,0.0,0.0,0.0,0.0,33.37696335078534,82.32984293193716,78.20680628272252,74.54188481675392,17.77777777777778,57.25,Moderada
Ciência da Computação (Bacharelado) | Darcy Ribeiro | Diurno | EP_R2_PPI_PCD | EP=True | R=R2 | GE=PPI | PCD=True | SM=1.5,139,Ciência da Computação (Bacharelado),Darcy Ribeiro,Diurno,EP_R2_PPI_PCD,1,1,-13.051,-13.051,-13.051,-13.051,-13.051,-13.051,-13.051,-13.051,0.0,0.0,0.0,100.0,0.0,0.0,-13.051,-13.051,-13.051,-13.051,0.0,0.0,0.0,100.0,0,0.0,-13.051,-13.051,,,,,-13.051,-13.051,-13.051,-13.051,-13.051,-13.051,0.0,0.0,0.0,0.0,2,2,0.0,0.0,0.0,0.0,0.0,33.37696335078534,82.32984293193716,78.20680628272252,74.54188481675392,17.77777777777778,57.25,Moderada
Ciências Ambientais (Bacharelado) | Darcy Ribeiro | Noturno | AC | EP=False | R=NA | GE=NA | PCD=False | SM=NA,140,Ciências Ambientais (Bacharelado),Darcy Ribeiro,Noturno,AC,5,5,-86.73,-60.711,22.379,-15.392,-70.227,-63.616,-88.634,-51.442,37.192,16.57,-23.596,50.0,3.0,28.636,30.62,18.579,-15.392,118.33,133.722,51.19,167.18,75.0,1,80.608,-60.711,-15.392,-51.297,-28.609,-52.937,-37.95,-65.946,18.309,-57.723,-15.911,-56.824,-22.001,6.849,24.618,14.649,56.259,4,4,41.812,12.504,-46.531,2.988,-0.519,57.59162303664922,44.633507853403145,35.6020942408377,5.759162303664922,82.2875816993464,45.17,Moderada
Ciências Ambientais (Bacharelado) | Darcy Ribeiro | Noturno | CN | EP=False | R=NA | GE=NEGROS | PCD=False | SM=NA,141,Ciências Ambientais (Bacharelado),Darcy Ribeiro,Noturno,CN,4,4,-35.352,-39.988,-30.498,-39.988,-32.329,-36.648,-39.988,-16.032,23.956,11.029,-34.115,66.667,1.0,20.621,-31.116,-34.222,-39.988,-16.032,23.956,10.851,-34.874,66.667,1,18.215,-39.988,-39.988,-41.285,-43.712,-45.557,-47.013,-34.12,-33.635,-40.237,-41.087,-40.636,-41.85,4.721,5.737,11.437,13.378,4,4,-0.85,-7.908,-9.971,-0.249,-1.099,63.35078534031413,54.84293193717278,44.109947643979055,37.56544502617801,64.9673202614379,52.97,Moderada
Ciências Ambientais (Bacharelado) | Darcy Ribeiro | Noturno | EP_R1_NPPI | EP=True | R=R1 | GE=NPPI | PCD=False | SM=1.5,142,Ciências Ambientais (Bacharelado),Darcy Ribeiro,Noturno,EP_R1_NPPI,1,1,-6.827,-6.827,-6.827,-6.827,-6.827,-6.827,-6.827,-6.827,0.0,0.0,0.0,100.0,0.0,0.0,-6.827,-6.827,-6.827,-6.827,0.0,0.0,0.0,100.0,0,0.0,-6.827,-6.827,,,,,-6.827,-6.827,-6.827,-6.827,-6.827,-6.827,0.0,0.0,0.0,0.0,2,2,0.0,0.0,0.0,0.0,0.0,33.37696335078534,82.32984293193716,78.20680628272252,74.54188481675392,17.77777777777778,57.25,Moderada
Ciências Ambientais (Bacharelado) | Darcy Ribeiro | Noturno | EP_R2_NPPI | EP=True | R=R2 | GE=NPPI | PCD=False | SM=1.5,143,Ciências Ambientais (Bacharelado),Darcy Ribeiro,Noturno,EP_R2_NPPI,3,3,-49.599,-29.414,-33.542,-13.823,-10.988,-29.414,-49.599,46.048,95.647,50.415,-458.809,50.0,1.0,120.992,-0.439,-13.823,-33.542,46.048,79.59,41.449,-9441.606,50.0,1,98.614,-29.414,-13.823,18.41,25.972,-2.639,8.956,-7.624,2.848,-5.317,5.988,-5.132,5.902,19.631,16.437,47.824,39.795,4,4,11.305,5.671,6.427,24.097,19.811,96.20418848167539,7.7225130890052345,0.5235602094240788,37.56544502617801,49.73856209150327,38.35,Baixa
Ciências Ambientais (Bacharelado) | Darcy Ribeiro | Noturno | EP_R2_PPI | EP=True | R=R2 | GE=PPI | PCD=False | SM=1.5,144,Ciências Ambientais (Bacharelado),Darcy Ribeiro,Noturno,EP_R2_PPI,4,4,-59.986,-51.524,-33.277,-51.524,-38.595,-39.354,-59.986,-15.686,44.3,20.654,-53.515,66.667,1.0,36.492,-31.49,-29.376,-51.524,-15.686,35.838,15.171,-48.178,66.667,1,22.055,-51.524,-51.524,-35.123,-47.622,-48.851,-56.351,-37.901,-34.717,-43.35,-47.553,-43.376,-49.573,8.051,9.273,16.401,21.634,4,4,-4.203,-4.755,-16.063,8.174,3.971,71.46596858638743,38.35078534031413,28.01047120418848,37.56544502617801,64.9673202614379,48.07,Moderada
Ciências Contábeis (Bacharelado) | Darcy Ribeiro | Diurno | AC | EP=False | R=NA | GE=NA | PCD=False | SM=NA,145,Ciências Contábeis (Bacharelado),Darcy Ribeiro,Diurno,AC,6,6,-77.991,17.85,70.338,82.737,-21.983,8.725,-102.261,17.85,120.111,53.5,-243.374,60.0,4.0,92.453,60.895,72.274,-10.335,84.034,94.369,35.679,58.591,60.0,3,63.831,17.85,82.737,-7.889,43.696,-18.605,46.681,-18.627,56.8,-6.818,57.478,-13.247,51.74,17.205,17.748,36.477,39.041,4,4,64.296,15.165,-3.417,-24.668,-25.259,93.45549738219894,2.7486910994764413,2.3560209424083767,1.505235602094246,95.29411764705881,39.07,Baixa
Ciências Contábeis (Bacharelado) | Darcy Ribeiro | Diurno | CN | EP=False | R=NA | GE=NEGROS | PCD=False | SM=NA,147,Ciências Contábeis (Bacharelado),Darcy Ribeiro,Diurno,CN,5,4,5.872,-0.627,5.872,14.496,-4.823,-0.627,-30.284,25.609,55.893,22.917,-475.187,50.0,3.0,50.096,12.402,10.184,3.632,25.609,21.977,9.973,80.41,66.667,2,21.975,-0.627,14.496,-5.645,15.248,-3.784,13.564,-5.316,12.597,-3.843,13.976,-4.55,14.03,2.292,1.149,5.018,2.651,4,4,17.819,0.98,1.574,-3.216,-0.52,96.72774869109948,28.926701570680624,16.8848167539267,5.759162303664922,82.2875816993464,46.12,Moderada
Ciências Contábeis (Bacharelado) | Darcy Ribeiro | Diurno | EP_R1_NPPI | EP=True | R=R1 | GE=NPPI | PCD=False | SM=1.5,149,Ciências Contábeis (Bacharelado),Darcy Ribeiro,Diurno,EP_R1_NPPI,3,4,-33.95,-49.303,-9.24,44.815,-39.73,-35.936,-49.303,-33.95,15.353,8.35,-21.017,100.0,0.0,8.048,19.409,21.03,-9.24,44.815,54.055,23.283,119.958,100.0,0,3.264,-49.303,44.815,-50.296,64.348,-52.409,63.051,-42.288,28.397,-48.574,50.153,-49.799,53.933,4.386,17.026,10.12,35.952,4,4,98.727,-8.844,30.744,0.729,5.338,56.15183246073299,59.94764397905759,53.79581151832461,74.54188481675392,49.73856209150327,58.84,Moderada
Ciências Contábeis (Bacharelado) | Darcy Ribeiro | Diurno | EP_R1_NPPIQ | EP=True | R=R1 | GE=NPPIQ | PCD=False | SM=1.0,151,Ciências Contábeis (Bacharelado),Darcy Ribeiro,Diurno,EP_R1_NPPIQ,1,1,-24.064,-24.064,-24.064,-24.064,-24.064,-24.064,-24.064,-24.064,0.0,0.0,0.0,100.0,0.0,0.0,-24.064,-24.064,-24.064,-24.064,0.0,0.0,0.0,100.0,0,0.0,-24.064,-24.064,,,,,-24.064,-24.064,-24.064,-24.064,-24.064,-24.064,0.0,0.0,0.0,0.0,2,2,0.0,0.0,0.0,0.0,0.0,33.37696335078534,82.32984293193716,78.20680628272252,74.54188481675392,17.77777777777778,57.25,Moderada
Ciências Contábeis (Bacharelado) | Darcy Ribeiro | Diurno | EP_R1_PPI | EP=True | R=R1 | GE=PPI | PCD=False | SM=1.5,152,Ciências Contábeis (Bacharelado),Darcy Ribeiro,Diurno,EP_R1_PPI,2,3,-45.199,-59.857,13.346,-59.857,-52.528,-52.528,-59.857,-45.199,14.658,10.365,-19.732,100.0,0.0,0.0,-30.57,-45.199,-59.857,13.346,73.203,38.732,-126.7,100.0,0,31.033,-59.857,-59.857,-74.515,-103.773,-74.515,-96.458,-54.971,-42.77,-65.964,-75.715,-67.186,-78.158,10.073,29.18,19.544,61.002,4,4,-9.751,-13.436,-45.145,-6.107,-15.858,55.62827225130891,60.20942408376963,78.20680628272252,74.54188481675392,39.47712418300654,61.61,Alta
Ciências Contábeis (Bacharelado) | Darcy Ribeiro | Diurno | EP_R2_NPPI | EP=True | R=R2 | GE=NPPI | PCD=False | SM=1.5,154,Ciências Contábeis (Bacharelado),Darcy Ribeiro,Diurno,EP_R2_NPPI,4,5,-26.025,-75.965,9.416,-49.701,-45.556,-40.116,-75.965,-26.025,49.94,22.86,-50.18,100.0,0.0,11.286,12.111,9.416,-49.701,55.242,104.943,39.797,328.597,50.0,2,61.375,-75.965,-49.701,-78.398,-9.287,-85.02,-31.154,-54.052,7.356,-73.359,-20.697,-77.181,-20.221,13.428,24.952,30.967,57.057,4,4,52.662,-27.803,-32.808,2.606,29.004,70.15706806282722,33.50785340314136,52.09424083769634,74.54188481675392,64.9673202614379,59.05,Moderada
Ciências Contábeis (Bacharelado) | Darcy Ribeiro | Diurno | EP_R2_NPPIQ | EP=True | R=R2 | GE=NPPIQ | PCD=False | SM=1.0,156,Ciências Contábeis (Bacharelado),Darcy Ribeiro,Diurno,EP_R2_NPPIQ,1,1,-50.333,-50.333,11.211,11.211,-50.333,-50.333,-50.333,-50.333,0.0,0.0,0.0,100.0,0.0,0.0,11.211,11.211,11.211,11.211,0.0,0.0,0.0,100.0,0,0.0,-50.333,11.211,,,,,-50.333,11.211,-50.333,11.211,-50.333,11.211,0.0,0.0,0.0,0.0,2,2,61.544,0.0,0.0,0.0,0.0,33.37696335078534,82.32984293193716,78.20680628272252,74.54188481675392,17.77777777777778,57.25,Moderada
Ciências Contábeis (Bacharelado) | Darcy Ribeiro | Diurno | EP_R2_PPI | EP=True | R=R2 | GE=PPI | PCD=False | SM=1.5,158,Ciências Contábeis (Bacharelado),Darcy Ribeiro,Diurno,EP_R2_PPI,3,4,-43.271,-21.687,60.116,-21.687,-34.241,-37.765,-43.271,-21.687,21.584,11.215,-32.754,100.0,0.0,7.476,20.561,21.908,-21.687,60.116,81.803,36.172,175.923,66.667,2,52.977,-21.687,-21.687,-18.934,-32.334,-16.659,-33.412,-30.644,9.982,-21.981,-19.363,-20.31,-27.011,6.13,20.266,13.985,43.394,4,4,2.618,12.26,-39.924,-0.294,2.324,62.30366492146597,56.80628272251309,54.05759162303665,74.54188481675392,49.73856209150327,59.49,Moderada
Ciências Contábeis (Bacharelado) | Darcy Ribeiro | Diurno | EP_R2_PPIQ | EP=True | R=R2 | GE=PPIQ | PCD=False | SM=1.0,160,Ciências Contábeis (Bacharelado),Darcy Ribeiro,Diurno,EP_R2_PPIQ,1,1,-81.153,-81.153,-5.417,-5.417,-81.153,-81.153,-81.153,-81.153,0.0,0.0,0.0,100.0,0.0,0.0,-5.417,-5.417,-5.417,-5.417,0.0,0.0,0.0,100.0,0,0.0,-81.153,-5.417,,,,,-81.153,-5.417,-81.153,-5.417,-81.153,-5.417,0.0,0.0,0.0,0.0,2,2,75.736,0.0,0.0,0.0,0.0,33.37696335078534,82.32984293193716,78.20680628272252,74.54188481675392,17.77777777777778,57.25,Moderada
Ciências Contábeis (Bacharelado) | Darcy Ribeiro | Noturno | AC | EP=False | R=NA | GE=NA | PCD=False | SM=NA,146,Ciências Contábeis (Bacharelado),Darcy Ribeiro,Noturno,AC,5,5,-71.302,-27.789,44.077,31.88,-50.109,-62.176,-71.302,-20.052,51.25,24.299,-48.493,50.0,2.0,43.568,41.978,44.077,31.88,46.127,14.247,5.789,13.79,50.0,3,7.319,-27.789,31.88,-34.66,32.867,-32.379,30.839,-47.586,40.285,-35.604,33.968,-33.52,32.373,8.484,4.292,19.797,9.446,4,4,69.572,14.505,-8.01,-7.815,2.088,69.76439790575917,32.32984293193717,21.858638743455494,17.212041884816752,82.2875816993464,44.69,Moderada
Ciências Contábeis (Bacharelado) | Darcy Ribeiro | Noturno | CN | EP=False | R=NA | GE=NEGROS | PCD=False | SM=NA,148,Ciências Contábeis (Bacharelado),Darcy Ribeiro,Noturno,CN,3,3,-2.467,-40.834,25.446,-24.325,-37.835,-40.834,-70.205,-2.467,67.738,33.968,-89.78,50.0,1.0,68.666,-7.952,-24.325,-24.978,25.446,50.424,28.926,-363.738,50.0,1,36.117,-40.834,-24.325,-66.611,-45.281,-55.281,-39.322,-44.23,-16.247,-51.739,-31.294,-49.756,-31.823,11.676,13.355,25.777,29.033,4,4,20.445,-13.904,-23.342,-10.905,-6.969,79.58115183246073,20.94240837696335,6.4136125654450264,37.56544502617801,49.73856209150327,38.85,Baixa
Ciências Contábeis (Bacharelado) | Darcy Ribeiro | Noturno | EP_R1_NPPI | EP=True | R=R1 | GE=NPPI | PCD=False | SM=1.5,150,Ciências Contábeis (Bacharelado),Darcy Ribeiro,Noturno,EP_R1_NPPI,3,3,-54.029,-54.966,-54.029,-29.047,-57.05,-54.966,-62.154,-54.029,8.125,4.445,-7.792,50.0,1.0,10.828,-30.169,-29.047,-54.029,-7.43,46.599,23.32,-77.298,50.0,1,48.236,-54.966,-29.047,-56.394,-15.252,-54.689,-23.608,-57.206,-26.005,-55.814,-23.478,-55.68,-24.807,1.192,5.918,2.517,13.795,4,4,32.336,1.236,6.691,-0.848,5.569,52.09424083769634,63.0890052356021,52.48691099476439,37.56544502617801,49.73856209150327,50.99,Moderada
Ciências Contábeis (Bacharelado) | Darcy Ribeiro | Noturno | EP_R1_PPI | EP=True | R=R1 | GE=PPI | PCD=False | SM=1.5,153,Ciências Contábeis (Bacharelado),Darcy Ribeiro,Noturno,EP_R1_PPI,2,2,-50.721,1.491,-38.632,1.491,-24.615,-24.615,-50.721,1.491,52.212,36.919,-149.988,100.0,0.0,0.0,-18.57,-18.57,-38.632,1.491,40.123,28.371,-152.776,100.0,0,0.0,1.491,1.491,53.703,41.614,53.703,41.614,-15.913,-11.883,23.246,18.209,27.597,21.552,35.879,27.572,69.616,53.497,4,4,-5.037,47.861,36.779,21.755,16.718,87.82722513089006,31.54450261780105,78.20680628272252,74.54188481675392,39.47712418300654,62.32,Alta
Ciências Contábeis (Bacharelado) | Darcy Ribeiro | Noturno | EP_R2_NPPI | EP=True | R=R2 | GE=NPPI | PCD=False | SM=1.5,155,Ciências Contábeis (Bacharelado),Darcy Ribeiro,Noturno,EP_R2_NPPI,3,3,-68.678,-60.649,-68.678,0.749,-68.454,-68.678,-76.035,-60.649,15.386,7.695,-11.242,50.0,1.0,16.082,-19.449,0.749,-68.678,9.581,78.259,42.861,-220.375,50.0,1,61.583,-60.649,0.749,-60.425,49.978,-56.635,35.462,-67.116,-7.878,-61.206,19.578,-60.537,18.106,4.349,27.597,10.481,57.856,4,4,80.784,7.248,39.027,-0.557,18.829,52.48691099476439,59.81675392670157,48.560209424083766,37.56544502617801,49.73856209150327,49.63,Moderada
Ciências Contábeis (Bacharelado) | Darcy Ribeiro | Noturno | EP_R2_NPPIQ | EP=True | R=R2 | GE=NPPIQ | PCD=False | SM=1.0,157,Ciências Contábeis (Bacharelado),Darcy Ribeiro,Noturno,EP_R2_NPPIQ,1,1,-36.706,-36.706,-21.206,-21.206,-36.706,-36.706,-36.706,-36.706,0.0,0.0,0.0,100.0,0.0,0.0,-21.206,-21.206,-21.206,-21.206,0.0,0.0,0.0,100.0,0,0.0,-36.706,-21.206,,,,,-36.706,-21.206,-36.706,-21.206,-36.706,-21.206,0.0,0.0,0.0,0.0,2,2,15.5,0.0,0.0,0.0,0.0,33.37696335078534,82.32984293193716,78.20680628272252,74.54188481675392,17.77777777777778,57.25,Moderada
Ciências Contábeis (Bacharelado) | Darcy Ribeiro | Noturno | EP_R2_PPI | EP=True | R=R2 | GE=PPI | PCD=False | SM=1.5,159,Ciências Contábeis (Bacharelado),Darcy Ribeiro,Noturno,EP_R2_PPI,4,4,-37.932,-29.321,-13.347,-6.142,-43.373,-45.118,-53.936,-29.321,24.615,11.809,-27.228,66.667,1.0,19.879,-1.921,-5.372,-13.347,16.406,29.753,12.799,-666.26,66.667,1,25.609,-29.321,-6.142,-37.323,-1.769,-29.526,-8.028,-42.163,-1.891,-34.583,-4.457,-33.424,-4.016,6.278,3.131,12.842,6.259,4,4,30.126,8.79,-2.536,-5.262,1.685,59.81675392670157,54.45026178010471,45.026178010471206,37.56544502617801,64.9673202614379,52.37,Moderada
Ciências Contábeis (Bacharelado) | Darcy Ribeiro | Noturno | EP_R2_PPIQ | EP=True | R=R2 | GE=PPIQ | PCD=False | SM=1.0,161,Ciências Contábeis (Bacharelado),Darcy Ribeiro,Noturno,EP_R2_PPIQ,1,1,-72.809,-72.809,-37.134,-37.134,-72.809,-72.809,-72.809,-72.809,0.0,0.0,0.0,100.0,0.0,0.0,-37.134,-37.134,-37.134,-37.134,0.0,0.0,0.0,100.0,0,0.0,-72.809,-37.134,,,,,-72.809,-37.134,-72.809,-37.134,-72.809,-37.134,0.0,0.0,0.0,0.0,2,2,35.675,0.0,0.0,0.0,0.0,33.37696335078534,82.32984293193716,78.20680628272252,74.54188481675392,17.77777777777778,57.25,Moderada
Ciências Econômicas (Bacharelado) | Darcy Ribeiro | Diurno | AC | EP=False | R=NA | GE=NA | PCD=False | SM=NA,162,Ciências Econômicas (Bacharelado),Darcy Ribeiro,Diurno,AC,6,5,39.606,98.037,170.983,136.512,79.392,91.398,39.606,105.597,65.991,27.393,34.504,60.0,4.0,43.65,136.687,149.64,75.802,170.983,95.181,36.2,26.484,50.0,3,56.05,98.037,136.512,97.574,98.401,88.448,103.783,83.721,127.169,91.945,116.466,93.011,115.476,7.04,18.29,14.316,38.111,4,4,24.521,12.553,-20.221,-6.092,-20.046,12.565445026178013,22.120418848167546,21.727748691099478,1.505235602094246,95.29411764705881,30.64,Baixa
Ciências Econômicas (Bacharelado) | Darcy Ribeiro | Diurno | CN | EP=False | R=NA | GE=NEGROS | PCD=False | SM=NA,163,Ciências Econômicas (Bacharelado),Darcy Ribeiro,Diurno,CN,6,6,52.181,83.431,54.601,83.431,45.157,45.439,13.26,83.431,70.171,26.92,59.614,60.0,3.0,45.31,45.56,46.65,13.26,83.431,70.171,27.064,59.403,60.0,3,45.846,83.431,83.431,61.573,60.766,73.38,73.034,49.066,49.181,66.862,66.603,67.477,66.9,14.852,14.856,34.365,34.25,4,4,-0.259,21.705,21.043,-16.569,-16.828,10.07853403141361,19.63350785340314,20.68062827225131,5.759162303664922,95.29411764705881,30.29,Baixa
Ciências Econômicas (Bacharelado) | Darcy Ribeiro | Diurno | EP_R1_NPPI | EP=True | R=R1 | GE=NPPI | PCD=False | SM=1.5,164,Ciências Econômicas (Bacharelado),Darcy Ribeiro,Diurno,EP_R1_NPPI,5,5,-19.708,-56.632,37.407,-56.632,-34.657,-37.553,-60.912,1.518,62.43,26.042,-75.141,75.0,2.0,48.802,10.474,35.066,-56.632,37.407,94.039,40.469,386.381,75.0,2,53.9,-56.632,-56.632,-49.804,-35.729,-55.529,-50.287,-38.023,0.206,-49.997,-35.61,-52.667,-43.008,8.525,25.431,18.609,56.838,4,4,14.387,-15.34,-46.084,6.635,21.022,76.30890052356021,24.607329842931936,18.45549738219895,17.212041884816752,82.2875816993464,43.77,Moderada
Ciências Econômicas (Bacharelado) | Darcy Ribeiro | Diurno | EP_R1_NPPIQ | EP=True | R=R1 | GE=NPPIQ | PCD=False | SM=1.0,165,Ciências Econômicas (Bacharelado),Darcy Ribeiro,Diurno,EP_R1_NPPIQ,1,1,-30.927,-30.927,-30.927,-30.927,-30.927,-30.927,-30.927,-30.927,0.0,0.0,0.0,100.0,0.0,0.0,-30.927,-30.927,-30.927,-30.927,0.0,0.0,0.0,100.0,0,0.0,-30.927,-30.927,,,,,-30.927,-30.927,-30.927,-30.927,-30.927,-30.927,0.0,0.0,0.0,0.0,2,2,0.0,0.0,0.0,0.0,0.0,33.37696335078534,82.32984293193716,78.20680628272252,74.54188481675392,17.77777777777778,57.25,Moderada
Ciências Econômicas (Bacharelado) | Darcy Ribeiro | Diurno | EP_R1_PPI | EP=True | R=R1 | GE=PPI | PCD=False | SM=1.5,166,Ciências Econômicas (Bacharelado),Darcy Ribeiro,Diurno,EP_R1_PPI,3,3,-31.962,-10.898,3.364,67.95,-22.817,-25.591,-31.962,-10.898,21.064,10.803,-47.344,100.0,0.0,5.885,33.463,29.074,3.364,67.95,64.586,32.516,97.171,100.0,0,9.31,-10.898,67.95,-1.753,98.049,-0.366,100.243,-19.306,44.227,-8.081,77.617,-6.326,82.999,8.822,26.694,18.94,56.016,4,4,85.698,14.736,44.154,2.817,9.667,69.24083769633508,57.460732984293195,55.10471204188482,74.54188481675392,49.73856209150327,61.22,Alta
Ciências Econômicas (Bacharelado) | Darcy Ribeiro | Diurno | EP_R2_NPPI | EP=True | R=R2 | GE=NPPI | PCD=False | SM=1.5,167,Ciências Econômicas (Bacharelado),Darcy Ribeiro,Diurno,EP_R2_NPPI,5,5,-31.155,-64.258,71.256,-22.961,3.012,-8.931,-64.258,74.425,138.683,56.339,1870.602,50.0,1.0,73.934,58.102,71.256,-22.961,116.541,139.502,51.097,87.943,75.0,2,67.133,-64.258,-22.961,-33.023,8.134,-70.595,-18.083,-4.996,46.998,-43.218,3.522,-48.64,-4.974,30.315,32.039,65.599,69.959,4,4,46.74,-46.23,-54.58,21.04,26.483,0.5235602094240788,1.4397905759162333,4.842931937172779,37.56544502617801,82.2875816993464,25.33,Baixa
Ciências Econômicas (Bacharelado) | Darcy Ribeiro | Diurno | EP_R2_NPPIQ | EP=True | R=R2 | GE=NPPIQ | PCD=False | SM=1.0,168,Ciências Econômicas (Bacharelado),Darcy Ribeiro,Diurno,EP_R2_NPPIQ,1,1,18.823,18.823,94.124,94.124,18.823,18.823,18.823,18.823,0.0,0.0,0.0,100.0,0.0,0.0,94.124,94.124,94.124,94.124,0.0,0.0,0.0,100.0,0,0.0,18.823,94.124,,,,,18.823,94.124,18.823,94.124,18.823,94.124,0.0,0.0,0.0,0.0,2,2,75.301,0.0,0.0,0.0,0.0,33.37696335078534,82.32984293193716,78.20680628272252,74.54188481675392,17.77777777777778,57.25,Moderada
Ciências Econômicas (Bacharelado) | Darcy Ribeiro | Diurno | EP_R2_PPI | EP=True | R=R2 | GE=PPI | PCD=False | SM=1.5,169,Ciências Econômicas (Bacharelado),Darcy Ribeiro,Diurno,EP_R2_PPI,4,4,-48.677,-37.254,23.009,59.411,-37.674,-39.014,-48.677,-23.99,24.687,10.297,-27.333,66.667,1.0,15.437,36.404,39.246,7.712,59.411,51.699,25.14,69.058,66.667,2,52.763,-37.254,59.411,-24.91,51.762,-29.144,55.607,-35.121,39.476,-31.607,51.564,-32.132,53.685,5.632,8.643,12.343,19.935,4,4,83.171,6.067,15.16,5.647,-7.847,59.94764397905759,54.18848167539267,49.476439790575924,37.56544502617801,64.9673202614379,53.23,Moderada
Ciências Econômicas (Bacharelado) | Darcy Ribeiro | Diurno | EP_R2_PPIQ | EP=True | R=R2 | GE=PPIQ | PCD=False | SM=1.0,170,Ciências Econômicas (Bacharelado),Darcy Ribeiro,Diurno,EP_R2_PPIQ,1,1,-17.699,-17.699,30.922,30.922,-17.699,-17.699,-17.699,-17.699,0.0,0.0,0.0,100.0,0.0,0.0,30.922,30.922,30.922,30.922,0.0,0.0,0.0,100.0,0,0.0,-17.699,30.922,,,,,-17.699,30.922,-17.699,30.922,-17.699,30.922,0.0,0.0,0.0,0.0,2,2,48.621,0.0,0.0,0.0,0.0,33.37696335078534,82.32984293193716,78.20680628272252,74.54188481675392,17.77777777777778,57.25,Moderada
Ciências Naturais (Licenciatura) | Planaltina | Diurno | AC | EP=False | R=NA | GE=NA | PCD=False | SM=NA,171,Ciências Naturais (Licenciatura),Planaltina,Diurno,AC,5,5,-78.584,-78.391,-15.361,13.11,-79.819,-78.584,-85.5,-71.509,13.991,5.764,-7.221,50.0,3.0,12.566,-11.367,9.258,-85.5,21.657,107.157,43.666,-384.137,50.0,3,73.865,-78.391,13.11,-79.253,33.867,-79.139,32.812,-79.767,-1.254,-79.138,19.634,-79.196,22.961,0.568,16.883,1.376,35.121,4,4,98.772,0.681,31.001,-0.747,6.524,51.96335078534031,60.60209424083769,51.17801047120418,5.759162303664922,82.2875816993464,50.36,Moderada
Ciências Naturais (Licenciatura) | Planaltina | Diurno | EP_R1_PPI | EP=True | R=R1 | GE=PPI | PCD=False | SM=1.5,174,Ciências Naturais (Licenciatura),Planaltina,Diurno,EP_R1_PPI,2,2,-19.534,-49.692,-19.534,-49.692,-34.613,-34.613,-49.692,-19.534,30.158,21.325,-61.61,100.0,0.0,0.0,-34.613,-34.613,-49.692,-19.534,30.158,21.325,-61.61,100.0,0,0.0,-49.692,-49.692,-79.85,-79.85,-79.85,-79.85,-39.639,-39.639,-62.258,-62.258,-64.771,-64.771,20.724,20.724,40.211,40.211,4,4,0.0,-27.645,-27.645,-12.566,-12.566,73.69109947643979,50.13089005235602,78.20680628272252,74.54188481675392,39.47712418300654,63.21,Alta
Ciências Naturais (Licenciatura) | Planaltina | Diurno | EP_R2_PPI | EP=True | R=R2 | GE=PPI | PCD=False | SM=1.5,175,Ciências Naturais (Licenciatura),Planaltina,Diurno,EP_R2_PPI,2,2,-38.144,-36.562,-7.442,-36.562,-37.353,-37.353,-38.144,-36.562,1.582,1.119,-2.995,100.0,0.0,0.0,-22.002,-22.002,-36.562,-7.442,29.12,20.591,-93.587,100.0,0,0.0,-36.562,-36.562,-35.771,-51.122,-35.771,-51.122,-37.089,-26.855,-36.298,-41.415,-36.166,-43.842,0.646,11.888,1.318,24.267,4,4,-5.117,1.055,-19.413,0.264,-4.853,51.30890052356021,64.52879581151832,78.20680628272252,74.54188481675392,39.47712418300654,61.61,Alta
Ciências Naturais (Licenciatura) | Planaltina | Noturno | AC | EP=False | R=NA | GE=NA | PCD=False | SM=NA,172,Ciências Naturais (Licenciatura),Planaltina,Noturno,AC,3,3,-76.854,-52.216,-20.469,9.125,-63.865,-62.526,-76.854,-52.216,24.638,12.373,-19.374,100.0,0.0,2.841,-17.018,-20.469,-39.709,9.125,48.834,24.599,-144.551,50.0,1,48.136,-52.216,9.125,-39.227,12.576,-39.897,23.922,-59.759,-12.085,-47.775,8.384,-46.056,10.851,9.974,15.039,20.532,36.007,4,4,56.159,16.09,25.402,4.441,-0.741,55.10471204188482,54.31937172774869,55.89005235602094,74.54188481675392,49.73856209150327,57.92,Moderada
Ciências Naturais (Licenciatura) | Planaltina | Noturno | CN | EP=False | R=NA | GE=NEGROS | PCD=False | SM=NA,173,Ciências Naturais (Licenciatura),Planaltina,Noturno,CN,1,1,-90.203,-90.203,-90.203,-90.203,-90.203,-90.203,-90.203,-90.203,0.0,0.0,0.0,100.0,0.0,0.0,-90.203,-90.203,-90.203,-90.203,0.0,0.0,0.0,100.0,0,0.0,-90.203,-90.203,,,,,-90.203,-90.203,-90.203,-90.203,-90.203,-90.203,0.0,0.0,0.0,0.0,2,2,0.0,0.0,0.0,0.0,0.0,33.37696335078534,82.32984293193716,78.20680628272252,74.54188481675392,17.77777777777778,57.25,Moderada
Ciências Naturais (Licenciatura) | Planaltina | Noturno | EP_R2_PPI | EP=True | R=R2 | GE=PPI | PCD=False | SM=1.5,176,Ciências Naturais (Licenciatura),Planaltina,Noturno,EP_R2_PPI,1,1,-37.156,-37.156,-37.156,-37.156,-37.156,-37.156,-37.156,-37.156,0.0,0.0,0.0,100.0,0.0,0.0,-37.156,-37.156,-37.156,-37.156,0.0,0.0,0.0,100.0,0,0.0,-37.156,-37.156,,,,,-37.156,-37.156,-37.156,-37.156,-37.156,-37.156,0.0,0.0,0.0,0.0,2,2,0.0,0.0,0.0,0.0,0.0,33.37696335078534,82.32984293193716,78.20680628272252,74.54188481675392,17.77777777777778,57.25,Moderada
Ciências Sociais – Antropologia/ Sociologia (Bacharelado/Licenciatura) | Darcy Ribeiro | Diurno | AC | EP=False | R=NA | GE=NA | PCD=False | SM=NA,177,Ciências Sociais – Antropologia/ Sociologia (Bacharelado/Licenciatura),Darcy Ribeiro,Diurno,AC,5,5,-73.444,-15.532,63.097,69.84,-16.418,-7.672,-73.444,11.533,84.977,33.498,-204.03,50.0,3.0,49.024,74.396,71.472,63.097,94.463,31.366,11.846,15.923,50.0,3,22.468,-15.532,69.84,11.363,71.205,-6.122,67.634,-9.264,73.871,-4.889,70.637,-7.693,70.522,11.519,2.61,26.895,6.237,4,4,75.526,11.529,-3.759,10.643,0.797,91.09947643979058,11.125654450261779,18.19371727748691,5.759162303664922,82.2875816993464,41.69,Moderada
Ciências Sociais – Antropologia/ Sociologia (Bacharelado/Licenciatura) | Darcy Ribeiro | Diurno | CN | EP=False | R=NA | GE=NEGROS | PCD=False | SM=NA,178,Ciências Sociais – Antropologia/ Sociologia (Bacharelado/Licenciatura),Darcy Ribeiro,Diurno,CN,5,5,-2.423,-34.923,22.985,-32.091,-17.392,-9.211,-40.831,0.428,41.259,19.139,-110.047,50.0,3.0,32.183,5.378,8.448,-32.091,22.985,55.076,22.115,411.181,50.0,2,28.387,-34.923,-32.091,-41.057,-29.043,-38.956,-34.301,-22.368,-1.061,-34.326,-24.124,-36.94,-30.567,8.369,15.526,18.689,33.239,4,4,10.202,-16.934,-29.502,0.597,7.967,83.7696335078534,41.75392670157068,31.80628272251309,5.759162303664922,82.2875816993464,49.08,Moderada
Ciências Sociais – Antropologia/ Sociologia (Bacharelado/Licenciatura) | Darcy Ribeiro | Diurno | EP_R1_NPPI | EP=True | R=R1 | GE=NPPI | PCD=False | SM=1.5,179,Ciências Sociais – Antropologia/ Sociologia (Bacharelado/Licenciatura),Darcy Ribeiro,Diurno,EP_R1_NPPI,4,4,-58.842,-65.302,12.31,-5.054,-55.379,-61.891,-65.302,-32.433,32.869,15.582,-28.137,66.667,1.0,29.499,0.12,2.576,-16.98,12.31,29.29,13.778,11457.633,66.667,2,29.405,-65.302,-5.054,-68.351,-6.107,-73.705,-3.3,-57.974,-1.125,-66.333,-3.896,-66.827,-4.177,6.567,2.18,15.732,4.981,4,4,62.437,-10.954,-4.016,-1.031,1.158,60.47120418848168,47.64397905759162,34.16230366492147,37.56544502617801,64.9673202614379,48.96,Moderada
Ciências Sociais – Antropologia/ Sociologia (Bacharelado/Licenciatura) | Darcy Ribeiro | Diurno | EP_R1_NPPIQ | EP=True | R=R1 | GE=NPPIQ | PCD=False | SM=1.0,180,Ciências Sociais – Antropologia/ Sociologia (Bacharelado/Licenciatura),Darcy Ribeiro,Diurno,EP_R1_NPPIQ,1,1,-30.926,-30.926,-30.926,-30.926,-30.926,-30.926,-30.926,-30.926,0.0,0.0,0.0,100.0,0.0,0.0,-30.926,-30.926,-30.926,-30.926,0.0,0.0,0.0,100.0,0,0.0,-30.926,-30.926,,,,,-30.926,-30.926,-30.926,-30.926,-30.926,-30.926,0.0,0.0,0.0,0.0,2,2,0.0,0.0,0.0,0.0,0.0,33.37696335078534,82.32984293193716,78.20680628272252,74.54188481675392,17.77777777777778,57.25,Moderada
Ciências Sociais – Antropologia/ Sociologia (Bacharelado/Licenciatura) | Darcy Ribeiro | Diurno | EP_R1_PPI | EP=True | R=R1 | GE=PPI | PCD=False | SM=1.5,181,Ciências Sociais – Antropologia/ Sociologia (Bacharelado/Licenciatura),Darcy Ribeiro,Diurno,EP_R1_PPI,4,4,-79.622,-61.197,13.422,-32.867,-55.535,-53.51,-79.622,-35.497,44.125,19.219,-34.606,66.667,1.0,32.991,-18.897,-28.071,-32.867,13.422,46.289,21.696,-114.814,66.667,2,24.255,-61.197,-32.867,-44.298,-52.891,-56.198,-45.552,-53.288,-25.696,-53.745,-39.252,-54.743,-39.21,7.095,12.251,16.899,27.196,4,4,14.493,1.79,-20.355,7.452,-6.385,63.74345549738221,38.61256544502618,31.02094240837696,37.56544502617801,64.9673202614379,47.18,Moderada
Ciências Sociais – Antropologia/ Sociologia (Bacharelado/Licenciatura) | Darcy Ribeiro | Diurno | EP_R2_NPPI | EP=True | R=R2 | GE=NPPI | PCD=False | SM=1.5,182,Ciências Sociais – Antropologia/ Sociologia (Bacharelado/Licenciatura),Darcy Ribeiro,Diurno,EP_R2_NPPI,4,4,-34.495,-37.615,6.009,33.041,-37.972,-36.055,-51.116,-28.663,22.453,9.516,-25.059,66.667,2.0,20.704,33.266,32.052,6.009,62.948,56.939,23.301,70.047,66.667,1,33.876,-37.615,33.041,-34.699,61.51,-33.165,50.518,-37.318,38.914,-35.699,45.996,-36.008,44.716,2.138,12.638,4.45,28.47,4,4,81.695,2.273,12.73,1.916,12.955,58.24607329842932,56.15183246073299,43.97905759162304,17.212041884816752,64.9673202614379,48.11,Moderada
Ciências Sociais – Antropologia/ Sociologia (Bacharelado/Licenciatura) | Darcy Ribeiro | Diurno | EP_R2_NPPIQ | EP=True | R=R2 | GE=NPPIQ | PCD=False | SM=1.0,183,Ciências Sociais – Antropologia/ Sociologia (Bacharelado/Licenciatura),Darcy Ribeiro,Diurno,EP_R2_NPPIQ,1,1,-91.423,-91.423,-6.3,-6.3,-91.423,-91.423,-91.423,-91.423,0.0,0.0,0.0,100.0,0.0,0.0,-6.3,-6.3,-6.3,-6.3,0.0,0.0,0.0,100.0,0,0.0,-91.423,-6.3,,,,,-91.423,-6.3,-91.423,-6.3,-91.423,-6.3,0.0,0.0,0.0,0.0,2,2,85.123,0.0,0.0,0.0,0.0,33.37696335078534,82.32984293193716,78.20680628272252,74.54188481675392,17.77777777777778,57.25,Moderada
Ciências Sociais – Antropologia/ Sociologia (Bacharelado/Licenciatura) | Darcy Ribeiro | Diurno | EP_R2_NPPIQ_PCD | EP=True | R=R2 | GE=NPPIQ | PCD=True | SM=1.0,184,Ciências Sociais – Antropologia/ Sociologia (Bacharelado/Licenciatura),Darcy Ribeiro,Diurno,EP_R2_NPPIQ_PCD,1,1,-32.205,-32.205,-32.205,-32.205,-32.205,-32.205,-32.205,-32.205,0.0,0.0,0.0,100.0,0.0,0.0,-32.205,-32.205,-32.205,-32.205,0.0,0.0,0.0,100.0,0,0.0,-32.205,-32.205,,,,,-32.205,-32.205,-32.205,-32.205,-32.205,-32.205,0.0,0.0,0.0,0.0,2,2,0.0,0.0,0.0,0.0,0.0,33.37696335078534,82.32984293193716,78.20680628272252,74.54188481675392,17.77777777777778,57.25,Moderada
Ciências Sociais – Antropologia/ Sociologia (Bacharelado/Licenciatura) | Darcy Ribeiro | Diurno | EP_R2_PPI | EP=True | R=R2 | GE=PPI | PCD=False | SM=1.5,185,Ciências Sociais – Antropologia/ Sociologia (Bacharelado/Licenciatura),Darcy Ribeiro,Diurno,EP_R2_PPI,4,4,-62.078,-57.603,-12.864,10.11,-67.767,-66.29,-80.884,-57.603,23.281,10.25,-15.126,66.667,1.0,18.895,6.148,4.367,-12.864,28.724,41.588,17.734,288.421,66.667,2,35.997,-57.603,10.11,-67.006,15.854,-60.665,9.834,-67.615,8.09,-63.222,10.972,-63.835,9.972,4.89,3.375,10.012,7.764,4,4,74.194,4.545,4.824,-5.619,0.862,54.18848167539267,55.23560209424083,45.94240837696335,37.56544502617801,64.9673202614379,51.58,Moderada
Ciências Sociais – Antropologia/ Sociologia (Bacharelado/Licenciatura) | Darcy Ribeiro | Diurno | EP_R2_PPIQ | EP=True | R=R2 | GE=PPIQ | PCD=False | SM=1.0,186,Ciências Sociais – Antropologia/ Sociologia (Bacharelado/Licenciatura),Darcy Ribeiro,Diurno,EP_R2_PPIQ,1,1,-70.919,-70.919,-49.487,-49.487,-70.919,-70.919,-70.919,-70.919,0.0,0.0,0.0,100.0,0.0,0.0,-49.487,-49.487,-49.487,-49.487,0.0,0.0,0.0,100.0,0,0.0,-70.919,-49.487,,,,,-70.919,-49.487,-70.919,-49.487,-70.919,-49.487,0.0,0.0,0.0,0.0,2,2,21.432,0.0,0.0,0.0,0.0,33.37696335078534,82.32984293193716,78.20680628272252,74.54188481675392,17.77777777777778,57.25,Moderada
Computação (Licenciatura) | Darcy Ribeiro | Noturno | AC | EP=False | R=NA | GE=NA | PCD=False | SM=NA,187,Computação (Licenciatura),Darcy Ribeiro,Noturno,AC,6,6,-96.333,-22.177,63.42,45.581,-45.556,-24.338,-105.03,-2.433,102.597,43.576,-95.655,60.0,2.0,68.093,40.884,54.5,-44.569,74.983,119.552,44.702,109.336,60.0,3,77.653,-22.177,45.581,-36.135,8.018,-49.503,6.821,-43.313,33.059,-37.782,23.37,-39.724,20.539,11.75,19.12,27.326,38.76,4,4,61.152,7.774,-17.514,-15.605,-22.211,80.75916230366492,5.497382198952883,7.329842931937169,17.212041884816752,95.29411764705881,41.22,Moderada
Computação (Licenciatura) | Darcy Ribeiro | Noturno | CN | EP=False | R=NA | GE=NEGROS | PCD=False | SM=NA,188,Computação (Licenciatura),Darcy Ribeiro,Noturno,CN,4,4,-3.314,-23.781,-3.314,-23.781,-13.755,-13.548,-63.586,35.66,99.246,41.37,-300.76,66.667,2.0,91.859,-13.755,-13.548,-63.586,35.66,99.246,41.37,-300.76,66.667,2,91.859,-23.781,-23.781,-10.451,-10.451,-13.01,-13.01,-11.863,-11.863,-14.776,-14.776,-12.436,-12.436,6.094,6.094,13.33,13.33,4,4,0.0,-1.021,-1.021,9.005,9.005,94.76439790575917,6.544502617801051,2.486910994764402,17.212041884816752,64.9673202614379,37.2,Baixa
Computação (Licenciatura) | Darcy Ribeiro | Noturno | EP_R1_NPPI | EP=True | R=R1 | GE=NPPI | PCD=False | SM=1.5,189,Computação (Licenciatura),Darcy Ribeiro,Noturno,EP_R1_NPPI,1,1,-65.745,-65.745,-51.109,-51.109,-65.745,-65.745,-65.745,-65.745,0.0,0.0,0.0,100.0,0.0,0.0,-51.109,-51.109,-51.109,-51.109,0.0,0.0,0.0,100.0,0,0.0,-65.745,-51.109,,,,,-65.745,-51.109,-65.745,-51.109,-65.745,-51.109,0.0,0.0,0.0,0.0,2,2,14.636,0.0,0.0,0.0,0.0,33.37696335078534,82.32984293193716,78.20680628272252,74.54188481675392,17.77777777777778,57.25,Moderada
Computação (Licenciatura) | Darcy Ribeiro | Noturno | EP_R1_PPI | EP=True | R=R1 | GE=PPI | PCD=False | SM=1.5,190,Computação (Licenciatura),Darcy Ribeiro,Noturno,EP_R1_PPI,4,4,36.577,-5.522,36.577,-5.522,-24.848,-27.435,-81.096,36.577,117.673,51.351,-206.663,66.667,1.0,89.958,-20.584,-18.908,-81.096,36.577,117.673,49.305,-239.538,66.667,1,90.428,-5.522,-5.522,-48.485,-39.957,-16.185,-11.068,-29.575,-24.458,-24.942,-20.251,-22.88,-17.763,18.525,15.355,42.963,34.435,4,4,4.691,-0.094,0.333,-19.42,-14.729,91.2303664921466,3.0104712041884807,2.7486910994764413,37.56544502617801,64.9673202614379,39.9,Baixa
Computação (Licenciatura) | Darcy Ribeiro | Noturno | EP_R2_NPPI | EP=True | R=R2 | GE=NPPI | PCD=False | SM=1.5,191,Computação (Licenciatura),Darcy Ribeiro,Noturno,EP_R2_NPPI,4,4,-28.675,-50.802,14.464,-11.64,-39.236,-39.738,-57.125,-20.342,36.783,17.534,-44.688,66.667,2.0,38.256,-14.758,-9.923,-53.651,14.464,68.115,28.397,-192.417,66.667,2,56.963,-50.802,-11.64,-46.635,-22.975,-47.037,-10.039,-40.716,-16.402,-46.298,-15.264,-46.836,-14.021,4.168,5.808,10.086,12.936,4,4,31.034,-7.062,-0.506,4.504,-3.624,68.58638743455498,44.89528795811518,25.78534031413613,17.212041884816752,64.9673202614379,44.29,Moderada
Computação (Licenciatura) | Darcy Ribeiro | Noturno | EP_R2_NPPIQ | EP=True | R=R2 | GE=NPPIQ | PCD=False | SM=1.0,192,Computação (Licenciatura),Darcy Ribeiro,Noturno,EP_R2_NPPIQ,1,1,-44.036,-44.036,-4.601,-4.601,-44.036,-44.036,-44.036,-44.036,0.0,0.0,0.0,100.0,0.0,0.0,-4.601,-4.601,-4.601,-4.601,0.0,0.0,0.0,100.0,0,0.0,-44.036,-4.601,,,,,-44.036,-4.601,-44.036,-4.601,-44.036,-4.601,0.0,0.0,0.0,0.0,2,2,39.435,0.0,0.0,0.0,0.0,33.37696335078534,82.32984293193716,78.20680628272252,74.54188481675392,17.77777777777778,57.25,Moderada
Computação (Licenciatura) | Darcy Ribeiro | Noturno | EP_R2_NPPI_PCD | EP=True | R=R2 | GE=NPPI | PCD=True | SM=1.5,193,Computação (Licenciatura),Darcy Ribeiro,Noturno,EP_R2_NPPI_PCD,1,1,18.874,18.874,18.874,18.874,18.874,18.874,18.874,18.874,0.0,0.0,0.0,100.0,0.0,0.0,18.874,18.874,18.874,18.874,0.0,0.0,0.0,100.0,0,0.0,18.874,18.874,,,,,18.874,18.874,18.874,18.874,18.874,18.874,0.0,0.0,0.0,0.0,2,2,0.0,0.0,0.0,0.0,0.0,33.37696335078534,82.32984293193716,78.20680628272252,74.54188481675392,17.77777777777778,57.25,Moderada
Computação (Licenciatura) | Darcy Ribeiro | Noturno | EP_R2_PPI | EP=True | R=R2 | GE=PPI | PCD=False | SM=1.5,194,Computação (Licenciatura),Darcy Ribeiro,Noturno,EP_R2_PPI,2,2,-51.231,-85.346,-44.126,-10.124,-68.288,-68.288,-85.346,-51.231,34.115,24.123,-35.325,100.0,0.0,0.0,-27.125,-27.125,-44.126,-10.124,34.002,24.043,-88.638,100.0,0,0.0,-85.346,-10.124,-119.461,23.878,-119.461,23.878,-73.974,-21.458,-99.561,4.043,-102.404,6.877,23.443,23.366,45.487,45.336,4,4,103.604,-31.273,31.168,-14.215,14.167,64.13612565445025,46.989528795811516,78.20680628272252,74.54188481675392,39.47712418300654,60.67,Alta
Comunicação Organizacional (Bacharelado) | Darcy Ribeiro | Noturno | AC | EP=False | R=NA | GE=NA | PCD=False | SM=NA,195,Comunicação Organizacional (Bacharelado),Darcy Ribeiro,Noturno,AC,6,6,-60.884,8.45,61.325,66.357,-36.423,-25.148,-98.302,8.45,106.752,37.605,-103.248,60.0,2.0,65.763,45.332,59.586,-18.384,66.357,84.741,32.275,71.196,60.0,4,58.327,8.45,66.357,-26.59,25.181,-24.502,32.526,-34.081,40.534,-19.181,41.15,-25.546,36.53,18.874,17.937,42.531,41.176,4,4,60.331,17.242,-4.182,-27.631,-25.207,82.72251308900523,5.104712041884818,8.246073298429323,17.212041884816752,95.29411764705881,41.72,Moderada
Comunicação Organizacional (Bacharelado) | Darcy Ribeiro | Noturno | CN | EP=False | R=NA | GE=NEGROS | PCD=False | SM=NA,196,Comunicação Organizacional (Bacharelado),Darcy Ribeiro,Noturno,CN,5,5,-41.513,-4.348,4.914,-4.348,-21.931,-9.15,-78.071,23.426,101.497,38.939,-177.55,50.0,3.0,64.232,-12.646,-4.348,-78.071,23.426,101.497,38.636,-305.527,50.0,3,77.998,-4.348,-4.348,19.364,2.424,11.849,4.498,-12.381,-9.286,3.621,-1.678,3.75,-0.962,14.55,6.324,31.745,13.784,4,4,-5.299,25.552,10.968,7.969,2.67,89.65968586387434,5.759162303664922,9.162303664921467,5.759162303664922,82.2875816993464,38.53,Baixa
Comunicação Organizacional (Bacharelado) | Darcy Ribeiro | Noturno | EP_R2_NPPI | EP=True | R=R2 | GE=NPPI | PCD=False | SM=1.5,197,Comunicação Organizacional (Bacharelado),Darcy Ribeiro,Noturno,EP_R2_NPPI,4,4,-24.715,-56.789,-24.715,-56.789,-41.926,-43.099,-56.789,-24.715,32.074,14.119,-33.678,66.667,2.0,20.226,-40.841,-40.929,-56.789,-24.715,32.074,13.512,-33.085,66.667,2,16.332,-56.789,-56.789,-62.854,-62.854,-61.916,-62.784,-46.111,-45.243,-56.918,-56.918,-59.352,-59.786,7.682,8.286,16.743,17.611,4,4,0.0,-14.992,-16.077,-0.129,-0.129,63.21989528795812,48.69109947643979,44.502617801047116,17.212041884816752,64.9673202614379,47.72,Moderada
Comunicação Organizacional (Bacharelado) | Darcy Ribeiro | Noturno | EP_R2_NPPIQ | EP=True | R=R2 | GE=NPPIQ | PCD=False | SM=1.0,198,Comunicação Organizacional (Bacharelado),Darcy Ribeiro,Noturno,EP_R2_NPPIQ,1,1,-83.245,-83.245,15.877,15.877,-83.245,-83.245,-83.245,-83.245,0.0,0.0,0.0,100.0,0.0,0.0,15.877,15.877,15.877,15.877,0.0,0.0,0.0,100.0,0,0.0,-83.245,15.877,,,,,-83.245,15.877,-83.245,15.877,-83.245,15.877,0.0,0.0,0.0,0.0,2,2,99.122,0.0,0.0,0.0,0.0,33.37696335078534,82.32984293193716,78.20680628272252,74.54188481675392,17.77777777777778,57.25,Moderada
Comunicação Organizacional (Bacharelado) | Darcy Ribeiro | Noturno | EP_R2_PPI | EP=True | R=R2 | GE=PPI | PCD=False | SM=1.5,199,Comunicação Organizacional (Bacharelado),Darcy Ribeiro,Noturno,EP_R2_PPI,2,2,-76.574,-46.61,-23.424,-14.593,-61.592,-61.592,-76.574,-46.61,29.964,21.188,-34.4,100.0,0.0,0.0,-19.008,-19.008,-23.424,-14.593,8.831,6.244,-32.851,100.0,0,0.0,-46.61,-14.593,-16.646,-5.762,-16.646,-5.762,-56.598,-17.537,-34.125,-10.913,-31.628,-10.178,20.591,6.069,39.952,11.775,4,4,23.212,27.467,8.095,12.485,3.68,63.61256544502618,50.523560209424076,78.20680628272252,74.54188481675392,39.47712418300654,61.27,Alta
Comunicação Organizacional (Bacharelado) | Darcy Ribeiro | Noturno | EP_R2_PPIQ | EP=True | R=R2 | GE=PPIQ | PCD=False | SM=1.0,200,Comunicação Organizacional (Bacharelado),Darcy Ribeiro,Noturno,EP_R2_PPIQ,1,1,-49.545,-49.545,-18.438,-18.438,-49.545,-49.545,-49.545,-49.545,0.0,0.0,0.0,100.0,0.0,0.0,-18.438,-18.438,-18.438,-18.438,0.0,0.0,0.0,100.0,0,0.0,-49.545,-18.438,,,,,-49.545,-18.438,-49.545,-18.438,-49.545,-18.438,0.0,0.0,0.0,0.0,2,2,31.107,0.0,0.0,0.0,0.0,33.37696335078534,82.32984293193716,78.20680628272252,74.54188481675392,17.77777777777778,57.25,Moderada
Comunicação Social - Publicidade e Propaganda (Bacharelado) | Darcy Ribeiro | Diurno | AC | EP=False | R=NA | GE=NA | PCD=False | SM=NA,201,Comunicação Social - Publicidade e Propaganda (Bacharelado),Darcy Ribeiro,Diurno,AC,6,5,42.875,56.963,95.093,86.414,58.324,59.724,40.414,77.921,37.507,14.716,25.232,60.0,4.0,25.4,85.924,86.414,48.42,120.186,71.766,26.009,30.27,50.0,2,39.478,56.963,86.414,54.796,64.672,49.225,64.766,57.484,79.983,54.617,73.959,55.879,72.374,3.778,10.988,8.258,21.742,4,4,19.342,-3.707,-11.965,-2.346,-12.455,13.35078534031413,44.24083769633508,38.61256544502618,1.505235602094246,95.29411764705881,38.6,Baixa
Comunicação Social - Publicidade e Propaganda (Bacharelado) | Darcy Ribeiro | Diurno | CN | EP=False | R=NA | GE=NEGROS | PCD=False | SM=NA,202,Comunicação Social - Publicidade e Propaganda (Bacharelado),Darcy Ribeiro,Diurno,CN,6,6,39.163,44.425,52.808,44.425,33.941,41.794,-45.956,66.561,112.517,41.214,121.428,60.0,3.0,73.592,36.215,48.616,-45.956,66.561,112.517,41.93,115.78,60.0,3,74.066,44.425,44.425,12.413,7.865,8.835,6.886,28.816,29.465,23.622,22.16,20.614,18.665,16.371,18.136,35.59,37.539,4,4,-1.462,-10.319,-14.055,-20.803,-22.265,7.329842931937169,4.188481675392675,5.235602094240843,5.759162303664922,95.29411764705881,23.56,Baixa
Comunicação Social - Publicidade e Propaganda (Bacharelado) | Darcy Ribeiro | Diurno | EP_R1_NPPI | EP=True | R=R1 | GE=NPPI | PCD=False | SM=1.5,203,Comunicação Social - Publicidade e Propaganda (Bacharelado),Darcy Ribeiro,Diurno,EP_R1_NPPI,4,4,-49.871,28.907,2.367,28.907,-10.932,-11.382,-49.871,28.907,78.778,34.597,-316.467,66.667,2.0,49.779,2.127,3.295,-26.988,28.907,55.895,22.871,1075.163,66.667,2,43.972,28.907,28.907,40.348,14.23,40.709,25.037,-0.676,4.548,27.322,18.18,34.628,19.633,19.453,11.008,41.385,24.359,4,4,-9.142,38.254,16.053,-1.585,-10.727,95.15706806282722,14.397905759162299,17.67015706806283,17.212041884816752,64.9673202614379,41.88,Moderada
Comunicação Social - Publicidade e Propaganda (Bacharelado) | Darcy Ribeiro | Diurno | EP_R1_NPPIQ | EP=True | R=R1 | GE=NPPIQ | PCD=False | SM=1.0,204,Comunicação Social - Publicidade e Propaganda (Bacharelado),Darcy Ribeiro,Diurno,EP_R1_NPPIQ,1,1,-29.329,-29.329,-29.329,-29.329,-29.329,-29.329,-29.329,-29.329,0.0,0.0,0.0,100.0,0.0,0.0,-29.329,-29.329,-29.329,-29.329,0.0,0.0,0.0,100.0,0,0.0,-29.329,-29.329,,,,,-29.329,-29.329,-29.329,-29.329,-29.329,-29.329,0.0,0.0,0.0,0.0,2,2,0.0,0.0,0.0,0.0,0.0,33.37696335078534,82.32984293193716,78.20680628272252,74.54188481675392,17.77777777777778,57.25,Moderada
Comunicação Social - Publicidade e Propaganda (Bacharelado) | Darcy Ribeiro | Diurno | EP_R1_PPI | EP=True | R=R1 | GE=PPI | PCD=False | SM=1.5,205,Comunicação Social - Publicidade e Propaganda (Bacharelado),Darcy Ribeiro,Diurno,EP_R1_PPI,4,4,-43.64,-11.438,29.027,-1.404,-16.369,-11.472,-43.64,1.108,44.748,19.124,-116.829,66.667,2.0,30.132,13.048,12.285,-1.404,29.027,30.431,16.21,124.231,100.0,0,13.312,-11.438,-1.404,4.629,-16.128,-4.307,-15.518,-12.169,7.213,-5.821,-6.459,-7.872,-8.461,7.818,11.373,16.799,23.341,4,4,-0.638,10.548,-19.507,5.617,-5.055,85.07853403141361,37.95811518324608,33.37696335078534,17.212041884816752,64.9673202614379,47.72,Moderada
Comunicação Social - Publicidade e Propaganda (Bacharelado) | Darcy Ribeiro | Diurno | EP_R2_NPPI | EP=True | R=R2 | GE=NPPI | PCD=False | SM=1.5,206,Comunicação Social - Publicidade e Propaganda (Bacharelado),Darcy Ribeiro,Diurno,EP_R2_NPPI,5,5,-27.135,-39.668,-14.554,-12.554,16.704,22.817,-39.668,73.446,113.114,49.376,295.597,50.0,1.0,66.825,26.389,31.547,-14.554,73.446,88.0,39.369,149.186,50.0,1,54.108,-39.668,-12.554,-0.189,20.835,-35.926,-7.836,12.95,25.155,-15.708,6.4,-18.057,6.499,26.109,19.339,52.618,37.709,4,4,22.108,-32.412,-19.989,23.96,18.954,3.5340314136125706,4.057591623036649,7.7225130890052345,37.56544502617801,82.2875816993464,27.03,Baixa
Comunicação Social - Publicidade e Propaganda (Bacharelado) | Darcy Ribeiro | Diurno | EP_R2_NPPIQ | EP=True | R=R2 | GE=NPPIQ | PCD=False | SM=1.0,207,Comunicação Social - Publicidade e Propaganda (Bacharelado),Darcy Ribeiro,Diurno,EP_R2_NPPIQ,1,1,50.59,50.59,50.59,50.59,50.59,50.59,50.59,50.59,0.0,0.0,0.0,100.0,0.0,0.0,50.59,50.59,50.59,50.59,0.0,0.0,0.0,100.0,0,0.0,50.59,50.59,,,,,50.59,50.59,50.59,50.59,50.59,50.59,0.0,0.0,0.0,0.0,2,2,0.0,0.0,0.0,0.0,0.0,33.37696335078534,82.32984293193716,78.20680628272252,74.54188481675392,17.77777777777778,57.25,Moderada
Comunicação Social - Publicidade e Propaganda (Bacharelado) | Darcy Ribeiro | Diurno | EP_R2_PPI | EP=True | R=R2 | GE=PPI | PCD=False | SM=1.5,208,Comunicação Social - Publicidade e Propaganda (Bacharelado),Darcy Ribeiro,Diurno,EP_R2_PPI,4,4,-26.233,-74.578,8.751,-74.578,-20.72,-11.628,-74.578,14.955,89.533,39.855,-192.351,66.667,1.0,59.479,8.109,25.36,-74.578,56.294,130.872,58.611,722.813,66.667,1,82.867,-74.578,-74.578,-59.973,-57.97,-83.722,-90.787,-28.571,-5.107,-61.711,-57.11,-67.276,-66.274,24.162,37.168,55.151,85.68,4,4,4.601,-40.991,-65.219,12.867,17.468,90.57591623036649,10.143979057591624,11.64921465968587,37.56544502617801,64.9673202614379,42.98,Moderada
Comunicação Social - Publicidade e Propaganda (Bacharelado) | Darcy Ribeiro | Diurno | EP_R2_PPIQ | EP=True | R=R2 | GE=PPIQ | PCD=False | SM=1.0,209,Comunicação Social - Publicidade e Propaganda (Bacharelado),Darcy Ribeiro,Diurno,EP_R2_PPIQ,1,1,-41.458,-41.458,-16.426,-16.426,-41.458,-41.458,-41.458,-41.458,0.0,0.0,0.0,100.0,0.0,0.0,-16.426,-16.426,-16.426,-16.426,0.0,0.0,0.0,100.0,0,0.0,-41.458,-16.426,,,,,-41.458,-16.426,-41.458,-16.426,-41.458,-16.426,0.0,0.0,0.0,0.0,2,2,25.032,0.0,0.0,0.0,0.0,33.37696335078534,82.32984293193716,78.20680628272252,74.54188481675392,17.77777777777778,57.25,Moderada
Comunicação Social – Audiovisual (Bacharelado) | Darcy Ribeiro | Diurno | AC | EP=False | R=NA | GE=NA | PCD=False | SM=NA,210,Comunicação Social – Audiovisual (Bacharelado),Darcy Ribeiro,Diurno,AC,6,5,47.993,69.433,110.494,134.182,62.082,64.294,39.969,86.509,46.54,16.42,26.448,60.0,2.0,25.584,116.203,110.494,57.784,175.444,117.66,43.155,37.138,50.0,2,75.722,69.433,134.182,63.217,102.24,58.651,102.349,62.352,111.517,63.413,112.572,62.785,106.933,4.475,15.048,10.782,31.942,4,4,49.159,1.331,-3.631,-6.02,-21.61,13.219895287958117,36.25654450261781,38.21989528795812,17.212041884816752,95.29411764705881,40.04,Moderada
Comunicação Social – Audiovisual (Bacharelado) | Darcy Ribeiro | Diurno | CN | EP=False | R=NA | GE=NEGROS | PCD=False | SM=NA,211,Comunicação Social – Audiovisual (Bacharelado),Darcy Ribeiro,Diurno,CN,6,6,-49.161,-55.674,-49.161,-55.674,-8.319,1.484,-55.674,48.632,104.306,38.686,-465.019,60.0,3.0,61.688,-8.319,1.484,-55.674,48.632,104.306,38.686,-465.019,60.0,3,61.688,-55.674,-55.674,-25.215,-25.215,-47.733,-47.733,-12.342,-12.342,-35.241,-35.241,-36.474,-36.474,19.987,19.987,43.332,43.332,4,4,0.0,-26.922,-26.922,20.433,20.433,96.46596858638743,5.366492146596857,10.471204188481675,5.759162303664922,95.29411764705881,42.67,Moderada
Comunicação Social – Audiovisual (Bacharelado) | Darcy Ribeiro | Diurno | EP_R1_NPPI | EP=True | R=R1 | GE=NPPI | PCD=False | SM=1.5,212,Comunicação Social – Audiovisual (Bacharelado),Darcy Ribeiro,Diurno,EP_R1_NPPI,2,2,7.659,-34.127,7.659,-10.753,-13.234,-13.234,-34.127,7.659,41.786,29.547,-223.267,100.0,0.0,0.0,-1.547,-1.547,-10.753,7.659,18.412,13.019,-841.58,100.0,0,0.0,-34.127,-10.753,-75.913,-29.165,-75.913,-29.165,-20.198,-4.616,-51.538,-18.425,-55.02,-19.959,28.715,12.652,55.715,24.549,4,4,33.113,-38.304,-16.878,-17.411,-7.672,92.5392670157068,41.62303664921466,78.20680628272252,74.54188481675392,39.47712418300654,65.28,Alta
Comunicação Social – Audiovisual (Bacharelado) | Darcy Ribeiro | Diurno | EP_R1_PPI | EP=True | R=R1 | GE=PPI | PCD=False | SM=1.5,213,Comunicação Social – Audiovisual (Bacharelado),Darcy Ribeiro,Diurno,EP_R1_PPI,3,3,-40.091,-17.004,9.785,-14.344,-31.153,-36.365,-40.091,-17.004,23.087,12.394,-39.785,100.0,0.0,11.056,-13.641,-14.344,-36.365,9.785,46.15,23.083,-169.214,50.0,1,48.204,-17.004,-14.344,-8.066,-37.77,-5.461,-26.408,-27.306,-17.663,-14.459,-24.046,-12.535,-22.036,9.889,10.469,21.845,23.426,4,4,-9.587,16.694,-10.405,2.545,-9.702,65.83769633507853,55.497382198952884,52.22513089005236,74.54188481675392,49.73856209150327,59.57,Moderada
Comunicação Social – Audiovisual (Bacharelado) | Darcy Ribeiro | Diurno | EP_R2_NPPI | EP=True | R=R2 | GE=NPPI | PCD=False | SM=1.5,214,Comunicação Social – Audiovisual (Bacharelado),Darcy Ribeiro,Diurno,EP_R2_NPPI,5,5,-30.985,-42.029,9.153,-0.538,-18.187,-15.585,-42.029,5.234,47.263,18.71,-102.878,50.0,1.0,24.593,26.977,9.153,-0.538,74.452,74.99,31.675,117.415,50.0,3,65.054,-42.029,-0.538,-27.218,30.184,-40.552,18.537,-20.194,27.69,-32.498,18.968,-33.885,23.113,10.567,13.935,21.835,30.722,4,4,51.466,-14.311,-8.009,9.531,19.506,82.4607329842932,35.6020942408377,39.3979057591623,37.56544502617801,82.2875816993464,55.46,Moderada
Comunicação Social – Audiovisual (Bacharelado) | Darcy Ribeiro | Diurno | EP_R2_NPPIQ | EP=True | R=R2 | GE=NPPIQ | PCD=False | SM=1.0,215,Comunicação Social – Audiovisual (Bacharelado),Darcy Ribeiro,Diurno,EP_R2_NPPIQ,1,1,41.977,41.977,41.977,41.977,41.977,41.977,41.977,41.977,0.0,0.0,0.0,100.0,0.0,0.0,41.977,41.977,41.977,41.977,0.0,0.0,0.0,100.0,0,0.0,41.977,41.977,,,,,41.977,41.977,41.977,41.977,41.977,41.977,0.0,0.0,0.0,0.0,2,2,0.0,0.0,0.0,0.0,0.0,33.37696335078534,82.32984293193716,78.20680628272252,74.54188481675392,17.77777777777778,57.25,Moderada
Comunicação Social – Audiovisual (Bacharelado) | Darcy Ribeiro | Diurno | EP_R2_PPI | EP=True | R=R2 | GE=PPI | PCD=False | SM=1.5,216,Comunicação Social – Audiovisual (Bacharelado),Darcy Ribeiro,Diurno,EP_R2_PPI,3,3,-27.235,-63.885,13.364,-63.885,-39.839,-28.396,-63.885,-27.235,36.65,20.833,-52.293,100.0,0.0,24.274,-5.726,13.364,-63.885,33.343,97.228,51.348,-896.756,50.0,1,82.878,-63.885,-63.885,-76.489,-82.975,-82.21,-102.509,-45.947,-18.601,-67.133,-66.993,-70.187,-73.43,16.065,35.909,36.263,83.909,4,4,0.14,-27.294,-61.267,-3.248,-3.108,71.07329842931938,45.15706806282722,40.052356020942405,74.54188481675392,49.73856209150327,56.11,Moderada
Comunicação Social – Audiovisual (Bacharelado) | Darcy Ribeiro | Diurno | EP_R2_PPIQ | EP=True | R=R2 | GE=PPIQ | PCD=False | SM=1.0,217,Comunicação Social – Audiovisual (Bacharelado),Darcy Ribeiro,Diurno,EP_R2_PPIQ,1,1,-32.295,-32.295,26.778,26.778,-32.295,-32.295,-32.295,-32.295,0.0,0.0,0.0,100.0,0.0,0.0,26.778,26.778,26.778,26.778,0.0,0.0,0.0,100.0,0,0.0,-32.295,26.778,,,,,-32.295,26.778,-32.295,26.778,-32.295,26.778,0.0,0.0,0.0,0.0,2,2,59.073,0.0,0.0,0.0,0.0,33.37696335078534,82.32984293193716,78.20680628272252,74.54188481675392,17.77777777777778,57.25,Moderada
Comunicação Social – Audiovisual (Bacharelado) | Darcy Ribeiro | Diurno | EP_R2_PPI_PCD | EP=True | R=R2 | GE=PPI | PCD=True | SM=1.5,218,Comunicação Social – Audiovisual (Bacharelado),Darcy Ribeiro,Diurno,EP_R2_PPI_PCD,1,1,-6.39,-6.39,-6.39,-6.39,-6.39,-6.39,-6.39,-6.39,0.0,0.0,0.0,100.0,0.0,0.0,-6.39,-6.39,-6.39,-6.39,0.0,0.0,0.0,100.0,0,0.0,-6.39,-6.39,,,,,-6.39,-6.39,-6.39,-6.39,-6.39,-6.39,0.0,0.0,0.0,0.0,2,2,0.0,0.0,0.0,0.0,0.0,33.37696335078534,82.32984293193716,78.20680628272252,74.54188481675392,17.77777777777778,57.25,Moderada
Design – Programação Visual/Projeto do Produto (Bacharelado) | Darcy Ribeiro | Diurno | AC | EP=False | R=NA | GE=NA | PCD=False | SM=NA,219,Design – Programação Visual/Projeto do Produto (Bacharelado),Darcy Ribeiro,Diurno,AC,6,6,79.753,87.407,125.943,110.73,75.548,78.81,54.836,87.407,32.571,11.231,14.866,60.0,2.0,18.714,103.319,107.888,69.182,125.943,56.761,18.97,18.361,60.0,3,31.72,87.407,110.73,71.016,86.944,74.77,92.765,74.469,99.42,76.916,97.465,74.62,96.092,7.199,10.207,16.391,23.786,4,4,20.549,1.368,-5.854,-10.491,-13.265,14.790575916230363,47.90575916230366,46.33507853403142,17.212041884816752,95.29411764705881,44.31,Moderada
Design – Programação Visual/Projeto do Produto (Bacharelado) | Darcy Ribeiro | Diurno | CN | EP=False | R=NA | GE=NEGROS | PCD=False | SM=NA,220,Design – Programação Visual/Projeto do Produto (Bacharelado),Darcy Ribeiro,Diurno,CN,6,6,6.632,3.136,32.212,3.136,8.046,15.33,-82.226,61.424,143.65,49.034,609.43,80.0,2.0,85.194,12.309,28.12,-82.226,61.424,143.65,49.989,406.111,60.0,3,84.602,3.136,3.136,-22.964,-31.491,-33.622,-37.277,0.663,1.881,-13.197,-15.938,-11.151,-14.805,17.995,21.436,36.758,40.413,4,4,-2.741,-21.243,-28.247,-16.333,-19.074,1.832460732984298,1.0471204188481686,3.4031413612565453,17.212041884816752,95.29411764705881,23.76,Baixa
Design – Programação Visual/Projeto do Produto (Bacharelado) | Darcy Ribeiro | Diurno | EP_R1_NPPI | EP=True | R=R1 | GE=NPPI | PCD=False | SM=1.5,221,Design – Programação Visual/Projeto do Produto (Bacharelado),Darcy Ribeiro,Diurno,EP_R1_NPPI,5,5,-13.605,-63.935,-0.286,-63.935,-17.612,-13.605,-63.935,38.427,102.362,39.651,-225.141,75.0,2.0,65.488,-14.948,-3.349,-63.935,38.427,102.362,40.427,-270.456,75.0,2,67.122,-63.935,-63.935,-35.136,-40.463,-53.434,-56.098,-21.506,-20.618,-43.503,-45.279,-44.285,-48.281,18.886,19.118,42.429,43.317,4,4,-1.776,-25.891,-30.331,20.432,18.656,92.80104712041884,5.628272251308896,8.638743455497377,17.212041884816752,82.2875816993464,41.31,Moderada
Design – Programação Visual/Projeto do Produto (Bacharelado) | Darcy Ribeiro | Diurno | EP_R1_NPPIQ | EP=True | R=R1 | GE=NPPIQ | PCD=False | SM=1.0,222,Design – Programação Visual/Projeto do Produto (Bacharelado),Darcy Ribeiro,Diurno,EP_R1_NPPIQ,1,1,-55.242,-55.242,-7.149,-7.149,-55.242,-55.242,-55.242,-55.242,0.0,0.0,0.0,100.0,0.0,0.0,-7.149,-7.149,-7.149,-7.149,0.0,0.0,0.0,100.0,0,0.0,-55.242,-7.149,,,,,-55.242,-7.149,-55.242,-7.149,-55.242,-7.149,0.0,0.0,0.0,0.0,2,2,48.093,0.0,0.0,0.0,0.0,33.37696335078534,82.32984293193716,78.20680628272252,74.54188481675392,17.77777777777778,57.25,Moderada
Design – Programação Visual/Projeto do Produto (Bacharelado) | Darcy Ribeiro | Diurno | EP_R1_PPI | EP=True | R=R1 | GE=PPI | PCD=False | SM=1.5,223,Design – Programação Visual/Projeto do Produto (Bacharelado),Darcy Ribeiro,Diurno,EP_R1_PPI,4,4,-36.333,-10.378,-11.018,1.203,-25.661,-27.966,-36.333,-10.378,25.955,11.247,-43.831,100.0,0.0,4.958,-8.35,-11.221,-12.16,1.203,13.363,6.386,-76.482,66.667,1,8.046,-10.378,1.203,-4.558,0.632,-2.714,3.386,-21.44,-6.553,-9.772,-0.333,-7.468,0.918,8.436,4.313,18.726,9.939,4,4,9.439,15.889,8.017,0.606,-1.536,68.32460732984293,53.66492146596858,55.497382198952884,74.54188481675392,64.9673202614379,63.4,Alta
Design – Programação Visual/Projeto do Produto (Bacharelado) | Darcy Ribeiro | Diurno | EP_R2_NPPI | EP=True | R=R2 | GE=NPPI | PCD=False | SM=1.5,224,Design – Programação Visual/Projeto do Produto (Bacharelado),Darcy Ribeiro,Diurno,EP_R2_NPPI,1,1,26.07,26.07,26.07,26.07,26.07,26.07,26.07,26.07,0.0,0.0,0.0,100.0,0.0,0.0,26.07,26.07,26.07,26.07,0.0,0.0,0.0,100.0,0,0.0,26.07,26.07,,,,,26.07,26.07,26.07,26.07,26.07,26.07,0.0,0.0,0.0,0.0,2,2,0.0,0.0,0.0,0.0,0.0,33.37696335078534,82.32984293193716,78.20680628272252,74.54188481675392,17.77777777777778,57.25,Moderada
Design – Programação Visual/Projeto do Produto (Bacharelado) | Darcy Ribeiro | Diurno | EP_R2_PPI | EP=True | R=R2 | GE=PPI | PCD=False | SM=1.5,225,Design – Programação Visual/Projeto do Produto (Bacharelado),Darcy Ribeiro,Diurno,EP_R2_PPI,5,5,-22.489,-61.294,9.31,-29.644,-16.512,-22.489,-61.294,47.464,108.758,40.095,-242.815,75.0,1.0,55.858,3.87,9.31,-29.644,47.464,77.108,31.708,819.293,75.0,1,35.334,-61.294,-29.644,-64.037,-41.086,-79.625,-50.791,-27.073,-6.12,-58.007,-31.91,-62.665,-35.365,22.146,19.244,52.552,44.671,4,4,26.097,-41.495,-35.78,3.287,-2.266,93.32460732984293,4.581151832460728,13.481675392670155,37.56544502617801,82.2875816993464,46.25,Moderada
Design – Programação Visual/Projeto do Produto (Bacharelado) | Darcy Ribeiro | Diurno | EP_R2_PPIQ | EP=True | R=R2 | GE=PPIQ | PCD=False | SM=1.0,226,Design – Programação Visual/Projeto do Produto (Bacharelado),Darcy Ribeiro,Diurno,EP_R2_PPIQ,1,1,-44.318,-44.318,-44.259,-44.259,-44.318,-44.318,-44.318,-44.318,0.0,0.0,0.0,100.0,0.0,0.0,-44.259,-44.259,-44.259,-44.259,0.0,0.0,0.0,100.0,0,0.0,-44.318,-44.259,,,,,-44.318,-44.259,-44.318,-44.259,-44.318,-44.259,0.0,0.0,0.0,0.0,2,2,0.059,0.0,0.0,0.0,0.0,33.37696335078534,82.32984293193716,78.20680628272252,74.54188481675392,17.77777777777778,57.25,Moderada
Direito (Bacharelado) | Darcy Ribeiro | Diurno | AC | EP=False | R=NA | GE=NA | PCD=False | SM=NA,227,Direito (Bacharelado),Darcy Ribeiro,Diurno,AC,5,5,101.827,137.491,146.068,172.039,119.53,120.424,101.827,137.491,35.664,14.809,12.389,50.0,2.0,22.976,157.236,172.039,117.929,176.907,58.978,25.159,16.001,50.0,2,47.55,137.491,172.039,134.046,158.13,133.87,155.89,122.826,156.767,132.058,160.707,133.958,157.449,6.377,7.611,14.665,16.149,4,4,28.649,12.528,3.471,-5.433,-11.332,15.052356020942403,46.33507853403142,41.49214659685864,17.212041884816752,82.2875816993464,40.48,Moderada
Direito (Bacharelado) | Darcy Ribeiro | Diurno | CN | EP=False | R=NA | GE=NEGROS | PCD=False | SM=NA,229,Direito (Bacharelado),Darcy Ribeiro,Diurno,CN,6,6,67.814,85.357,109.896,112.75,74.683,71.432,50.939,101.124,50.185,17.002,22.765,60.0,2.0,28.768,103.064,104.022,81.379,130.856,49.477,18.552,18.0,60.0,3,32.697,85.357,112.75,74.229,94.91,72.479,97.534,74.575,101.123,76.66,101.579,74.402,99.328,5.87,7.871,12.878,17.84,4,4,24.919,1.977,-1.485,-8.697,-11.171,13.874345549738221,33.37696335078534,35.47120418848168,17.212041884816752,95.29411764705881,39.05,Baixa
Direito (Bacharelado) | Darcy Ribeiro | Diurno | EP_R1_NPPI | EP=True | R=R1 | GE=NPPI | PCD=False | SM=1.5,231,Direito (Bacharelado),Darcy Ribeiro,Diurno,EP_R1_NPPI,5,5,35.037,1.715,69.129,12.53,27.642,28.509,1.715,44.672,42.957,15.954,57.714,75.0,2.0,18.403,49.455,55.688,12.53,69.129,56.599,21.521,43.516,50.0,2,21.076,1.715,12.53,7.718,16.165,0.455,10.366,23.215,42.057,8.276,20.279,4.717,14.347,10.451,14.714,22.759,31.691,4,4,12.003,-19.366,-29.176,6.561,7.749,10.34031413612565,39.65968586387435,46.858638743455494,17.212041884816752,82.2875816993464,39.27,Baixa
Direito (Bacharelado) | Darcy Ribeiro | Diurno | EP_R1_NPPIQ | EP=True | R=R1 | GE=NPPIQ | PCD=False | SM=1.0,233,Direito (Bacharelado),Darcy Ribeiro,Diurno,EP_R1_NPPIQ,1,1,14.584,14.584,66.246,66.246,14.584,14.584,14.584,14.584,0.0,0.0,0.0,100.0,0.0,0.0,66.246,66.246,66.246,66.246,0.0,0.0,0.0,100.0,0,0.0,14.584,66.246,,,,,14.584,66.246,14.584,66.246,14.584,66.246,0.0,0.0,0.0,0.0,2,2,51.662,0.0,0.0,0.0,0.0,33.37696335078534,82.32984293193716,78.20680628272252,74.54188481675392,17.77777777777778,57.25,Moderada
Direito (Bacharelado) | Darcy Ribeiro | Diurno | EP_R1_NPPI_PCD | EP=True | R=R1 | GE=NPPI | PCD=True | SM=1.5,235,Direito (Bacharelado),Darcy Ribeiro,Diurno,EP_R1_NPPI_PCD,1,1,-22.954,-22.954,-22.954,-22.954,-22.954,-22.954,-22.954,-22.954,0.0,0.0,0.0,100.0,0.0,0.0,-22.954,-22.954,-22.954,-22.954,0.0,0.0,0.0,100.0,0,0.0,-22.954,-22.954,,,,,-22.954,-22.954,-22.954,-22.954,-22.954,-22.954,0.0,0.0,0.0,0.0,2,2,0.0,0.0,0.0,0.0,0.0,33.37696335078534,82.32984293193716,78.20680628272252,74.54188481675392,17.77777777777778,57.25,Moderada
Direito (Bacharelado) | Darcy Ribeiro | Diurno | EP_R1_PPI | EP=True | R=R1 | GE=PPI | PCD=False | SM=1.5,236,Direito (Bacharelado),Darcy Ribeiro,Diurno,EP_R1_PPI,5,5,-16.819,-25.544,65.641,-13.238,-3.18,1.027,-25.544,19.392,44.936,18.017,-566.572,75.0,1.0,28.994,48.397,65.641,-13.238,69.167,82.405,34.963,72.242,50.0,2,43.006,-25.544,-13.238,-2.906,5.691,-14.629,-9.452,-3.119,38.907,-11.549,5.477,-8.874,-1.881,10.819,23.74,22.638,52.145,4,4,17.026,-8.369,-42.92,13.995,18.715,97.12041884816755,37.43455497382199,35.20942408376963,37.56544502617801,82.2875816993464,57.92,Moderada
Direito (Bacharelado) | Darcy Ribeiro | Diurno | EP_R1_PPIQ | EP=True | R=R1 | GE=PPIQ | PCD=False | SM=1.0,238,Direito (Bacharelado),Darcy Ribeiro,Diurno,EP_R1_PPIQ,1,1,-87.773,-87.773,5.701,5.701,-87.773,-87.773,-87.773,-87.773,0.0,0.0,0.0,100.0,0.0,0.0,5.701,5.701,5.701,5.701,0.0,0.0,0.0,100.0,0,0.0,-87.773,5.701,,,,,-87.773,5.701,-87.773,5.701,-87.773,5.701,0.0,0.0,0.0,0.0,2,2,93.474,0.0,0.0,0.0,0.0,33.37696335078534,82.32984293193716,78.20680628272252,74.54188481675392,17.77777777777778,57.25,Moderada
Direito (Bacharelado) | Darcy Ribeiro | Diurno | EP_R1_PPI_PCD | EP=True | R=R1 | GE=PPI | PCD=True | SM=1.5,240,Direito (Bacharelado),Darcy Ribeiro,Diurno,EP_R1_PPI_PCD,1,1,-15.077,-15.077,-15.077,-15.077,-15.077,-15.077,-15.077,-15.077,0.0,0.0,0.0,100.0,0.0,0.0,-15.077,-15.077,-15.077,-15.077,0.0,0.0,0.0,100.0,0,0.0,-15.077,-15.077,,,,,-15.077,-15.077,-15.077,-15.077,-15.077,-15.077,0.0,0.0,0.0,0.0,2,2,0.0,0.0,0.0,0.0,0.0,33.37696335078534,82.32984293193716,78.20680628272252,74.54188481675392,17.77777777777778,57.25,Moderada
Direito (Bacharelado) | Darcy Ribeiro | Diurno | EP_R2_NPPI | EP=True | R=R2 | GE=NPPI | PCD=False | SM=1.5,241,Direito (Bacharelado),Darcy Ribeiro,Diurno,EP_R2_NPPI,4,4,26.201,87.931,124.283,94.48,77.338,91.276,26.201,100.598,74.397,34.482,44.586,66.667,1.0,42.47,116.418,118.746,94.48,133.701,39.221,16.854,14.477,66.667,2,29.872,87.931,94.48,123.45,103.117,110.965,97.698,86.896,112.973,102.311,102.067,99.448,100.407,17.946,8.097,36.554,18.493,4,4,-0.244,24.973,-14.351,14.38,7.587,11.125654450261779,17.67015706806283,22.5130890052356,37.56544502617801,64.9673202614379,30.77,Baixa
Direito (Bacharelado) | Darcy Ribeiro | Diurno | EP_R2_NPPIQ | EP=True | R=R2 | GE=NPPIQ | PCD=False | SM=1.0,243,Direito (Bacharelado),Darcy Ribeiro,Diurno,EP_R2_NPPIQ,1,1,123.845,123.845,123.845,123.845,123.845,123.845,123.845,123.845,0.0,0.0,0.0,100.0,0.0,0.0,123.845,123.845,123.845,123.845,0.0,0.0,0.0,100.0,0,0.0,123.845,123.845,,,,,123.845,123.845,123.845,123.845,123.845,123.845,0.0,0.0,0.0,0.0,2,2,0.0,0.0,0.0,0.0,0.0,33.37696335078534,82.32984293193716,78.20680628272252,74.54188481675392,17.77777777777778,57.25,Moderada
Direito (Bacharelado) | Darcy Ribeiro | Diurno | EP_R2_NPPIQ_PCD | EP=True | R=R2 | GE=NPPIQ | PCD=True | SM=1.0,245,Direito (Bacharelado),Darcy Ribeiro,Diurno,EP_R2_NPPIQ_PCD,1,1,27.527,27.527,27.527,27.527,27.527,27.527,27.527,27.527,0.0,0.0,0.0,100.0,0.0,0.0,27.527,27.527,27.527,27.527,0.0,0.0,0.0,100.0,0,0.0,27.527,27.527,,,,,27.527,27.527,27.527,27.527,27.527,27.527,0.0,0.0,0.0,0.0,2,2,0.0,0.0,0.0,0.0,0.0,33.37696335078534,82.32984293193716,78.20680628272252,74.54188481675392,17.77777777777778,57.25,Moderada
Direito (Bacharelado) | Darcy Ribeiro | Diurno | EP_R2_PPI | EP=True | R=R2 | GE=PPI | PCD=False | SM=1.5,246,Direito (Bacharelado),Darcy Ribeiro,Diurno,EP_R2_PPI,5,5,16.331,19.197,49.195,45.871,32.075,31.732,16.331,48.707,32.376,14.513,45.248,75.0,1.0,21.466,66.878,52.731,45.871,114.506,68.635,28.503,42.619,75.0,1,47.939,19.197,45.871,28.702,83.416,18.882,71.288,31.325,70.554,24.527,67.782,23.949,70.921,6.427,15.753,12.443,37.545,4,4,43.255,-7.548,0.904,5.33,21.911,10.994764397905755,48.29842931937173,43.062827225130896,37.56544502617801,82.2875816993464,44.44,Moderada
Direito (Bacharelado) | Darcy Ribeiro | Diurno | EP_R2_PPIQ | EP=True | R=R2 | GE=PPIQ | PCD=False | SM=1.0,248,Direito (Bacharelado),Darcy Ribeiro,Diurno,EP_R2_PPIQ,1,1,61.18,61.18,81.56,81.56,61.18,61.18,61.18,61.18,0.0,0.0,0.0,100.0,0.0,0.0,81.56,81.56,81.56,81.56,0.0,0.0,0.0,100.0,0,0.0,61.18,81.56,,,,,61.18,81.56,61.18,81.56,61.18,81.56,0.0,0.0,0.0,0.0,2,2,20.38,0.0,0.0,0.0,0.0,33.37696335078534,82.32984293193716,78.20680628272252,74.54188481675392,17.77777777777778,57.25,Moderada
Direito (Bacharelado) | Darcy Ribeiro | Noturno | AC | EP=False | R=NA | GE=NA | PCD=False | SM=NA,228,Direito (Bacharelado),Darcy Ribeiro,Noturno,AC,6,5,56.835,104.746,124.602,126.174,83.782,81.78,56.835,104.746,47.911,17.854,21.31,80.0,2.0,20.845,118.62,126.174,82.163,131.453,49.29,20.545,17.32,75.0,2,38.255,104.746,126.174,108.938,107.943,105.228,109.048,89.771,115.727,102.171,114.723,104.987,112.387,8.476,8.373,19.167,18.231,4,4,12.552,18.389,-3.897,-2.575,-11.451,14.136125654450261,35.07853403141361,43.45549738219895,17.212041884816752,95.29411764705881,41.04,Moderada
Direito (Bacharelado) | Darcy Ribeiro | Noturno | CN | EP=False | R=NA | GE=NEGROS | PCD=False | SM=NA,230,Direito (Bacharelado),Darcy Ribeiro,Noturno,CN,6,6,54.94,80.945,84.963,89.34,53.291,53.922,30.06,80.945,50.885,19.283,36.185,60.0,3.0,36.177,79.724,87.152,30.572,97.6,67.028,24.546,30.789,60.0,3,44.798,80.945,89.34,62.713,66.339,70.061,66.371,55.534,76.537,67.313,74.647,66.387,71.454,10.852,10.908,25.411,23.001,4,4,7.334,14.022,-5.077,-13.632,-14.693,12.041884816753923,32.72251308900523,28.141361256544506,5.759162303664922,95.29411764705881,34.79,Baixa
Direito (Bacharelado) | Darcy Ribeiro | Noturno | EP_R1_NPPI | EP=True | R=R1 | GE=NPPI | PCD=False | SM=1.5,232,Direito (Bacharelado),Darcy Ribeiro,Noturno,EP_R1_NPPI,5,5,-30.887,-23.726,1.416,-20.32,1.598,12.304,-30.887,26.665,57.552,27.042,1692.457,75.0,1.0,38.856,33.788,37.517,-20.32,96.173,116.493,45.542,134.787,75.0,1,74.829,-23.726,-20.32,10.203,38.343,-9.343,10.363,3.51,34.8,-4.839,15.797,-2.917,22.581,14.977,27.101,33.929,58.663,4,4,20.636,-6.437,-17.991,18.887,36.117,0.654450261780104,27.879581151832454,24.869109947643974,37.56544502617801,82.2875816993464,34.65,Baixa
Direito (Bacharelado) | Darcy Ribeiro | Noturno | EP_R1_NPPIQ | EP=True | R=R1 | GE=NPPIQ | PCD=False | SM=1.0,234,Direito (Bacharelado),Darcy Ribeiro,Noturno,EP_R1_NPPIQ,1,1,-26.945,-26.945,36.277,36.277,-26.945,-26.945,-26.945,-26.945,0.0,0.0,0.0,100.0,0.0,0.0,36.277,36.277,36.277,36.277,0.0,0.0,0.0,100.0,0,0.0,-26.945,36.277,,,,,-26.945,36.277,-26.945,36.277,-26.945,36.277,0.0,0.0,0.0,0.0,2,2,63.222,0.0,0.0,0.0,0.0,33.37696335078534,82.32984293193716,78.20680628272252,74.54188481675392,17.77777777777778,57.25,Moderada
Direito (Bacharelado) | Darcy Ribeiro | Noturno | EP_R1_PPI | EP=True | R=R1 | GE=PPI | PCD=False | SM=1.5,237,Direito (Bacharelado),Darcy Ribeiro,Noturno,EP_R1_PPI,4,4,-26.837,-5.484,12.579,1.005,-11.526,-10.8,-26.837,2.332,29.169,12.702,-110.203,66.667,2.0,24.002,18.857,16.075,1.005,42.274,41.269,17.387,92.206,66.667,1,29.131,-5.484,1.005,-0.123,4.501,-3.831,-5.151,-9.246,15.986,-4.671,4.085,-4.657,2.753,3.785,8.881,9.122,21.137,4,4,8.756,6.855,-14.772,0.813,3.08,84.03141361256544,51.57068062827226,40.31413612565446,17.212041884816752,64.9673202614379,51.62,Moderada
Direito (Bacharelado) | Darcy Ribeiro | Noturno | EP_R1_PPIQ | EP=True | R=R1 | GE=PPIQ | PCD=False | SM=1.0,239,Direito (Bacharelado),Darcy Ribeiro,Noturno,EP_R1_PPIQ,1,1,-40.663,-40.663,-26.586,-26.586,-40.663,-40.663,-40.663,-40.663,0.0,0.0,0.0,100.0,0.0,0.0,-26.586,-26.586,-26.586,-26.586,0.0,0.0,0.0,100.0,0,0.0,-40.663,-26.586,,,,,-40.663,-26.586,-40.663,-26.586,-40.663,-26.586,0.0,0.0,0.0,0.0,2,2,14.077,0.0,0.0,0.0,0.0,33.37696335078534,82.32984293193716,78.20680628272252,74.54188481675392,17.77777777777778,57.25,Moderada
Direito (Bacharelado) | Darcy Ribeiro | Noturno | EP_R2_NPPI | EP=True | R=R2 | GE=NPPI | PCD=False | SM=1.5,242,Direito (Bacharelado),Darcy Ribeiro,Noturno,EP_R2_NPPI,5,5,20.26,34.633,66.642,65.065,48.672,54.367,20.26,74.138,53.878,21.288,43.738,75.0,1.0,31.116,75.06,66.642,61.664,94.779,33.115,14.876,19.819,50.0,2,23.201,34.633,65.065,63.227,84.048,49.363,77.315,51.906,77.057,49.782,75.872,50.635,77.186,11.761,7.898,28.594,18.983,4,4,26.09,1.11,0.812,15.149,10.807,11.387434554973819,29.84293193717278,32.85340314136126,37.56544502617801,82.2875816993464,38.79,Baixa
Direito (Bacharelado) | Darcy Ribeiro | Noturno | EP_R2_NPPIQ | EP=True | R=R2 | GE=NPPIQ | PCD=False | SM=1.0,244,Direito (Bacharelado),Darcy Ribeiro,Noturno,EP_R2_NPPIQ,1,1,92.181,92.181,92.842,92.842,92.181,92.181,92.181,92.181,0.0,0.0,0.0,100.0,0.0,0.0,92.842,92.842,92.842,92.842,0.0,0.0,0.0,100.0,0,0.0,92.181,92.842,,,,,92.181,92.842,92.181,92.842,92.181,92.842,0.0,0.0,0.0,0.0,2,2,0.661,0.0,0.0,0.0,0.0,33.37696335078534,82.32984293193716,78.20680628272252,74.54188481675392,17.77777777777778,57.25,Moderada
Direito (Bacharelado) | Darcy Ribeiro | Noturno | EP_R2_PPI | EP=True | R=R2 | GE=PPI | PCD=False | SM=1.5,247,Direito (Bacharelado),Darcy Ribeiro,Noturno,EP_R2_PPI,5,5,-10.395,-54.298,45.688,-22.6,-1.249,-10.395,-54.298,38.282,92.58,37.361,-2991.754,75.0,1.0,43.1,36.922,45.688,-22.6,77.986,100.586,43.233,117.093,50.0,1,42.477,-54.298,-22.6,-42.293,-23.601,-64.165,-42.934,-10.37,23.472,-42.781,-16.416,-48.295,-23.101,23.386,28.191,53.796,66.407,4,4,26.365,-41.532,-53.338,11.517,6.184,99.73821989528795,8.638743455497377,22.120418848167546,37.56544502617801,82.2875816993464,50.07,Moderada
Direito (Bacharelado) | Darcy Ribeiro | Noturno | EP_R2_PPIQ | EP=True | R=R2 | GE=PPIQ | PCD=False | SM=1.0,249,Direito (Bacharelado),Darcy Ribeiro,Noturno,EP_R2_PPIQ,1,1,31.885,31.885,58.328,58.328,31.885,31.885,31.885,31.885,0.0,0.0,0.0,100.0,0.0,0.0,58.328,58.328,58.328,58.328,0.0,0.0,0.0,100.0,0,0.0,31.885,58.328,,,,,31.885,58.328,31.885,58.328,31.885,58.328,0.0,0.0,0.0,0.0,2,2,26.443,0.0,0.0,0.0,0.0,33.37696335078534,82.32984293193716,78.20680628272252,74.54188481675392,17.77777777777778,57.25,Moderada
Educação Física (Bacharelado) | Darcy Ribeiro | Diurno | AC | EP=False | R=NA | GE=NA | PCD=False | SM=NA,250,Educação Física (Bacharelado),Darcy Ribeiro,Diurno,AC,4,4,-33.049,15.802,44.232,78.06,0.64,9.904,-33.049,15.802,48.851,22.666,3541.599,100.0,0.0,21.761,55.282,49.417,44.232,78.06,33.828,15.783,28.55,100.0,0,11.944,15.802,78.06,38.054,82.82,30.643,87.512,8.123,60.789,23.155,77.295,23.223,80.44,13.639,11.661,29.931,26.722,4,4,54.14,22.515,22.013,7.353,-0.765,0.0,34.29319371727748,42.67015706806283,74.54188481675392,64.9673202614379,43.29,Moderada
Educação Física (Bacharelado) | Darcy Ribeiro | Diurno | CN | EP=False | R=NA | GE=NEGROS | PCD=False | SM=NA,251,Educação Física (Bacharelado),Darcy Ribeiro,Diurno,CN,4,4,-14.695,32.152,27.052,32.152,6.536,4.344,-14.695,32.152,46.847,21.545,329.631,100.0,0.0,8.113,16.973,21.572,-7.405,32.152,39.557,17.579,103.57,66.667,1,31.533,32.152,32.152,47.546,26.672,49.3,36.776,14.738,18.913,35.934,28.628,39.849,29.412,16.094,7.681,34.562,17.863,4,4,-7.306,29.398,11.655,3.782,-3.524,3.27225130890052,35.73298429319372,53.59947643979057,74.54188481675392,64.9673202614379,46.42,Moderada
Educação Física (Bacharelado) | Darcy Ribeiro | Diurno | EP_R1_NPPI | EP=True | R=R1 | GE=NPPI | PCD=False | SM=1.5,252,Educação Física (Bacharelado),Darcy Ribeiro,Diurno,EP_R1_NPPI,4,4,-22.536,-32.422,-22.536,31.837,-34.362,-30.242,-54.427,-22.536,31.891,13.975,-40.671,66.667,2.0,29.143,-3.233,-5.411,-33.945,31.837,65.782,30.382,-939.884,66.667,1,28.586,-32.422,31.837,-35.184,48.962,-29.678,55.268,-34.526,7.206,-32.953,35.818,-33.474,40.399,2.48,21.491,5.506,48.062,4,4,68.771,1.409,39.051,-0.531,3.981,66.62303664921467,48.821989528795804,34.554973821989535,17.212041884816752,64.9673202614379,46.44,Moderada
Educação Física (Bacharelado) | Darcy Ribeiro | Diurno | EP_R1_PPI | EP=True | R=R1 | GE=PPI | PCD=False | SM=1.5,253,Educação Física (Bacharelado),Darcy Ribeiro,Diurno,EP_R1_PPI,4,4,-25.052,-62.949,-25.052,11.211,-43.158,-42.316,-62.949,-25.052,37.897,18.258,-42.306,100.0,0.0,9.671,-14.608,-21.516,-26.608,11.211,37.819,17.617,-120.602,66.667,2,23.626,-62.949,11.211,-77.488,10.433,-78.162,16.583,-50.024,-9.599,-67.156,7.157,-70.218,10.822,13.405,11.501,28.138,26.182,4,4,74.313,-23.998,21.765,-4.207,-4.054,67.27748691099477,43.84816753926701,52.74869109947644,74.54188481675392,64.9673202614379,60.68,Alta
Educação Física (Bacharelado) | Darcy Ribeiro | Diurno | EP_R2_NPPI | EP=True | R=R2 | GE=NPPI | PCD=False | SM=1.5,254,Educação Física (Bacharelado),Darcy Ribeiro,Diurno,EP_R2_NPPI,4,4,-84.571,9.385,3.39,12.097,-24.54,-11.488,-84.571,9.385,93.956,43.83,-178.603,66.667,2.0,64.311,18.05,12.328,3.39,44.154,40.764,17.906,99.203,66.667,1,32.285,9.385,12.097,36.79,32.479,26.348,24.234,-12.274,20.936,15.062,22.436,17.866,22.585,21.44,8.431,49.064,20.382,4,4,7.374,39.602,4.386,5.677,10.339,89.92146596858639,8.246073298429323,9.031413612565443,17.212041884816752,64.9673202614379,37.88,Baixa
Educação Física (Bacharelado) | Darcy Ribeiro | Diurno | EP_R2_PPI | EP=True | R=R2 | GE=PPI | PCD=False | SM=1.5,255,Educação Física (Bacharelado),Darcy Ribeiro,Diurno,EP_R2_PPI,4,4,-94.317,-24.98,2.411,-3.544,-49.06,-38.472,-94.317,-24.98,69.337,30.878,-62.939,66.667,2.0,31.631,4.993,-0.411,-3.544,24.338,27.882,13.184,264.03,66.667,1,24.791,-24.98,-3.544,1.938,-6.366,-6.533,-10.813,-38.86,2.722,-17.109,-4.5,-15.756,-4.955,18.346,5.669,40.798,13.535,4,4,12.609,31.951,-9.493,7.871,-0.956,73.82198952879581,20.418848167539274,32.19895287958116,17.212041884816752,64.9673202614379,41.72,Moderada
Educação Física (Licenciatura) | Darcy Ribeiro | Diurno | AC | EP=False | R=NA | GE=NA | PCD=False | SM=NA,256,Educação Física (Licenciatura),Darcy Ribeiro,Diurno,AC,4,4,-64.096,-13.216,10.409,39.102,-27.17,-17.236,-64.096,-10.111,53.985,25.061,-92.24,66.667,1.0,23.518,29.305,30.043,10.409,46.723,36.314,16.59,56.611,66.667,2,31.898,-13.216,39.102,13.776,44.39,4.588,40.751,-18.98,32.322,-3.458,39.141,-4.314,39.926,15.253,5.055,32.757,12.068,4,4,42.599,23.712,9.836,9.758,0.039,79.84293193717278,29.712041884816752,41.09947643979057,37.56544502617801,64.9673202614379,50.64,Moderada
Educação Física (Licenciatura) | Darcy Ribeiro | Diurno | CN | EP=False | R=NA | GE=NEGROS | PCD=False | SM=NA,257,Educação Física (Licenciatura),Darcy Ribeiro,Diurno,CN,4,4,-20.627,20.087,-2.822,20.087,-5.435,-10.6,-20.627,20.087,40.714,18.767,-345.296,100.0,0.0,10.473,-0.984,-2.821,-18.38,20.087,38.467,15.847,-1610.85,66.667,1,20.42,20.087,20.087,28.99,20.088,33.122,27.781,1.45,3.231,20.913,17.797,24.539,20.088,14.069,10.366,31.672,24.55,4,4,-3.116,26.348,18.781,0.826,-2.29,95.54973821989529,42.01570680628273,52.617801047120416,74.54188481675392,64.9673202614379,65.94,Alta
Educação Física (Licenciatura) | Darcy Ribeiro | Diurno | EP_R1_NPPI | EP=True | R=R1 | GE=NPPI | PCD=False | SM=1.5,258,Educação Física (Licenciatura),Darcy Ribeiro,Diurno,EP_R1_NPPI,4,4,-43.227,-50.604,-20.021,-24.864,-60.013,-52.236,-92.355,-43.227,49.128,22.016,-36.684,66.667,1.0,40.74,-34.093,-22.443,-73.207,-18.279,54.928,26.225,-76.921,66.667,2,51.717,-50.604,-24.864,-75.168,-51.457,-64.69,-42.137,-63.044,-37.566,-63.376,-39.006,-63.867,-39.851,10.067,11.059,24.564,26.593,4,4,24.37,-3.363,-4.913,-12.772,-14.142,64.79057591623037,34.031413612565444,23.1675392670157,37.56544502617801,64.9673202614379,44.9,Moderada
Educação Física (Licenciatura) | Darcy Ribeiro | Diurno | EP_R1_PPI | EP=True | R=R1 | GE=PPI | PCD=False | SM=1.5,259,Educação Física (Licenciatura),Darcy Ribeiro,Diurno,EP_R1_PPI,4,4,-101.251,-52.013,-27.83,-31.87,-70.712,-64.793,-101.251,-52.013,49.238,22.427,-31.716,100.0,0.0,11.891,-28.007,-27.96,-31.87,-24.238,7.632,3.118,-11.133,66.667,1,4.277,-52.013,-31.87,-29.36,-32.0,-34.096,-33.474,-62.442,-28.806,-44.478,-31.538,-43.054,-31.935,15.447,1.961,33.082,4.669,4,4,12.94,26.234,-3.531,7.535,0.332,62.17277486910995,33.90052356020943,51.70157068062827,74.54188481675392,64.9673202614379,57.46,Moderada
Educação Física (Licenciatura) | Darcy Ribeiro | Diurno | EP_R2_NPPI | EP=True | R=R2 | GE=NPPI | PCD=False | SM=1.5,260,Educação Física (Licenciatura),Darcy Ribeiro,Diurno,EP_R2_NPPI,4,4,-70.759,-16.337,-0.024,-15.772,-30.861,-19.113,-70.759,-14.459,56.3,26.785,-86.793,66.667,1.0,27.016,-5.54,-7.898,-19.463,13.1,32.563,15.016,-271.055,66.667,2,33.084,-16.337,-15.772,11.813,-9.21,1.663,-11.097,-22.326,-6.274,-6.297,-10.588,-7.337,-10.153,15.802,3.985,34.139,9.498,4,4,-4.291,24.564,-5.048,10.04,5.184,78.92670157068062,28.53403141361257,36.78010471204188,37.56544502617801,64.9673202614379,49.35,Moderada
Educação Física (Licenciatura) | Darcy Ribeiro | Diurno | EP_R2_PPI | EP=True | R=R2 | GE=PPI | PCD=False | SM=1.5,261,Educação Física (Licenciatura),Darcy Ribeiro,Diurno,EP_R2_PPI,4,4,-91.266,-72.467,22.938,-34.575,-63.982,-71.466,-91.266,-21.729,69.537,29.686,-46.397,66.667,1.0,59.568,-15.068,-20.283,-42.643,22.938,65.581,29.82,-197.912,66.667,1,23.904,-72.467,-34.575,-62.066,-67.366,-76.374,-59.966,-63.599,-25.527,-68.627,-46.858,-68.033,-47.271,6.906,19.986,14.308,41.838,4,4,21.769,-4.645,-31.79,3.84,-12.283,69.10994764397907,20.15706806282722,11.518324607329845,37.56544502617801,64.9673202614379,40.66,Moderada
Educação Física Ciclo Básico (Bacharelado/Licenciatura) | Darcy Ribeiro | Diurno | AC | EP=False | R=NA | GE=NA | PCD=False | SM=NA,262,Educação Física Ciclo Básico (Bacharelado/Licenciatura),Darcy Ribeiro,Diurno,AC,2,2,-27.052,1.609,-13.512,38.076,-12.721,-12.721,-27.052,1.609,28.661,20.266,-159.308,100.0,0.0,0.0,12.282,12.282,-13.512,38.076,51.588,36.478,297.006,100.0,0,0.0,1.609,38.076,30.27,89.664,30.27,89.664,-7.945,20.88,13.551,59.571,15.939,63.87,19.695,35.45,38.215,68.784,4,4,46.02,26.272,47.289,11.942,21.495,88.35078534031413,52.22513089005236,78.20680628272252,74.54188481675392,39.47712418300654,66.56,Alta
Educação Física Ciclo Básico (Bacharelado/Licenciatura) | Darcy Ribeiro | Diurno | CN | EP=False | R=NA | GE=NEGROS | PCD=False | SM=NA,263,Educação Física Ciclo Básico (Bacharelado/Licenciatura),Darcy Ribeiro,Diurno,CN,2,2,-34.592,-19.322,-33.682,0.653,-26.957,-26.957,-34.592,-19.322,15.27,10.798,-40.055,100.0,0.0,0.0,-16.514,-16.514,-33.682,0.653,34.335,24.279,-147.013,100.0,0,0.0,-19.322,0.653,-4.052,34.988,-4.052,34.988,-24.412,-10.792,-12.959,14.959,-11.687,17.82,10.493,23.594,20.36,45.78,4,4,27.918,13.998,31.473,6.363,14.306,66.09947643979058,60.07853403141361,78.20680628272252,74.54188481675392,39.47712418300654,63.68,Alta
Educação Física Ciclo Básico (Bacharelado/Licenciatura) | Darcy Ribeiro | Diurno | EP_R1_NPPIQ | EP=True | R=R1 | GE=NPPIQ | PCD=False | SM=1.0,264,Educação Física Ciclo Básico (Bacharelado/Licenciatura),Darcy Ribeiro,Diurno,EP_R1_NPPIQ,1,1,-69.589,-69.589,-46.355,-46.355,-69.589,-69.589,-69.589,-69.589,0.0,0.0,0.0,100.0,0.0,0.0,-46.355,-46.355,-46.355,-46.355,0.0,0.0,0.0,100.0,0,0.0,-69.589,-46.355,,,,,-69.589,-46.355,-69.589,-46.355,-69.589,-46.355,0.0,0.0,0.0,0.0,2,2,23.234,0.0,0.0,0.0,0.0,33.37696335078534,82.32984293193716,78.20680628272252,74.54188481675392,17.77777777777778,57.25,Moderada
Educação Física Ciclo Básico (Bacharelado/Licenciatura) | Darcy Ribeiro | Diurno | EP_R2_NPPI | EP=True | R=R2 | GE=NPPI | PCD=False | SM=1.5,265,Educação Física Ciclo Básico (Bacharelado/Licenciatura),Darcy Ribeiro,Diurno,EP_R2_NPPI,1,1,-72.598,-72.598,-29.223,-29.223,-72.598,-72.598,-72.598,-72.598,0.0,0.0,0.0,100.0,0.0,0.0,-29.223,-29.223,-29.223,-29.223,0.0,0.0,0.0,100.0,0,0.0,-72.598,-29.223,,,,,-72.598,-29.223,-72.598,-29.223,-72.598,-29.223,0.0,0.0,0.0,0.0,2,2,43.375,0.0,0.0,0.0,0.0,33.37696335078534,82.32984293193716,78.20680628272252,74.54188481675392,17.77777777777778,57.25,Moderada
Educação Física Ciclo Básico (Bacharelado/Licenciatura) | Darcy Ribeiro | Diurno | EP_R2_NPPIQ | EP=True | R=R2 | GE=NPPIQ | PCD=False | SM=1.0,266,Educação Física Ciclo Básico (Bacharelado/Licenciatura),Darcy Ribeiro,Diurno,EP_R2_NPPIQ,1,1,-16.974,-16.974,0.769,0.769,-16.974,-16.974,-16.974,-16.974,0.0,0.0,0.0,100.0,0.0,0.0,0.769,0.769,0.769,0.769,0.0,0.0,0.0,100.0,0,0.0,-16.974,0.769,,,,,-16.974,0.769,-16.974,0.769,-16.974,0.769,0.0,0.0,0.0,0.0,2,2,17.743,0.0,0.0,0.0,0.0,33.37696335078534,82.32984293193716,78.20680628272252,74.54188481675392,17.77777777777778,57.25,Moderada
Educação Física Ciclo Básico (Bacharelado/Licenciatura) | Darcy Ribeiro | Diurno | EP_R2_PPIQ | EP=True | R=R2 | GE=PPIQ | PCD=False | SM=1.0,267,Educação Física Ciclo Básico (Bacharelado/Licenciatura),Darcy Ribeiro,Diurno,EP_R2_PPIQ,1,1,-86.267,-86.267,-8.852,-8.852,-86.267,-86.267,-86.267,-86.267,0.0,0.0,0.0,100.0,0.0,0.0,-8.852,-8.852,-8.852,-8.852,0.0,0.0,0.0,100.0,0,0.0,-86.267,-8.852,,,,,-86.267,-8.852,-86.267,-8.852,-86.267,-8.852,0.0,0.0,0.0,0.0,2,2,77.415,0.0,0.0,0.0,0.0,33.37696335078534,82.32984293193716,78.20680628272252,74.54188481675392,17.77777777777778,57.25,Moderada
Enfermagem (Bacharelado) | Ceilândia | Diurno | AC | EP=False | R=NA | GE=NA | PCD=False | SM=NA,268,Enfermagem (Bacharelado),Ceilândia,Diurno,AC,6,6,9.2,28.045,70.871,92.811,22.712,27.239,2.383,40.205,37.822,14.124,62.184,80.0,2.0,24.656,64.59,71.095,9.145,92.811,83.666,28.713,44.454,60.0,2,50.746,28.045,92.811,25.94,55.76,21.237,62.022,23.481,62.487,24.676,68.27,24.71,62.255,2.955,16.646,6.808,37.051,4,4,43.594,1.964,3.68,-3.369,-24.541,9.685863874345547,43.97905759162304,39.26701570680628,17.212041884816752,95.29411764705881,41.09,Moderada
Enfermagem (Bacharelado) | Ceilândia | Diurno | CN | EP=False | R=NA | GE=NEGROS | PCD=False | SM=NA,270,Enfermagem (Bacharelado),Ceilândia,Diurno,CN,6,6,6.016,22.701,17.233,22.701,7.341,13.265,-45.031,36.97,82.001,28.467,387.761,60.0,2.0,45.736,9.211,18.873,-45.031,36.97,82.001,28.729,311.91,60.0,2,44.295,22.701,22.701,-10.68,-14.419,-8.467,-10.07,3.051,3.585,1.651,0.449,-2.708,-3.243,15.27,16.7,33.381,37.12,4,4,-1.202,-5.69,-8.762,-21.05,-22.252,2.617801047120416,13.089005235602091,20.418848167539274,17.212041884816752,95.29411764705881,29.73,Baixa
Enfermagem (Bacharelado) | Ceilândia | Diurno | EP_R1_NPPI | EP=True | R=R1 | GE=NPPI | PCD=False | SM=1.5,272,Enfermagem (Bacharelado),Ceilândia,Diurno,EP_R1_NPPI,5,5,-16.36,-49.851,12.216,-32.128,-11.204,-8.713,-49.851,14.131,63.982,24.615,-219.7,50.0,3.0,38.022,16.625,22.52,-32.128,52.752,84.88,31.065,186.865,75.0,1,49.904,-49.851,-32.128,-34.106,-0.912,-47.496,-17.974,-16.293,12.728,-36.936,-9.572,-40.801,-9.443,15.41,19.593,33.558,44.856,4,4,27.364,-25.732,-26.197,12.915,22.556,92.14659685863874,23.03664921465969,26.308900523560208,5.759162303664922,82.2875816993464,45.91,Moderada
Enfermagem (Bacharelado) | Ceilândia | Diurno | EP_R1_NPPIQ | EP=True | R=R1 | GE=NPPIQ | PCD=False | SM=1.0,274,Enfermagem (Bacharelado),Ceilândia,Diurno,EP_R1_NPPIQ,1,1,-46.839,-46.839,3.143,3.143,-46.839,-46.839,-46.839,-46.839,0.0,0.0,0.0,100.0,0.0,0.0,3.143,3.143,3.143,3.143,0.0,0.0,0.0,100.0,0,0.0,-46.839,3.143,,,,,-46.839,3.143,-46.839,3.143,-46.839,3.143,0.0,0.0,0.0,0.0,2,2,49.982,0.0,0.0,0.0,0.0,33.37696335078534,82.32984293193716,78.20680628272252,74.54188481675392,17.77777777777778,57.25,Moderada
Enfermagem (Bacharelado) | Ceilândia | Diurno | EP_R1_PPI | EP=True | R=R1 | GE=PPI | PCD=False | SM=1.5,276,Enfermagem (Bacharelado),Ceilândia,Diurno,EP_R1_PPI,4,4,-50.128,-35.67,18.233,-13.949,-30.504,-37.454,-50.128,3.019,53.147,23.179,-75.988,66.667,2.0,47.714,16.046,21.858,-13.949,34.414,48.363,21.063,131.27,66.667,1,27.851,-35.67,-13.949,-30.225,-10.323,-40.14,-21.446,-30.448,10.772,-34.121,-8.737,-33.059,-12.136,4.737,13.806,9.916,32.218,4,4,25.384,-3.617,-24.783,1.549,5.212,76.43979057591623,30.235602094240843,19.502617801047116,17.212041884816752,64.9673202614379,41.67,Moderada
Enfermagem (Bacharelado) | Ceilândia | Diurno | EP_R2_NPPI | EP=True | R=R2 | GE=NPPI | PCD=False | SM=1.5,278,Enfermagem (Bacharelado),Ceilândia,Diurno,EP_R2_NPPI,5,5,12.11,-16.271,43.716,-1.68,7.784,12.11,-16.271,26.36,42.631,17.134,220.12,50.0,3.0,29.112,25.732,35.365,-1.68,46.546,48.226,22.598,87.822,50.0,3,34.423,-16.271,-1.68,-11.42,-4.86,-16.321,-5.586,3.516,18.934,-10.124,1.702,-13.845,-3.27,9.379,11.612,19.837,24.52,4,4,11.826,-17.908,-24.03,6.147,3.382,4.712041884816753,40.968586387434556,34.68586387434554,5.759162303664922,82.2875816993464,33.68,Baixa
Enfermagem (Bacharelado) | Ceilândia | Diurno | EP_R2_NPPIQ | EP=True | R=R2 | GE=NPPIQ | PCD=False | SM=1.0,280,Enfermagem (Bacharelado),Ceilândia,Diurno,EP_R2_NPPIQ,1,1,8.744,8.744,18.405,18.405,8.744,8.744,8.744,8.744,0.0,0.0,0.0,100.0,0.0,0.0,18.405,18.405,18.405,18.405,0.0,0.0,0.0,100.0,0,0.0,8.744,18.405,,,,,8.744,18.405,8.744,18.405,8.744,18.405,0.0,0.0,0.0,0.0,2,2,9.661,0.0,0.0,0.0,0.0,33.37696335078534,82.32984293193716,78.20680628272252,74.54188481675392,17.77777777777778,57.25,Moderada
Enfermagem (Bacharelado) | Ceilândia | Diurno | EP_R2_NPPIQ_PCD | EP=True | R=R2 | GE=NPPIQ | PCD=True | SM=1.0,282,Enfermagem (Bacharelado),Ceilândia,Diurno,EP_R2_NPPIQ_PCD,1,1,-43.64,-43.64,-43.64,-43.64,-43.64,-43.64,-43.64,-43.64,0.0,0.0,0.0,100.0,0.0,0.0,-43.64,-43.64,-43.64,-43.64,0.0,0.0,0.0,100.0,0,0.0,-43.64,-43.64,,,,,-43.64,-43.64,-43.64,-43.64,-43.64,-43.64,0.0,0.0,0.0,0.0,2,2,0.0,0.0,0.0,0.0,0.0,33.37696335078534,82.32984293193716,78.20680628272252,74.54188481675392,17.77777777777778,57.25,Moderada
Enfermagem (Bacharelado) | Ceilândia | Diurno | EP_R2_PPI | EP=True | R=R2 | GE=PPI | PCD=False | SM=1.5,283,Enfermagem (Bacharelado),Ceilândia,Diurno,EP_R2_PPI,5,5,-20.508,-77.474,11.174,-39.613,-35.128,-20.508,-77.474,4.949,82.423,35.186,-100.164,75.0,1.0,31.255,-7.291,3.184,-42.493,31.291,73.784,32.493,-445.633,50.0,2,29.69,-77.474,-39.613,-90.722,-59.899,-100.935,-65.103,-47.483,-18.982,-79.153,-45.899,-84.098,-49.756,23.196,21.046,53.452,46.121,4,4,33.254,-44.025,-38.608,-1.679,-6.286,81.80628272251309,12.696335078534027,32.59162303664922,37.56544502617801,82.2875816993464,49.39,Moderada
Enfermagem (Bacharelado) | Ceilândia | Diurno | EP_R2_PPIQ | EP=True | R=R2 | GE=PPIQ | PCD=False | SM=1.0,285,Enfermagem (Bacharelado),Ceilândia,Diurno,EP_R2_PPIQ,1,1,-46.024,-46.024,-16.22,-16.22,-46.024,-46.024,-46.024,-46.024,0.0,0.0,0.0,100.0,0.0,0.0,-16.22,-16.22,-16.22,-16.22,0.0,0.0,0.0,100.0,0,0.0,-46.024,-16.22,,,,,-46.024,-16.22,-46.024,-16.22,-46.024,-16.22,0.0,0.0,0.0,0.0,2,2,29.804,0.0,0.0,0.0,0.0,33.37696335078534,82.32984293193716,78.20680628272252,74.54188481675392,17.77777777777778,57.25,Moderada
Enfermagem (Bacharelado) | Darcy Ribeiro | Diurno | AC | EP=False | R=NA | GE=NA | PCD=False | SM=NA,269,Enfermagem (Bacharelado),Darcy Ribeiro,Diurno,AC,6,5,6.734,53.833,93.171,90.752,40.66,51.213,6.734,59.656,52.922,21.464,52.789,60.0,4.0,33.467,83.795,90.752,33.032,128.899,95.867,34.862,41.604,50.0,3,73.107,53.833,90.752,55.492,72.054,47.67,71.613,44.191,80.8,50.297,78.805,50.752,76.427,5.281,9.019,11.3,19.139,4,4,28.508,9.637,-4.99,-3.536,-11.947,10.602094240837701,30.497382198952884,30.36649214659686,1.505235602094246,95.29411764705881,33.65,Baixa
Enfermagem (Bacharelado) | Darcy Ribeiro | Diurno | CN | EP=False | R=NA | GE=NEGROS | PCD=False | SM=NA,271,Enfermagem (Bacharelado),Darcy Ribeiro,Diurno,CN,6,6,31.111,39.99,61.195,39.99,28.614,32.234,6.688,49.514,42.826,16.643,58.164,60.0,2.0,26.737,33.628,36.673,6.688,61.195,54.507,21.398,63.632,60.0,3,29.813,39.99,39.99,21.205,11.177,23.997,19.699,26.85,28.283,28.01,24.787,25.424,23.991,8.312,12.308,18.785,28.813,4,4,-3.223,-0.604,-8.841,-11.98,-15.203,10.209424083769637,40.445026178010465,37.04188481675392,17.212041884816752,95.29411764705881,40.04,Moderada
Enfermagem (Bacharelado) | Darcy Ribeiro | Diurno | EP_R1_NPPI | EP=True | R=R1 | GE=NPPI | PCD=False | SM=1.5,273,Enfermagem (Bacharelado),Darcy Ribeiro,Diurno,EP_R1_NPPI,5,5,-26.556,-9.897,13.018,1.734,1.271,6.742,-26.556,26.39,52.946,20.191,1588.06,75.0,1.0,33.16,14.172,13.018,1.734,29.599,27.865,9.954,70.237,50.0,3,15.015,-9.897,1.734,5.372,2.668,-7.167,-1.261,2.183,11.616,-2.377,3.689,-2.492,2.201,7.311,5.544,15.269,12.877,4,4,6.066,-3.648,-10.483,7.52,1.955,0.7853403141361293,30.36649214659686,30.628272251308896,37.56544502617801,82.2875816993464,36.33,Baixa
Enfermagem (Bacharelado) | Darcy Ribeiro | Diurno | EP_R1_NPPIQ | EP=True | R=R1 | GE=NPPIQ | PCD=False | SM=1.0,275,Enfermagem (Bacharelado),Darcy Ribeiro,Diurno,EP_R1_NPPIQ,1,1,-31.522,-31.522,17.682,17.682,-31.522,-31.522,-31.522,-31.522,0.0,0.0,0.0,100.0,0.0,0.0,17.682,17.682,17.682,17.682,0.0,0.0,0.0,100.0,0,0.0,-31.522,17.682,,,,,-31.522,17.682,-31.522,17.682,-31.522,17.682,0.0,0.0,0.0,0.0,2,2,49.204,0.0,0.0,0.0,0.0,33.37696335078534,82.32984293193716,78.20680628272252,74.54188481675392,17.77777777777778,57.25,Moderada
Enfermagem (Bacharelado) | Darcy Ribeiro | Diurno | EP_R1_PPI | EP=True | R=R1 | GE=PPI | PCD=False | SM=1.5,277,Enfermagem (Bacharelado),Darcy Ribeiro,Diurno,EP_R1_PPI,4,4,-58.894,-7.654,24.588,20.717,-11.16,-1.39,-58.894,17.032,75.926,33.38,-299.1,66.667,1.0,44.433,31.917,29.216,20.717,48.519,27.802,12.362,38.733,66.667,1,23.119,-7.654,20.717,30.309,32.682,12.618,25.271,-2.866,32.07,8.102,27.685,4.876,28.671,17.147,5.733,37.963,11.965,4,4,19.583,19.262,-4.232,15.756,6.968,94.63350785340315,16.62303664921466,21.073298429319376,37.56544502617801,64.9673202614379,46.97,Moderada
Enfermagem (Bacharelado) | Darcy Ribeiro | Diurno | EP_R2_NPPI | EP=True | R=R2 | GE=NPPI | PCD=False | SM=1.5,279,Enfermagem (Bacharelado),Darcy Ribeiro,Diurno,EP_R2_NPPI,5,5,-12.543,6.012,16.446,18.469,25.183,6.012,-12.543,64.649,77.192,35.586,141.309,50.0,2.0,54.804,43.511,41.75,16.446,75.478,59.032,26.76,61.501,50.0,1,37.317,6.012,18.469,18.698,37.626,-2.04,18.797,23.742,42.204,11.603,29.274,12.355,28.212,11.763,12.429,25.781,23.735,4,4,17.671,-13.58,-14.237,5.591,10.805,6.675392670157065,15.445026178010469,14.267015706806285,17.212041884816752,82.2875816993464,27.18,Baixa
Enfermagem (Bacharelado) | Darcy Ribeiro | Diurno | EP_R2_NPPIQ | EP=True | R=R2 | GE=NPPIQ | PCD=False | SM=1.0,281,Enfermagem (Bacharelado),Darcy Ribeiro,Diurno,EP_R2_NPPIQ,1,1,28.885,28.885,42.362,42.362,28.885,28.885,28.885,28.885,0.0,0.0,0.0,100.0,0.0,0.0,42.362,42.362,42.362,42.362,0.0,0.0,0.0,100.0,0,0.0,28.885,42.362,,,,,28.885,42.362,28.885,42.362,28.885,42.362,0.0,0.0,0.0,0.0,2,2,13.477,0.0,0.0,0.0,0.0,33.37696335078534,82.32984293193716,78.20680628272252,74.54188481675392,17.77777777777778,57.25,Moderada
Enfermagem (Bacharelado) | Darcy Ribeiro | Diurno | EP_R2_PPI | EP=True | R=R2 | GE=PPI | PCD=False | SM=1.5,284,Enfermagem (Bacharelado),Darcy Ribeiro,Diurno,EP_R2_PPI,5,5,-20.184,-52.781,20.99,-29.624,-12.696,-19.606,-52.781,19.771,72.552,28.502,-224.485,75.0,1.0,33.552,18.724,20.99,-29.624,42.63,72.254,29.038,155.088,50.0,3,44.375,-52.781,-29.624,-44.068,-10.894,-60.541,-24.795,-19.668,12.142,-44.264,-13.293,-48.424,-17.845,17.725,18.723,40.873,41.766,4,4,30.971,-31.568,-32.017,8.517,16.331,92.67015706806284,18.45549738219895,30.235602094240843,37.56544502617801,82.2875816993464,52.24,Moderada
Enfermagem (Bacharelado) | Darcy Ribeiro | Diurno | EP_R2_PPIQ | EP=True | R=R2 | GE=PPIQ | PCD=False | SM=1.0,286,Enfermagem (Bacharelado),Darcy Ribeiro,Diurno,EP_R2_PPIQ,1,1,-32.977,-32.977,21.488,21.488,-32.977,-32.977,-32.977,-32.977,0.0,0.0,0.0,100.0,0.0,0.0,21.488,21.488,21.488,21.488,0.0,0.0,0.0,100.0,0,0.0,-32.977,21.488,,,,,-32.977,21.488,-32.977,21.488,-32.977,21.488,0.0,0.0,0.0,0.0,2,2,54.465,0.0,0.0,0.0,0.0,33.37696335078534,82.32984293193716,78.20680628272252,74.54188481675392,17.77777777777778,57.25,Moderada
Engenharia Ambiental (Bacharelado) | Darcy Ribeiro | Diurno | AC | EP=False | R=NA | GE=NA | PCD=False | SM=NA,287,Engenharia Ambiental (Bacharelado),Darcy Ribeiro,Diurno,AC,5,5,-48.911,-53.928,18.608,39.353,-13.066,-7.834,-53.928,26.947,80.875,37.326,-285.665,50.0,3.0,65.514,71.733,67.115,18.608,139.431,120.823,47.376,66.045,50.0,1,67.454,-53.928,39.353,-28.33,67.128,-50.068,38.404,-14.305,72.696,-36.658,54.396,-39.199,53.241,18.682,18.065,39.623,34.292,4,4,91.054,-23.592,-17.337,17.27,15.043,94.24083769633508,13.481675392670155,8.507853403141363,5.759162303664922,82.2875816993464,40.86,Moderada
Engenharia Ambiental (Bacharelado) | Darcy Ribeiro | Diurno | CN | EP=False | R=NA | GE=NEGROS | PCD=False | SM=NA,288,Engenharia Ambiental (Bacharelado),Darcy Ribeiro,Diurno,CN,4,4,72.619,-51.192,72.619,-51.192,24.706,38.7,-51.192,72.619,123.811,59.025,238.903,66.667,2.0,94.792,24.706,38.7,-51.192,72.619,123.811,59.025,238.903,66.667,2,94.792,-51.192,-51.192,-60.708,-60.708,-67.944,-67.944,9.3,9.3,-42.636,-42.636,-55.95,-55.95,35.297,35.297,77.244,77.244,4,4,0.0,-67.342,-67.342,8.556,8.556,4.581151832460728,1.963350785340312,2.0942408376963373,17.212041884816752,64.9673202614379,18.16,Muito baixa
Engenharia Ambiental (Bacharelado) | Darcy Ribeiro | Diurno | EP_R1_NPPI | EP=True | R=R1 | GE=NPPI | PCD=False | SM=1.5,289,Engenharia Ambiental (Bacharelado),Darcy Ribeiro,Diurno,EP_R1_NPPI,3,3,-15.863,-53.536,-15.863,-53.536,-1.397,-15.863,-53.536,65.209,118.745,60.68,-4344.623,50.0,1.0,141.292,-1.397,-15.863,-53.536,65.209,118.745,60.68,-4344.623,50.0,1,141.292,-53.536,-53.536,-13.0,-13.0,-40.194,-40.194,-7.676,-7.676,-28.601,-28.601,-26.597,-26.597,21.889,21.889,45.86,45.86,4,4,0.0,-27.204,-27.204,24.935,24.935,99.86910994764398,2.8795811518324554,0.2617801047120394,37.56544502617801,49.73856209150327,38.06,Baixa
Engenharia Ambiental (Bacharelado) | Darcy Ribeiro | Diurno | EP_R1_PPI | EP=True | R=R1 | GE=PPI | PCD=False | SM=1.5,290,Engenharia Ambiental (Bacharelado),Darcy Ribeiro,Diurno,EP_R1_PPI,1,1,-72.216,-72.216,-72.216,-72.216,-72.216,-72.216,-72.216,-72.216,0.0,0.0,0.0,100.0,0.0,0.0,-72.216,-72.216,-72.216,-72.216,0.0,0.0,0.0,100.0,0,0.0,-72.216,-72.216,,,,,-72.216,-72.216,-72.216,-72.216,-72.216,-72.216,0.0,0.0,0.0,0.0,2,2,0.0,0.0,0.0,0.0,0.0,33.37696335078534,82.32984293193716,78.20680628272252,74.54188481675392,17.77777777777778,57.25,Moderada
Engenharia Ambiental (Bacharelado) | Darcy Ribeiro | Diurno | EP_R2_NPPI | EP=True | R=R2 | GE=NPPI | PCD=False | SM=1.5,291,Engenharia Ambiental (Bacharelado),Darcy Ribeiro,Diurno,EP_R2_NPPI,3,3,-14.794,-58.071,1.282,12.011,-42.634,-55.038,-58.071,-14.794,43.277,24.158,-56.663,100.0,0.0,26.312,3.446,1.282,-2.954,12.011,14.965,7.714,223.823,50.0,1,13.577,-58.071,12.011,-76.185,14.471,-70.548,16.177,-49.847,5.234,-63.663,11.973,-64.31,13.241,11.921,4.807,26.338,10.942,4,4,75.636,-21.029,8.527,-5.592,-0.038,72.25130890052355,39.3979057591623,37.69633507853403,74.54188481675392,49.73856209150327,54.73,Moderada
Engenharia Ambiental (Bacharelado) | Darcy Ribeiro | Diurno | EP_R2_NPPIQ | EP=True | R=R2 | GE=NPPIQ | PCD=False | SM=1.0,292,Engenharia Ambiental (Bacharelado),Darcy Ribeiro,Diurno,EP_R2_NPPIQ,1,1,-44.993,-44.993,-34.671,-34.671,-44.993,-44.993,-44.993,-44.993,0.0,0.0,0.0,100.0,0.0,0.0,-34.671,-34.671,-34.671,-34.671,0.0,0.0,0.0,100.0,0,0.0,-44.993,-34.671,,,,,-44.993,-34.671,-44.993,-34.671,-44.993,-34.671,0.0,0.0,0.0,0.0,2,2,10.322,0.0,0.0,0.0,0.0,33.37696335078534,82.32984293193716,78.20680628272252,74.54188481675392,17.77777777777778,57.25,Moderada
Engenharia Ambiental (Bacharelado) | Darcy Ribeiro | Diurno | EP_R2_PPI | EP=True | R=R2 | GE=PPI | PCD=False | SM=1.5,293,Engenharia Ambiental (Bacharelado),Darcy Ribeiro,Diurno,EP_R2_PPI,4,4,-45.951,110.263,-23.355,110.263,-10.393,-47.67,-56.495,110.263,166.758,80.557,-775.109,66.667,1.0,99.338,48.584,53.714,-23.355,110.263,133.618,56.202,115.679,100.0,0,16.383,110.263,110.263,104.991,156.246,139.03,152.141,12.684,70.116,91.742,122.192,107.627,131.202,54.787,40.459,126.346,86.129,4,4,30.45,102.135,73.608,-18.521,11.929,97.90575916230367,0.5235602094240788,1.7015706806282727,37.56544502617801,64.9673202614379,40.53,Moderada
Engenharia Civil (Bacharelado) | Darcy Ribeiro | Diurno | AC | EP=False | R=NA | GE=NA | PCD=False | SM=NA,294,Engenharia Civil (Bacharelado),Darcy Ribeiro,Diurno,AC,6,5,-10.667,71.072,147.15,110.0,40.516,50.636,-14.958,96.375,111.333,45.774,112.978,60.0,4.0,88.846,113.618,120.301,63.663,147.15,83.487,31.049,27.327,75.0,1,42.667,71.072,110.0,70.997,76.614,69.622,81.681,47.773,104.444,64.866,93.185,70.309,93.062,11.415,16.497,23.299,33.386,4,4,28.319,24.35,-20.433,-6.206,-16.815,7.59162303664922,4.319371727748688,3.0104712041884807,1.505235602094246,95.29411764705881,22.34,Baixa
Engenharia Civil (Bacharelado) | Darcy Ribeiro | Diurno | CN | EP=False | R=NA | GE=NEGROS | PCD=False | SM=NA,295,Engenharia Civil (Bacharelado),Darcy Ribeiro,Diurno,CN,6,6,66.75,26.849,101.479,26.849,19.213,21.768,-48.61,66.75,115.36,38.317,199.438,60.0,3.0,60.599,25.001,21.768,-48.61,101.479,150.089,48.266,193.057,60.0,3,68.424,26.849,26.849,8.68,-2.896,26.772,21.811,16.705,18.359,19.752,16.031,21.739,20.085,8.785,13.091,18.169,29.745,4,4,-3.721,0.539,-8.97,-7.097,-10.818,5.104712041884818,3.4031413612565453,10.994764397905755,5.759162303664922,95.29411764705881,24.11,Baixa
Engenharia Civil (Bacharelado) | Darcy Ribeiro | Diurno | EP_R1_NPPI | EP=True | R=R1 | GE=NPPI | PCD=False | SM=1.5,296,Engenharia Civil (Bacharelado),Darcy Ribeiro,Diurno,EP_R1_NPPI,3,3,-10.46,-19.162,-10.46,28.158,-14.798,-14.773,-19.162,-10.46,8.702,4.351,-29.402,100.0,0.0,0.054,13.766,23.601,-10.46,28.158,38.618,21.104,153.301,100.0,0,20.862,-19.162,28.158,-22.264,44.058,-21.956,39.432,-16.249,20.203,-19.908,32.962,-20.559,33.795,2.81,10.814,6.016,23.855,4,4,52.87,-5.11,19.196,-0.746,4.804,61.25654450261779,62.82722513089005,56.41361256544503,74.54188481675392,49.73856209150327,60.96,Alta
Engenharia Civil (Bacharelado) | Darcy Ribeiro | Diurno | EP_R1_NPPIQ | EP=True | R=R1 | GE=NPPIQ | PCD=False | SM=1.0,297,Engenharia Civil (Bacharelado),Darcy Ribeiro,Diurno,EP_R1_NPPIQ,1,1,-46.606,-46.606,-6.776,-6.776,-46.606,-46.606,-46.606,-46.606,0.0,0.0,0.0,100.0,0.0,0.0,-6.776,-6.776,-6.776,-6.776,0.0,0.0,0.0,100.0,0,0.0,-46.606,-6.776,,,,,-46.606,-6.776,-46.606,-6.776,-46.606,-6.776,0.0,0.0,0.0,0.0,2,2,39.83,0.0,0.0,0.0,0.0,33.37696335078534,82.32984293193716,78.20680628272252,74.54188481675392,17.77777777777778,57.25,Moderada
Engenharia Civil (Bacharelado) | Darcy Ribeiro | Diurno | EP_R1_PPI | EP=True | R=R1 | GE=PPI | PCD=False | SM=1.5,298,Engenharia Civil (Bacharelado),Darcy Ribeiro,Diurno,EP_R1_PPI,4,4,5.858,-33.289,5.858,-33.289,-23.772,-30.968,-39.011,5.858,44.869,20.203,-84.986,66.667,1.0,20.248,-7.672,-7.954,-33.289,18.511,51.8,23.969,-312.437,66.667,1,26.498,-33.289,-33.289,-55.724,-47.101,-47.678,-51.936,-30.163,-15.557,-41.713,-36.971,-40.483,-40.195,12.059,16.316,25.561,36.379,4,4,4.742,-17.941,-29.299,-8.424,-3.682,78.40314136125654,37.56544502617801,44.3717277486911,37.56544502617801,64.9673202614379,52.57,Moderada
Engenharia Civil (Bacharelado) | Darcy Ribeiro | Diurno | EP_R2_NPPI | EP=True | R=R2 | GE=NPPI | PCD=False | SM=1.5,299,Engenharia Civil (Bacharelado),Darcy Ribeiro,Diurno,EP_R2_NPPI,4,4,-68.924,-29.887,39.037,76.766,-30.5,-23.257,-68.924,-6.562,62.362,27.339,-89.636,66.667,1.0,42.768,63.041,65.181,39.037,82.763,43.726,20.353,32.286,66.667,1,17.666,-29.887,76.766,-3.739,98.629,-18.863,94.518,-25.148,70.158,-19.409,85.018,-22.005,85.642,11.381,13.716,26.148,28.471,4,4,104.427,11.091,21.977,10.478,8.252,79.45026178010471,24.869109947643974,22.382198952879584,37.56544502617801,64.9673202614379,45.85,Moderada
Engenharia Civil (Bacharelado) | Darcy Ribeiro | Diurno | EP_R2_NPPIQ | EP=True | R=R2 | GE=NPPIQ | PCD=False | SM=1.0,300,Engenharia Civil (Bacharelado),Darcy Ribeiro,Diurno,EP_R2_NPPIQ,1,1,19.123,19.123,44.103,44.103,19.123,19.123,19.123,19.123,0.0,0.0,0.0,100.0,0.0,0.0,44.103,44.103,44.103,44.103,0.0,0.0,0.0,100.0,0,0.0,19.123,44.103,,,,,19.123,44.103,19.123,44.103,19.123,44.103,0.0,0.0,0.0,0.0,2,2,24.98,0.0,0.0,0.0,0.0,33.37696335078534,82.32984293193716,78.20680628272252,74.54188481675392,17.77777777777778,57.25,Moderada
Engenharia Civil (Bacharelado) | Darcy Ribeiro | Diurno | EP_R2_PPI | EP=True | R=R2 | GE=PPI | PCD=False | SM=1.5,301,Engenharia Civil (Bacharelado),Darcy Ribeiro,Diurno,EP_R2_PPI,3,3,-27.977,-43.065,1.668,-7.167,-29.259,-27.977,-43.065,-16.736,26.329,13.211,-45.152,50.0,1.0,26.566,26.614,1.668,-7.167,85.341,92.508,51.051,191.818,50.0,1,124.579,-43.065,-7.167,-44.347,17.779,-50.609,-11.584,-31.774,25.141,-42.449,6.042,-43.706,5.306,7.843,18.145,18.835,36.726,4,4,48.491,-13.19,-20.572,0.616,13.209,68.84816753926701,53.403141361256544,37.43455497382199,37.56544502617801,49.73856209150327,49.4,Moderada
Engenharia Civil (Bacharelado) | Darcy Ribeiro | Diurno | EP_R2_PPIQ | EP=True | R=R2 | GE=PPIQ | PCD=False | SM=1.0,302,Engenharia Civil (Bacharelado),Darcy Ribeiro,Diurno,EP_R2_PPIQ,1,1,-20.258,-20.258,41.376,41.376,-20.258,-20.258,-20.258,-20.258,0.0,0.0,0.0,100.0,0.0,0.0,41.376,41.376,41.376,41.376,0.0,0.0,0.0,100.0,0,0.0,-20.258,41.376,,,,,-20.258,41.376,-20.258,41.376,-20.258,41.376,0.0,0.0,0.0,0.0,2,2,61.634,0.0,0.0,0.0,0.0,33.37696335078534,82.32984293193716,78.20680628272252,74.54188481675392,17.77777777777778,57.25,Moderada
Engenharia Elétrica (Bacharelado) | Darcy Ribeiro | Diurno | AC | EP=False | R=NA | GE=NA | PCD=False | SM=NA,303,Engenharia Elétrica (Bacharelado),Darcy Ribeiro,Diurno,AC,5,5,-54.46,97.075,165.36,144.38,31.445,41.135,-54.46,125.478,179.938,83.046,264.102,75.0,2.0,146.328,123.592,156.3,-11.328,165.36,176.688,75.866,61.384,75.0,1,132.019,97.075,144.38,95.409,67.742,80.701,76.197,45.44,109.156,79.656,99.369,88.055,92.677,23.968,34.923,51.635,76.638,4,4,19.713,48.211,-24.223,-17.419,-45.011,4.188481675392675,0.2617801047120394,0.13089005235602524,17.212041884816752,82.2875816993464,20.82,Baixa
Engenharia Elétrica (Bacharelado) | Darcy Ribeiro | Diurno | CN | EP=False | R=NA | GE=NEGROS | PCD=False | SM=NA,304,Engenharia Elétrica (Bacharelado),Darcy Ribeiro,Diurno,CN,4,4,-12.144,19.288,-12.144,19.288,42.557,48.622,-12.144,85.127,97.271,46.901,110.207,66.667,1.0,78.023,42.557,48.622,-12.144,85.127,97.271,46.901,110.207,66.667,1,78.023,19.288,19.288,64.678,64.678,36.451,36.451,47.63,47.63,42.012,42.012,42.041,42.041,19.084,19.084,45.39,45.39,4,4,0.0,-0.545,-0.545,22.724,22.724,7.853403141361259,7.329842931937169,4.057591623036649,37.56544502617801,64.9673202614379,24.35,Baixa
Engenharia Elétrica (Bacharelado) | Darcy Ribeiro | Diurno | EP_R1_NPPI | EP=True | R=R1 | GE=NPPI | PCD=False | SM=1.5,305,Engenharia Elétrica (Bacharelado),Darcy Ribeiro,Diurno,EP_R1_NPPI,2,2,-26.903,-22.252,-26.903,6.079,-24.578,-24.578,-26.903,-22.252,4.651,3.289,-13.381,100.0,0.0,0.0,-10.412,-10.412,-26.903,6.079,32.982,23.322,-223.99,100.0,0,0.0,-22.252,6.079,-19.927,22.57,-19.927,22.57,-23.802,-4.915,-21.477,11.576,-21.089,14.324,1.899,13.465,3.876,27.485,4,4,33.053,3.101,21.988,0.775,5.497,53.14136125654449,63.74345549738221,78.20680628272252,74.54188481675392,39.47712418300654,61.82,Alta
Engenharia Elétrica (Bacharelado) | Darcy Ribeiro | Diurno | EP_R1_PPI | EP=True | R=R1 | GE=PPI | PCD=False | SM=1.5,306,Engenharia Elétrica (Bacharelado),Darcy Ribeiro,Diurno,EP_R1_PPI,4,4,-62.725,21.442,10.242,51.5,-13.514,-6.386,-62.725,21.442,84.167,35.724,-264.351,100.0,0.0,19.374,12.242,5.155,-12.839,51.5,64.339,27.824,227.272,66.667,1,37.264,21.442,51.5,52.838,46.412,47.136,61.315,-0.243,19.076,30.293,44.576,34.289,48.956,24.514,18.09,53.081,42.239,4,4,14.283,43.807,32.334,8.851,-6.924,93.717277486911,11.64921465968587,45.418848167539274,74.54188481675392,64.9673202614379,58.06,Moderada
Engenharia Elétrica (Bacharelado) | Darcy Ribeiro | Diurno | EP_R2_NPPI | EP=True | R=R2 | GE=NPPI | PCD=False | SM=1.5,307,Engenharia Elétrica (Bacharelado),Darcy Ribeiro,Diurno,EP_R2_NPPI,4,4,-45.468,25.261,145.719,75.92,-15.286,-20.468,-45.468,25.261,70.729,29.489,-192.916,100.0,0.0,22.737,105.9,105.566,66.75,145.719,78.969,40.316,38.07,66.667,2,80.045,25.261,75.92,37.813,70.666,41.959,74.602,-4.666,98.853,25.092,80.01,31.537,75.261,21.07,12.759,46.625,28.187,4,4,54.918,40.378,-25.89,-0.169,4.09,90.83769633507853,19.240837696335078,41.75392670157068,74.54188481675392,64.9673202614379,58.27,Moderada
Engenharia Elétrica (Bacharelado) | Darcy Ribeiro | Diurno | EP_R2_NPPIQ | EP=True | R=R2 | GE=NPPIQ | PCD=False | SM=1.0,308,Engenharia Elétrica (Bacharelado),Darcy Ribeiro,Diurno,EP_R2_NPPIQ,1,1,-6.585,-6.585,58.012,58.012,-6.585,-6.585,-6.585,-6.585,0.0,0.0,0.0,100.0,0.0,0.0,58.012,58.012,58.012,58.012,0.0,0.0,0.0,100.0,0,0.0,-6.585,58.012,,,,,-6.585,58.012,-6.585,58.012,-6.585,58.012,0.0,0.0,0.0,0.0,2,2,64.597,0.0,0.0,0.0,0.0,33.37696335078534,82.32984293193716,78.20680628272252,74.54188481675392,17.77777777777778,57.25,Moderada
Engenharia Elétrica (Bacharelado) | Darcy Ribeiro | Diurno | EP_R2_PPI | EP=True | R=R2 | GE=PPI | PCD=False | SM=1.5,309,Engenharia Elétrica (Bacharelado),Darcy Ribeiro,Diurno,EP_R2_PPI,4,4,-25.08,51.632,33.134,72.957,-5.188,-17.16,-38.064,51.632,89.696,39.671,-764.712,66.667,1.0,37.035,39.95,33.517,19.809,72.957,53.148,22.936,57.412,66.667,1,26.201,51.632,72.957,59.552,73.34,74.324,83.816,7.76,46.628,48.317,69.185,55.592,73.148,28.626,15.858,66.563,37.188,4,4,20.868,53.505,29.235,-3.315,-3.772,97.77486910994764,9.81675392670157,27.356020942408378,37.56544502617801,64.9673202614379,47.5,Moderada
Engenharia Elétrica (Bacharelado) | Darcy Ribeiro | Diurno | EP_R2_PPIQ | EP=True | R=R2 | GE=PPIQ | PCD=False | SM=1.0,310,Engenharia Elétrica (Bacharelado),Darcy Ribeiro,Diurno,EP_R2_PPIQ,1,1,-23.359,-23.359,-23.359,-23.359,-23.359,-23.359,-23.359,-23.359,0.0,0.0,0.0,100.0,0.0,0.0,-23.359,-23.359,-23.359,-23.359,0.0,0.0,0.0,100.0,0,0.0,-23.359,-23.359,,,,,-23.359,-23.359,-23.359,-23.359,-23.359,-23.359,0.0,0.0,0.0,0.0,2,2,0.0,0.0,0.0,0.0,0.0,33.37696335078534,82.32984293193716,78.20680628272252,74.54188481675392,17.77777777777778,57.25,Moderada
Engenharia Florestal (Bacharelado) | Darcy Ribeiro | Diurno | AC | EP=False | R=NA | GE=NA | PCD=False | SM=NA,311,Engenharia Florestal (Bacharelado),Darcy Ribeiro,Diurno,AC,5,5,-65.083,-69.015,17.752,65.667,-61.697,-65.083,-71.066,-50.298,20.768,9.461,-15.334,75.0,2.0,15.561,42.234,42.301,17.752,65.667,47.915,18.916,44.79,75.0,2,16.926,-69.015,65.667,-60.962,75.797,-65.499,73.103,-61.018,49.386,-64.123,65.988,-63.258,69.385,3.893,11.868,8.053,26.411,4,4,130.111,-2.426,23.754,4.892,0.321,54.31937172774869,57.72251308900523,49.345549738219894,17.212041884816752,82.2875816993464,52.18,Moderada
Engenharia Florestal (Bacharelado) | Darcy Ribeiro | Diurno | CN | EP=False | R=NA | GE=NEGROS | PCD=False | SM=NA,312,Engenharia Florestal (Bacharelado),Darcy Ribeiro,Diurno,CN,5,5,-27.121,-59.51,8.294,-59.51,-34.463,-32.127,-59.51,-21.139,38.371,14.735,-42.755,75.0,2.0,15.756,-27.38,-32.127,-59.51,8.294,67.804,24.453,-89.311,75.0,2,22.109,-59.51,-59.51,-57.6,-70.522,-62.937,-68.544,-38.801,-36.44,-54.712,-58.754,-58.555,-64.027,10.835,15.629,24.136,34.083,4,4,-4.042,-20.249,-31.374,4.798,0.756,67.5392670157068,43.717277486911,49.083769633507856,17.212041884816752,82.2875816993464,51.97,Moderada
Engenharia Florestal (Bacharelado) | Darcy Ribeiro | Diurno | EP_R1_NPPI | EP=True | R=R1 | GE=NPPI | PCD=False | SM=1.5,313,Engenharia Florestal (Bacharelado),Darcy Ribeiro,Diurno,EP_R1_NPPI,2,2,-2.213,-15.457,-2.213,9.613,-8.835,-8.835,-15.457,-2.213,13.244,9.365,-105.998,100.0,0.0,0.0,3.7,3.7,-2.213,9.613,11.826,8.362,226.007,100.0,0,0.0,-15.457,9.613,-28.701,21.439,-28.701,21.439,-11.042,5.671,-20.975,14.54,-22.079,15.526,9.101,8.127,17.659,15.768,4,4,35.515,-12.14,10.84,-5.518,4.927,83.37696335078533,60.99476439790577,78.20680628272252,74.54188481675392,39.47712418300654,67.32,Alta
Engenharia Florestal (Bacharelado) | Darcy Ribeiro | Diurno | EP_R1_PPI | EP=True | R=R1 | GE=PPI | PCD=False | SM=1.5,314,Engenharia Florestal (Bacharelado),Darcy Ribeiro,Diurno,EP_R1_PPI,2,2,-72.218,-21.467,20.162,-21.467,-46.842,-46.842,-72.218,-21.467,50.751,35.886,-76.611,100.0,0.0,0.0,-0.652,-0.652,-21.467,20.162,41.629,29.436,-4511.287,100.0,0,0.0,-21.467,-21.467,-4.55,-35.343,-4.55,-35.343,-38.384,-7.591,-17.238,-24.936,-13.008,-28.405,16.197,13.286,33.834,27.753,4,4,-7.698,29.604,-24.284,4.229,-3.469,76.70157068062828,32.85340314136126,78.20680628272252,74.54188481675392,39.47712418300654,60.36,Alta
Engenharia Florestal (Bacharelado) | Darcy Ribeiro | Diurno | EP_R2_NPPI | EP=True | R=R2 | GE=NPPI | PCD=False | SM=1.5,315,Engenharia Florestal (Bacharelado),Darcy Ribeiro,Diurno,EP_R2_NPPI,3,3,-29.541,-13.984,-29.541,-13.984,-32.124,-29.541,-52.846,-13.984,38.862,19.559,-60.888,50.0,1.0,43.959,-31.247,-29.541,-50.215,-13.984,36.231,18.176,-58.168,50.0,1,40.238,-13.984,-13.984,-16.567,-15.69,-6.206,-6.206,-29.531,-28.654,-16.572,-16.133,-15.275,-14.837,9.697,9.312,23.325,22.448,4,4,0.439,15.552,15.114,-2.588,-2.149,73.29842931937172,43.45549738219895,21.46596858638743,37.56544502617801,49.73856209150327,45.1,Moderada
Engenharia Florestal (Bacharelado) | Darcy Ribeiro | Diurno | EP_R2_NPPIQ | EP=True | R=R2 | GE=NPPIQ | PCD=False | SM=1.0,316,Engenharia Florestal (Bacharelado),Darcy Ribeiro,Diurno,EP_R2_NPPIQ,1,1,-27.754,-27.754,-27.754,-27.754,-27.754,-27.754,-27.754,-27.754,0.0,0.0,0.0,100.0,0.0,0.0,-27.754,-27.754,-27.754,-27.754,0.0,0.0,0.0,100.0,0,0.0,-27.754,-27.754,,,,,-27.754,-27.754,-27.754,-27.754,-27.754,-27.754,0.0,0.0,0.0,0.0,2,2,0.0,0.0,0.0,0.0,0.0,33.37696335078534,82.32984293193716,78.20680628272252,74.54188481675392,17.77777777777778,57.25,Moderada
Engenharia Florestal (Bacharelado) | Darcy Ribeiro | Diurno | EP_R2_PPI | EP=True | R=R2 | GE=PPI | PCD=False | SM=1.5,317,Engenharia Florestal (Bacharelado),Darcy Ribeiro,Diurno,EP_R2_PPI,3,3,-42.766,-50.84,-42.766,-13.077,-33.151,-42.766,-50.84,-5.848,44.992,23.988,-72.358,50.0,1.0,57.919,-20.564,-13.077,-42.766,-5.848,36.918,19.565,-95.141,50.0,1,31.217,-50.84,-13.077,-41.225,9.125,-54.877,1.767,-34.497,-15.615,-45.36,-4.45,-46.033,-5.655,9.232,11.861,20.38,24.741,4,4,40.91,-12.209,16.114,5.48,8.627,75.91623036649214,37.30366492146597,12.041884816753923,37.56544502617801,49.73856209150327,42.51,Moderada
Engenharia Mecatrônica (Bacharelado) | Darcy Ribeiro | Diurno | AC | EP=False | R=NA | GE=NA | PCD=False | SM=NA,318,Engenharia Mecatrônica (Bacharelado),Darcy Ribeiro,Diurno,AC,5,5,-40.37,84.017,134.759,170.136,47.911,71.137,-40.37,116.231,156.601,62.957,131.404,50.0,2.0,103.77,132.379,156.247,37.891,170.136,132.245,54.447,41.13,50.0,2,103.308,84.017,170.136,97.503,120.142,77.354,125.849,57.317,128.764,79.048,136.223,80.686,127.307,16.737,22.891,40.187,49.994,4,4,57.175,31.137,3.844,-4.969,-33.913,6.806282722513091,0.7853403141361293,1.308900523560208,17.212041884816752,82.2875816993464,21.68,Baixa
Engenharia Mecatrônica (Bacharelado) | Darcy Ribeiro | Diurno | CN | EP=False | R=NA | GE=NEGROS | PCD=False | SM=NA,319,Engenharia Mecatrônica (Bacharelado),Darcy Ribeiro,Diurno,CN,5,5,-19.965,25.527,1.525,25.527,56.383,53.035,-19.965,139.153,159.118,60.031,106.471,50.0,3.0,102.668,60.681,53.035,1.525,139.153,137.628,53.626,88.374,50.0,3,96.577,25.527,25.527,85.94,78.099,52.569,49.167,66.114,67.547,57.538,55.085,59.342,58.357,25.361,23.048,60.413,52.572,4,4,-2.453,1.155,-5.596,32.011,29.558,7.984293193717273,0.654450261780104,1.5706806282722474,5.759162303664922,82.2875816993464,19.65,Muito baixa
Engenharia Mecatrônica (Bacharelado) | Darcy Ribeiro | Diurno | EP_R1_NPPI | EP=True | R=R1 | GE=NPPI | PCD=False | SM=1.5,320,Engenharia Mecatrônica (Bacharelado),Darcy Ribeiro,Diurno,EP_R1_NPPI,3,3,-32.767,-42.409,-32.767,-41.277,-34.79,-32.767,-42.409,-29.193,13.216,6.836,-19.65,50.0,1.0,11.872,-24.309,-32.767,-41.277,1.117,42.394,22.427,-92.258,50.0,1,53.937,-42.409,-41.277,-44.432,-32.819,-47.23,-45.532,-36.397,-25.727,-42.617,-36.339,-43.42,-37.048,4.594,8.83,10.833,19.805,4,4,6.278,-7.827,-12.03,-0.208,4.938,55.366492146596855,61.25654450261779,51.83246073298429,37.56544502617801,49.73856209150327,51.15,Moderada
Engenharia Mecatrônica (Bacharelado) | Darcy Ribeiro | Diurno | EP_R1_NPPIQ | EP=True | R=R1 | GE=NPPIQ | PCD=False | SM=1.0,321,Engenharia Mecatrônica (Bacharelado),Darcy Ribeiro,Diurno,EP_R1_NPPIQ,1,1,-4.756,-4.756,8.105,8.105,-4.756,-4.756,-4.756,-4.756,0.0,0.0,0.0,100.0,0.0,0.0,8.105,8.105,8.105,8.105,0.0,0.0,0.0,100.0,0,0.0,-4.756,8.105,,,,,-4.756,8.105,-4.756,8.105,-4.756,8.105,0.0,0.0,0.0,0.0,2,2,12.861,0.0,0.0,0.0,0.0,33.37696335078534,82.32984293193716,78.20680628272252,74.54188481675392,17.77777777777778,57.25,Moderada
Engenharia Mecatrônica (Bacharelado) | Darcy Ribeiro | Diurno | EP_R1_PPI | EP=True | R=R1 | GE=PPI | PCD=False | SM=1.5,322,Engenharia Mecatrônica (Bacharelado),Darcy Ribeiro,Diurno,EP_R1_PPI,3,3,-37.722,-24.504,54.405,59.809,-29.963,-27.662,-37.722,-24.504,13.218,6.903,-23.038,100.0,0.0,4.88,53.607,54.405,46.608,59.809,13.201,6.637,12.38,50.0,1,14.848,-24.504,59.809,-16.745,59.011,-17.895,62.511,-27.76,54.508,-21.726,58.96,-21.2,59.41,5.279,3.324,11.015,8.003,4,4,80.686,8.237,5.353,2.778,-0.849,57.06806282722513,61.12565445026178,55.62827225130891,74.54188481675392,49.73856209150327,59.62,Moderada
Engenharia Mecatrônica (Bacharelado) | Darcy Ribeiro | Diurno | EP_R2_NPPI | EP=True | R=R2 | GE=NPPI | PCD=False | SM=1.5,323,Engenharia Mecatrônica (Bacharelado),Darcy Ribeiro,Diurno,EP_R2_NPPI,5,5,19.302,-65.329,65.536,-19.947,-15.903,-40.631,-65.329,49.02,114.349,47.915,-301.302,50.0,3.0,51.53,48.061,65.536,-19.947,79.438,99.385,40.298,83.847,50.0,3,54.325,-65.329,-19.947,-93.577,-5.541,-95.246,-20.249,-33.163,36.15,-71.829,-2.397,-79.453,-12.744,29.204,26.598,62.082,56.399,4,4,69.432,-55.926,-50.458,-6.5,17.55,94.89528795811518,3.5340314136125706,16.09947643979057,5.759162303664922,82.2875816993464,40.52,Moderada
Engenharia Mecatrônica (Bacharelado) | Darcy Ribeiro | Diurno | EP_R2_NPPIQ | EP=True | R=R2 | GE=NPPIQ | PCD=False | SM=1.0,324,Engenharia Mecatrônica (Bacharelado),Darcy Ribeiro,Diurno,EP_R2_NPPIQ,1,1,-19.193,-19.193,79.642,79.642,-19.193,-19.193,-19.193,-19.193,0.0,0.0,0.0,100.0,0.0,0.0,79.642,79.642,79.642,79.642,0.0,0.0,0.0,100.0,0,0.0,-19.193,79.642,,,,,-19.193,79.642,-19.193,79.642,-19.193,79.642,0.0,0.0,0.0,0.0,2,2,98.835,0.0,0.0,0.0,0.0,33.37696335078534,82.32984293193716,78.20680628272252,74.54188481675392,17.77777777777778,57.25,Moderada
Engenharia Mecatrônica (Bacharelado) | Darcy Ribeiro | Diurno | EP_R2_PPI | EP=True | R=R2 | GE=PPI | PCD=False | SM=1.5,325,Engenharia Mecatrônica (Bacharelado),Darcy Ribeiro,Diurno,EP_R2_PPI,3,3,-46.573,1.944,42.867,1.944,-27.903,-39.081,-46.573,1.944,48.517,26.119,-93.604,100.0,0.0,23.711,8.256,1.944,-20.043,42.867,62.91,31.926,386.706,50.0,1,60.031,1.944,1.944,20.614,-32.667,26.202,-18.517,-19.817,1.436,7.236,-11.951,11.279,-8.541,20.805,16.778,46.02,34.611,4,4,-19.187,35.139,-20.207,5.292,-13.895,80.49738219895288,34.424083769633505,40.575916230366495,74.54188481675392,49.73856209150327,55.96,Moderada
Engenharia Mecatrônica (Bacharelado) | Darcy Ribeiro | Diurno | EP_R2_PPIQ | EP=True | R=R2 | GE=PPIQ | PCD=False | SM=1.0,326,Engenharia Mecatrônica (Bacharelado),Darcy Ribeiro,Diurno,EP_R2_PPIQ,1,1,-53.086,-53.086,-27.897,-27.897,-53.086,-53.086,-53.086,-53.086,0.0,0.0,0.0,100.0,0.0,0.0,-27.897,-27.897,-27.897,-27.897,0.0,0.0,0.0,100.0,0,0.0,-53.086,-27.897,,,,,-53.086,-27.897,-53.086,-27.897,-53.086,-27.897,0.0,0.0,0.0,0.0,2,2,25.189,0.0,0.0,0.0,0.0,33.37696335078534,82.32984293193716,78.20680628272252,74.54188481675392,17.77777777777778,57.25,Moderada
Engenharia Mecânica (Bacharelado) | Darcy Ribeiro | Diurno | AC | EP=False | R=NA | GE=NA | PCD=False | SM=NA,327,Engenharia Mecânica (Bacharelado),Darcy Ribeiro,Diurno,AC,6,5,-102.234,83.117,142.555,151.18,28.009,69.293,-102.234,88.12,190.354,79.775,284.823,60.0,4.0,121.536,122.53,142.555,27.385,154.863,127.478,53.665,43.797,50.0,2,96.145,83.117,151.18,87.747,94.367,60.226,102.802,42.232,115.181,68.331,115.882,71.671,108.991,21.154,25.036,45.515,56.813,4,4,47.551,40.322,-6.648,-14.786,-35.298,3.6649214659685847,0.13089005235602524,0.39267015706806463,1.505235602094246,95.29411764705881,20.2,Baixa
Engenharia Mecânica (Bacharelado) | Darcy Ribeiro | Diurno | CN | EP=False | R=NA | GE=NEGROS | PCD=False | SM=NA,328,Engenharia Mecânica (Bacharelado),Darcy Ribeiro,Diurno,CN,6,6,27.299,68.151,30.337,68.151,25.285,26.444,-47.32,68.151,115.471,42.095,166.484,60.0,3.0,84.503,25.791,27.962,-47.32,68.151,115.471,42.142,163.399,60.0,3,84.603,68.151,68.151,29.074,28.062,36.199,35.765,26.187,26.332,39.903,39.577,32.637,31.913,19.296,19.485,41.964,41.819,4,4,-0.326,14.618,13.786,-28.248,-28.574,5.759162303664922,3.27225130890052,3.5340314136125706,5.759162303664922,95.29411764705881,22.72,Baixa
Engenharia Mecânica (Bacharelado) | Darcy Ribeiro | Diurno | EP_R1_NPPI | EP=True | R=R1 | GE=NPPI | PCD=False | SM=1.5,329,Engenharia Mecânica (Bacharelado),Darcy Ribeiro,Diurno,EP_R1_NPPI,2,2,-40.249,-32.365,33.782,-32.365,-36.307,-36.307,-40.249,-32.365,7.884,5.575,-15.355,100.0,0.0,0.0,0.708,0.708,-32.365,33.782,66.147,46.773,6601.693,100.0,0,0.0,-32.365,-32.365,-28.423,-65.438,-28.423,-65.438,-34.993,-10.316,-31.051,-43.389,-30.394,-48.902,3.219,27.004,6.57,55.122,4,4,-12.338,5.256,-44.097,1.314,-11.024,54.45026178010471,63.35078534031413,78.20680628272252,74.54188481675392,39.47712418300654,62.01,Alta
Engenharia Mecânica (Bacharelado) | Darcy Ribeiro | Diurno | EP_R1_NPPIQ | EP=True | R=R1 | GE=NPPIQ | PCD=False | SM=1.0,330,Engenharia Mecânica (Bacharelado),Darcy Ribeiro,Diurno,EP_R1_NPPIQ,1,1,-69.376,-69.376,-69.376,-69.376,-69.376,-69.376,-69.376,-69.376,0.0,0.0,0.0,100.0,0.0,0.0,-69.376,-69.376,-69.376,-69.376,0.0,0.0,0.0,100.0,0,0.0,-69.376,-69.376,,,,,-69.376,-69.376,-69.376,-69.376,-69.376,-69.376,0.0,0.0,0.0,0.0,2,2,0.0,0.0,0.0,0.0,0.0,33.37696335078534,82.32984293193716,78.20680628272252,74.54188481675392,17.77777777777778,57.25,Moderada
Engenharia Mecânica (Bacharelado) | Darcy Ribeiro | Diurno | EP_R1_PPI | EP=True | R=R1 | GE=PPI | PCD=False | SM=1.5,331,Engenharia Mecânica (Bacharelado),Darcy Ribeiro,Diurno,EP_R1_PPI,4,4,-33.726,22.756,5.966,22.756,-16.873,-27.828,-34.593,22.756,57.349,27.043,-160.276,66.667,2.0,35.532,-1.54,1.04,-30.996,22.756,53.752,22.508,-1461.542,66.667,1,42.587,22.756,22.756,22.322,4.275,31.433,16.996,-9.034,-0.377,16.869,10.912,22.539,10.635,17.771,10.782,40.467,23.133,4,4,-5.957,33.742,12.452,-5.887,-11.844,88.61256544502618,28.01047120418848,28.79581151832461,17.212041884816752,64.9673202614379,45.52,Moderada
Engenharia Mecânica (Bacharelado) | Darcy Ribeiro | Diurno | EP_R2_NPPI | EP=True | R=R2 | GE=NPPI | PCD=False | SM=1.5,332,Engenharia Mecânica (Bacharelado),Darcy Ribeiro,Diurno,EP_R2_NPPI,4,4,-8.237,-22.76,129.024,39.682,-17.784,-17.391,-28.117,-8.237,19.88,9.236,-51.933,66.667,2.0,18.699,65.032,55.078,20.947,129.024,108.077,47.296,72.727,66.667,2,78.807,-22.76,39.682,-24.652,10.407,-22.824,25.864,-19.157,54.107,-22.348,32.515,-22.792,32.773,2.301,18.713,5.495,43.7,4,4,54.863,-4.564,-32.517,0.412,-7.167,70.81151832460732,57.98429319371727,46.46596858638743,17.212041884816752,64.9673202614379,51.49,Moderada
Engenharia Mecânica (Bacharelado) | Darcy Ribeiro | Diurno | EP_R2_NPPIQ | EP=True | R=R2 | GE=NPPIQ | PCD=False | SM=1.0,333,Engenharia Mecânica (Bacharelado),Darcy Ribeiro,Diurno,EP_R2_NPPIQ,1,1,-1.775,-1.775,66.886,66.886,-1.775,-1.775,-1.775,-1.775,0.0,0.0,0.0,100.0,0.0,0.0,66.886,66.886,66.886,66.886,0.0,0.0,0.0,100.0,0,0.0,-1.775,66.886,,,,,-1.775,66.886,-1.775,66.886,-1.775,66.886,0.0,0.0,0.0,0.0,2,2,68.661,0.0,0.0,0.0,0.0,33.37696335078534,82.32984293193716,78.20680628272252,74.54188481675392,17.77777777777778,57.25,Moderada
Engenharia Mecânica (Bacharelado) | Darcy Ribeiro | Diurno | EP_R2_PPI | EP=True | R=R2 | GE=PPI | PCD=False | SM=1.5,334,Engenharia Mecânica (Bacharelado),Darcy Ribeiro,Diurno,EP_R2_PPI,3,3,-5.156,-68.903,32.83,42.09,-52.895,-68.903,-84.626,-5.156,79.47,42.084,-79.561,50.0,1.0,67.312,-0.875,32.83,-77.546,42.09,119.636,66.56,-7603.958,50.0,1,162.643,-68.903,42.09,-108.638,-13.098,-99.17,16.75,-63.52,0.668,-85.058,11.603,-84.036,8.709,22.211,23.704,45.119,55.188,4,4,96.661,-32.163,12.478,-16.155,-30.487,77.09424083769633,14.005235602094245,7.460732984293195,37.56544502617801,49.73856209150327,37.17,Baixa
Engenharia Mecânica (Bacharelado) | Darcy Ribeiro | Diurno | EP_R2_PPIQ | EP=True | R=R2 | GE=PPIQ | PCD=False | SM=1.0,335,Engenharia Mecânica (Bacharelado),Darcy Ribeiro,Diurno,EP_R2_PPIQ,1,1,5.003,5.003,17.361,17.361,5.003,5.003,5.003,5.003,0.0,0.0,0.0,100.0,0.0,0.0,17.361,17.361,17.361,17.361,0.0,0.0,0.0,100.0,0,0.0,5.003,17.361,,,,,5.003,17.361,5.003,17.361,5.003,17.361,0.0,0.0,0.0,0.0,2,2,12.358,0.0,0.0,0.0,0.0,33.37696335078534,82.32984293193716,78.20680628272252,74.54188481675392,17.77777777777778,57.25,Moderada
Engenharia Química (Bacharelado) | Darcy Ribeiro | Diurno | AC | EP=False | R=NA | GE=NA | PCD=False | SM=NA,336,Engenharia Química (Bacharelado),Darcy Ribeiro,Diurno,AC,6,5,-50.087,51.716,134.041,135.786,26.86,55.614,-50.087,70.109,120.196,53.139,197.837,60.0,4.0,83.928,101.419,134.041,-7.947,136.761,144.708,62.259,61.388,50.0,3,119.798,51.716,135.786,47.422,69.952,27.808,82.704,31.756,93.892,39.675,95.583,39.589,88.298,11.67,28.53,23.908,65.834,4,4,55.908,12.815,-5.836,-12.041,-40.203,5.235602094240843,2.617801047120416,3.6649214659685847,1.505235602094246,95.29411764705881,21.66,Baixa
Engenharia Química (Bacharelado) | Darcy Ribeiro | Diurno | CN | EP=False | R=NA | GE=NEGROS | PCD=False | SM=NA,337,Engenharia Química (Bacharelado),Darcy Ribeiro,Diurno,CN,3,3,11.144,5.744,11.144,5.744,24.62,11.144,5.744,56.973,51.229,28.148,114.328,50.0,1.0,68.63,24.62,11.144,5.744,56.973,51.229,28.148,114.328,50.0,1,68.63,5.744,5.744,20.57,20.57,9.247,9.247,23.72,23.72,14.82,14.82,14.909,14.909,8.674,8.674,17.976,17.976,4,4,0.0,-9.8,-9.8,9.076,9.076,7.460732984293195,32.460732984293195,6.544502617801051,37.56544502617801,49.73856209150327,26.75,Baixa
Engenharia Química (Bacharelado) | Darcy Ribeiro | Diurno | EP_R1_NPPI | EP=True | R=R1 | GE=NPPI | PCD=False | SM=1.5,338,Engenharia Química (Bacharelado),Darcy Ribeiro,Diurno,EP_R1_NPPI,3,3,-47.162,-55.77,-47.162,-55.77,-48.871,-47.162,-55.77,-43.682,12.088,6.223,-12.733,50.0,1.0,11.008,-48.871,-47.162,-55.77,-43.682,12.088,6.223,-12.733,50.0,1,11.008,-55.77,-55.77,-57.479,-57.479,-60.074,-60.074,-50.306,-50.306,-55.907,-55.907,-56.625,-56.625,4.132,4.132,9.768,9.768,4,4,0.0,-7.036,-7.036,-0.137,-0.137,52.87958115183247,61.518324607329845,52.35602094240838,37.56544502617801,49.73856209150327,50.81,Moderada
Engenharia Química (Bacharelado) | Darcy Ribeiro | Diurno | EP_R1_PPI | EP=True | R=R1 | GE=PPI | PCD=False | SM=1.5,339,Engenharia Química (Bacharelado),Darcy Ribeiro,Diurno,EP_R1_PPI,4,4,38.999,27.883,38.999,27.883,9.035,16.528,-35.915,38.999,74.914,33.108,366.457,66.667,1.0,62.349,29.592,33.441,5.342,46.146,40.804,17.828,60.245,66.667,2,39.307,27.883,27.883,10.969,31.456,30.495,34.535,9.422,29.965,19.692,30.96,19.426,30.711,11.036,2.798,21.073,6.652,4,4,11.268,10.657,1.368,-8.191,3.077,2.8795811518324554,17.277486910994767,10.209424083769637,37.56544502617801,64.9673202614379,26.58,Baixa
Engenharia Química (Bacharelado) | Darcy Ribeiro | Diurno | EP_R2_NPPI | EP=True | R=R2 | GE=NPPI | PCD=False | SM=1.5,340,Engenharia Química (Bacharelado),Darcy Ribeiro,Diurno,EP_R2_NPPI,4,3,-16.557,-42.449,132.95,125.822,1.547,-1.532,-42.449,51.7,94.149,40.503,2618.575,66.667,1.0,74.173,112.688,125.822,79.292,132.95,53.658,29.141,25.859,50.0,1,70.844,-42.449,125.822,-8.32,98.993,-33.16,111.518,-0.427,111.5,-21.089,111.958,-20.74,111.509,19.933,10.965,42.022,26.829,4,4,133.047,-22.636,-0.73,21.36,-13.864,0.2617801047120394,7.984293193717273,4.712041884816753,37.56544502617801,64.9673202614379,23.1,Baixa
Engenharia Química (Bacharelado) | Darcy Ribeiro | Diurno | EP_R2_NPPIQ | EP=True | R=R2 | GE=NPPIQ | PCD=False | SM=1.0,341,Engenharia Química (Bacharelado),Darcy Ribeiro,Diurno,EP_R2_NPPIQ,1,1,-59.302,-59.302,49.093,49.093,-59.302,-59.302,-59.302,-59.302,0.0,0.0,0.0,100.0,0.0,0.0,49.093,49.093,49.093,49.093,0.0,0.0,0.0,100.0,0,0.0,-59.302,49.093,,,,,-59.302,49.093,-59.302,49.093,-59.302,49.093,0.0,0.0,0.0,0.0,2,2,108.395,0.0,0.0,0.0,0.0,33.37696335078534,82.32984293193716,78.20680628272252,74.54188481675392,17.77777777777778,57.25,Moderada
Engenharia Química (Bacharelado) | Darcy Ribeiro | Diurno | EP_R2_PPI | EP=True | R=R2 | GE=PPI | PCD=False | SM=1.5,342,Engenharia Química (Bacharelado),Darcy Ribeiro,Diurno,EP_R2_PPI,3,3,-14.085,30.811,-14.085,59.008,-7.766,-14.085,-40.025,30.811,70.836,35.838,-461.456,50.0,1.0,68.431,1.633,-14.085,-40.025,59.008,99.033,51.353,3145.367,50.0,1,88.369,30.811,59.008,37.13,74.726,53.259,95.554,-0.284,13.815,30.229,60.776,33.97,66.867,22.43,34.702,53.543,81.74,4,4,30.547,37.995,59.143,-0.582,1.768,96.33507853403141,18.97905759162304,6.675392670157065,37.56544502617801,49.73856209150327,41.86,Moderada
Engenharia Química (Bacharelado) | Darcy Ribeiro | Diurno | EP_R2_PPIQ | EP=True | R=R2 | GE=PPIQ | PCD=False | SM=1.0,343,Engenharia Química (Bacharelado),Darcy Ribeiro,Diurno,EP_R2_PPIQ,1,1,-17.786,-17.786,2.511,2.511,-17.786,-17.786,-17.786,-17.786,0.0,0.0,0.0,100.0,0.0,0.0,2.511,2.511,2.511,2.511,0.0,0.0,0.0,100.0,0,0.0,-17.786,2.511,,,,,-17.786,2.511,-17.786,2.511,-17.786,2.511,0.0,0.0,0.0,0.0,2,2,20.297,0.0,0.0,0.0,0.0,33.37696335078534,82.32984293193716,78.20680628272252,74.54188481675392,17.77777777777778,57.25,Moderada
Engenharia de Computação (Bacharelado) | Darcy Ribeiro | Diurno | AC | EP=False | R=NA | GE=NA | PCD=False | SM=NA,344,Engenharia de Computação (Bacharelado),Darcy Ribeiro,Diurno,AC,5,5,76.169,120.918,143.359,167.223,108.165,120.321,76.169,120.918,44.749,19.442,17.974,75.0,2.0,26.307,148.586,156.459,115.572,167.223,51.651,20.397,13.728,50.0,2,38.729,120.918,167.223,130.683,150.361,123.933,152.413,112.975,148.785,122.127,154.695,122.425,151.387,7.341,8.483,17.708,18.438,4,4,32.568,13.962,6.109,1.209,-12.528,14.397905759162299,37.82722513089005,37.82722513089005,17.212041884816752,82.2875816993464,37.91,Baixa
Engenharia de Computação (Bacharelado) | Darcy Ribeiro | Diurno | CN | EP=False | R=NA | GE=NEGROS | PCD=False | SM=NA,345,Engenharia de Computação (Bacharelado),Darcy Ribeiro,Diurno,CN,6,6,21.015,70.718,92.852,70.718,52.603,47.694,21.015,84.173,63.158,22.093,41.999,80.0,2.0,37.377,64.576,59.578,44.324,92.852,48.528,20.988,32.502,60.0,1,22.753,70.718,70.718,66.997,43.051,65.509,55.247,56.03,59.451,64.813,57.117,66.253,57.349,6.252,11.428,14.688,27.667,4,4,-7.696,12.21,-7.459,-5.905,-13.601,11.518324607329845,23.95287958115183,26.96335078534031,17.212041884816752,95.29411764705881,34.99,Baixa
Engenharia de Computação (Bacharelado) | Darcy Ribeiro | Diurno | EP_R1_NPPI | EP=True | R=R1 | GE=NPPI | PCD=False | SM=1.5,346,Engenharia de Computação (Bacharelado),Darcy Ribeiro,Diurno,EP_R1_NPPI,4,4,17.976,-26.48,19.536,-5.042,-7.877,-4.252,-52.218,29.216,81.434,38.107,-483.808,66.667,2.0,83.672,11.184,7.247,-10.159,40.403,50.562,23.397,209.195,66.667,2,51.489,-26.48,-5.042,-20.86,5.391,-17.96,2.241,-10.473,10.026,-18.943,3.154,-19.41,3.816,6.663,6.331,16.007,15.068,4,4,22.097,-11.066,-8.03,7.537,8.196,96.8586387434555,13.219895287958117,3.79581151832461,17.212041884816752,64.9673202614379,39.21,Baixa
Engenharia de Computação (Bacharelado) | Darcy Ribeiro | Diurno | EP_R1_NPPIQ | EP=True | R=R1 | GE=NPPIQ | PCD=False | SM=1.0,347,Engenharia de Computação (Bacharelado),Darcy Ribeiro,Diurno,EP_R1_NPPIQ,1,1,-33.752,-33.752,-33.752,-33.752,-33.752,-33.752,-33.752,-33.752,0.0,0.0,0.0,100.0,0.0,0.0,-33.752,-33.752,-33.752,-33.752,0.0,0.0,0.0,100.0,0,0.0,-33.752,-33.752,,,,,-33.752,-33.752,-33.752,-33.752,-33.752,-33.752,0.0,0.0,0.0,0.0,2,2,0.0,0.0,0.0,0.0,0.0,33.37696335078534,82.32984293193716,78.20680628272252,74.54188481675392,17.77777777777778,57.25,Moderada
Engenharia de Computação (Bacharelado) | Darcy Ribeiro | Diurno | EP_R1_PPI | EP=True | R=R1 | GE=PPI | PCD=False | SM=1.5,348,Engenharia de Computação (Bacharelado),Darcy Ribeiro,Diurno,EP_R1_PPI,4,4,-44.598,16.988,18.4,70.613,2.806,8.27,-44.598,39.279,83.877,35.539,1266.773,66.667,2.0,61.86,55.134,53.044,18.4,96.047,77.647,34.877,63.259,66.667,2,70.795,16.988,70.613,39.064,79.151,25.775,70.649,10.057,59.937,22.971,70.088,21.382,70.631,12.509,7.869,29.006,19.214,4,4,47.117,20.165,14.954,5.983,-0.525,1.0471204188481686,11.780104712041883,10.34031413612565,17.212041884816752,64.9673202614379,21.07,Baixa
Engenharia de Computação (Bacharelado) | Darcy Ribeiro | Diurno | EP_R2_NPPI | EP=True | R=R2 | GE=NPPI | PCD=False | SM=1.5,349,Engenharia de Computação (Bacharelado),Darcy Ribeiro,Diurno,EP_R2_NPPI,4,4,-63.631,13.301,29.797,34.706,38.573,42.922,-63.631,132.082,195.713,83.63,216.808,66.667,1.0,147.284,90.448,88.619,29.797,154.756,124.959,67.414,74.534,66.667,1,116.753,13.301,34.706,97.607,113.744,50.951,71.523,47.136,91.795,52.249,77.942,49.044,81.659,34.651,33.587,84.306,79.038,4,4,25.693,13.676,-12.506,38.948,43.236,4.842931937172779,0.0,0.0,37.56544502617801,64.9673202614379,21.48,Baixa
Engenharia de Computação (Bacharelado) | Darcy Ribeiro | Diurno | EP_R2_NPPIQ | EP=True | R=R2 | GE=NPPIQ | PCD=False | SM=1.0,350,Engenharia de Computação (Bacharelado),Darcy Ribeiro,Diurno,EP_R2_NPPIQ,1,1,82.189,82.189,83.309,83.309,82.189,82.189,82.189,82.189,0.0,0.0,0.0,100.0,0.0,0.0,83.309,83.309,83.309,83.309,0.0,0.0,0.0,100.0,0,0.0,82.189,83.309,,,,,82.189,83.309,82.189,83.309,82.189,83.309,0.0,0.0,0.0,0.0,2,2,1.12,0.0,0.0,0.0,0.0,33.37696335078534,82.32984293193716,78.20680628272252,74.54188481675392,17.77777777777778,57.25,Moderada
Engenharia de Computação (Bacharelado) | Darcy Ribeiro | Diurno | EP_R2_NPPIQ_PCD | EP=True | R=R2 | GE=NPPIQ | PCD=True | SM=1.0,351,Engenharia de Computação (Bacharelado),Darcy Ribeiro,Diurno,EP_R2_NPPIQ_PCD,1,1,25.163,25.163,25.163,25.163,25.163,25.163,25.163,25.163,0.0,0.0,0.0,100.0,0.0,0.0,25.163,25.163,25.163,25.163,0.0,0.0,0.0,100.0,0,0.0,25.163,25.163,,,,,25.163,25.163,25.163,25.163,25.163,25.163,0.0,0.0,0.0,0.0,2,2,0.0,0.0,0.0,0.0,0.0,33.37696335078534,82.32984293193716,78.20680628272252,74.54188481675392,17.77777777777778,57.25,Moderada
Engenharia de Computação (Bacharelado) | Darcy Ribeiro | Diurno | EP_R2_PPI | EP=True | R=R2 | GE=PPI | PCD=False | SM=1.5,352,Engenharia de Computação (Bacharelado),Darcy Ribeiro,Diurno,EP_R2_PPI,5,4,-31.837,-62.409,53.774,-51.296,-12.02,8.39,-62.409,13.355,75.764,33.87,-281.79,75.0,1.0,47.743,22.485,43.73,-51.296,53.774,105.07,49.49,220.105,100.0,0,49.064,-62.409,-51.296,-31.852,-37.934,-55.357,-57.636,-16.427,6.389,-41.511,-35.119,-43.604,-44.615,21.221,28.865,45.982,64.025,4,4,6.392,-29.491,-57.604,20.898,16.177,94.10994764397905,16.8848167539267,19.371727748691104,37.56544502617801,82.2875816993464,50.04,Moderada
Engenharia de Computação (Bacharelado) | Darcy Ribeiro | Diurno | EP_R2_PPIQ | EP=True | R=R2 | GE=PPIQ | PCD=False | SM=1.0,353,Engenharia de Computação (Bacharelado),Darcy Ribeiro,Diurno,EP_R2_PPIQ,1,1,-67.012,-67.012,55.801,55.801,-67.012,-67.012,-67.012,-67.012,0.0,0.0,0.0,100.0,0.0,0.0,55.801,55.801,55.801,55.801,0.0,0.0,0.0,100.0,0,0.0,-67.012,55.801,,,,,-67.012,55.801,-67.012,55.801,-67.012,55.801,0.0,0.0,0.0,0.0,2,2,122.813,0.0,0.0,0.0,0.0,33.37696335078534,82.32984293193716,78.20680628272252,74.54188481675392,17.77777777777778,57.25,Moderada
Engenharia de Produção (Bacharelado) | Darcy Ribeiro | Noturno | AC | EP=False | R=NA | GE=NA | PCD=False | SM=NA,354,Engenharia de Produção (Bacharelado),Darcy Ribeiro,Noturno,AC,6,5,-45.285,49.032,97.751,130.073,-9.411,-3.186,-75.158,49.032,124.19,58.723,-623.961,60.0,2.0,89.782,101.171,104.096,14.375,159.558,145.183,54.31,53.681,50.0,2,96.731,49.032,130.073,-6.161,84.496,0.989,86.367,-8.637,95.801,8.806,99.184,-2.586,91.084,27.126,21.178,57.669,45.577,4,4,90.378,18.217,-1.987,-40.226,-30.889,97.5130890052356,1.832460732984298,2.8795811518324554,17.212041884816752,95.29411764705881,42.95,Moderada
Engenharia de Produção (Bacharelado) | Darcy Ribeiro | Noturno | CN | EP=False | R=NA | GE=NEGROS | PCD=False | SM=NA,355,Engenharia de Produção (Bacharelado),Darcy Ribeiro,Noturno,CN,6,6,13.105,-31.733,18.914,-31.733,-15.976,-16.779,-71.003,27.336,98.339,34.705,-217.236,60.0,3.0,48.682,-15.007,-16.779,-71.003,27.336,98.339,35.744,-238.174,60.0,3,49.47,-31.733,-31.733,-57.722,-59.658,-59.921,-60.75,-25.915,-25.638,-43.823,-44.445,-44.727,-45.695,17.504,18.372,34.006,35.112,4,4,-0.622,-27.847,-29.438,-12.09,-12.712,91.8848167539267,6.806282722513091,18.717277486910998,5.759162303664922,95.29411764705881,43.69,Moderada
Engenharia de Produção (Bacharelado) | Darcy Ribeiro | Noturno | EP_R1_NPPI | EP=True | R=R1 | GE=NPPI | PCD=False | SM=1.5,356,Engenharia de Produção (Bacharelado),Darcy Ribeiro,Noturno,EP_R1_NPPI,1,1,-47.974,-47.974,-47.974,-47.974,-47.974,-47.974,-47.974,-47.974,0.0,0.0,0.0,100.0,0.0,0.0,-47.974,-47.974,-47.974,-47.974,0.0,0.0,0.0,100.0,0,0.0,-47.974,-47.974,,,,,-47.974,-47.974,-47.974,-47.974,-47.974,-47.974,0.0,0.0,0.0,0.0,2,2,0.0,0.0,0.0,0.0,0.0,33.37696335078534,82.32984293193716,78.20680628272252,74.54188481675392,17.77777777777778,57.25,Moderada
Engenharia de Produção (Bacharelado) | Darcy Ribeiro | Noturno | EP_R1_NPPIQ | EP=True | R=R1 | GE=NPPIQ | PCD=False | SM=1.0,357,Engenharia de Produção (Bacharelado),Darcy Ribeiro,Noturno,EP_R1_NPPIQ,1,1,-20.589,-20.589,-16.273,-16.273,-20.589,-20.589,-20.589,-20.589,0.0,0.0,0.0,100.0,0.0,0.0,-16.273,-16.273,-16.273,-16.273,0.0,0.0,0.0,100.0,0,0.0,-20.589,-16.273,,,,,-20.589,-16.273,-20.589,-16.273,-20.589,-16.273,0.0,0.0,0.0,0.0,2,2,4.316,0.0,0.0,0.0,0.0,33.37696335078534,82.32984293193716,78.20680628272252,74.54188481675392,17.77777777777778,57.25,Moderada
Engenharia de Produção (Bacharelado) | Darcy Ribeiro | Noturno | EP_R1_PPI | EP=True | R=R1 | GE=PPI | PCD=False | SM=1.5,358,Engenharia de Produção (Bacharelado),Darcy Ribeiro,Noturno,EP_R1_PPI,2,2,-5.047,11.401,-5.047,11.401,3.177,3.177,-5.047,11.401,16.448,11.63,366.084,100.0,0.0,0.0,3.177,3.177,-5.047,11.401,16.448,11.63,366.084,100.0,0,0.0,11.401,11.401,27.849,27.849,27.849,27.849,5.918,5.918,18.254,18.254,19.625,19.625,11.303,11.303,21.931,21.931,4,4,0.0,15.077,15.077,6.853,6.853,3.0104712041884807,59.554973821989535,78.20680628272252,74.54188481675392,39.47712418300654,50.96,Moderada
Engenharia de Produção (Bacharelado) | Darcy Ribeiro | Noturno | EP_R2_NPPI | EP=True | R=R2 | GE=NPPI | PCD=False | SM=1.5,359,Engenharia de Produção (Bacharelado),Darcy Ribeiro,Noturno,EP_R2_NPPI,2,2,46.816,-30.751,71.428,-18.063,8.033,8.033,-30.751,46.816,77.567,54.848,682.828,100.0,0.0,0.0,26.682,26.682,-18.063,71.428,89.491,63.28,237.158,100.0,0,0.0,-30.751,-18.063,-69.534,-62.808,-69.534,-62.808,-4.895,11.767,-43.679,-32.978,-50.143,-40.436,31.667,36.535,64.639,74.576,4,4,10.701,-51.712,-59.66,-12.928,-14.915,1.308900523560208,15.18324607329843,78.20680628272252,74.54188481675392,39.47712418300654,41.74,Moderada
Engenharia de Produção (Bacharelado) | Darcy Ribeiro | Noturno | EP_R2_NPPIQ | EP=True | R=R2 | GE=NPPIQ | PCD=False | SM=1.0,360,Engenharia de Produção (Bacharelado),Darcy Ribeiro,Noturno,EP_R2_NPPIQ,1,1,-30.464,-30.464,60.182,60.182,-30.464,-30.464,-30.464,-30.464,0.0,0.0,0.0,100.0,0.0,0.0,60.182,60.182,60.182,60.182,0.0,0.0,0.0,100.0,0,0.0,-30.464,60.182,,,,,-30.464,60.182,-30.464,60.182,-30.464,60.182,0.0,0.0,0.0,0.0,2,2,90.646,0.0,0.0,0.0,0.0,33.37696335078534,82.32984293193716,78.20680628272252,74.54188481675392,17.77777777777778,57.25,Moderada
Engenharia de Produção (Bacharelado) | Darcy Ribeiro | Noturno | EP_R2_PPI | EP=True | R=R2 | GE=PPI | PCD=False | SM=1.5,361,Engenharia de Produção (Bacharelado),Darcy Ribeiro,Noturno,EP_R2_PPI,1,1,-86.266,-86.266,14.269,14.269,-86.266,-86.266,-86.266,-86.266,0.0,0.0,0.0,100.0,0.0,0.0,14.269,14.269,14.269,14.269,0.0,0.0,0.0,100.0,0,0.0,-86.266,14.269,,,,,-86.266,14.269,-86.266,14.269,-86.266,14.269,0.0,0.0,0.0,0.0,2,2,100.535,0.0,0.0,0.0,0.0,33.37696335078534,82.32984293193716,78.20680628272252,74.54188481675392,17.77777777777778,57.25,Moderada
Engenharia de Produção (Bacharelado) | Darcy Ribeiro | Noturno | EP_R2_PPIQ | EP=True | R=R2 | GE=PPIQ | PCD=False | SM=1.0,362,Engenharia de Produção (Bacharelado),Darcy Ribeiro,Noturno,EP_R2_PPIQ,1,1,-5.763,-5.763,-5.763,-5.763,-5.763,-5.763,-5.763,-5.763,0.0,0.0,0.0,100.0,0.0,0.0,-5.763,-5.763,-5.763,-5.763,0.0,0.0,0.0,100.0,0,0.0,-5.763,-5.763,,,,,-5.763,-5.763,-5.763,-5.763,-5.763,-5.763,0.0,0.0,0.0,0.0,2,2,0.0,0.0,0.0,0.0,0.0,33.37696335078534,82.32984293193716,78.20680628272252,74.54188481675392,17.77777777777778,57.25,Moderada
Engenharia de Redes de Comunicação (Bacharelado) | Darcy Ribeiro | Diurno | AC | EP=False | R=NA | GE=NA | PCD=False | SM=NA,363,Engenharia de Redes de Comunicação (Bacharelado),Darcy Ribeiro,Diurno,AC,6,6,-31.904,34.703,55.127,63.406,-10.826,-15.104,-50.195,34.703,84.898,33.861,-312.787,60.0,4.0,64.401,55.624,62.529,-2.835,84.551,87.386,30.379,54.615,60.0,2,48.729,34.703,63.406,12.399,35.07,17.714,32.741,-5.296,50.73,14.88,45.487,15.057,42.9,16.474,14.371,39.999,30.665,4,4,30.607,25.706,-10.137,-19.823,-17.919,95.02617801047121,11.387434554973819,8.900523560209429,1.505235602094246,95.29411764705881,42.42,Moderada
Engenharia de Redes de Comunicação (Bacharelado) | Darcy Ribeiro | Diurno | CN | EP=False | R=NA | GE=NEGROS | PCD=False | SM=NA,364,Engenharia de Redes de Comunicação (Bacharelado),Darcy Ribeiro,Diurno,CN,5,5,-6.137,-20.38,-4.801,-20.38,24.95,24.498,-20.38,67.472,87.852,38.76,155.349,50.0,1.0,55.227,25.218,24.498,-20.38,67.472,87.852,38.496,152.655,50.0,1,54.955,-20.38,-20.38,14.933,14.445,-11.063,-11.275,25.371,25.46,2.215,2.063,1.935,1.585,21.485,21.466,45.751,45.84,4,4,-0.152,-22.735,-23.155,22.595,22.443,6.151832460732987,10.602094240837701,14.136125654450261,37.56544502617801,82.2875816993464,30.15,Baixa
Engenharia de Redes de Comunicação (Bacharelado) | Darcy Ribeiro | Diurno | EP_R1_NPPI | EP=True | R=R1 | GE=NPPI | PCD=False | SM=1.5,365,Engenharia de Redes de Comunicação (Bacharelado),Darcy Ribeiro,Diurno,EP_R1_NPPI,2,2,-43.862,-66.487,-43.862,-9.02,-55.174,-55.174,-66.487,-43.862,22.625,15.998,-28.996,100.0,0.0,0.0,-26.441,-26.441,-43.862,-9.02,34.842,24.637,-93.177,100.0,0,0.0,-66.487,-9.02,-77.799,8.401,-77.8,8.401,-58.945,-20.634,-70.258,-3.213,-72.143,-0.31,9.237,14.224,18.854,29.035,4,4,67.045,-15.084,23.228,-3.771,5.807,60.86387434554974,55.89005235602094,78.20680628272252,74.54188481675392,39.47712418300654,61.8,Alta
Engenharia de Redes de Comunicação (Bacharelado) | Darcy Ribeiro | Diurno | EP_R1_NPPIQ | EP=True | R=R1 | GE=NPPIQ | PCD=False | SM=1.0,366,Engenharia de Redes de Comunicação (Bacharelado),Darcy Ribeiro,Diurno,EP_R1_NPPIQ,1,1,-55.125,-55.125,-55.125,-55.125,-55.125,-55.125,-55.125,-55.125,0.0,0.0,0.0,100.0,0.0,0.0,-55.125,-55.125,-55.125,-55.125,0.0,0.0,0.0,100.0,0,0.0,-55.125,-55.125,,,,,-55.125,-55.125,-55.125,-55.125,-55.125,-55.125,0.0,0.0,0.0,0.0,2,2,0.0,0.0,0.0,0.0,0.0,33.37696335078534,82.32984293193716,78.20680628272252,74.54188481675392,17.77777777777778,57.25,Moderada
Engenharia de Redes de Comunicação (Bacharelado) | Darcy Ribeiro | Diurno | EP_R1_PPI | EP=True | R=R1 | GE=PPI | PCD=False | SM=1.5,367,Engenharia de Redes de Comunicação (Bacharelado),Darcy Ribeiro,Diurno,EP_R1_PPI,2,2,-29.883,-22.553,-29.883,-22.553,-26.218,-26.218,-29.883,-22.553,7.33,5.183,-19.769,100.0,0.0,0.0,-26.218,-26.218,-29.883,-22.553,7.33,5.183,-19.769,100.0,0,0.0,-22.553,-22.553,-20.11,-20.11,-20.11,-20.11,-24.996,-24.996,-21.942,-21.942,-21.331,-21.331,2.339,2.339,4.887,4.887,4,4,0.0,4.276,4.276,0.611,0.611,55.75916230366492,63.481675392670155,78.20680628272252,74.54188481675392,39.47712418300654,62.29,Alta
Engenharia de Redes de Comunicação (Bacharelado) | Darcy Ribeiro | Diurno | EP_R2_NPPI | EP=True | R=R2 | GE=NPPI | PCD=False | SM=1.5,368,Engenharia de Redes de Comunicação (Bacharelado),Darcy Ribeiro,Diurno,EP_R2_NPPI,4,4,-66.201,-25.064,-66.201,7.869,-51.939,-57.6,-67.492,-25.064,42.428,19.801,-38.123,66.667,1.0,13.275,-32.184,-35.201,-66.201,7.869,74.07,32.457,-100.851,66.667,2,45.683,-25.064,7.869,-16.464,16.469,-11.418,18.883,-44.844,-22.453,-24.447,5.192,-20.764,12.169,14.719,19.027,33.426,41.336,4,4,29.639,27.492,37.376,0.617,-2.677,65.44502617801047,41.36125654450262,50.39267015706807,37.56544502617801,64.9673202614379,51.95,Moderada
Engenharia de Redes de Comunicação (Bacharelado) | Darcy Ribeiro | Diurno | EP_R2_NPPIQ | EP=True | R=R2 | GE=NPPIQ | PCD=False | SM=1.0,369,Engenharia de Redes de Comunicação (Bacharelado),Darcy Ribeiro,Diurno,EP_R2_NPPIQ,1,1,-73.187,-73.187,2.297,2.297,-73.187,-73.187,-73.187,-73.187,0.0,0.0,0.0,100.0,0.0,0.0,2.297,2.297,2.297,2.297,0.0,0.0,0.0,100.0,0,0.0,-73.187,2.297,,,,,-73.187,2.297,-73.187,2.297,-73.187,2.297,0.0,0.0,0.0,0.0,2,2,75.484,0.0,0.0,0.0,0.0,33.37696335078534,82.32984293193716,78.20680628272252,74.54188481675392,17.77777777777778,57.25,Moderada
Engenharia de Redes de Comunicação (Bacharelado) | Darcy Ribeiro | Diurno | EP_R2_PPI | EP=True | R=R2 | GE=PPI | PCD=False | SM=1.5,370,Engenharia de Redes de Comunicação (Bacharelado),Darcy Ribeiro,Diurno,EP_R2_PPI,3,3,-50.627,-14.191,3.941,13.092,-35.396,-41.369,-50.627,-14.191,36.436,18.938,-53.504,100.0,0.0,12.671,13.847,13.092,3.941,24.509,20.568,10.305,74.417,50.0,1,22.617,-14.191,13.092,-2.458,18.645,-1.828,14.82,-29.323,15.373,-11.95,15.482,-8.325,15.096,12.902,2.321,27.495,5.553,4,4,27.432,23.446,1.635,2.241,2.39,71.33507853403141,45.287958115183244,51.047120418848166,74.54188481675392,49.73856209150327,58.39,Moderada
Engenharia de Redes de Comunicação (Bacharelado) | Darcy Ribeiro | Diurno | EP_R2_PPIQ | EP=True | R=R2 | GE=PPIQ | PCD=False | SM=1.0,371,Engenharia de Redes de Comunicação (Bacharelado),Darcy Ribeiro,Diurno,EP_R2_PPIQ,1,1,-54.018,-54.018,-24.926,-24.926,-54.018,-54.018,-54.018,-54.018,0.0,0.0,0.0,100.0,0.0,0.0,-24.926,-24.926,-24.926,-24.926,0.0,0.0,0.0,100.0,0,0.0,-54.018,-24.926,,,,,-54.018,-24.926,-54.018,-24.926,-54.018,-24.926,0.0,0.0,0.0,0.0,2,2,29.092,0.0,0.0,0.0,0.0,33.37696335078534,82.32984293193716,78.20680628272252,74.54188481675392,17.77777777777778,57.25,Moderada
Engenharias (FGA) | Gama | Diurno | AC | EP=False | R=NA | GE=NA | PCD=False | SM=NA,372,Engenharias (FGA),Gama,Diurno,AC,6,5,-101.981,61.705,133.817,145.39,25.899,50.484,-101.981,70.386,172.367,64.538,249.191,80.0,2.0,73.662,130.405,144.063,50.424,178.331,127.907,47.74,36.609,50.0,2,83.485,61.705,145.39,101.94,107.016,72.968,106.126,44.004,123.421,70.154,120.488,67.336,115.219,24.314,18.407,57.936,39.264,4,4,50.334,44.255,-9.917,8.449,-24.902,4.450261780104714,0.39267015706806463,5.104712041884818,17.212041884816752,95.29411764705881,24.49,Baixa
Engenharias (FGA) | Gama | Diurno | CN | EP=False | R=NA | GE=NEGROS | PCD=False | SM=NA,373,Engenharias (FGA),Gama,Diurno,CN,6,6,-57.125,17.209,76.031,55.531,2.295,10.382,-57.125,33.37,90.495,32.516,1416.621,80.0,2.0,36.535,69.661,69.49,15.846,129.802,113.956,37.053,53.191,60.0,3,56.289,17.209,55.531,37.135,40.08,20.923,30.502,10.591,62.618,21.464,47.183,19.066,47.806,11.287,14.567,26.545,32.115,4,4,25.719,19.169,-22.478,4.255,-8.348,0.9162303664921434,9.554973821989531,27.748691099476442,17.212041884816752,95.29411764705881,30.15,Baixa
Engenharias (FGA) | Gama | Diurno | EP_R1_NPPI | EP=True | R=R1 | GE=NPPI | PCD=False | SM=1.5,374,Engenharias (FGA),Gama,Diurno,EP_R1_NPPI,4,4,-46.52,-36.993,4.292,53.835,-43.207,-41.756,-53.711,-35.606,18.105,8.519,-19.716,66.667,2.0,13.251,37.142,45.22,4.292,53.835,49.543,22.276,59.974,66.667,2,22.043,-36.993,53.835,-31.536,74.099,-30.375,67.636,-40.873,44.533,-34.944,60.026,-34.264,60.736,4.894,13.346,10.498,29.566,4,4,94.97,8.263,22.884,2.049,6.191,55.497382198952884,58.7696335078534,50.523560209424076,17.212041884816752,64.9673202614379,49.39,Moderada
Engenharias (FGA) | Gama | Diurno | EP_R1_NPPIQ | EP=True | R=R1 | GE=NPPIQ | PCD=False | SM=1.0,375,Engenharias (FGA),Gama,Diurno,EP_R1_NPPIQ,1,1,-52.564,-52.564,-11.45,-11.45,-52.564,-52.564,-52.564,-52.564,0.0,0.0,0.0,100.0,0.0,0.0,-11.45,-11.45,-11.45,-11.45,0.0,0.0,0.0,100.0,0,0.0,-52.564,-11.45,,,,,-52.564,-11.45,-52.564,-11.45,-52.564,-11.45,0.0,0.0,0.0,0.0,2,2,41.114,0.0,0.0,0.0,0.0,33.37696335078534,82.32984293193716,78.20680628272252,74.54188481675392,17.77777777777778,57.25,Moderada
Engenharias (FGA) | Gama | Diurno | EP_R1_PPI | EP=True | R=R1 | GE=PPI | PCD=False | SM=1.5,376,Engenharias (FGA),Gama,Diurno,EP_R1_PPI,4,4,-56.987,-48.142,-0.878,32.607,-56.554,-55.473,-67.127,-48.142,18.985,7.947,-14.052,66.667,1.0,11.916,24.148,24.892,-0.878,47.686,48.564,20.821,86.222,66.667,1,23.563,-48.142,32.607,-46.628,56.889,-43.437,50.262,-54.569,30.696,-48.194,42.614,-47.385,41.435,4.681,12.967,11.132,26.193,4,4,90.808,8.36,18.466,-0.052,10.007,53.53403141361257,58.50785340314136,51.57068062827226,37.56544502617801,64.9673202614379,53.23,Moderada
Engenharias (FGA) | Gama | Diurno | EP_R2_NPPI | EP=True | R=R2 | GE=NPPI | PCD=False | SM=1.5,377,Engenharias (FGA),Gama,Diurno,EP_R2_NPPI,5,5,-100.534,-90.269,41.234,-6.587,-30.697,11.743,-100.534,13.073,113.607,59.18,-192.792,50.0,3.0,88.38,60.681,81.398,-6.587,93.718,100.305,43.331,71.408,50.0,3,64.648,-90.269,-6.587,-24.367,32.011,-67.434,3.925,-29.29,54.31,-52.84,20.915,-48.362,17.968,31.513,27.589,65.902,60.897,4,4,73.755,-22.143,-39.766,37.429,27.502,90.70680628272252,3.6649214659685847,3.141361256544506,5.759162303664922,82.2875816993464,37.11,Baixa
Engenharias (FGA) | Gama | Diurno | EP_R2_NPPIQ | EP=True | R=R2 | GE=NPPIQ | PCD=False | SM=1.0,378,Engenharias (FGA),Gama,Diurno,EP_R2_NPPIQ,1,1,-8.202,-8.202,60.62,60.62,-8.202,-8.202,-8.202,-8.202,0.0,0.0,0.0,100.0,0.0,0.0,60.62,60.62,60.62,60.62,0.0,0.0,0.0,100.0,0,0.0,-8.202,60.62,,,,,-8.202,60.62,-8.202,60.62,-8.202,60.62,0.0,0.0,0.0,0.0,2,2,68.822,0.0,0.0,0.0,0.0,33.37696335078534,82.32984293193716,78.20680628272252,74.54188481675392,17.77777777777778,57.25,Moderada
Engenharias (FGA) | Gama | Diurno | EP_R2_NPPIQ_PCD | EP=True | R=R2 | GE=NPPIQ | PCD=True | SM=1.0,379,Engenharias (FGA),Gama,Diurno,EP_R2_NPPIQ_PCD,1,1,-2.52,-2.52,19.278,19.278,-2.52,-2.52,-2.52,-2.52,0.0,0.0,0.0,100.0,0.0,0.0,19.278,19.278,19.278,19.278,0.0,0.0,0.0,100.0,0,0.0,-2.52,19.278,,,,,-2.52,19.278,-2.52,19.278,-2.52,19.278,0.0,0.0,0.0,0.0,2,2,21.798,0.0,0.0,0.0,0.0,33.37696335078534,82.32984293193716,78.20680628272252,74.54188481675392,17.77777777777778,57.25,Moderada
Engenharias (FGA) | Gama | Diurno | EP_R2_PPI | EP=True | R=R2 | GE=PPI | PCD=False | SM=1.5,380,Engenharias (FGA),Gama,Diurno,EP_R2_PPI,4,4,-80.254,-44.055,1.161,107.386,-60.864,-59.572,-80.254,-44.055,36.199,15.33,-25.188,66.667,2.0,18.677,55.948,57.623,1.161,107.386,106.225,44.669,79.84,100.0,0,8.968,-44.055,107.386,-36.037,142.068,-37.07,140.728,-55.898,73.172,-43.265,115.838,-40.563,124.057,9.144,32.656,19.861,68.895,4,4,159.103,17.599,59.89,0.79,8.452,58.63874345549738,45.54973821989529,46.596858638743456,17.212041884816752,64.9673202614379,46.59,Moderada
Engenharias (FGA) | Gama | Diurno | EP_R2_PPIQ | EP=True | R=R2 | GE=PPIQ | PCD=False | SM=1.0,381,Engenharias (FGA),Gama,Diurno,EP_R2_PPIQ,1,1,-63.197,-63.197,17.991,17.991,-63.197,-63.197,-63.197,-63.197,0.0,0.0,0.0,100.0,0.0,0.0,17.991,17.991,17.991,17.991,0.0,0.0,0.0,100.0,0,0.0,-63.197,17.991,,,,,-63.197,17.991,-63.197,17.991,-63.197,17.991,0.0,0.0,0.0,0.0,2,2,81.188,0.0,0.0,0.0,0.0,33.37696335078534,82.32984293193716,78.20680628272252,74.54188481675392,17.77777777777778,57.25,Moderada
Estatística (Bacharelado) | Darcy Ribeiro | Diurno | AC | EP=False | R=NA | GE=NA | PCD=False | SM=NA,382,Estatística (Bacharelado),Darcy Ribeiro,Diurno,AC,6,5,-72.065,14.483,57.878,111.408,-11.436,12.464,-86.083,34.508,120.591,53.356,-466.563,60.0,4.0,92.785,85.62,111.408,-0.406,136.549,136.955,56.572,66.073,75.0,2,107.909,14.483,111.408,-2.374,88.155,-17.555,79.08,-9.278,84.552,-3.681,90.799,-5.826,86.354,13.607,14.237,32.038,32.328,4,4,94.48,7.755,5.179,-18.164,-20.609,96.59685863874346,2.486910994764402,2.2251308900523514,1.505235602094246,95.29411764705881,39.62,Baixa
Estatística (Bacharelado) | Darcy Ribeiro | Diurno | CN | EP=False | R=NA | GE=NEGROS | PCD=False | SM=NA,383,Estatística (Bacharelado),Darcy Ribeiro,Diurno,CN,4,4,-42.667,8.239,-5.916,8.239,-29.263,-40.37,-44.549,8.239,52.788,25.149,-85.941,66.667,2.0,31.51,-20.075,-21.995,-44.549,8.239,52.788,25.332,-126.186,66.667,1,43.565,8.239,8.239,4.51,-7.325,10.501,4.134,-21.95,-18.275,0.325,-3.307,6.374,-1.596,15.054,11.956,32.451,26.514,4,4,-3.632,29.588,16.768,-7.914,-11.546,78.66492146596859,30.759162303664922,32.32984293193717,17.212041884816752,64.9673202614379,44.79,Moderada
Estatística (Bacharelado) | Darcy Ribeiro | Diurno | EP_R1_NPPI | EP=True | R=R1 | GE=NPPI | PCD=False | SM=1.5,384,Estatística (Bacharelado),Darcy Ribeiro,Diurno,EP_R1_NPPI,1,1,-32.737,-32.737,-32.737,-32.737,-32.737,-32.737,-32.737,-32.737,0.0,0.0,0.0,100.0,0.0,0.0,-32.737,-32.737,-32.737,-32.737,0.0,0.0,0.0,100.0,0,0.0,-32.737,-32.737,,,,,-32.737,-32.737,-32.737,-32.737,-32.737,-32.737,0.0,0.0,0.0,0.0,2,2,0.0,0.0,0.0,0.0,0.0,33.37696335078534,82.32984293193716,78.20680628272252,74.54188481675392,17.77777777777778,57.25,Moderada
Estatística (Bacharelado) | Darcy Ribeiro | Diurno | EP_R1_PPI | EP=True | R=R1 | GE=PPI | PCD=False | SM=1.5,385,Estatística (Bacharelado),Darcy Ribeiro,Diurno,EP_R1_PPI,1,1,-20.062,-20.062,-12.041,-12.041,-20.062,-20.062,-20.062,-20.062,0.0,0.0,0.0,100.0,0.0,0.0,-12.041,-12.041,-12.041,-12.041,0.0,0.0,0.0,100.0,0,0.0,-20.062,-12.041,,,,,-20.062,-12.041,-20.062,-12.041,-20.062,-12.041,0.0,0.0,0.0,0.0,2,2,8.021,0.0,0.0,0.0,0.0,33.37696335078534,82.32984293193716,78.20680628272252,74.54188481675392,17.77777777777778,57.25,Moderada
Estatística (Bacharelado) | Darcy Ribeiro | Diurno | EP_R2_NPPI | EP=True | R=R2 | GE=NPPI | PCD=False | SM=1.5,386,Estatística (Bacharelado),Darcy Ribeiro,Diurno,EP_R2_NPPI,4,4,-0.124,-34.548,-0.124,-13.142,-25.852,-26.832,-49.618,-0.124,49.494,21.195,-81.989,66.667,1.0,23.698,-6.671,-6.633,-19.116,5.697,24.813,11.439,-171.474,66.667,2,25.247,-34.548,-13.142,-59.295,-10.232,-52.483,-10.201,-32.54,-7.383,-44.716,-10.239,-43.515,-10.216,13.223,2.351,26.755,5.759,4,4,34.477,-18.864,-3.568,-10.168,2.903,77.74869109947645,33.7696335078534,40.70680628272252,37.56544502617801,64.9673202614379,50.95,Moderada
Estatística (Bacharelado) | Darcy Ribeiro | Diurno | EP_R2_NPPIQ | EP=True | R=R2 | GE=NPPIQ | PCD=False | SM=1.0,387,Estatística (Bacharelado),Darcy Ribeiro,Diurno,EP_R2_NPPIQ,1,1,-27.068,-27.068,22.541,22.541,-27.068,-27.068,-27.068,-27.068,0.0,0.0,0.0,100.0,0.0,0.0,22.541,22.541,22.541,22.541,0.0,0.0,0.0,100.0,0,0.0,-27.068,22.541,,,,,-27.068,22.541,-27.068,22.541,-27.068,22.541,0.0,0.0,0.0,0.0,2,2,49.609,0.0,0.0,0.0,0.0,33.37696335078534,82.32984293193716,78.20680628272252,74.54188481675392,17.77777777777778,57.25,Moderada
Estatística (Bacharelado) | Darcy Ribeiro | Diurno | EP_R2_PPI | EP=True | R=R2 | GE=PPI | PCD=False | SM=1.5,388,Estatística (Bacharelado),Darcy Ribeiro,Diurno,EP_R2_PPI,2,2,0.031,-39.185,0.031,-39.185,-19.577,-19.577,-39.185,0.031,39.216,27.73,-141.645,100.0,0.0,0.0,-19.577,-19.577,-39.185,0.031,39.216,27.73,-141.645,100.0,0,0.0,-39.185,-39.185,-78.401,-78.401,-78.401,-78.401,-26.113,-26.113,-55.525,-55.525,-58.793,-58.793,26.949,26.949,52.288,52.288,4,4,0.0,-35.948,-35.948,-16.34,-16.34,87.04188481675392,43.324607329842934,78.20680628272252,74.54188481675392,39.47712418300654,64.52,Alta
Estatística (Bacharelado) | Darcy Ribeiro | Diurno | EP_R2_PPIQ | EP=True | R=R2 | GE=PPIQ | PCD=False | SM=1.0,389,Estatística (Bacharelado),Darcy Ribeiro,Diurno,EP_R2_PPIQ,1,1,-34.447,-34.447,-34.447,-34.447,-34.447,-34.447,-34.447,-34.447,0.0,0.0,0.0,100.0,0.0,0.0,-34.447,-34.447,-34.447,-34.447,0.0,0.0,0.0,100.0,0,0.0,-34.447,-34.447,,,,,-34.447,-34.447,-34.447,-34.447,-34.447,-34.447,0.0,0.0,0.0,0.0,2,2,0.0,0.0,0.0,0.0,0.0,33.37696335078534,82.32984293193716,78.20680628272252,74.54188481675392,17.77777777777778,57.25,Moderada
Farmácia (Bacharelado) | Ceilândia | Diurno | AC | EP=False | R=NA | GE=NA | PCD=False | SM=NA,390,Farmácia (Bacharelado),Ceilândia,Diurno,AC,6,6,-85.275,31.936,81.955,92.243,-4.146,6.048,-85.275,31.936,117.211,41.566,-1002.481,60.0,2.0,38.212,65.631,70.517,14.814,92.243,77.429,26.985,41.116,80.0,1,46.086,31.936,92.243,54.33,52.579,39.727,62.512,9.777,62.524,33.942,67.465,35.831,62.518,18.593,17.17,44.554,39.664,4,4,33.523,38.088,1.834,2.006,-24.778,99.08376963350786,3.141361256544506,26.04712041884817,17.212041884816752,95.29411764705881,48.16,Moderada
Farmácia (Bacharelado) | Ceilândia | Diurno | CN | EP=False | R=NA | GE=NEGROS | PCD=False | SM=NA,393,Farmácia (Bacharelado),Ceilândia,Diurno,CN,6,6,-26.27,15.618,-25.843,15.618,-2.025,7.588,-53.795,37.12,90.915,32.637,-1611.592,60.0,2.0,53.378,-1.954,7.588,-53.795,37.12,90.915,32.574,-1667.062,60.0,2,53.335,15.618,15.618,-0.91,-1.052,-8.431,-8.492,-1.76,-1.739,1.129,1.084,-1.335,-1.396,10.228,10.255,24.049,24.11,4,4,-0.045,3.154,3.038,-14.489,-14.534,99.60732984293193,9.031413612565443,15.18324607329843,17.212041884816752,95.29411764705881,47.27,Moderada
Farmácia (Bacharelado) | Ceilândia | Diurno | EP_R1_NPPI | EP=True | R=R1 | GE=NPPI | PCD=False | SM=1.5,396,Farmácia (Bacharelado),Ceilândia,Diurno,EP_R1_NPPI,5,5,-60.347,-52.228,21.528,-42.092,-46.652,-52.228,-60.347,-18.323,42.024,16.558,-35.492,75.0,2.0,28.072,3.553,13.031,-42.092,60.896,102.988,42.771,1203.873,75.0,1,41.777,-52.228,-42.092,-44.27,-63.568,-52.885,-72.816,-46.122,-11.363,-48.876,-47.46,-49.175,-52.83,4.324,27.29,8.614,61.454,4,4,1.416,-2.224,-51.013,3.352,-5.368,64.26701570680629,41.49214659685864,35.86387434554974,17.212041884816752,82.2875816993464,48.22,Moderada
Farmácia (Bacharelado) | Ceilândia | Diurno | EP_R1_NPPIQ | EP=True | R=R1 | GE=NPPIQ | PCD=False | SM=1.0,399,Farmácia (Bacharelado),Ceilândia,Diurno,EP_R1_NPPIQ,1,1,-33.173,-33.173,14.394,14.394,-33.173,-33.173,-33.173,-33.173,0.0,0.0,0.0,100.0,0.0,0.0,14.394,14.394,14.394,14.394,0.0,0.0,0.0,100.0,0,0.0,-33.173,14.394,,,,,-33.173,14.394,-33.173,14.394,-33.173,14.394,0.0,0.0,0.0,0.0,2,2,47.567,0.0,0.0,0.0,0.0,33.37696335078534,82.32984293193716,78.20680628272252,74.54188481675392,17.77777777777778,57.25,Moderada
Farmácia (Bacharelado) | Ceilândia | Diurno | EP_R1_PPI | EP=True | R=R1 | GE=PPI | PCD=False | SM=1.5,402,Farmácia (Bacharelado),Ceilândia,Diurno,EP_R1_PPI,4,4,-39.519,-42.825,-39.519,-3.477,-27.033,-34.062,-42.825,2.818,45.643,20.807,-76.97,66.667,1.0,38.59,-7.436,-0.329,-39.519,10.433,49.952,22.132,-297.619,66.667,1,28.38,-42.825,-3.477,-37.369,21.499,-48.68,10.25,-29.1,-1.649,-39.493,6.656,-40.097,4.3,8.327,11.617,19.58,24.976,4,4,46.149,-12.46,14.092,3.332,10.133,76.83246073298429,37.04188481675392,25.130890052356026,37.56544502617801,64.9673202614379,48.31,Moderada
Farmácia (Bacharelado) | Ceilândia | Diurno | EP_R2_NPPI | EP=True | R=R2 | GE=NPPI | PCD=False | SM=1.5,405,Farmácia (Bacharelado),Ceilândia,Diurno,EP_R2_NPPI,5,5,-76.441,-86.268,-2.832,-18.416,-29.742,-6.499,-86.268,22.311,108.579,48.492,-163.044,50.0,3.0,76.839,26.529,28.161,-18.416,86.786,105.202,40.835,153.925,75.0,1,69.215,-86.268,-18.416,-42.874,34.766,-76.166,11.233,-32.66,28.359,-59.492,13.986,-59.52,19.796,25.762,23.776,53.608,53.182,4,4,73.478,-29.75,-12.543,26.776,32.402,89.00523560209423,4.712041884816753,4.188481675392675,5.759162303664922,82.2875816993464,37.19,Baixa
Farmácia (Bacharelado) | Ceilândia | Diurno | EP_R2_NPPIQ | EP=True | R=R2 | GE=NPPIQ | PCD=False | SM=1.0,408,Farmácia (Bacharelado),Ceilândia,Diurno,EP_R2_NPPIQ,1,1,14.796,14.796,18.796,18.796,14.796,14.796,14.796,14.796,0.0,0.0,0.0,100.0,0.0,0.0,18.796,18.796,18.796,18.796,0.0,0.0,0.0,100.0,0,0.0,14.796,18.796,,,,,14.796,18.796,14.796,18.796,14.796,18.796,0.0,0.0,0.0,0.0,2,2,4.0,0.0,0.0,0.0,0.0,33.37696335078534,82.32984293193716,78.20680628272252,74.54188481675392,17.77777777777778,57.25,Moderada
Farmácia (Bacharelado) | Ceilândia | Diurno | EP_R2_PPI | EP=True | R=R2 | GE=PPI | PCD=False | SM=1.5,412,Farmácia (Bacharelado),Ceilândia,Diurno,EP_R2_PPI,4,4,-83.874,-59.032,19.707,1.504,-52.648,-54.735,-83.874,-17.25,66.624,27.53,-52.29,66.667,1.0,52.002,17.582,10.606,-14.608,63.724,78.332,33.805,192.272,66.667,2,64.119,-59.032,1.504,-42.314,-15.653,-57.358,-21.234,-50.582,10.935,-52.321,-6.112,-53.97,-7.075,7.606,14.926,16.718,32.169,4,4,46.209,0.327,-23.694,6.711,-7.616,70.94240837696336,21.596858638743456,15.837696335078533,37.56544502617801,64.9673202614379,42.18,Moderada
Farmácia (Bacharelado) | Ceilândia | Diurno | EP_R2_PPIQ | EP=True | R=R2 | GE=PPIQ | PCD=False | SM=1.0,415,Farmácia (Bacharelado),Ceilândia,Diurno,EP_R2_PPIQ,1,1,-83.68,-83.68,-4.707,-4.707,-83.68,-83.68,-83.68,-83.68,0.0,0.0,0.0,100.0,0.0,0.0,-4.707,-4.707,-4.707,-4.707,0.0,0.0,0.0,100.0,0,0.0,-83.68,-4.707,,,,,-83.68,-4.707,-83.68,-4.707,-83.68,-4.707,0.0,0.0,0.0,0.0,2,2,78.973,0.0,0.0,0.0,0.0,33.37696335078534,82.32984293193716,78.20680628272252,74.54188481675392,17.77777777777778,57.25,Moderada
Farmácia (Bacharelado) | Darcy Ribeiro | Diurno | AC | EP=False | R=NA | GE=NA | PCD=False | SM=NA,391,Farmácia (Bacharelado),Darcy Ribeiro,Diurno,AC,6,5,13.016,51.18,75.783,93.959,47.687,54.211,13.016,76.858,63.842,23.332,48.927,60.0,4.0,36.506,92.511,93.959,42.869,148.69,105.821,38.661,41.791,75.0,2,74.442,51.18,93.959,58.901,91.364,47.348,79.839,50.357,91.042,51.947,89.051,50.769,91.203,4.92,6.278,11.552,14.12,4,4,37.104,4.26,-3.46,0.767,-4.908,10.863874345549739,23.429319371727754,27.879581151832454,1.505235602094246,95.29411764705881,31.79,Baixa
Farmácia (Bacharelado) | Darcy Ribeiro | Diurno | CN | EP=False | R=NA | GE=NEGROS | PCD=False | SM=NA,394,Farmácia (Bacharelado),Darcy Ribeiro,Diurno,CN,5,5,0.785,15.902,25.807,15.902,10.895,15.549,-29.349,51.589,80.938,29.26,268.556,75.0,2.0,60.802,15.9,15.902,-29.349,51.589,80.938,29.238,183.892,75.0,2,55.399,15.902,15.902,10.69,1.56,13.385,9.423,10.508,12.176,12.621,9.765,12.037,10.8,2.552,6.08,5.394,14.342,4,4,-2.856,1.726,-6.135,-3.281,-6.137,3.926701570680624,13.35078534031413,10.863874345549739,17.212041884816752,82.2875816993464,25.53,Baixa
Farmácia (Bacharelado) | Darcy Ribeiro | Diurno | EP_R1_NPPI | EP=True | R=R1 | GE=NPPI | PCD=False | SM=1.5,397,Farmácia (Bacharelado),Darcy Ribeiro,Diurno,EP_R1_NPPI,4,4,-11.157,-19.548,1.525,56.659,-7.42,-12.738,-19.548,15.342,34.89,15.564,-209.755,66.667,1.0,28.158,16.485,8.66,-8.04,56.659,64.699,28.517,172.989,66.667,2,44.41,-19.548,56.659,-21.128,51.876,-27.474,61.962,-10.162,23.563,-19.578,48.515,-20.338,54.268,7.151,17.137,17.312,38.399,4,4,68.093,-12.158,32.03,-0.03,-8.144,91.75392670157068,46.596858638743456,35.73298429319372,37.56544502617801,64.9673202614379,55.32,Moderada
Farmácia (Bacharelado) | Darcy Ribeiro | Diurno | EP_R1_NPPIQ | EP=True | R=R1 | GE=NPPIQ | PCD=False | SM=1.0,400,Farmácia (Bacharelado),Darcy Ribeiro,Diurno,EP_R1_NPPIQ,1,1,-45.41,-45.41,3.367,3.367,-45.41,-45.41,-45.41,-45.41,0.0,0.0,0.0,100.0,0.0,0.0,3.367,3.367,3.367,3.367,0.0,0.0,0.0,100.0,0,0.0,-45.41,3.367,,,,,-45.41,3.367,-45.41,3.367,-45.41,3.367,0.0,0.0,0.0,0.0,2,2,48.777,0.0,0.0,0.0,0.0,33.37696335078534,82.32984293193716,78.20680628272252,74.54188481675392,17.77777777777778,57.25,Moderada
Farmácia (Bacharelado) | Darcy Ribeiro | Diurno | EP_R1_PPI | EP=True | R=R1 | GE=PPI | PCD=False | SM=1.5,403,Farmácia (Bacharelado),Darcy Ribeiro,Diurno,EP_R1_PPI,4,4,-56.072,-30.833,-55.265,-30.833,-24.023,-18.004,-56.072,-4.013,52.059,24.693,-102.788,66.667,1.0,39.363,-15.101,-15.476,-55.265,25.813,81.078,35.398,-234.404,66.667,1,63.208,-30.833,-30.833,-4.804,-3.261,-20.347,-25.619,-20.179,-12.733,-19.041,-18.111,-20.263,-19.176,10.72,12.486,26.03,27.572,4,4,0.93,4.982,-3.01,11.792,12.722,82.32984293193716,31.937172774869104,24.21465968586387,37.56544502617801,64.9673202614379,48.2,Moderada
Farmácia (Bacharelado) | Darcy Ribeiro | Diurno | EP_R2_NPPI | EP=True | R=R2 | GE=NPPI | PCD=False | SM=1.5,406,Farmácia (Bacharelado),Darcy Ribeiro,Diurno,EP_R2_NPPI,5,5,-9.63,-18.151,67.493,16.198,19.797,18.037,-18.151,72.441,90.592,36.58,184.776,50.0,1.0,51.568,56.462,66.401,16.198,79.533,63.335,24.435,43.277,75.0,2,31.492,-18.151,16.198,20.16,29.8,-5.317,18.723,19.878,50.537,4.142,28.815,7.28,24.262,19.067,15.64,38.311,34.339,4,4,24.673,-15.655,-27.647,22.293,12.617,5.497382198952883,9.424083769633507,15.968586387434557,37.56544502617801,82.2875816993464,30.15,Baixa
Farmácia (Bacharelado) | Darcy Ribeiro | Diurno | EP_R2_NPPIQ | EP=True | R=R2 | GE=NPPIQ | PCD=False | SM=1.0,409,Farmácia (Bacharelado),Darcy Ribeiro,Diurno,EP_R2_NPPIQ,1,1,50.704,50.704,50.704,50.704,50.704,50.704,50.704,50.704,0.0,0.0,0.0,100.0,0.0,0.0,50.704,50.704,50.704,50.704,0.0,0.0,0.0,100.0,0,0.0,50.704,50.704,,,,,50.704,50.704,50.704,50.704,50.704,50.704,0.0,0.0,0.0,0.0,2,2,0.0,0.0,0.0,0.0,0.0,33.37696335078534,82.32984293193716,78.20680628272252,74.54188481675392,17.77777777777778,57.25,Moderada
Farmácia (Bacharelado) | Darcy Ribeiro | Diurno | EP_R2_NPPIQ_PCD | EP=True | R=R2 | GE=NPPIQ | PCD=True | SM=1.0,411,Farmácia (Bacharelado),Darcy Ribeiro,Diurno,EP_R2_NPPIQ_PCD,1,1,0.119,0.119,0.119,0.119,0.119,0.119,0.119,0.119,0.0,0.0,0.0,100.0,0.0,0.0,0.119,0.119,0.119,0.119,0.0,0.0,0.0,100.0,0,0.0,0.119,0.119,,,,,0.119,0.119,0.119,0.119,0.119,0.119,0.0,0.0,0.0,0.0,2,2,0.0,0.0,0.0,0.0,0.0,33.37696335078534,82.32984293193716,78.20680628272252,74.54188481675392,17.77777777777778,57.25,Moderada
Farmácia (Bacharelado) | Darcy Ribeiro | Diurno | EP_R2_PPI | EP=True | R=R2 | GE=PPI | PCD=False | SM=1.5,413,Farmácia (Bacharelado),Darcy Ribeiro,Diurno,EP_R2_PPI,4,4,-41.496,-63.95,19.612,27.148,-39.454,-37.789,-63.95,-18.29,45.66,18.982,-48.112,66.667,1.0,33.325,14.453,23.165,-15.667,27.148,42.815,20.375,140.977,66.667,1,38.874,-63.95,27.148,-52.347,30.701,-62.962,37.843,-42.033,17.702,-55.323,28.349,-57.654,28.924,10.3,8.376,21.917,20.14,4,4,83.672,-15.869,13.896,8.627,1.201,69.63350785340315,36.910994764397905,30.497382198952884,37.56544502617801,64.9673202614379,47.91,Moderada
Farmácia (Bacharelado) | Darcy Ribeiro | Diurno | EP_R2_PPIQ | EP=True | R=R2 | GE=PPIQ | PCD=False | SM=1.0,416,Farmácia (Bacharelado),Darcy Ribeiro,Diurno,EP_R2_PPIQ,1,1,-19.971,-19.971,38.952,38.952,-19.971,-19.971,-19.971,-19.971,0.0,0.0,0.0,100.0,0.0,0.0,38.952,38.952,38.952,38.952,0.0,0.0,0.0,100.0,0,0.0,-19.971,38.952,,,,,-19.971,38.952,-19.971,38.952,-19.971,38.952,0.0,0.0,0.0,0.0,2,2,58.923,0.0,0.0,0.0,0.0,33.37696335078534,82.32984293193716,78.20680628272252,74.54188481675392,17.77777777777778,57.25,Moderada
Farmácia (Bacharelado) | Darcy Ribeiro | Noturno | AC | EP=False | R=NA | GE=NA | PCD=False | SM=NA,392,Farmácia (Bacharelado),Darcy Ribeiro,Noturno,AC,6,6,-81.89,18.047,25.212,45.641,-19.674,0.138,-81.89,19.242,101.132,45.869,-233.143,80.0,2.0,73.882,32.477,27.374,-9.583,88.621,98.204,33.004,101.623,60.0,4,67.424,18.047,45.641,10.386,38.274,-2.118,35.154,-12.517,33.857,3.449,38.232,4.134,36.714,13.505,5.276,30.564,11.784,4,4,34.783,23.123,5.755,-14.598,-7.409,92.93193717277487,5.890052356020947,4.973821989528792,17.212041884816752,95.29411764705881,43.26,Moderada
Farmácia (Bacharelado) | Darcy Ribeiro | Noturno | CN | EP=False | R=NA | GE=NEGROS | PCD=False | SM=NA,395,Farmácia (Bacharelado),Darcy Ribeiro,Noturno,CN,3,3,39.999,25.623,39.999,25.623,31.2,27.978,25.623,39.999,14.376,7.711,24.713,100.0,0.0,6.835,31.2,27.978,25.623,39.999,14.376,7.711,24.713,100.0,0,6.835,25.623,25.623,16.824,16.824,18.435,18.435,28.804,28.804,22.422,22.422,22.029,22.029,5.722,5.722,11.98,11.98,4,4,0.0,-8.778,-8.778,-3.201,-3.201,13.612565445026181,60.47120418848168,54.581151832460726,74.54188481675392,49.73856209150327,50.59,Moderada
Farmácia (Bacharelado) | Darcy Ribeiro | Noturno | EP_R1_NPPI | EP=True | R=R1 | GE=NPPI | PCD=False | SM=1.5,398,Farmácia (Bacharelado),Darcy Ribeiro,Noturno,EP_R1_NPPI,3,3,-10.711,-14.031,-10.711,2.801,-15.925,-14.031,-23.033,-10.711,12.322,6.376,-40.035,50.0,1.0,15.078,1.643,2.801,-10.711,12.84,23.551,11.818,719.154,50.0,1,23.752,-14.031,2.801,-19.245,15.155,-15.691,9.557,-16.478,3.895,-16.361,7.852,-16.085,6.726,2.176,5.698,5.214,12.354,4,4,24.213,-0.436,6.209,-2.33,5.051,65.96858638743454,61.38743455497382,49.73821989528796,37.56544502617801,49.73856209150327,52.88,Moderada
Farmácia (Bacharelado) | Darcy Ribeiro | Noturno | EP_R1_NPPIQ | EP=True | R=R1 | GE=NPPIQ | PCD=False | SM=1.0,401,Farmácia (Bacharelado),Darcy Ribeiro,Noturno,EP_R1_NPPIQ,1,1,-32.371,-32.371,-7.88,-7.88,-32.371,-32.371,-32.371,-32.371,0.0,0.0,0.0,100.0,0.0,0.0,-7.88,-7.88,-7.88,-7.88,0.0,0.0,0.0,100.0,0,0.0,-32.371,-7.88,,,,,-32.371,-7.88,-32.371,-7.88,-32.371,-7.88,0.0,0.0,0.0,0.0,2,2,24.491,0.0,0.0,0.0,0.0,33.37696335078534,82.32984293193716,78.20680628272252,74.54188481675392,17.77777777777778,57.25,Moderada
Farmácia (Bacharelado) | Darcy Ribeiro | Noturno | EP_R1_PPI | EP=True | R=R1 | GE=PPI | PCD=False | SM=1.5,404,Farmácia (Bacharelado),Darcy Ribeiro,Noturno,EP_R1_PPI,4,4,-93.87,-4.337,-50.055,-4.337,-36.51,-23.916,-93.87,-4.337,89.533,40.435,-110.751,100.0,0.0,25.893,-9.067,-13.392,-50.055,40.572,90.627,38.059,-419.764,66.667,1,55.017,-4.337,-4.337,36.368,40.976,26.293,26.473,-21.934,0.942,9.097,16.014,10.978,13.708,26.974,21.4,58.302,45.313,4,4,6.917,45.607,25.081,13.434,20.351,84.29319371727748,10.143979057591624,37.95811518324608,74.54188481675392,64.9673202614379,54.38,Moderada
Farmácia (Bacharelado) | Darcy Ribeiro | Noturno | EP_R2_NPPI | EP=True | R=R2 | GE=NPPI | PCD=False | SM=1.5,407,Farmácia (Bacharelado),Darcy Ribeiro,Noturno,EP_R2_NPPI,4,4,-84.214,-37.354,-84.214,5.191,-26.648,-18.152,-84.214,13.926,98.14,44.128,-165.599,66.667,1.0,68.314,-16.011,3.121,-84.214,13.926,98.14,45.784,-285.944,66.667,1,49.233,-37.354,5.191,11.716,54.261,-15.593,35.461,-18.975,-1.957,-15.051,23.239,-17.284,20.326,20.245,26.283,49.07,56.218,4,4,38.29,11.597,39.25,22.303,18.048,89.13612565445025,7.0680628272251305,6.937172774869104,37.56544502617801,64.9673202614379,41.13,Moderada
Farmácia (Bacharelado) | Darcy Ribeiro | Noturno | EP_R2_NPPIQ | EP=True | R=R2 | GE=NPPIQ | PCD=False | SM=1.0,410,Farmácia (Bacharelado),Darcy Ribeiro,Noturno,EP_R2_NPPIQ,1,1,-10.117,-10.117,7.338,7.338,-10.117,-10.117,-10.117,-10.117,0.0,0.0,0.0,100.0,0.0,0.0,7.338,7.338,7.338,7.338,0.0,0.0,0.0,100.0,0,0.0,-10.117,7.338,,,,,-10.117,7.338,-10.117,7.338,-10.117,7.338,0.0,0.0,0.0,0.0,2,2,17.455,0.0,0.0,0.0,0.0,33.37696335078534,82.32984293193716,78.20680628272252,74.54188481675392,17.77777777777778,57.25,Moderada
Farmácia (Bacharelado) | Darcy Ribeiro | Noturno | EP_R2_PPI | EP=True | R=R2 | GE=PPI | PCD=False | SM=1.5,414,Farmácia (Bacharelado),Darcy Ribeiro,Noturno,EP_R2_PPI,3,3,-77.467,-48.92,14.729,-1.44,-66.635,-73.518,-77.467,-48.92,28.547,15.468,-23.213,100.0,0.0,14.601,4.238,-0.575,-1.44,14.729,16.169,9.096,214.624,100.0,0,10.21,-48.92,-1.44,-38.088,-11.931,-34.646,-9.524,-61.877,1.543,-45.883,-5.338,-43.504,-5.482,12.275,6.417,27.231,13.474,4,4,40.545,20.752,-9.576,3.037,-3.898,57.19895287958114,52.48691099476439,50.0,74.54188481675392,49.73856209150327,56.79,Moderada
Farmácia (Bacharelado) | Darcy Ribeiro | Noturno | EP_R2_PPIQ | EP=True | R=R2 | GE=PPIQ | PCD=False | SM=1.0,417,Farmácia (Bacharelado),Darcy Ribeiro,Noturno,EP_R2_PPIQ,1,1,-46.669,-46.669,-21.564,-21.564,-46.669,-46.669,-46.669,-46.669,0.0,0.0,0.0,100.0,0.0,0.0,-21.564,-21.564,-21.564,-21.564,0.0,0.0,0.0,100.0,0,0.0,-46.669,-21.564,,,,,-46.669,-21.564,-46.669,-21.564,-46.669,-21.564,0.0,0.0,0.0,0.0,2,2,25.105,0.0,0.0,0.0,0.0,33.37696335078534,82.32984293193716,78.20680628272252,74.54188481675392,17.77777777777778,57.25,Moderada
Filosofia (Bacharelado/Licenciatura) | Darcy Ribeiro | Diurno | AC | EP=False | R=NA | GE=NA | PCD=False | SM=NA,418,Filosofia (Bacharelado/Licenciatura),Darcy Ribeiro,Diurno,AC,5,5,-72.833,-100.426,65.201,-3.548,-67.838,-69.896,-100.426,-30.256,70.17,25.039,-36.91,75.0,1.0,44.799,44.564,34.653,-3.548,92.933,96.481,36.397,81.674,75.0,2,52.27,-100.426,-3.548,-80.197,-2.817,-92.037,-12.847,-68.874,35.469,-85.384,4.064,-86.117,-3.183,13.784,21.429,31.552,48.316,4,4,89.448,-17.546,-40.5,15.042,7.612,64.92146596858639,19.764397905759157,20.94240837696335,37.56544502617801,82.2875816993464,45.1,Moderada
Filosofia (Bacharelado/Licenciatura) | Darcy Ribeiro | Diurno | CN | EP=False | R=NA | GE=NEGROS | PCD=False | SM=NA,419,Filosofia (Bacharelado/Licenciatura),Darcy Ribeiro,Diurno,CN,2,2,7.704,-23.598,29.933,-23.598,-7.947,-7.947,-23.598,7.704,31.302,22.134,-278.518,100.0,0.0,0.0,3.168,3.168,-23.598,29.933,53.531,37.852,1195.016,100.0,0,0.0,-23.598,-23.598,-34.032,-41.442,-34.032,-41.442,-13.164,-5.754,-26.206,-28.059,-28.815,-32.52,9.99,17.084,20.868,35.687,4,4,-1.853,-18.259,-31.227,-2.608,-4.461,93.97905759162303,49.476439790575924,78.20680628272252,74.54188481675392,39.47712418300654,67.14,Alta
Filosofia (Bacharelado/Licenciatura) | Darcy Ribeiro | Diurno | EP_R1_NPPI | EP=True | R=R1 | GE=NPPI | PCD=False | SM=1.5,420,Filosofia (Bacharelado/Licenciatura),Darcy Ribeiro,Diurno,EP_R1_NPPI,3,3,-16.795,-17.946,-16.795,-17.946,-34.292,-17.946,-68.136,-16.795,51.341,29.315,-85.486,50.0,1.0,71.793,-34.292,-17.946,-68.136,-16.795,51.341,29.315,-85.486,50.0,1,71.793,-17.946,-17.946,-25.609,-25.609,-14.484,-14.484,-34.484,-34.484,-23.131,-23.131,-21.778,-21.778,8.882,8.882,20.0,20.0,4,4,0.0,11.161,11.161,-5.185,-5.185,78.53403141361257,32.19895287958116,5.628272251308896,37.56544502617801,49.73856209150327,40.73,Moderada
Filosofia (Bacharelado/Licenciatura) | Darcy Ribeiro | Diurno | EP_R1_PPI | EP=True | R=R1 | GE=PPI | PCD=False | SM=1.5,421,Filosofia (Bacharelado/Licenciatura),Darcy Ribeiro,Diurno,EP_R1_PPI,2,2,-55.356,-37.555,-55.356,-37.555,-46.456,-46.456,-55.356,-37.555,17.801,12.587,-27.095,100.0,0.0,0.0,-46.456,-46.456,-55.356,-37.555,17.801,12.587,-27.095,100.0,0,0.0,-37.555,-37.555,-19.754,-19.754,-19.754,-19.754,-43.489,-43.489,-30.138,-30.138,-28.655,-28.655,12.233,12.233,23.735,23.735,4,4,0.0,16.318,16.318,7.417,7.417,59.424083769633505,58.90052356020943,78.20680628272252,74.54188481675392,39.47712418300654,62.11,Alta
Filosofia (Bacharelado/Licenciatura) | Darcy Ribeiro | Diurno | EP_R2_NPPI | EP=True | R=R2 | GE=NPPI | PCD=False | SM=1.5,422,Filosofia (Bacharelado/Licenciatura),Darcy Ribeiro,Diurno,EP_R2_NPPI,3,3,45.216,-68.186,45.216,-15.966,-19.943,-36.86,-68.186,45.216,113.402,58.563,-293.647,100.0,0.0,35.886,19.641,29.673,-15.966,45.216,61.182,31.801,161.91,100.0,0,21.281,-68.186,-15.966,-133.345,-41.541,-124.887,-46.557,-38.844,9.444,-91.315,-23.655,-96.536,-28.753,45.394,25.814,94.502,56.001,4,4,67.66,-71.372,-43.296,-23.129,-7.689,94.3717277486911,3.79581151832461,28.272251308900522,74.54188481675392,49.73856209150327,50.14,Moderada
Filosofia (Bacharelado/Licenciatura) | Darcy Ribeiro | Diurno | EP_R2_PPI | EP=True | R=R2 | GE=PPI | PCD=False | SM=1.5,423,Filosofia (Bacharelado/Licenciatura),Darcy Ribeiro,Diurno,EP_R2_PPI,3,3,-8.586,-24.861,-8.586,-18.079,-39.923,-24.861,-86.322,-8.586,77.736,40.998,-102.694,50.0,1.0,98.427,-8.341,-8.586,-18.079,1.642,19.721,9.863,-118.245,50.0,1,21.177,-24.861,-18.079,-56.198,-17.834,-32.999,-22.825,-42.636,-9.923,-39.173,-17.165,-37.817,-17.956,13.476,5.347,31.337,12.902,4,4,22.008,0.75,-8.824,-14.312,0.914,82.19895287958116,15.052356020942403,1.832460732984298,37.56544502617801,49.73856209150327,37.28,Baixa
Filosofia (Bacharelado/Licenciatura) | Darcy Ribeiro | Diurno | EP_R2_PPI_PCD | EP=True | R=R2 | GE=PPI | PCD=True | SM=1.5,424,Filosofia (Bacharelado/Licenciatura),Darcy Ribeiro,Diurno,EP_R2_PPI_PCD,1,1,-48.451,-48.451,-48.451,-48.451,-48.451,-48.451,-48.451,-48.451,0.0,0.0,0.0,100.0,0.0,0.0,-48.451,-48.451,-48.451,-48.451,0.0,0.0,0.0,100.0,0,0.0,-48.451,-48.451,,,,,-48.451,-48.451,-48.451,-48.451,-48.451,-48.451,0.0,0.0,0.0,0.0,2,2,0.0,0.0,0.0,0.0,0.0,33.37696335078534,82.32984293193716,78.20680628272252,74.54188481675392,17.77777777777778,57.25,Moderada
Filosofia (Licenciatura) | Darcy Ribeiro | Noturno | AC | EP=False | R=NA | GE=NA | PCD=False | SM=NA,425,Filosofia (Licenciatura),Darcy Ribeiro,Noturno,AC,4,4,-52.983,-52.159,37.478,5.216,-45.911,-50.224,-52.983,-30.212,22.771,10.664,-23.228,66.667,1.0,20.737,-0.718,3.971,-48.29,37.478,85.768,35.445,-4938.383,66.667,1,56.242,-52.159,5.216,-51.13,-25.963,-54.863,-8.904,-46.691,-8.108,-51.211,-9.44,-51.644,-8.506,3.4,12.778,8.172,31.179,4,4,41.771,-5.3,-8.722,0.948,-14.656,57.32984293193717,55.62827225130891,43.58638743455497,37.56544502617801,64.9673202614379,51.82,Moderada
Filosofia (Licenciatura) | Darcy Ribeiro | Noturno | EP_R1_PPI | EP=True | R=R1 | GE=PPI | PCD=False | SM=1.5,426,Filosofia (Licenciatura),Darcy Ribeiro,Noturno,EP_R1_PPI,1,1,-59.768,-59.768,-59.768,-59.768,-59.768,-59.768,-59.768,-59.768,0.0,0.0,0.0,100.0,0.0,0.0,-59.768,-59.768,-59.768,-59.768,0.0,0.0,0.0,100.0,0,0.0,-59.768,-59.768,,,,,-59.768,-59.768,-59.768,-59.768,-59.768,-59.768,0.0,0.0,0.0,0.0,2,2,0.0,0.0,0.0,0.0,0.0,33.37696335078534,82.32984293193716,78.20680628272252,74.54188481675392,17.77777777777778,57.25,Moderada
Filosofia (Licenciatura) | Darcy Ribeiro | Noturno | EP_R2_NPPI | EP=True | R=R2 | GE=NPPI | PCD=False | SM=1.5,427,Filosofia (Licenciatura),Darcy Ribeiro,Noturno,EP_R2_NPPI,1,1,-22.521,-22.521,-22.521,-22.521,-22.521,-22.521,-22.521,-22.521,0.0,0.0,0.0,100.0,0.0,0.0,-22.521,-22.521,-22.521,-22.521,0.0,0.0,0.0,100.0,0,0.0,-22.521,-22.521,,,,,-22.521,-22.521,-22.521,-22.521,-22.521,-22.521,0.0,0.0,0.0,0.0,2,2,0.0,0.0,0.0,0.0,0.0,33.37696335078534,82.32984293193716,78.20680628272252,74.54188481675392,17.77777777777778,57.25,Moderada
Filosofia (Licenciatura) | Darcy Ribeiro | Noturno | EP_R2_PPI | EP=True | R=R2 | GE=PPI | PCD=False | SM=1.5,428,Filosofia (Licenciatura),Darcy Ribeiro,Noturno,EP_R2_PPI,2,2,-63.589,-20.759,-63.589,-20.759,-42.174,-42.174,-63.589,-20.759,42.83,30.285,-71.811,100.0,0.0,0.0,-42.174,-42.174,-63.589,-20.759,42.83,30.285,-71.811,100.0,0,0.0,-20.759,-20.759,22.071,22.071,22.071,22.071,-35.036,-35.036,-2.913,-2.913,0.656,0.656,29.432,29.432,57.107,57.107,4,4,0.0,39.261,39.261,17.846,17.846,75.52356020942408,40.18324607329843,78.20680628272252,74.54188481675392,39.47712418300654,61.59,Alta
Fisioterapia (Bacharelado) | Ceilândia | Diurno | AC | EP=False | R=NA | GE=NA | PCD=False | SM=NA,429,Fisioterapia (Bacharelado),Ceilândia,Diurno,AC,6,5,5.582,30.23,54.666,81.869,22.355,30.424,3.438,33.173,29.735,13.877,62.074,60.0,2.0,22.353,64.9,79.217,16.934,91.814,74.88,30.095,46.371,50.0,2,56.123,30.23,81.869,26.317,62.686,22.048,60.858,23.298,63.535,25.473,67.237,24.807,63.111,3.642,9.818,8.182,21.011,4,4,41.764,3.118,2.337,-4.757,-14.632,9.81675392670157,50.91623036649216,42.14659685863874,17.212041884816752,95.29411764705881,43.08,Moderada
Fisioterapia (Bacharelado) | Ceilândia | Diurno | CN | EP=False | R=NA | GE=NEGROS | PCD=False | SM=NA,430,Fisioterapia (Bacharelado),Ceilândia,Diurno,CN,6,6,10.489,13.637,34.882,13.637,6.309,7.092,-9.095,23.699,32.794,12.133,192.324,60.0,2.0,16.495,10.374,8.666,-9.095,34.882,43.977,16.946,163.348,60.0,1,15.416,13.637,13.637,-1.877,-10.008,2.812,-0.673,4.36,5.521,4.733,2.119,3.586,2.424,6.501,9.985,15.514,23.645,4,4,-2.614,-1.576,-8.255,-8.904,-11.518,5.366492146596857,47.77486910994765,48.29842931937173,17.212041884816752,95.29411764705881,42.79,Moderada
Fisioterapia (Bacharelado) | Ceilândia | Diurno | EP_R1_NPPI | EP=True | R=R1 | GE=NPPI | PCD=False | SM=1.5,431,Fisioterapia (Bacharelado),Ceilândia,Diurno,EP_R1_NPPI,5,5,-31.032,-65.973,13.229,-65.973,-19.844,-19.321,-65.973,16.592,82.565,31.605,-159.267,50.0,3.0,55.348,13.303,17.749,-65.973,61.01,126.983,48.271,362.844,50.0,1,63.459,-65.973,-65.973,-35.985,-27.392,-53.233,-55.968,-23.431,4.26,-44.655,-36.268,-44.609,-41.68,18.741,31.579,42.542,70.233,4,4,8.387,-24.811,-49.571,21.318,29.705,88.21989528795811,12.434554973821987,13.874345549738221,5.759162303664922,82.2875816993464,40.52,Moderada
Fisioterapia (Bacharelado) | Ceilândia | Diurno | EP_R1_NPPIQ | EP=True | R=R1 | GE=NPPIQ | PCD=False | SM=1.0,432,Fisioterapia (Bacharelado),Ceilândia,Diurno,EP_R1_NPPIQ,1,1,-35.235,-35.235,-33.078,-33.078,-35.235,-35.235,-35.235,-35.235,0.0,0.0,0.0,100.0,0.0,0.0,-33.078,-33.078,-33.078,-33.078,0.0,0.0,0.0,100.0,0,0.0,-35.235,-33.078,,,,,-35.235,-33.078,-35.235,-33.078,-35.235,-33.078,0.0,0.0,0.0,0.0,2,2,2.157,0.0,0.0,0.0,0.0,33.37696335078534,82.32984293193716,78.20680628272252,74.54188481675392,17.77777777777778,57.25,Moderada
Fisioterapia (Bacharelado) | Ceilândia | Diurno | EP_R1_PPI | EP=True | R=R1 | GE=PPI | PCD=False | SM=1.5,433,Fisioterapia (Bacharelado),Ceilândia,Diurno,EP_R1_PPI,4,4,-16.495,-29.528,13.421,-6.075,-28.932,-23.011,-56.29,-13.417,42.873,19.53,-67.5,66.667,2.0,35.406,6.823,8.46,-6.075,16.447,22.522,10.224,149.839,66.667,2,17.981,-29.528,-6.075,-49.425,-4.562,-44.689,-7.082,-33.031,4.546,-39.168,-3.293,-38.86,-5.318,9.421,5.328,19.897,11.628,4,4,35.875,-10.236,-10.116,-9.64,2.782,74.3455497382199,40.052356020942405,28.926701570680624,17.212041884816752,64.9673202614379,45.1,Moderada
Fisioterapia (Bacharelado) | Ceilândia | Diurno | EP_R1_PPIQ | EP=True | R=R1 | GE=PPIQ | PCD=False | SM=1.0,434,Fisioterapia (Bacharelado),Ceilândia,Diurno,EP_R1_PPIQ,1,1,-59.032,-59.032,-59.032,-59.032,-59.032,-59.032,-59.032,-59.032,0.0,0.0,0.0,100.0,0.0,0.0,-59.032,-59.032,-59.032,-59.032,0.0,0.0,0.0,100.0,0,0.0,-59.032,-59.032,,,,,-59.032,-59.032,-59.032,-59.032,-59.032,-59.032,0.0,0.0,0.0,0.0,2,2,0.0,0.0,0.0,0.0,0.0,33.37696335078534,82.32984293193716,78.20680628272252,74.54188481675392,17.77777777777778,57.25,Moderada
Fisioterapia (Bacharelado) | Ceilândia | Diurno | EP_R2_NPPI | EP=True | R=R2 | GE=NPPI | PCD=False | SM=1.5,435,Fisioterapia (Bacharelado),Ceilândia,Diurno,EP_R2_NPPI,5,5,-1.995,-19.889,27.517,-0.296,8.696,10.703,-19.889,43.008,62.897,23.03,264.832,50.0,1.0,32.16,24.801,27.267,-0.296,45.269,45.565,16.298,65.718,75.0,2,21.158,-19.889,-0.296,-1.755,9.019,-16.969,0.258,6.373,21.294,-8.06,7.569,-9.362,4.639,12.482,10.096,26.262,21.59,4,4,15.629,-16.756,-17.232,11.829,7.865,4.057591623036649,24.083769633507856,31.937172774869104,37.56544502617801,82.2875816993464,35.99,Baixa
Fisioterapia (Bacharelado) | Ceilândia | Diurno | EP_R2_NPPIQ | EP=True | R=R2 | GE=NPPIQ | PCD=False | SM=1.0,436,Fisioterapia (Bacharelado),Ceilândia,Diurno,EP_R2_NPPIQ,1,1,12.991,12.991,24.746,24.746,12.991,12.991,12.991,12.991,0.0,0.0,0.0,100.0,0.0,0.0,24.746,24.746,24.746,24.746,0.0,0.0,0.0,100.0,0,0.0,12.991,24.746,,,,,12.991,24.746,12.991,24.746,12.991,24.746,0.0,0.0,0.0,0.0,2,2,11.755,0.0,0.0,0.0,0.0,33.37696335078534,82.32984293193716,78.20680628272252,74.54188481675392,17.77777777777778,57.25,Moderada
Fisioterapia (Bacharelado) | Ceilândia | Diurno | EP_R2_PPI | EP=True | R=R2 | GE=PPI | PCD=False | SM=1.5,437,Fisioterapia (Bacharelado),Ceilândia,Diurno,EP_R2_PPI,5,5,-26.611,-79.757,40.374,-46.126,-34.362,-26.611,-79.757,-1.257,78.5,33.244,-96.746,50.0,1.0,33.106,-0.263,11.757,-46.126,40.374,86.5,35.744,-13570.369,100.0,0,12.999,-79.757,-46.126,-80.907,-66.788,-95.511,-69.558,-44.705,-15.047,-75.22,-49.38,-80.332,-56.457,21.57,25.163,50.805,54.511,4,4,25.84,-40.858,-49.117,4.537,-3.254,80.89005235602093,14.65968586387435,30.759162303664922,37.56544502617801,82.2875816993464,49.23,Moderada
Fisioterapia (Bacharelado) | Ceilândia | Diurno | EP_R2_PPIQ | EP=True | R=R2 | GE=PPIQ | PCD=False | SM=1.0,438,Fisioterapia (Bacharelado),Ceilândia,Diurno,EP_R2_PPIQ,1,1,-59.558,-59.558,8.862,8.862,-59.558,-59.558,-59.558,-59.558,0.0,0.0,0.0,100.0,0.0,0.0,8.862,8.862,8.862,8.862,0.0,0.0,0.0,100.0,0,0.0,-59.558,8.862,,,,,-59.558,8.862,-59.558,8.862,-59.558,8.862,0.0,0.0,0.0,0.0,2,2,68.42,0.0,0.0,0.0,0.0,33.37696335078534,82.32984293193716,78.20680628272252,74.54188481675392,17.77777777777778,57.25,Moderada
Fonoaudiologia (Bacharelado) | Ceilândia | Diurno | AC | EP=False | R=NA | GE=NA | PCD=False | SM=NA,439,Fonoaudiologia (Bacharelado),Ceilândia,Diurno,AC,6,6,-40.855,16.721,57.282,40.508,-5.29,-3.42,-40.855,19.105,59.96,23.787,-449.668,80.0,2.0,29.659,36.886,43.75,0.53,64.645,64.115,25.594,69.387,60.0,3,48.33,16.721,40.508,23.118,27.016,15.702,28.178,1.474,34.536,14.254,32.559,16.212,31.357,9.13,6.245,21.644,13.492,4,4,18.305,19.544,-4.327,-2.467,-7.949,96.07329842931938,26.439790575916234,34.031413612565444,17.212041884816752,95.29411764705881,53.81,Moderada
Fonoaudiologia (Bacharelado) | Ceilândia | Diurno | CN | EP=False | R=NA | GE=NEGROS | PCD=False | SM=NA,440,Fonoaudiologia (Bacharelado),Ceilândia,Diurno,CN,5,5,-28.93,5.402,45.132,5.402,0.941,2.749,-28.93,46.715,75.645,29.59,3143.165,50.0,2.0,53.68,15.754,5.402,-21.229,46.715,67.944,29.435,186.844,50.0,2,30.687,5.402,5.402,2.272,-24.751,-3.083,-14.809,0.989,5.927,1.395,-7.058,1.63,-4.704,3.514,15.242,8.485,30.678,4,4,-8.453,0.454,-22.812,-4.007,-12.46,0.13089005235602524,17.015706806282726,14.92146596858639,17.212041884816752,82.2875816993464,26.31,Baixa
Fonoaudiologia (Bacharelado) | Ceilândia | Diurno | EP_R1_NPPI | EP=True | R=R1 | GE=NPPI | PCD=False | SM=1.5,441,Fonoaudiologia (Bacharelado),Ceilândia,Diurno,EP_R1_NPPI,4,4,-33.514,-27.261,0.916,-17.719,-26.832,-30.388,-37.896,-8.658,29.238,12.878,-47.995,66.667,2.0,28.042,-0.812,-1.891,-17.719,18.255,35.974,14.916,-1838.109,66.667,1,20.991,-27.261,-17.719,-29.452,-20.526,-32.296,-26.598,-27.356,-4.754,-29.091,-17.399,-28.404,-19.122,2.364,9.208,5.035,21.844,4,4,11.692,-2.259,-16.587,-1.83,0.32,69.50261780104712,51.439790575916234,35.994764397905755,17.212041884816752,64.9673202614379,47.82,Moderada
Fonoaudiologia (Bacharelado) | Ceilândia | Diurno | EP_R1_NPPIQ | EP=True | R=R1 | GE=NPPIQ | PCD=False | SM=1.0,442,Fonoaudiologia (Bacharelado),Ceilândia,Diurno,EP_R1_NPPIQ,1,1,-60.121,-60.121,-60.121,-60.121,-60.121,-60.121,-60.121,-60.121,0.0,0.0,0.0,100.0,0.0,0.0,-60.121,-60.121,-60.121,-60.121,0.0,0.0,0.0,100.0,0,0.0,-60.121,-60.121,,,,,-60.121,-60.121,-60.121,-60.121,-60.121,-60.121,0.0,0.0,0.0,0.0,2,2,0.0,0.0,0.0,0.0,0.0,33.37696335078534,82.32984293193716,78.20680628272252,74.54188481675392,17.77777777777778,57.25,Moderada
Fonoaudiologia (Bacharelado) | Ceilândia | Diurno | EP_R1_PPI | EP=True | R=R1 | GE=PPI | PCD=False | SM=1.5,443,Fonoaudiologia (Bacharelado),Ceilândia,Diurno,EP_R1_PPI,4,4,-5.802,-68.611,-5.802,20.447,-31.037,-24.867,-68.611,-5.802,62.809,28.683,-92.417,100.0,0.0,13.157,-2.174,4.414,-37.971,20.447,58.418,26.386,-1213.561,66.667,2,56.423,-68.611,20.447,-84.696,4.363,-89.631,11.96,-41.768,-0.867,-71.177,8.976,-76.653,8.161,21.562,9.285,47.863,21.314,4,4,80.153,-40.14,11.15,-2.566,-11.471,80.10471204188482,24.345549738219894,50.654450261780106,74.54188481675392,64.9673202614379,58.92,Moderada
Fonoaudiologia (Bacharelado) | Ceilândia | Diurno | EP_R2_NPPI | EP=True | R=R2 | GE=NPPI | PCD=False | SM=1.5,444,Fonoaudiologia (Bacharelado),Ceilândia,Diurno,EP_R2_NPPI,5,5,-75.822,-66.134,6.478,-37.894,-33.534,-38.678,-75.822,25.151,100.973,41.162,-122.746,75.0,1.0,65.883,3.523,6.478,-37.894,34.443,72.337,28.924,821.098,50.0,3,52.885,-66.134,-37.894,-46.87,-20.313,-71.471,-30.443,-36.498,-1.774,-55.243,-22.606,-56.502,-25.378,16.365,15.646,34.973,36.12,4,4,32.637,-21.709,-26.129,10.891,15.288,85.47120418848168,6.020942408376961,8.115183246073299,37.56544502617801,82.2875816993464,43.89,Moderada
Fonoaudiologia (Bacharelado) | Ceilândia | Diurno | EP_R2_NPPIQ | EP=True | R=R2 | GE=NPPIQ | PCD=False | SM=1.0,445,Fonoaudiologia (Bacharelado),Ceilândia,Diurno,EP_R2_NPPIQ,1,1,-20.384,-20.384,5.716,5.716,-20.384,-20.384,-20.384,-20.384,0.0,0.0,0.0,100.0,0.0,0.0,5.716,5.716,5.716,5.716,0.0,0.0,0.0,100.0,0,0.0,-20.384,5.716,,,,,-20.384,5.716,-20.384,5.716,-20.384,5.716,0.0,0.0,0.0,0.0,2,2,26.1,0.0,0.0,0.0,0.0,33.37696335078534,82.32984293193716,78.20680628272252,74.54188481675392,17.77777777777778,57.25,Moderada
Fonoaudiologia (Bacharelado) | Ceilândia | Diurno | EP_R2_NPPIQ_PCD | EP=True | R=R2 | GE=NPPIQ | PCD=True | SM=1.0,446,Fonoaudiologia (Bacharelado),Ceilândia,Diurno,EP_R2_NPPIQ_PCD,1,1,-43.816,-43.816,-43.816,-43.816,-43.816,-43.816,-43.816,-43.816,0.0,0.0,0.0,100.0,0.0,0.0,-43.816,-43.816,-43.816,-43.816,0.0,0.0,0.0,100.0,0,0.0,-43.816,-43.816,,,,,-43.816,-43.816,-43.816,-43.816,-43.816,-43.816,0.0,0.0,0.0,0.0,2,2,0.0,0.0,0.0,0.0,0.0,33.37696335078534,82.32984293193716,78.20680628272252,74.54188481675392,17.77777777777778,57.25,Moderada
Fonoaudiologia (Bacharelado) | Ceilândia | Diurno | EP_R2_PPI | EP=True | R=R2 | GE=PPI | PCD=False | SM=1.5,447,Fonoaudiologia (Bacharelado),Ceilândia,Diurno,EP_R2_PPI,4,4,-40.393,-49.838,-16.378,-49.838,-52.634,-50.208,-69.725,-40.393,29.332,12.302,-23.372,66.667,1.0,24.472,-12.22,-11.262,-49.838,23.483,73.321,30.243,-247.497,66.667,1,44.736,-49.838,-49.838,-54.93,-44.722,-48.916,-61.433,-53.093,-18.72,-51.694,-43.678,-51.465,-47.28,2.804,18.048,6.014,42.712,4,4,8.016,0.94,-31.458,-1.856,6.16,57.460732984293195,51.30890052356021,39.52879581151832,37.56544502617801,64.9673202614379,50.17,Moderada
Fonoaudiologia (Bacharelado) | Ceilândia | Diurno | EP_R2_PPIQ | EP=True | R=R2 | GE=PPIQ | PCD=False | SM=1.0,448,Fonoaudiologia (Bacharelado),Ceilândia,Diurno,EP_R2_PPIQ,1,1,-48.358,-48.358,-48.358,-48.358,-48.358,-48.358,-48.358,-48.358,0.0,0.0,0.0,100.0,0.0,0.0,-48.358,-48.358,-48.358,-48.358,0.0,0.0,0.0,100.0,0,0.0,-48.358,-48.358,,,,,-48.358,-48.358,-48.358,-48.358,-48.358,-48.358,0.0,0.0,0.0,0.0,2,2,0.0,0.0,0.0,0.0,0.0,33.37696335078534,82.32984293193716,78.20680628272252,74.54188481675392,17.77777777777778,57.25,Moderada
Física (Bacharelado) | Darcy Ribeiro | Diurno | AC | EP=False | R=NA | GE=NA | PCD=False | SM=NA,449,Física (Bacharelado),Darcy Ribeiro,Diurno,AC,5,4,-49.177,14.167,91.641,97.592,13.691,14.167,-49.177,91.722,140.899,51.249,374.33,50.0,2.0,91.808,115.32,114.03,91.641,141.578,49.937,24.454,21.205,66.667,1,42.154,14.167,97.592,20.941,120.821,5.452,105.862,15.541,116.768,14.025,110.261,14.854,111.315,6.42,10.547,15.489,23.229,4,4,96.236,0.334,-5.059,-0.142,12.669,2.7486910994764413,1.1780104712041939,2.617801047120416,17.212041884816752,82.2875816993464,21.21,Baixa
Física (Bacharelado) | Darcy Ribeiro | Diurno | CN | EP=False | R=NA | GE=NEGROS | PCD=False | SM=NA,450,Física (Bacharelado),Darcy Ribeiro,Diurno,CN,3,3,-10.52,37.136,128.902,37.136,28.92,37.136,-10.52,60.143,70.663,36.041,124.624,50.0,1.0,66.235,75.394,60.143,37.136,128.902,91.766,47.746,63.329,100.0,0,32.352,37.136,37.136,72.467,2.757,62.507,4.698,36.862,60.099,52.243,26.172,49.822,20.917,18.066,27.572,35.605,57.343,4,4,-26.071,23.323,-49.222,15.107,-10.964,6.937172774869104,19.502617801047116,7.984293193717273,37.56544502617801,49.73856209150327,24.35,Baixa
Física (Bacharelado) | Darcy Ribeiro | Diurno | EP_R1_NPPI | EP=True | R=R1 | GE=NPPI | PCD=False | SM=1.5,451,Física (Bacharelado),Darcy Ribeiro,Diurno,EP_R1_NPPI,3,3,-59.265,-15.349,65.812,7.367,-31.562,-20.071,-59.265,-15.349,43.916,24.108,-76.383,100.0,0.0,24.375,38.98,43.762,7.367,65.812,58.445,29.514,75.716,100.0,0,10.143,-15.349,7.367,12.354,-19.465,6.609,-21.855,-24.242,29.24,-5.157,-1.178,-4.37,-6.049,17.447,24.223,36.597,51.095,4,4,3.979,26.405,-40.158,10.192,-8.545,76.57068062827224,38.87434554973822,39.92146596858639,74.54188481675392,49.73856209150327,55.93,Moderada
Física (Bacharelado) | Darcy Ribeiro | Diurno | EP_R1_PPI | EP=True | R=R1 | GE=PPI | PCD=False | SM=1.5,452,Física (Bacharelado),Darcy Ribeiro,Diurno,EP_R1_PPI,3,3,-74.73,72.767,-74.73,72.767,12.421,39.226,-74.73,72.767,147.497,77.316,622.46,100.0,0.0,56.862,12.421,39.226,-74.73,72.767,147.497,77.316,622.46,100.0,0,56.862,72.767,72.767,159.918,159.918,146.515,146.515,37.004,37.004,104.051,104.051,109.641,109.641,58.874,58.874,122.914,122.914,4,4,0.0,91.63,91.63,31.284,31.284,1.5706806282722474,0.9162303664921434,12.434554973821987,74.54188481675392,49.73856209150327,27.84,Baixa
Física (Bacharelado) | Darcy Ribeiro | Diurno | EP_R2_NPPI | EP=True | R=R2 | GE=NPPI | PCD=False | SM=1.5,453,Física (Bacharelado),Darcy Ribeiro,Diurno,EP_R2_NPPI,4,4,-11.788,-57.411,-11.788,41.027,-36.568,-34.6,-72.92,-4.154,68.766,33.767,-92.339,66.667,2.0,46.55,44.399,44.942,-11.788,99.501,111.289,45.55,102.592,66.667,1,66.076,-57.411,41.027,-87.977,96.671,-86.402,72.848,-46.85,54.854,-69.66,66.35,-71.906,63.851,20.705,24.049,41.127,55.644,4,4,136.01,-33.092,21.951,-12.249,25.323,79.97382198952879,20.68062827225131,19.895287958115183,17.212041884816752,64.9673202614379,40.55,Moderada
Física (Bacharelado) | Darcy Ribeiro | Diurno | EP_R2_NPPIQ | EP=True | R=R2 | GE=NPPIQ | PCD=False | SM=1.0,454,Física (Bacharelado),Darcy Ribeiro,Diurno,EP_R2_NPPIQ,1,1,-29.298,-29.298,5.538,5.538,-29.298,-29.298,-29.298,-29.298,0.0,0.0,0.0,100.0,0.0,0.0,5.538,5.538,5.538,5.538,0.0,0.0,0.0,100.0,0,0.0,-29.298,5.538,,,,,-29.298,5.538,-29.298,5.538,-29.298,5.538,0.0,0.0,0.0,0.0,2,2,34.836,0.0,0.0,0.0,0.0,33.37696335078534,82.32984293193716,78.20680628272252,74.54188481675392,17.77777777777778,57.25,Moderada
Física (Bacharelado) | Darcy Ribeiro | Diurno | EP_R2_PPI | EP=True | R=R2 | GE=PPI | PCD=False | SM=1.5,455,Física (Bacharelado),Darcy Ribeiro,Diurno,EP_R2_PPI,3,3,-45.931,-19.355,26.603,-19.355,-15.059,-19.355,-45.931,20.11,66.041,33.229,-220.667,50.0,1.0,74.604,9.119,20.11,-19.355,26.603,45.958,24.872,272.742,100.0,0,23.315,-19.355,-19.355,11.517,-36.839,-6.067,-42.334,-10.629,1.46,-6.134,-24.267,-8.348,-28.097,12.995,19.752,30.872,43.794,4,4,-18.133,8.925,-33.386,13.221,-4.912,92.27748691099477,21.98952879581152,4.319371727748688,37.56544502617801,49.73856209150327,41.18,Moderada
Física (Bacharelado) | Darcy Ribeiro | Diurno | EP_R2_PPIQ | EP=True | R=R2 | GE=PPIQ | PCD=False | SM=1.0,456,Física (Bacharelado),Darcy Ribeiro,Diurno,EP_R2_PPIQ,1,1,-15.865,-15.865,-15.865,-15.865,-15.865,-15.865,-15.865,-15.865,0.0,0.0,0.0,100.0,0.0,0.0,-15.865,-15.865,-15.865,-15.865,0.0,0.0,0.0,100.0,0,0.0,-15.865,-15.865,,,,,-15.865,-15.865,-15.865,-15.865,-15.865,-15.865,0.0,0.0,0.0,0.0,2,2,0.0,0.0,0.0,0.0,0.0,33.37696335078534,82.32984293193716,78.20680628272252,74.54188481675392,17.77777777777778,57.25,Moderada
Física (Licenciatura) | Darcy Ribeiro | Noturno | AC | EP=False | R=NA | GE=NA | PCD=False | SM=NA,457,Física (Licenciatura),Darcy Ribeiro,Noturno,AC,5,5,-14.535,-62.273,38.883,125.678,-33.182,-62.273,-76.547,55.585,132.132,55.173,-166.274,75.0,2.0,106.025,92.233,94.263,38.883,149.957,111.074,47.141,51.11,50.0,3,65.948,-62.273,125.678,-33.398,159.69,-37.068,152.963,-31.298,107.519,-41.01,136.463,-35.233,139.321,14.375,24.262,30.975,52.172,4,4,177.473,-7.828,44.23,21.263,10.785,89.26701570680629,1.7015706806282727,1.0471204188481686,17.212041884816752,82.2875816993464,38.3,Baixa
Física (Licenciatura) | Darcy Ribeiro | Noturno | CN | EP=False | R=NA | GE=NEGROS | PCD=False | SM=NA,458,Física (Licenciatura),Darcy Ribeiro,Noturno,CN,1,1,-46.226,-46.226,-46.226,-46.226,-46.226,-46.226,-46.226,-46.226,0.0,0.0,0.0,100.0,0.0,0.0,-46.226,-46.226,-46.226,-46.226,0.0,0.0,0.0,100.0,0,0.0,-46.226,-46.226,,,,,-46.226,-46.226,-46.226,-46.226,-46.226,-46.226,0.0,0.0,0.0,0.0,2,2,0.0,0.0,0.0,0.0,0.0,33.37696335078534,82.32984293193716,78.20680628272252,74.54188481675392,17.77777777777778,57.25,Moderada
Física (Licenciatura) | Darcy Ribeiro | Noturno | EP_R1_NPPI | EP=True | R=R1 | GE=NPPI | PCD=False | SM=1.5,459,Física (Licenciatura),Darcy Ribeiro,Noturno,EP_R1_NPPI,1,1,-59.91,-59.91,26.842,26.842,-59.91,-59.91,-59.91,-59.91,0.0,0.0,0.0,100.0,0.0,0.0,26.842,26.842,26.842,26.842,0.0,0.0,0.0,100.0,0,0.0,-59.91,26.842,,,,,-59.91,26.842,-59.91,26.842,-59.91,26.842,0.0,0.0,0.0,0.0,2,2,86.752,0.0,0.0,0.0,0.0,33.37696335078534,82.32984293193716,78.20680628272252,74.54188481675392,17.77777777777778,57.25,Moderada
Física (Licenciatura) | Darcy Ribeiro | Noturno | EP_R2_NPPI | EP=True | R=R2 | GE=NPPI | PCD=False | SM=1.5,460,Física (Licenciatura),Darcy Ribeiro,Noturno,EP_R2_NPPI,1,1,-30.161,-30.161,26.655,26.655,-30.161,-30.161,-30.161,-30.161,0.0,0.0,0.0,100.0,0.0,0.0,26.655,26.655,26.655,26.655,0.0,0.0,0.0,100.0,0,0.0,-30.161,26.655,,,,,-30.161,26.655,-30.161,26.655,-30.161,26.655,0.0,0.0,0.0,0.0,2,2,56.816,0.0,0.0,0.0,0.0,33.37696335078534,82.32984293193716,78.20680628272252,74.54188481675392,17.77777777777778,57.25,Moderada
Geofísica (Bacharelado) | Darcy Ribeiro | Diurno | AC | EP=False | R=NA | GE=NA | PCD=False | SM=NA,461,Geofísica (Bacharelado),Darcy Ribeiro,Diurno,AC,5,5,-82.398,-47.993,-2.424,45.309,-51.248,-47.993,-82.398,-30.09,52.308,19.05,-37.171,50.0,1.0,22.394,34.593,8.759,-2.424,113.042,115.466,47.432,137.114,75.0,2,87.046,-47.993,45.309,-32.561,61.979,-42.827,47.598,-46.613,40.989,-42.498,48.969,-44.72,46.454,6.976,9.096,15.432,20.99,4,4,91.467,8.75,14.376,5.495,3.66,65.05235602094241,31.151832460732987,42.01570680628273,37.56544502617801,82.2875816993464,51.61,Moderada
Geofísica (Bacharelado) | Darcy Ribeiro | Diurno | CN | EP=False | R=NA | GE=NEGROS | PCD=False | SM=NA,462,Geofísica (Bacharelado),Darcy Ribeiro,Diurno,CN,1,1,-6.216,-6.216,-6.216,-6.216,-6.216,-6.216,-6.216,-6.216,0.0,0.0,0.0,100.0,0.0,0.0,-6.216,-6.216,-6.216,-6.216,0.0,0.0,0.0,100.0,0,0.0,-6.216,-6.216,,,,,-6.216,-6.216,-6.216,-6.216,-6.216,-6.216,0.0,0.0,0.0,0.0,2,2,0.0,0.0,0.0,0.0,0.0,33.37696335078534,82.32984293193716,78.20680628272252,74.54188481675392,17.77777777777778,57.25,Moderada
Geofísica (Bacharelado) | Darcy Ribeiro | Diurno | EP_R1_NPPI | EP=True | R=R1 | GE=NPPI | PCD=False | SM=1.5,463,Geofísica (Bacharelado),Darcy Ribeiro,Diurno,EP_R1_NPPI,2,2,-40.118,-50.006,-40.118,-50.006,-45.062,-45.062,-50.006,-40.118,9.888,6.992,-15.516,100.0,0.0,0.0,-45.062,-45.062,-50.006,-40.118,9.888,6.992,-15.516,100.0,0,0.0,-50.006,-50.006,-59.894,-59.894,-59.894,-59.894,-46.71,-46.71,-54.126,-54.126,-54.95,-54.95,6.795,6.795,13.184,13.184,4,4,0.0,-9.064,-9.064,-4.12,-4.12,54.581151832460726,62.43455497382199,78.20680628272252,74.54188481675392,39.47712418300654,61.85,Alta
Geofísica (Bacharelado) | Darcy Ribeiro | Diurno | EP_R1_PPI | EP=True | R=R1 | GE=PPI | PCD=False | SM=1.5,464,Geofísica (Bacharelado),Darcy Ribeiro,Diurno,EP_R1_PPI,1,1,-16.259,-16.259,-16.259,-16.259,-16.259,-16.259,-16.259,-16.259,0.0,0.0,0.0,100.0,0.0,0.0,-16.259,-16.259,-16.259,-16.259,0.0,0.0,0.0,100.0,0,0.0,-16.259,-16.259,,,,,-16.259,-16.259,-16.259,-16.259,-16.259,-16.259,0.0,0.0,0.0,0.0,2,2,0.0,0.0,0.0,0.0,0.0,33.37696335078534,82.32984293193716,78.20680628272252,74.54188481675392,17.77777777777778,57.25,Moderada
Geofísica (Bacharelado) | Darcy Ribeiro | Diurno | EP_R2_NPPI | EP=True | R=R2 | GE=NPPI | PCD=False | SM=1.5,465,Geofísica (Bacharelado),Darcy Ribeiro,Diurno,EP_R2_NPPI,2,2,-27.06,-48.561,-27.06,-48.561,-37.81,-37.81,-48.561,-27.06,21.501,15.204,-40.21,100.0,0.0,0.0,-37.81,-37.81,-48.561,-27.06,21.501,15.204,-40.21,100.0,0,0.0,-48.561,-48.561,-59.311,-59.311,-59.312,-59.312,-41.394,-41.394,-52.144,-52.144,-53.936,-53.936,8.778,8.778,17.918,17.918,4,4,0.0,-14.334,-14.334,-3.583,-3.583,66.2303664921466,56.93717277486912,78.20680628272252,74.54188481675392,39.47712418300654,63.08,Alta
Geofísica (Bacharelado) | Darcy Ribeiro | Diurno | EP_R2_PPI | EP=True | R=R2 | GE=PPI | PCD=False | SM=1.5,466,Geofísica (Bacharelado),Darcy Ribeiro,Diurno,EP_R2_PPI,1,1,-20.904,-20.904,-20.904,-20.904,-20.904,-20.904,-20.904,-20.904,0.0,0.0,0.0,100.0,0.0,0.0,-20.904,-20.904,-20.904,-20.904,0.0,0.0,0.0,100.0,0,0.0,-20.904,-20.904,,,,,-20.904,-20.904,-20.904,-20.904,-20.904,-20.904,0.0,0.0,0.0,0.0,2,2,0.0,0.0,0.0,0.0,0.0,33.37696335078534,82.32984293193716,78.20680628272252,74.54188481675392,17.77777777777778,57.25,Moderada
Geografia (Bacharelado/Licenciatura) | Darcy Ribeiro | Diurno | AC | EP=False | R=NA | GE=NA | PCD=False | SM=NA,467,Geografia (Bacharelado/Licenciatura),Darcy Ribeiro,Diurno,AC,5,5,-52.004,-90.016,33.9,129.343,-40.624,-25.568,-90.016,-11.709,78.307,31.281,-77.002,75.0,1.0,43.073,69.768,44.499,33.9,129.343,95.443,41.369,59.296,75.0,2,59.225,-90.016,129.343,-76.384,134.043,-93.554,136.752,-46.616,82.485,-76.643,120.656,-83.2,131.693,21.342,25.631,46.938,54.267,4,4,197.299,-36.019,50.888,13.373,-8.687,76.96335078534031,14.790575916230363,22.251308900523558,37.56544502617801,82.2875816993464,46.77,Moderada
Geografia (Bacharelado/Licenciatura) | Darcy Ribeiro | Diurno | CN | EP=False | R=NA | GE=NEGROS | PCD=False | SM=NA,468,Geografia (Bacharelado/Licenciatura),Darcy Ribeiro,Diurno,CN,2,2,-51.632,-8.341,-41.47,-8.341,-29.986,-29.986,-51.632,-8.341,43.291,30.611,-102.084,100.0,0.0,0.0,-24.906,-24.906,-41.47,-8.341,33.129,23.426,-94.059,100.0,0,0.0,-8.341,-8.341,34.95,24.788,34.95,24.788,-22.771,-19.384,9.697,5.463,13.304,8.223,29.749,22.766,57.721,44.172,4,4,-4.234,39.683,30.369,18.038,13.804,82.06806282722513,39.26701570680628,78.20680628272252,74.54188481675392,39.47712418300654,62.71,Alta
Geografia (Bacharelado/Licenciatura) | Darcy Ribeiro | Diurno | EP_R1_NPPI | EP=True | R=R1 | GE=NPPI | PCD=False | SM=1.5,469,Geografia (Bacharelado/Licenciatura),Darcy Ribeiro,Diurno,EP_R1_NPPI,4,4,-45.35,7.666,-45.35,7.666,-14.928,-13.841,-45.35,13.323,58.673,29.727,-199.144,66.667,2.0,57.987,-9.528,-3.042,-45.35,13.323,58.673,26.576,-278.939,66.667,2,42.995,7.666,7.666,12.667,23.466,9.535,16.015,-9.409,-2.929,5.115,11.055,8.6,11.84,9.9,11.338,22.075,26.395,4,4,5.94,20.043,20.583,-2.551,3.389,90.96858638743456,27.225130890052352,11.910994764397909,17.212041884816752,64.9673202614379,42.46,Moderada
Geografia (Bacharelado/Licenciatura) | Darcy Ribeiro | Diurno | EP_R1_PPI | EP=True | R=R1 | GE=PPI | PCD=False | SM=1.5,470,Geografia (Bacharelado/Licenciatura),Darcy Ribeiro,Diurno,EP_R1_PPI,2,2,-24.912,-53.491,3.902,-53.491,-39.201,-39.201,-53.491,-24.912,28.579,20.208,-51.55,100.0,0.0,0.0,-24.794,-24.794,-53.491,3.902,57.393,40.583,-163.677,100.0,0,0.0,-53.491,-53.491,-67.78,-82.187,-67.78,-82.188,-43.965,-34.36,-58.254,-63.056,-60.636,-67.839,11.667,23.431,23.816,47.828,4,4,-4.802,-19.053,-38.262,-4.763,-9.565,70.68062827225131,52.35602094240838,78.20680628272252,74.54188481675392,39.47712418300654,63.05,Alta
Geografia (Bacharelado/Licenciatura) | Darcy Ribeiro | Diurno | EP_R2_NPPI | EP=True | R=R2 | GE=NPPI | PCD=False | SM=1.5,471,Geografia (Bacharelado/Licenciatura),Darcy Ribeiro,Diurno,EP_R2_NPPI,3,3,-54.684,-8.19,-14.787,18.368,-23.81,-8.556,-54.684,-8.19,46.494,26.738,-112.299,100.0,0.0,32.359,7.84,18.368,-14.787,19.938,34.725,19.611,250.151,50.0,1,25.664,-8.19,18.368,11.684,32.802,4.996,27.633,-16.061,13.365,-1.893,23.042,-1.597,23.0,12.546,8.79,27.745,19.436,4,4,24.935,21.917,15.202,6.297,4.674,84.55497382198953,36.38743455497382,31.675392670157066,74.54188481675392,49.73856209150327,55.38,Moderada
Geografia (Bacharelado/Licenciatura) | Darcy Ribeiro | Diurno | EP_R2_NPPIQ | EP=True | R=R2 | GE=NPPIQ | PCD=False | SM=1.0,472,Geografia (Bacharelado/Licenciatura),Darcy Ribeiro,Diurno,EP_R2_NPPIQ,1,1,-66.839,-66.839,-44.521,-44.521,-66.839,-66.839,-66.839,-66.839,0.0,0.0,0.0,100.0,0.0,0.0,-44.521,-44.521,-44.521,-44.521,0.0,0.0,0.0,100.0,0,0.0,-66.839,-44.521,,,,,-66.839,-44.521,-66.839,-44.521,-66.839,-44.521,0.0,0.0,0.0,0.0,2,2,22.318,0.0,0.0,0.0,0.0,33.37696335078534,82.32984293193716,78.20680628272252,74.54188481675392,17.77777777777778,57.25,Moderada
Geografia (Bacharelado/Licenciatura) | Darcy Ribeiro | Diurno | EP_R2_PPI | EP=True | R=R2 | GE=PPI | PCD=False | SM=1.5,473,Geografia (Bacharelado/Licenciatura),Darcy Ribeiro,Diurno,EP_R2_PPI,3,3,-28.339,-16.387,-20.368,7.067,-20.451,-16.626,-28.339,-16.387,11.952,6.833,-33.41,100.0,0.0,8.113,-9.976,-16.626,-20.368,7.067,27.435,14.878,-149.138,100.0,0,14.107,-16.387,7.067,-8.499,17.459,-10.411,20.784,-18.459,-5.403,-13.439,9.977,-13.399,12.263,4.742,11.801,9.96,26.188,4,4,23.416,7.012,19.953,2.948,2.91,62.95811518324608,61.64921465968587,53.59947643979057,74.54188481675392,49.73856209150327,60.5,Alta
Geologia (Bacharelado) | Darcy Ribeiro | Diurno | AC | EP=False | R=NA | GE=NA | PCD=False | SM=NA,474,Geologia (Bacharelado),Darcy Ribeiro,Diurno,AC,5,5,-96.644,-63.489,38.599,80.103,-67.95,-63.489,-96.644,-54.123,42.521,17.031,-25.064,50.0,1.0,16.021,72.563,77.924,38.599,97.846,59.247,21.772,30.005,75.0,1,20.475,-63.489,80.103,-46.706,103.387,-55.807,93.42,-62.731,80.064,-57.183,89.243,-59.269,86.762,7.793,11.333,16.783,23.323,4,4,146.426,10.767,16.68,6.306,9.14,58.37696335078534,41.2303664921466,48.69109947643979,37.56544502617801,82.2875816993464,53.63,Moderada
Geologia (Bacharelado) | Darcy Ribeiro | Diurno | CN | EP=False | R=NA | GE=NEGROS | PCD=False | SM=NA,475,Geologia (Bacharelado),Darcy Ribeiro,Diurno,CN,2,2,-33.967,-36.67,-33.967,-36.67,-35.318,-35.318,-36.67,-33.967,2.703,1.911,-5.412,100.0,0.0,0.0,-35.318,-35.318,-36.67,-33.967,2.703,1.911,-5.412,100.0,0,0.0,-36.67,-36.67,-39.373,-39.373,-39.373,-39.373,-35.769,-35.769,-37.796,-37.796,-38.022,-38.022,1.857,1.857,3.604,3.604,4,4,0.0,-2.478,-2.478,-1.126,-1.126,51.57068062827226,64.26701570680629,78.20680628272252,74.54188481675392,39.47712418300654,61.61,Alta
Geologia (Bacharelado) | Darcy Ribeiro | Diurno | EP_R1_NPPI | EP=True | R=R1 | GE=NPPI | PCD=False | SM=1.5,476,Geologia (Bacharelado),Darcy Ribeiro,Diurno,EP_R1_NPPI,1,1,-36.351,-36.351,-36.351,-36.351,-36.351,-36.351,-36.351,-36.351,0.0,0.0,0.0,100.0,0.0,0.0,-36.351,-36.351,-36.351,-36.351,0.0,0.0,0.0,100.0,0,0.0,-36.351,-36.351,,,,,-36.351,-36.351,-36.351,-36.351,-36.351,-36.351,0.0,0.0,0.0,0.0,2,2,0.0,0.0,0.0,0.0,0.0,33.37696335078534,82.32984293193716,78.20680628272252,74.54188481675392,17.77777777777778,57.25,Moderada
Geologia (Bacharelado) | Darcy Ribeiro | Diurno | EP_R1_PPI | EP=True | R=R1 | GE=PPI | PCD=False | SM=1.5,477,Geologia (Bacharelado),Darcy Ribeiro,Diurno,EP_R1_PPI,3,3,-59.404,-3.498,-59.404,-3.498,-25.839,-14.615,-59.404,-3.498,55.906,29.595,-114.536,100.0,0.0,23.81,-25.839,-14.615,-59.404,-3.498,55.906,29.595,-114.536,100.0,0,23.81,-3.498,-3.498,30.067,30.067,24.455,24.455,-16.521,-16.521,8.626,8.626,10.478,10.478,22.283,22.283,46.588,46.588,4,4,0.0,34.465,34.465,12.124,12.124,84.81675392670157,28.79581151832461,40.445026178010465,74.54188481675392,49.73856209150327,55.67,Moderada
Geologia (Bacharelado) | Darcy Ribeiro | Diurno | EP_R2_NPPI | EP=True | R=R2 | GE=NPPI | PCD=False | SM=1.5,478,Geologia (Bacharelado),Darcy Ribeiro,Diurno,EP_R2_NPPI,3,3,-28.409,9.264,-28.409,9.264,4.905,9.264,-28.409,33.859,62.268,31.362,639.433,50.0,1.0,61.421,4.905,9.264,-28.409,33.859,62.268,31.362,639.433,50.0,1,61.421,9.264,9.264,28.923,28.923,18.07,18.07,11.184,11.184,16.86,16.86,14.627,14.627,8.886,8.886,19.659,19.659,4,4,0.0,11.955,11.955,7.596,7.596,1.4397905759162333,25.0,10.602094240837701,37.56544502617801,49.73856209150327,24.87,Baixa
Geologia (Bacharelado) | Darcy Ribeiro | Diurno | EP_R2_PPI | EP=True | R=R2 | GE=PPI | PCD=False | SM=1.5,479,Geologia (Bacharelado),Darcy Ribeiro,Diurno,EP_R2_PPI,1,1,-34.358,-34.358,-10.741,-10.741,-34.358,-34.358,-34.358,-34.358,0.0,0.0,0.0,100.0,0.0,0.0,-10.741,-10.741,-10.741,-10.741,0.0,0.0,0.0,100.0,0,0.0,-34.358,-10.741,,,,,-34.358,-10.741,-34.358,-10.741,-34.358,-10.741,0.0,0.0,0.0,0.0,2,2,23.617,0.0,0.0,0.0,0.0,33.37696335078534,82.32984293193716,78.20680628272252,74.54188481675392,17.77777777777778,57.25,Moderada
Gestão Ambiental (Bacharelado) | Planaltina | Noturno | AC | EP=False | R=NA | GE=NA | PCD=False | SM=NA,480,Gestão Ambiental (Bacharelado),Planaltina,Noturno,AC,2,2,-62.155,-46.76,-62.155,31.975,-54.457,-54.457,-62.155,-46.76,15.395,10.886,-19.99,100.0,0.0,0.0,-15.09,-15.09,-62.155,31.975,94.13,66.56,-441.087,100.0,0,0.0,-46.76,31.975,-39.062,79.04,-39.063,79.04,-51.892,0.598,-44.194,47.663,-42.911,55.507,6.285,38.428,12.829,78.442,4,4,91.857,10.263,62.753,2.566,15.688,55.89005235602094,59.68586387434556,78.20680628272252,74.54188481675392,39.47712418300654,61.56,Alta
Gestão Ambiental (Bacharelado) | Planaltina | Noturno | EP_R2_NPPI | EP=True | R=R2 | GE=NPPI | PCD=False | SM=1.5,481,Gestão Ambiental (Bacharelado),Planaltina,Noturno,EP_R2_NPPI,2,2,-73.509,-10.728,39.118,-10.728,-42.118,-42.118,-73.509,-10.728,62.781,44.393,-105.4,100.0,0.0,0.0,14.195,14.195,-10.728,39.118,49.846,35.246,248.302,100.0,0,0.0,-10.728,-10.728,52.053,-60.574,52.053,-60.574,-31.655,5.887,15.431,-31.497,20.662,-35.651,43.142,34.253,83.708,66.461,4,4,-46.928,57.549,-45.692,26.159,-20.769,83.1151832460733,24.47643979057592,78.20680628272252,74.54188481675392,39.47712418300654,59.96,Moderada
Gestão Ambiental (Bacharelado) | Planaltina | Noturno | EP_R2_PPI | EP=True | R=R2 | GE=PPI | PCD=False | SM=1.5,482,Gestão Ambiental (Bacharelado),Planaltina,Noturno,EP_R2_PPI,1,1,-34.138,-34.138,-34.138,-34.138,-34.138,-34.138,-34.138,-34.138,0.0,0.0,0.0,100.0,0.0,0.0,-34.138,-34.138,-34.138,-34.138,0.0,0.0,0.0,100.0,0,0.0,-34.138,-34.138,,,,,-34.138,-34.138,-34.138,-34.138,-34.138,-34.138,0.0,0.0,0.0,0.0,2,2,0.0,0.0,0.0,0.0,0.0,33.37696335078534,82.32984293193716,78.20680628272252,74.54188481675392,17.77777777777778,57.25,Moderada
Gestão de Agronegócio (Bacharelado) | Darcy Ribeiro | Noturno | AC | EP=False | R=NA | GE=NA | PCD=False | SM=NA,483,Gestão de Agronegócio (Bacharelado),Darcy Ribeiro,Noturno,AC,5,5,-93.752,-46.176,-40.181,16.69,-69.012,-61.028,-93.752,-46.176,47.576,19.339,-28.023,75.0,2.0,28.8,-12.004,-19.741,-40.181,16.69,56.871,24.85,-207.021,50.0,2,40.207,-46.176,16.69,-44.587,14.512,-45.873,15.611,-64.192,-7.032,-50.207,9.945,-46.025,15.061,9.349,11.353,19.605,23.722,4,4,60.152,18.805,21.949,-4.031,-6.745,60.34031413612566,35.34031413612565,35.34031413612565,17.212041884816752,82.2875816993464,46.1,Moderada
Gestão de Agronegócio (Bacharelado) | Darcy Ribeiro | Noturno | CN | EP=False | R=NA | GE=NEGROS | PCD=False | SM=NA,484,Gestão de Agronegócio (Bacharelado),Darcy Ribeiro,Noturno,CN,2,2,-25.521,-12.02,-25.521,-12.02,-18.77,-18.77,-25.521,-12.02,13.501,9.547,-50.86,100.0,0.0,0.0,-18.77,-18.77,-25.521,-12.02,13.501,9.547,-50.86,100.0,0,0.0,-12.02,-12.02,-7.52,-7.52,-7.52,-7.52,-16.52,-16.52,-10.895,-10.895,-9.77,-9.77,4.309,4.309,9.001,9.001,4,4,0.0,7.875,7.875,1.125,1.125,70.54973821989529,60.73298429319372,78.20680628272252,74.54188481675392,39.47712418300654,64.7,Alta
Gestão de Agronegócio (Bacharelado) | Darcy Ribeiro | Noturno | EP_R1_NPPI | EP=True | R=R1 | GE=NPPI | PCD=False | SM=1.5,485,Gestão de Agronegócio (Bacharelado),Darcy Ribeiro,Noturno,EP_R1_NPPI,1,1,-32.966,-32.966,-32.966,-32.966,-32.966,-32.966,-32.966,-32.966,0.0,0.0,0.0,100.0,0.0,0.0,-32.966,-32.966,-32.966,-32.966,0.0,0.0,0.0,100.0,0,0.0,-32.966,-32.966,,,,,-32.966,-32.966,-32.966,-32.966,-32.966,-32.966,0.0,0.0,0.0,0.0,2,2,0.0,0.0,0.0,0.0,0.0,33.37696335078534,82.32984293193716,78.20680628272252,74.54188481675392,17.77777777777778,57.25,Moderada
Gestão de Agronegócio (Bacharelado) | Darcy Ribeiro | Noturno | EP_R1_PPI | EP=True | R=R1 | GE=PPI | PCD=False | SM=1.5,486,Gestão de Agronegócio (Bacharelado),Darcy Ribeiro,Noturno,EP_R1_PPI,1,1,-57.616,-57.616,-57.616,-57.616,-57.616,-57.616,-57.616,-57.616,0.0,0.0,0.0,100.0,0.0,0.0,-57.616,-57.616,-57.616,-57.616,0.0,0.0,0.0,100.0,0,0.0,-57.616,-57.616,,,,,-57.616,-57.616,-57.616,-57.616,-57.616,-57.616,0.0,0.0,0.0,0.0,2,2,0.0,0.0,0.0,0.0,0.0,33.37696335078534,82.32984293193716,78.20680628272252,74.54188481675392,17.77777777777778,57.25,Moderada
Gestão de Agronegócio (Bacharelado) | Darcy Ribeiro | Noturno | EP_R2_NPPI | EP=True | R=R2 | GE=NPPI | PCD=False | SM=1.5,487,Gestão de Agronegócio (Bacharelado),Darcy Ribeiro,Noturno,EP_R2_NPPI,2,2,-71.314,-48.114,-1.139,-48.114,-59.714,-59.714,-71.314,-48.114,23.2,16.405,-27.472,100.0,0.0,0.0,-24.626,-24.626,-48.114,-1.139,46.975,33.216,-134.88,100.0,0,0.0,-48.114,-48.114,-40.381,-63.772,-40.381,-63.772,-55.847,-32.456,-46.181,-52.029,-44.247,-55.943,7.404,14.992,15.467,31.317,4,4,-5.848,13.533,-27.403,1.933,-3.915,60.20942408376963,55.366492146596855,78.20680628272252,74.54188481675392,39.47712418300654,61.56,Alta
Gestão de Agronegócio (Bacharelado) | Darcy Ribeiro | Noturno | EP_R2_PPI | EP=True | R=R2 | GE=PPI | PCD=False | SM=1.5,488,Gestão de Agronegócio (Bacharelado),Darcy Ribeiro,Noturno,EP_R2_PPI,1,1,-44.795,-44.795,-33.635,-33.635,-44.795,-44.795,-44.795,-44.795,0.0,0.0,0.0,100.0,0.0,0.0,-33.635,-33.635,-33.635,-33.635,0.0,0.0,0.0,100.0,0,0.0,-44.795,-33.635,,,,,-44.795,-33.635,-44.795,-33.635,-44.795,-33.635,0.0,0.0,0.0,0.0,2,2,11.16,0.0,0.0,0.0,0.0,33.37696335078534,82.32984293193716,78.20680628272252,74.54188481675392,17.77777777777778,57.25,Moderada
Gestão de Políticas Públicas (Bacharelado) | Darcy Ribeiro | Noturno | AC | EP=False | R=NA | GE=NA | PCD=False | SM=NA,489,Gestão de Políticas Públicas (Bacharelado),Darcy Ribeiro,Noturno,AC,5,5,-72.389,-2.832,73.386,64.854,-42.388,-51.535,-72.389,-2.832,69.557,30.085,-70.975,75.0,2.0,24.813,64.12,64.854,40.755,89.961,49.206,19.077,29.752,75.0,2,34.76,-2.832,64.854,11.727,69.765,13.442,73.002,-30.974,65.537,-2.159,68.29,4.447,67.651,20.551,3.82,44.416,8.148,4,4,70.449,40.229,4.17,0.673,3.436,75.39267015706807,20.026178010471206,39.13612565445026,17.212041884816752,82.2875816993464,46.81,Moderada
Gestão de Políticas Públicas (Bacharelado) | Darcy Ribeiro | Noturno | CN | EP=False | R=NA | GE=NEGROS | PCD=False | SM=NA,490,Gestão de Políticas Públicas (Bacharelado),Darcy Ribeiro,Noturno,CN,5,5,-20.13,-10.584,24.96,-10.584,-22.165,-18.676,-66.75,5.313,72.063,26.895,-121.336,50.0,2.0,41.992,-13.147,-10.584,-66.75,24.96,91.71,34.29,-260.815,50.0,2,61.194,-10.584,-10.584,4.213,-12.239,4.73,-2.409,-16.088,-13.082,-4.432,-9.579,-3.186,-11.411,10.526,4.891,20.818,10.673,4,4,-5.147,17.733,3.568,6.152,1.005,85.20942408376963,18.586387434554975,22.643979057591622,17.212041884816752,82.2875816993464,45.19,Moderada
Gestão de Políticas Públicas (Bacharelado) | Darcy Ribeiro | Noturno | EP_R1_NPPI | EP=True | R=R1 | GE=NPPI | PCD=False | SM=1.5,491,Gestão de Políticas Públicas (Bacharelado),Darcy Ribeiro,Noturno,EP_R1_NPPI,4,4,-12.548,-58.902,-12.548,-41.161,-51.805,-49.856,-94.961,-12.548,82.413,34.52,-66.633,66.667,2.0,68.32,-47.37,-40.986,-94.961,-12.548,82.413,34.443,-72.711,66.667,2,68.744,-58.902,-41.161,-73.033,-55.292,-60.169,-38.88,-56.051,-48.955,-62.039,-46.072,-59.536,-45.058,7.529,7.509,16.982,16.413,4,4,15.967,-10.234,1.298,-3.137,-4.911,74.21465968586386,12.827225130890053,6.806282722513091,17.212041884816752,64.9673202614379,35.21,Baixa
Gestão de Políticas Públicas (Bacharelado) | Darcy Ribeiro | Noturno | EP_R1_NPPIQ | EP=True | R=R1 | GE=NPPIQ | PCD=False | SM=1.0,492,Gestão de Políticas Públicas (Bacharelado),Darcy Ribeiro,Noturno,EP_R1_NPPIQ,1,1,-34.132,-34.132,-29.67,-29.67,-34.132,-34.132,-34.132,-34.132,0.0,0.0,0.0,100.0,0.0,0.0,-29.67,-29.67,-29.67,-29.67,0.0,0.0,0.0,100.0,0,0.0,-34.132,-29.67,,,,,-34.132,-29.67,-34.132,-29.67,-34.132,-29.67,0.0,0.0,0.0,0.0,2,2,4.462,0.0,0.0,0.0,0.0,33.37696335078534,82.32984293193716,78.20680628272252,74.54188481675392,17.77777777777778,57.25,Moderada
Gestão de Políticas Públicas (Bacharelado) | Darcy Ribeiro | Noturno | EP_R1_PPI | EP=True | R=R1 | GE=PPI | PCD=False | SM=1.5,493,Gestão de Políticas Públicas (Bacharelado),Darcy Ribeiro,Noturno,EP_R1_PPI,4,4,-95.963,-41.061,-57.354,-34.96,-62.333,-56.154,-95.963,-41.061,54.902,25.21,-40.444,100.0,0.0,12.815,-31.971,-40.002,-57.354,9.475,66.829,29.109,-91.047,66.667,2,60.717,-41.061,-34.96,-15.602,-28.806,-20.545,-40.154,-52.987,-31.338,-32.549,-33.814,-30.803,-33.149,17.526,4.924,37.385,11.349,4,4,-1.265,29.784,-1.843,8.512,1.146,66.49214659685863,29.581151832460726,50.91623036649216,74.54188481675392,64.9673202614379,57.3,Moderada
Gestão de Políticas Públicas (Bacharelado) | Darcy Ribeiro | Noturno | EP_R2_NPPI | EP=True | R=R2 | GE=NPPI | PCD=False | SM=1.5,494,Gestão de Políticas Públicas (Bacharelado),Darcy Ribeiro,Noturno,EP_R2_NPPI,4,4,-43.785,-64.37,-6.373,20.875,-53.949,-54.078,-81.612,-26.029,55.583,24.198,-44.854,66.667,2.0,54.079,-0.897,-6.52,-11.424,20.875,32.299,14.698,-1638.588,66.667,1,16.721,-64.37,20.875,-55.492,20.728,-55.595,27.247,-54.258,3.428,-57.429,18.07,-55.543,20.802,4.667,10.223,10.112,23.819,4,4,75.499,-3.48,18.967,6.941,-2.805,68.71727748691099,29.05759162303665,14.528795811518325,17.212041884816752,64.9673202614379,38.9,Baixa
Gestão de Políticas Públicas (Bacharelado) | Darcy Ribeiro | Noturno | EP_R2_NPPIQ | EP=True | R=R2 | GE=NPPIQ | PCD=False | SM=1.0,495,Gestão de Políticas Públicas (Bacharelado),Darcy Ribeiro,Noturno,EP_R2_NPPIQ,1,1,-39.713,-39.713,-11.757,-11.757,-39.713,-39.713,-39.713,-39.713,0.0,0.0,0.0,100.0,0.0,0.0,-11.757,-11.757,-11.757,-11.757,0.0,0.0,0.0,100.0,0,0.0,-39.713,-11.757,,,,,-39.713,-11.757,-39.713,-11.757,-39.713,-11.757,0.0,0.0,0.0,0.0,2,2,27.956,0.0,0.0,0.0,0.0,33.37696335078534,82.32984293193716,78.20680628272252,74.54188481675392,17.77777777777778,57.25,Moderada
Gestão de Políticas Públicas (Bacharelado) | Darcy Ribeiro | Noturno | EP_R2_PPI | EP=True | R=R2 | GE=PPI | PCD=False | SM=1.5,496,Gestão de Políticas Públicas (Bacharelado),Darcy Ribeiro,Noturno,EP_R2_PPI,3,3,-60.85,-36.205,-6.58,-36.205,-54.392,-60.85,-66.12,-36.205,29.915,15.969,-29.359,50.0,1.0,24.88,-14.489,-6.58,-36.205,-0.681,35.524,19.037,-131.391,50.0,1,29.29,-36.205,-36.205,-29.916,-43.827,-26.972,-47.27,-50.284,-19.426,-35.844,-36.682,-33.061,-40.016,10.368,12.398,23.312,27.844,4,4,-0.838,18.548,-22.193,0.361,-0.477,61.12565445026178,50.78534031413613,39.005235602094245,37.56544502617801,49.73856209150327,47.64,Moderada
Gestão de Políticas Públicas (Bacharelado) | Darcy Ribeiro | Noturno | EP_R2_PPIQ | EP=True | R=R2 | GE=PPIQ | PCD=False | SM=1.0,497,Gestão de Políticas Públicas (Bacharelado),Darcy Ribeiro,Noturno,EP_R2_PPIQ,1,1,-50.028,-50.028,-41.002,-41.002,-50.028,-50.028,-50.028,-50.028,0.0,0.0,0.0,100.0,0.0,0.0,-41.002,-41.002,-41.002,-41.002,0.0,0.0,0.0,100.0,0,0.0,-50.028,-41.002,,,,,-50.028,-41.002,-50.028,-41.002,-50.028,-41.002,0.0,0.0,0.0,0.0,2,2,9.026,0.0,0.0,0.0,0.0,33.37696335078534,82.32984293193716,78.20680628272252,74.54188481675392,17.77777777777778,57.25,Moderada
Gestão do Agronegócio (Bacharelado) | Planaltina | Diurno | AC | EP=False | R=NA | GE=NA | PCD=False | SM=NA,498,Gestão do Agronegócio (Bacharelado),Planaltina,Diurno,AC,5,5,-80.136,-82.791,-49.865,-28.816,-78.812,-80.136,-96.675,-56.321,40.354,14.517,-18.42,50.0,3.0,29.861,-37.787,-36.7,-78.135,4.58,82.715,30.21,-79.946,50.0,3,55.667,-82.791,-28.816,-75.596,-14.036,-76.582,-20.201,-77.711,-32.218,-78.17,-23.818,-77.146,-24.508,3.2,8.253,7.195,18.182,4,4,54.352,0.642,13.969,4.621,4.998,54.9738219895288,42.14659685863874,33.90052356020943,5.759162303664922,82.2875816993464,43.81,Moderada
Gestão do Agronegócio (Bacharelado) | Planaltina | Diurno | CN | EP=False | R=NA | GE=NEGROS | PCD=False | SM=NA,499,Gestão do Agronegócio (Bacharelado),Planaltina,Diurno,CN,1,1,-45.106,-45.106,-45.106,-45.106,-45.106,-45.106,-45.106,-45.106,0.0,0.0,0.0,100.0,0.0,0.0,-45.106,-45.106,-45.106,-45.106,0.0,0.0,0.0,100.0,0,0.0,-45.106,-45.106,,,,,-45.106,-45.106,-45.106,-45.106,-45.106,-45.106,0.0,0.0,0.0,0.0,2,2,0.0,0.0,0.0,0.0,0.0,33.37696335078534,82.32984293193716,78.20680628272252,74.54188481675392,17.77777777777778,57.25,Moderada
Gestão do Agronegócio (Bacharelado) | Planaltina | Diurno | EP_R2_NPPI | EP=True | R=R2 | GE=NPPI | PCD=False | SM=1.5,500,Gestão do Agronegócio (Bacharelado),Planaltina,Diurno,EP_R2_NPPI,1,1,-54.109,-54.109,-22.499,-22.499,-54.109,-54.109,-54.109,-54.109,0.0,0.0,0.0,100.0,0.0,0.0,-22.499,-22.499,-22.499,-22.499,0.0,0.0,0.0,100.0,0,0.0,-54.109,-22.499,,,,,-54.109,-22.499,-54.109,-22.499,-54.109,-22.499,0.0,0.0,0.0,0.0,2,2,31.61,0.0,0.0,0.0,0.0,33.37696335078534,82.32984293193716,78.20680628272252,74.54188481675392,17.77777777777778,57.25,Moderada
História (Bacharelado/Licenciatura) | Darcy Ribeiro | Diurno | AC | EP=False | R=NA | GE=NA | PCD=False | SM=NA,501,História (Bacharelado/Licenciatura),Darcy Ribeiro,Diurno,AC,6,5,4.468,47.472,99.466,96.499,27.598,39.08,-8.561,47.472,56.033,23.611,85.556,60.0,2.0,39.945,82.69,96.499,17.254,120.935,103.681,39.459,47.72,50.0,3,79.933,47.472,96.499,32.755,64.365,29.387,67.909,28.826,78.158,34.61,76.733,31.071,73.034,8.749,14.417,18.646,32.134,4,4,42.123,7.012,-5.957,-12.862,-19.766,8.900523560209429,28.664921465968586,23.821989528795807,17.212041884816752,95.29411764705881,34.78,Baixa
História (Bacharelado/Licenciatura) | Darcy Ribeiro | Diurno | CN | EP=False | R=NA | GE=NEGROS | PCD=False | SM=NA,502,História (Bacharelado/Licenciatura),Darcy Ribeiro,Diurno,CN,6,6,25.571,-27.232,48.115,-27.232,-6.744,-7.701,-36.358,25.571,61.929,26.521,-393.252,60.0,3.0,38.485,-2.987,-7.701,-36.358,48.115,84.473,32.855,-1100.065,60.0,3,40.034,-27.232,-27.232,-40.554,-48.068,-36.588,-39.809,-14.794,-13.72,-29.792,-32.207,-31.91,-33.521,11.453,15.01,25.76,34.348,4,4,-2.415,-23.048,-29.22,-2.56,-4.975,95.81151832460732,25.392670157068064,25.261780104712038,5.759162303664922,95.29411764705881,49.5,Moderada
História (Bacharelado/Licenciatura) | Darcy Ribeiro | Diurno | EP_R1_NPPI | EP=True | R=R1 | GE=NPPI | PCD=False | SM=1.5,503,História (Bacharelado/Licenciatura),Darcy Ribeiro,Diurno,EP_R1_NPPI,4,4,-8.107,19.371,18.517,52.742,3.342,1.787,-9.575,19.371,28.946,14.427,431.617,66.667,2.0,26.735,30.526,35.63,-2.267,53.113,55.38,27.223,89.18,66.667,2,58.734,19.371,52.742,18.637,42.35,20.469,46.433,6.401,32.891,16.22,43.604,19.004,44.391,6.589,8.324,14.067,19.851,4,4,27.384,12.878,13.078,-3.151,-9.138,2.2251308900523514,51.89790575916231,37.17277486910995,17.212041884816752,64.9673202614379,34.7,Baixa
História (Bacharelado/Licenciatura) | Darcy Ribeiro | Diurno | EP_R1_NPPIQ | EP=True | R=R1 | GE=NPPIQ | PCD=False | SM=1.0,504,História (Bacharelado/Licenciatura),Darcy Ribeiro,Diurno,EP_R1_NPPIQ,1,1,-17.032,-17.032,14.503,14.503,-17.032,-17.032,-17.032,-17.032,0.0,0.0,0.0,100.0,0.0,0.0,14.503,14.503,14.503,14.503,0.0,0.0,0.0,100.0,0,0.0,-17.032,14.503,,,,,-17.032,14.503,-17.032,14.503,-17.032,14.503,0.0,0.0,0.0,0.0,2,2,31.535,0.0,0.0,0.0,0.0,33.37696335078534,82.32984293193716,78.20680628272252,74.54188481675392,17.77777777777778,57.25,Moderada
História (Bacharelado/Licenciatura) | Darcy Ribeiro | Diurno | EP_R1_PPI | EP=True | R=R1 | GE=PPI | PCD=False | SM=1.5,505,História (Bacharelado/Licenciatura),Darcy Ribeiro,Diurno,EP_R1_PPI,4,4,5.759,-24.22,24.413,10.211,-9.205,-9.18,-24.22,5.759,29.979,12.363,-134.309,66.667,2.0,12.363,22.036,19.877,10.211,38.18,27.969,12.26,55.636,66.667,2,25.68,-24.22,10.211,-30.618,17.094,-30.639,13.315,-13.488,21.048,-24.741,15.417,-27.419,15.205,8.088,4.692,17.151,10.837,4,4,40.158,-15.536,-6.619,-0.521,5.206,86.64921465968587,50.39267015706807,51.30890052356021,17.212041884816752,64.9673202614379,54.11,Moderada
História (Bacharelado/Licenciatura) | Darcy Ribeiro | Diurno | EP_R2_NPPI | EP=True | R=R2 | GE=NPPI | PCD=False | SM=1.5,506,História (Bacharelado/Licenciatura),Darcy Ribeiro,Diurno,EP_R2_NPPI,5,5,6.108,-54.201,45.889,-12.401,5.641,19.641,-54.201,32.467,86.668,34.788,616.729,50.0,3.0,48.697,26.888,34.497,-12.401,45.889,58.29,23.434,87.156,50.0,2,30.143,-54.201,-12.401,-28.061,-2.825,-47.274,-9.673,-1.849,20.285,-32.846,-1.154,-37.667,-6.249,23.437,14.849,52.352,32.686,4,4,31.692,-38.487,-28.042,21.355,11.247,1.7015706806282727,10.863874345549739,18.586387434554975,5.759162303664922,82.2875816993464,23.84,Baixa
História (Bacharelado/Licenciatura) | Darcy Ribeiro | Diurno | EP_R2_NPPIQ | EP=True | R=R2 | GE=NPPIQ | PCD=False | SM=1.0,507,História (Bacharelado/Licenciatura),Darcy Ribeiro,Diurno,EP_R2_NPPIQ,1,1,21.418,21.418,21.418,21.418,21.418,21.418,21.418,21.418,0.0,0.0,0.0,100.0,0.0,0.0,21.418,21.418,21.418,21.418,0.0,0.0,0.0,100.0,0,0.0,21.418,21.418,,,,,21.418,21.418,21.418,21.418,21.418,21.418,0.0,0.0,0.0,0.0,2,2,0.0,0.0,0.0,0.0,0.0,33.37696335078534,82.32984293193716,78.20680628272252,74.54188481675392,17.77777777777778,57.25,Moderada
História (Bacharelado/Licenciatura) | Darcy Ribeiro | Diurno | EP_R2_NPPIQ_PCD | EP=True | R=R2 | GE=NPPIQ | PCD=True | SM=1.0,508,História (Bacharelado/Licenciatura),Darcy Ribeiro,Diurno,EP_R2_NPPIQ_PCD,1,1,-4.958,-4.958,-4.958,-4.958,-4.958,-4.958,-4.958,-4.958,0.0,0.0,0.0,100.0,0.0,0.0,-4.958,-4.958,-4.958,-4.958,0.0,0.0,0.0,100.0,0,0.0,-4.958,-4.958,,,,,-4.958,-4.958,-4.958,-4.958,-4.958,-4.958,0.0,0.0,0.0,0.0,2,2,0.0,0.0,0.0,0.0,0.0,33.37696335078534,82.32984293193716,78.20680628272252,74.54188481675392,17.77777777777778,57.25,Moderada
História (Bacharelado/Licenciatura) | Darcy Ribeiro | Diurno | EP_R2_PPI | EP=True | R=R2 | GE=PPI | PCD=False | SM=1.5,509,História (Bacharelado/Licenciatura),Darcy Ribeiro,Diurno,EP_R2_PPI,4,4,-17.943,-41.891,11.17,-6.303,-23.495,-26.499,-41.891,0.911,42.802,19.136,-81.448,66.667,1.0,27.429,8.301,2.434,-16.391,44.728,61.119,26.821,323.108,66.667,2,49.304,-41.891,-6.303,-50.447,-20.083,-55.585,-24.778,-28.885,2.624,-44.202,-12.135,-46.169,-13.193,11.669,12.581,26.7,27.402,4,4,32.067,-20.707,-20.436,-2.311,-5.832,77.4869109947644,40.70680628272252,36.25654450261781,37.56544502617801,64.9673202614379,51.4,Moderada
História (Bacharelado/Licenciatura) | Darcy Ribeiro | Diurno | EP_R2_PPIQ | EP=True | R=R2 | GE=PPIQ | PCD=False | SM=1.0,510,História (Bacharelado/Licenciatura),Darcy Ribeiro,Diurno,EP_R2_PPIQ,1,1,-31.06,-31.06,16.426,16.426,-31.06,-31.06,-31.06,-31.06,0.0,0.0,0.0,100.0,0.0,0.0,16.426,16.426,16.426,16.426,0.0,0.0,0.0,100.0,0,0.0,-31.06,16.426,,,,,-31.06,16.426,-31.06,16.426,-31.06,16.426,0.0,0.0,0.0,0.0,2,2,47.486,0.0,0.0,0.0,0.0,33.37696335078534,82.32984293193716,78.20680628272252,74.54188481675392,17.77777777777778,57.25,Moderada
História (Bacharelado/Licenciatura) | Darcy Ribeiro | Diurno | EP_R2_PPIQ_PCD | EP=True | R=R2 | GE=PPIQ | PCD=True | SM=1.0,511,História (Bacharelado/Licenciatura),Darcy Ribeiro,Diurno,EP_R2_PPIQ_PCD,1,1,-30.955,-30.955,-30.955,-30.955,-30.955,-30.955,-30.955,-30.955,0.0,0.0,0.0,100.0,0.0,0.0,-30.955,-30.955,-30.955,-30.955,0.0,0.0,0.0,100.0,0,0.0,-30.955,-30.955,,,,,-30.955,-30.955,-30.955,-30.955,-30.955,-30.955,0.0,0.0,0.0,0.0,2,2,0.0,0.0,0.0,0.0,0.0,33.37696335078534,82.32984293193716,78.20680628272252,74.54188481675392,17.77777777777778,57.25,Moderada
História (Licenciatura) | Darcy Ribeiro | Noturno | AC | EP=False | R=NA | GE=NA | PCD=False | SM=NA,512,História (Licenciatura),Darcy Ribeiro,Noturno,AC,5,5,-56.349,-85.388,60.754,45.426,-63.348,-67.087,-85.388,-38.56,46.828,17.315,-27.334,75.0,1.0,19.846,40.391,45.426,12.295,60.754,48.459,21.451,53.107,50.0,3,43.89,-85.388,45.426,-91.826,30.727,-93.973,37.339,-69.273,37.546,-85.115,37.76,-88.607,37.443,11.174,6.012,24.7,14.699,4,4,122.875,-21.767,-2.631,0.273,-7.666,60.07853403141361,35.86387434554974,45.15706806282722,37.56544502617801,82.2875816993464,52.19,Moderada
História (Licenciatura) | Darcy Ribeiro | Noturno | CN | EP=False | R=NA | GE=NEGROS | PCD=False | SM=NA,513,História (Licenciatura),Darcy Ribeiro,Noturno,CN,3,3,-59.895,-27.164,-59.895,-27.164,-20.668,-27.164,-59.895,25.055,84.95,42.846,-207.306,50.0,1.0,96.993,-20.668,-27.164,-59.895,25.055,84.95,42.846,-207.306,50.0,1,96.993,-27.164,-27.164,-16.884,-16.884,-26.056,-26.056,-15.213,-15.213,-21.329,-21.329,-21.47,-21.47,6.152,6.152,11.951,11.951,4,4,0.0,-0.661,-0.661,5.835,5.835,91.36125654450262,11.256544502617805,1.963350785340312,37.56544502617801,49.73856209150327,38.38,Baixa
História (Licenciatura) | Darcy Ribeiro | Noturno | EP_R1_NPPI | EP=True | R=R1 | GE=NPPI | PCD=False | SM=1.5,514,História (Licenciatura),Darcy Ribeiro,Noturno,EP_R1_NPPI,4,4,-66.834,-47.859,-66.834,4.551,-30.764,-32.755,-66.834,9.29,76.124,33.514,-108.941,66.667,1.0,56.084,-17.554,-6.336,-66.834,9.29,76.124,34.823,-198.378,66.667,1,27.277,-47.859,4.551,-9.797,42.613,-31.063,31.743,-26.57,-5.52,-28.822,18.347,-28.817,18.147,15.647,22.57,38.062,48.133,4,4,47.169,1.942,35.901,19.037,13.796,83.63874345549738,16.492146596858635,13.089005235602091,37.56544502617801,64.9673202614379,43.15,Moderada
História (Licenciatura) | Darcy Ribeiro | Noturno | EP_R1_PPI | EP=True | R=R1 | GE=PPI | PCD=False | SM=1.5,515,História (Licenciatura),Darcy Ribeiro,Noturno,EP_R1_PPI,4,4,-48.659,-17.725,-25.066,-17.725,-29.612,-30.374,-48.659,-9.043,39.616,19.21,-64.87,66.667,2.0,39.02,-13.35,-21.396,-43.023,32.413,75.436,32.307,-241.992,66.667,2,69.341,-17.725,-17.725,-14.907,-26.704,-17.771,-33.14,-26.671,-16.021,-19.269,-23.397,-17.748,-22.214,5.114,8.009,11.764,17.119,4,4,-4.128,10.343,-10.047,-1.544,-5.672,74.08376963350784,42.93193717277487,24.607329842931936,17.212041884816752,64.9673202614379,44.76,Moderada
História (Licenciatura) | Darcy Ribeiro | Noturno | EP_R2_NPPI | EP=True | R=R2 | GE=NPPI | PCD=False | SM=1.5,516,História (Licenciatura),Darcy Ribeiro,Noturno,EP_R2_NPPI,3,3,-68.468,-25.475,42.212,-17.183,-34.291,-25.475,-68.468,-8.931,59.537,30.732,-89.62,50.0,1.0,53.797,8.687,1.031,-17.183,42.212,59.395,30.429,350.291,100.0,0,16.24,-25.475,-17.183,-4.686,-40.036,-14.556,-35.368,-27.126,-1.212,-17.961,-23.45,-20.015,-26.275,10.461,17.804,22.44,38.824,4,4,-5.489,16.33,-32.137,7.514,-6.267,79.31937172774869,26.701570680628272,14.65968586387435,37.56544502617801,49.73856209150327,41.6,Moderada
História (Licenciatura) | Darcy Ribeiro | Noturno | EP_R2_NPPIQ | EP=True | R=R2 | GE=NPPIQ | PCD=False | SM=1.0,517,História (Licenciatura),Darcy Ribeiro,Noturno,EP_R2_NPPIQ,1,1,-61.207,-61.207,-26.631,-26.631,-61.207,-61.207,-61.207,-61.207,0.0,0.0,0.0,100.0,0.0,0.0,-26.631,-26.631,-26.631,-26.631,0.0,0.0,0.0,100.0,0,0.0,-61.207,-26.631,,,,,-61.207,-26.631,-61.207,-26.631,-61.207,-26.631,0.0,0.0,0.0,0.0,2,2,34.576,0.0,0.0,0.0,0.0,33.37696335078534,82.32984293193716,78.20680628272252,74.54188481675392,17.77777777777778,57.25,Moderada
História (Licenciatura) | Darcy Ribeiro | Noturno | EP_R2_PPI | EP=True | R=R2 | GE=PPI | PCD=False | SM=1.5,518,História (Licenciatura),Darcy Ribeiro,Noturno,EP_R2_PPI,3,3,-61.065,-24.296,15.096,-9.636,-39.972,-34.556,-61.065,-24.296,36.769,18.973,-47.466,100.0,0.0,11.49,18.701,15.096,-9.636,50.644,60.28,30.301,162.027,50.0,1,67.761,-24.296,-9.636,-3.203,-6.031,-5.912,-22.002,-33.844,14.579,-16.814,-5.772,-15.104,-7.833,14.721,15.194,30.641,36.581,4,4,11.042,23.158,-24.473,7.482,3.864,69.37172774869109,45.026178010471206,51.96335078534031,74.54188481675392,49.73856209150327,58.13,Moderada
Japonês (Licenciatura) | Darcy Ribeiro | Noturno | AC | EP=False | R=NA | GE=NA | PCD=False | SM=NA,519,Japonês (Licenciatura),Darcy Ribeiro,Noturno,AC,5,5,-60.848,-83.555,-60.848,-45.663,-53.077,-60.848,-83.555,-5.043,78.512,29.127,-54.877,50.0,2.0,53.037,-16.442,-0.264,-60.848,18.808,79.656,34.723,-211.18,50.0,3,55.771,-83.555,-45.663,-57.701,-19.499,-70.416,-41.427,-52.246,-15.288,-65.979,-30.469,-64.058,-30.463,13.973,15.294,31.309,30.375,4,4,35.51,-12.902,-14.027,17.576,15.194,71.8586387434555,14.528795811518325,15.314136125654453,17.212041884816752,82.2875816993464,40.24,Moderada
Japonês (Licenciatura) | Darcy Ribeiro | Noturno | CN | EP=False | R=NA | GE=NEGROS | PCD=False | SM=NA,520,Japonês (Licenciatura),Darcy Ribeiro,Noturno,CN,2,2,-70.486,-59.483,-70.486,-59.483,-64.984,-64.984,-70.486,-59.483,11.003,7.78,-11.973,100.0,0.0,0.0,-64.984,-64.984,-70.486,-59.483,11.003,7.78,-11.973,100.0,0,0.0,-59.483,-59.483,-53.981,-53.981,-53.982,-53.982,-63.151,-63.151,-57.649,-57.649,-56.732,-56.732,4.492,4.492,9.169,9.169,4,4,0.0,7.335,7.335,1.834,1.834,52.617801047120416,62.04188481675392,78.20680628272252,74.54188481675392,39.47712418300654,61.38,Alta
Japonês (Licenciatura) | Darcy Ribeiro | Noturno | EP_R2_NPPI | EP=True | R=R2 | GE=NPPI | PCD=False | SM=1.5,521,Japonês (Licenciatura),Darcy Ribeiro,Noturno,EP_R2_NPPI,3,3,2.278,-18.525,2.278,-18.525,-11.974,-18.525,-19.674,2.278,21.952,12.356,-103.19,50.0,1.0,16.335,-11.974,-18.525,-19.674,2.278,21.952,12.356,-103.19,50.0,1,16.335,-18.525,-18.525,-32.777,-32.777,-28.926,-28.926,-15.441,-15.441,-23.917,-23.917,-23.726,-23.726,8.256,8.256,17.336,17.336,4,4,0.0,-11.943,-11.943,-5.392,-5.392,82.59162303664922,56.675392670157066,48.42931937172775,37.56544502617801,49.73856209150327,55.0,Moderada
Japonês (Licenciatura) | Darcy Ribeiro | Noturno | EP_R2_PPI_PCD | EP=True | R=R2 | GE=PPI | PCD=True | SM=1.5,522,Japonês (Licenciatura),Darcy Ribeiro,Noturno,EP_R2_PPI_PCD,1,1,5.9,5.9,5.9,5.9,5.9,5.9,5.9,5.9,0.0,0.0,0.0,100.0,0.0,0.0,5.9,5.9,5.9,5.9,0.0,0.0,0.0,100.0,0,0.0,5.9,5.9,,,,,5.9,5.9,5.9,5.9,5.9,5.9,0.0,0.0,0.0,0.0,2,2,0.0,0.0,0.0,0.0,0.0,33.37696335078534,82.32984293193716,78.20680628272252,74.54188481675392,17.77777777777778,57.25,Moderada
Jornalismo (Bacharelado) | Darcy Ribeiro | Diurno | AC | EP=False | R=NA | GE=NA | PCD=False | SM=NA,523,Jornalismo (Bacharelado),Darcy Ribeiro,Diurno,AC,6,5,81.255,85.895,115.406,103.7,83.043,83.131,69.365,95.519,26.154,8.5,10.236,60.0,4.0,17.219,106.989,107.228,78.377,130.233,51.856,18.978,17.738,50.0,3,36.019,85.895,103.7,82.101,93.869,81.127,92.015,82.819,103.505,82.985,98.272,82.46,98.687,2.06,6.202,4.768,11.685,4,4,15.287,-0.058,-8.717,-2.91,-5.428,15.314136125654453,53.53403141361257,47.5130890052356,1.505235602094246,95.29411764705881,42.63,Moderada
Jornalismo (Bacharelado) | Darcy Ribeiro | Diurno | CN | EP=False | R=NA | GE=NEGROS | PCD=False | SM=NA,524,Jornalismo (Bacharelado),Darcy Ribeiro,Diurno,CN,6,6,14.706,52.71,26.97,52.71,37.246,41.333,-3.462,76.01,79.472,29.073,78.056,60.0,4.0,56.021,39.29,41.333,-3.462,76.01,79.472,27.563,70.153,60.0,4,53.283,52.71,52.71,34.766,30.678,32.118,30.366,36.655,37.239,39.062,37.748,35.711,33.959,9.287,10.466,20.592,22.344,4,4,-1.314,1.816,-1.542,-13.648,-14.962,9.293193717277482,13.874345549738221,13.219895287958117,1.505235602094246,95.29411764705881,26.64,Baixa
Jornalismo (Bacharelado) | Darcy Ribeiro | Diurno | EP_R1_NPPI | EP=True | R=R1 | GE=NPPI | PCD=False | SM=1.5,525,Jornalismo (Bacharelado),Darcy Ribeiro,Diurno,EP_R1_NPPI,5,5,-9.001,-11.956,-8.705,-11.956,6.224,1.728,-11.956,40.539,52.495,21.053,338.254,50.0,3.0,38.719,6.283,1.728,-11.956,40.539,52.495,21.0,334.221,50.0,3,38.591,-11.956,-11.956,-4.768,-4.886,-14.34,-14.399,3.781,3.801,-6.82,-6.86,-8.362,-8.421,8.155,8.172,18.121,18.2,4,4,-0.04,-13.044,-13.143,5.136,5.096,3.141361256544506,31.02094240837696,25.0,5.759162303664922,82.2875816993464,29.44,Baixa
Jornalismo (Bacharelado) | Darcy Ribeiro | Diurno | EP_R1_NPPIQ | EP=True | R=R1 | GE=NPPIQ | PCD=False | SM=1.0,526,Jornalismo (Bacharelado),Darcy Ribeiro,Diurno,EP_R1_NPPIQ,1,1,-37.174,-37.174,-31.769,-31.769,-37.174,-37.174,-37.174,-37.174,0.0,0.0,0.0,100.0,0.0,0.0,-31.769,-31.769,-31.769,-31.769,0.0,0.0,0.0,100.0,0,0.0,-37.174,-31.769,,,,,-37.174,-31.769,-37.174,-31.769,-37.174,-31.769,0.0,0.0,0.0,0.0,2,2,5.405,0.0,0.0,0.0,0.0,33.37696335078534,82.32984293193716,78.20680628272252,74.54188481675392,17.77777777777778,57.25,Moderada
Jornalismo (Bacharelado) | Darcy Ribeiro | Diurno | EP_R1_PPI | EP=True | R=R1 | GE=PPI | PCD=False | SM=1.5,527,Jornalismo (Bacharelado),Darcy Ribeiro,Diurno,EP_R1_PPI,4,4,-45.399,18.926,-22.287,19.95,-14.316,-15.396,-45.399,18.926,64.325,31.227,-218.119,66.667,2.0,54.356,-2.483,-3.797,-22.287,19.95,42.237,19.729,-794.654,66.667,2,32.381,18.926,19.95,23.609,23.398,24.473,24.449,-6.731,2.693,15.069,17.623,21.268,21.674,14.736,10.137,31.204,21.756,4,4,2.554,29.385,20.106,-3.857,-2.327,92.01570680628272,22.905759162303664,14.397905759162299,17.212041884816752,64.9673202614379,42.3,Moderada
Jornalismo (Bacharelado) | Darcy Ribeiro | Diurno | EP_R2_NPPI | EP=True | R=R2 | GE=NPPI | PCD=False | SM=1.5,528,Jornalismo (Bacharelado),Darcy Ribeiro,Diurno,EP_R2_NPPI,5,5,7.89,16.995,26.716,16.995,36.54,21.437,7.89,69.465,61.575,29.315,80.228,75.0,1.0,44.216,40.305,26.716,16.995,69.465,52.47,25.702,63.768,75.0,1,36.047,16.995,16.995,27.595,20.064,10.099,6.334,34.552,35.807,22.31,19.8,22.295,18.53,10.881,12.186,24.454,29.474,4,4,-2.51,-14.23,-20.505,5.315,2.805,9.162303664921467,25.654450261780106,21.335078534031414,37.56544502617801,82.2875816993464,35.2,Baixa
Jornalismo (Bacharelado) | Darcy Ribeiro | Diurno | EP_R2_NPPIQ | EP=True | R=R2 | GE=NPPIQ | PCD=False | SM=1.0,529,Jornalismo (Bacharelado),Darcy Ribeiro,Diurno,EP_R2_NPPIQ,1,1,41.607,41.607,41.607,41.607,41.607,41.607,41.607,41.607,0.0,0.0,0.0,100.0,0.0,0.0,41.607,41.607,41.607,41.607,0.0,0.0,0.0,100.0,0,0.0,41.607,41.607,,,,,41.607,41.607,41.607,41.607,41.607,41.607,0.0,0.0,0.0,0.0,2,2,0.0,0.0,0.0,0.0,0.0,33.37696335078534,82.32984293193716,78.20680628272252,74.54188481675392,17.77777777777778,57.25,Moderada
Jornalismo (Bacharelado) | Darcy Ribeiro | Diurno | EP_R2_PPI | EP=True | R=R2 | GE=PPI | PCD=False | SM=1.5,530,Jornalismo (Bacharelado),Darcy Ribeiro,Diurno,EP_R2_PPI,5,5,-5.212,-53.574,13.931,-0.525,-8.816,-5.212,-53.574,23.778,77.352,28.565,-323.996,50.0,3.0,41.797,21.245,13.931,-0.525,44.224,44.749,21.437,100.903,50.0,3,44.463,-53.574,-0.525,-43.743,12.686,-55.655,5.61,-16.578,19.343,-42.387,9.278,-48.658,9.148,17.973,8.611,39.077,19.868,4,4,51.665,-33.571,-11.967,11.187,9.803,95.41884816753927,15.314136125654453,22.774869109947648,5.759162303664922,82.2875816993464,44.31,Moderada
Jornalismo (Bacharelado) | Darcy Ribeiro | Diurno | EP_R2_PPIQ | EP=True | R=R2 | GE=PPIQ | PCD=False | SM=1.0,531,Jornalismo (Bacharelado),Darcy Ribeiro,Diurno,EP_R2_PPIQ,1,1,-49.264,-49.264,20.148,20.148,-49.264,-49.264,-49.264,-49.264,0.0,0.0,0.0,100.0,0.0,0.0,20.148,20.148,20.148,20.148,0.0,0.0,0.0,100.0,0,0.0,-49.264,20.148,,,,,-49.264,20.148,-49.264,20.148,-49.264,20.148,0.0,0.0,0.0,0.0,2,2,69.412,0.0,0.0,0.0,0.0,33.37696335078534,82.32984293193716,78.20680628272252,74.54188481675392,17.77777777777778,57.25,Moderada
Letras - Espanhol (Licenciatura) | Darcy Ribeiro | Noturno | AC | EP=False | R=NA | GE=NA | PCD=False | SM=NA,532,Letras - Espanhol (Licenciatura),Darcy Ribeiro,Noturno,AC,5,5,-55.012,-79.029,-5.413,-60.693,-70.106,-71.142,-98.76,-46.586,52.174,20.511,-29.257,50.0,2.0,37.363,-18.7,-13.667,-60.693,13.701,74.394,27.8,-148.661,50.0,3,35.089,-79.029,-60.693,-71.334,-64.896,-71.089,-70.136,-69.83,-27.895,-72.82,-55.905,-71.211,-62.794,4.191,19.069,9.199,42.241,4,4,16.915,-2.714,-37.205,6.209,4.788,60.99476439790577,31.675392670157066,27.094240837696336,17.212041884816752,82.2875816993464,43.85,Moderada
Letras - Espanhol (Licenciatura) | Darcy Ribeiro | Noturno | EP_R1_NPPI | EP=True | R=R1 | GE=NPPI | PCD=False | SM=1.5,533,Letras - Espanhol (Licenciatura),Darcy Ribeiro,Noturno,EP_R1_NPPI,1,1,-27.424,-27.424,-27.424,-27.424,-27.424,-27.424,-27.424,-27.424,0.0,0.0,0.0,100.0,0.0,0.0,-27.424,-27.424,-27.424,-27.424,0.0,0.0,0.0,100.0,0,0.0,-27.424,-27.424,,,,,-27.424,-27.424,-27.424,-27.424,-27.424,-27.424,0.0,0.0,0.0,0.0,2,2,0.0,0.0,0.0,0.0,0.0,33.37696335078534,82.32984293193716,78.20680628272252,74.54188481675392,17.77777777777778,57.25,Moderada
Letras - Espanhol (Licenciatura) | Darcy Ribeiro | Noturno | EP_R1_PPI | EP=True | R=R1 | GE=PPI | PCD=False | SM=1.5,534,Letras - Espanhol (Licenciatura),Darcy Ribeiro,Noturno,EP_R1_PPI,2,2,-44.303,-54.875,-44.303,-36.401,-49.589,-49.589,-54.875,-44.303,10.572,7.476,-15.075,100.0,0.0,0.0,-40.352,-40.352,-44.303,-36.401,7.902,5.588,-13.847,100.0,0,0.0,-54.875,-36.401,-65.447,-28.499,-65.447,-28.499,-51.351,-39.035,-59.28,-33.109,-60.161,-32.45,7.265,5.43,14.096,10.536,4,4,26.171,-9.691,7.243,-4.405,3.292,54.05759162303665,62.17277486910995,78.20680628272252,74.54188481675392,39.47712418300654,61.69,Alta
Letras - Espanhol (Licenciatura) | Darcy Ribeiro | Noturno | EP_R2_NPPI | EP=True | R=R2 | GE=NPPI | PCD=False | SM=1.5,535,Letras - Espanhol (Licenciatura),Darcy Ribeiro,Noturno,EP_R2_NPPI,2,2,-41.243,-47.192,-37.835,21.384,-44.218,-44.218,-47.192,-41.243,5.949,4.207,-9.513,100.0,0.0,0.0,-8.226,-8.226,-37.835,21.384,59.219,41.874,-509.077,100.0,0,0.0,-47.192,21.384,-50.166,50.993,-50.166,50.994,-45.209,1.644,-48.183,31.254,-48.679,36.189,2.429,24.176,4.957,49.349,4,4,79.437,-3.965,39.48,-0.991,9.87,52.22513089005236,63.61256544502618,78.20680628272252,74.54188481675392,39.47712418300654,61.61,Alta
Letras - Espanhol (Licenciatura) | Darcy Ribeiro | Noturno | EP_R2_PPI | EP=True | R=R2 | GE=PPI | PCD=False | SM=1.5,536,Letras - Espanhol (Licenciatura),Darcy Ribeiro,Noturno,EP_R2_PPI,3,3,-45.262,-14.494,-45.262,-14.494,-32.78,-38.583,-45.262,-14.494,30.768,16.184,-49.373,100.0,0.0,12.311,-32.78,-38.583,-45.262,-14.494,30.768,16.184,-49.373,100.0,0,12.311,-14.494,-14.494,-2.012,-2.012,0.89,0.89,-27.652,-27.652,-10.817,-10.817,-8.253,-8.253,13.058,13.058,28.542,28.542,4,4,0.0,21.963,21.963,3.677,3.677,69.89528795811518,49.73821989528796,51.439790575916234,74.54188481675392,49.73856209150327,59.07,Moderada
Letras - Francês (Bacharelado/Licenciatura) | Darcy Ribeiro | Diurno | AC | EP=False | R=NA | GE=NA | PCD=False | SM=NA,537,Letras - Francês (Bacharelado/Licenciatura),Darcy Ribeiro,Diurno,AC,4,4,-55.891,-87.339,5.252,-26.043,-62.638,-59.351,-87.339,-44.511,42.828,18.113,-28.917,66.667,1.0,19.188,0.875,0.59,-26.043,28.361,54.404,22.537,2577.08,66.667,1,29.514,-87.339,-26.043,-92.845,-32.552,-95.336,-35.663,-68.27,-5.441,-85.947,-24.925,-90.092,-29.298,12.249,13.593,27.065,30.221,4,4,61.022,-23.309,-25.8,1.392,1.118,60.73298429319372,40.31413612565446,45.81151832460733,37.56544502617801,64.9673202614379,49.88,Moderada
Letras - Francês (Bacharelado/Licenciatura) | Darcy Ribeiro | Diurno | CN | EP=False | R=NA | GE=NEGROS | PCD=False | SM=NA,538,Letras - Francês (Bacharelado/Licenciatura),Darcy Ribeiro,Diurno,CN,1,1,-84.371,-84.371,-84.371,-84.371,-84.371,-84.371,-84.371,-84.371,0.0,0.0,0.0,100.0,0.0,0.0,-84.371,-84.371,-84.371,-84.371,0.0,0.0,0.0,100.0,0,0.0,-84.371,-84.371,,,,,-84.371,-84.371,-84.371,-84.371,-84.371,-84.371,0.0,0.0,0.0,0.0,2,2,0.0,0.0,0.0,0.0,0.0,33.37696335078534,82.32984293193716,78.20680628272252,74.54188481675392,17.77777777777778,57.25,Moderada
Letras - Francês (Bacharelado/Licenciatura) | Darcy Ribeiro | Diurno | EP_R1_NPPI | EP=True | R=R1 | GE=NPPI | PCD=False | SM=1.5,539,Letras - Francês (Bacharelado/Licenciatura),Darcy Ribeiro,Diurno,EP_R1_NPPI,2,2,-2.644,-48.692,-2.644,0.205,-25.668,-25.668,-48.692,-2.644,46.048,32.561,-126.854,100.0,0.0,0.0,-1.22,-1.22,-2.644,0.205,2.849,2.015,-165.195,100.0,0,0.0,-48.692,0.205,-71.716,1.63,-71.716,1.629,-33.343,-0.745,-56.367,0.68,-60.204,0.917,18.799,1.163,38.373,2.374,4,4,57.047,-30.699,1.9,-7.675,0.475,85.99476439790577,36.78010471204188,78.20680628272252,74.54188481675392,39.47712418300654,63.0,Alta
Letras - Francês (Bacharelado/Licenciatura) | Darcy Ribeiro | Diurno | EP_R2_NPPI | EP=True | R=R2 | GE=NPPI | PCD=False | SM=1.5,540,Letras - Francês (Bacharelado/Licenciatura),Darcy Ribeiro,Diurno,EP_R2_NPPI,3,3,-20.18,-33.805,-20.18,-33.805,-32.545,-33.805,-43.649,-20.18,23.469,11.785,-36.212,50.0,1.0,23.556,-32.545,-33.805,-43.649,-20.18,23.469,11.785,-36.212,50.0,1,23.556,-33.805,-33.805,-41.051,-41.051,-36.918,-36.918,-34.816,-34.816,-36.647,-36.647,-35.867,-35.867,3.209,3.209,7.246,7.246,4,4,0.0,-4.102,-4.102,-2.842,-2.842,64.65968586387434,55.10471204188482,40.968586387434556,37.56544502617801,49.73856209150327,49.61,Moderada
Letras - Francês (Bacharelado/Licenciatura) | Darcy Ribeiro | Diurno | EP_R2_PPI | EP=True | R=R2 | GE=PPI | PCD=False | SM=1.5,541,Letras - Francês (Bacharelado/Licenciatura),Darcy Ribeiro,Diurno,EP_R2_PPI,3,3,-20.959,-80.307,-20.877,-20.312,-49.995,-48.718,-80.307,-20.959,59.348,29.695,-59.396,100.0,0.0,2.708,-16.699,-20.312,-20.877,-8.908,11.969,6.753,-40.44,50.0,1,16.527,-80.307,-20.312,-109.343,-16.134,-109.981,-20.03,-59.886,-16.605,-89.879,-18.27,-94.825,-18.317,24.318,2.206,50.095,4.178,4,4,71.609,-39.884,-1.571,-9.572,2.042,72.90575916230367,26.8324607329843,56.02094240837696,74.54188481675392,49.73856209150327,56.01,Moderada
Letras - Inglês (Bacharelado/Licenciatura) | Darcy Ribeiro | Diurno | AC | EP=False | R=NA | GE=NA | PCD=False | SM=NA,542,Letras - Inglês (Bacharelado/Licenciatura),Darcy Ribeiro,Diurno,AC,6,6,-10.253,15.306,20.671,83.036,12.801,18.868,-15.468,32.546,48.014,20.965,163.77,60.0,4.0,35.789,48.583,55.574,4.023,83.036,79.013,30.58,62.945,80.0,2,53.182,15.306,83.036,12.158,66.991,4.138,64.376,12.648,52.966,11.063,66.842,12.403,65.683,4.819,12.395,11.168,30.07,4,4,55.779,-1.738,18.259,-4.243,-16.194,5.890052356020947,34.81675392670157,28.403141361256544,1.505235602094246,95.29411764705881,33.18,Baixa
Letras - Inglês (Bacharelado/Licenciatura) | Darcy Ribeiro | Diurno | CN | EP=False | R=NA | GE=NEGROS | PCD=False | SM=NA,543,Letras - Inglês (Bacharelado/Licenciatura),Darcy Ribeiro,Diurno,CN,4,4,-52.719,-17.014,-40.613,-17.014,-17.16,-21.325,-52.719,26.727,79.446,32.977,-192.166,66.667,1.0,49.818,-14.134,-21.325,-40.613,26.727,67.34,28.933,-204.705,66.667,1,48.445,-17.014,-17.014,22.709,16.656,8.544,4.912,-9.187,-7.976,1.263,-0.855,-0.321,-1.532,17.853,14.739,39.723,33.67,4,4,-2.118,18.423,13.279,18.277,16.159,90.44502617801047,14.136125654450261,17.40837696335078,37.56544502617801,64.9673202614379,44.9,Moderada
Letras - Inglês (Bacharelado/Licenciatura) | Darcy Ribeiro | Diurno | EP_R1_NPPI | EP=True | R=R1 | GE=NPPI | PCD=False | SM=1.5,544,Letras - Inglês (Bacharelado/Licenciatura),Darcy Ribeiro,Diurno,EP_R1_NPPI,5,5,-17.712,-26.435,25.713,-26.435,-13.272,-12.715,-26.435,-3.967,22.468,9.217,-69.443,50.0,3.0,15.652,-4.587,-5.532,-26.435,25.713,52.148,19.123,-416.879,75.0,2,15.98,-26.435,-26.435,-18.975,-36.346,-24.312,-32.997,-14.54,-11.645,-21.066,-26.856,-21.644,-29.716,5.364,10.944,11.895,24.701,4,4,-5.79,-7.794,-22.269,5.369,-0.421,74.86910994764398,56.02094240837696,49.21465968586387,5.759162303664922,82.2875816993464,53.63,Moderada
Letras - Inglês (Bacharelado/Licenciatura) | Darcy Ribeiro | Diurno | EP_R1_PPI | EP=True | R=R1 | GE=PPI | PCD=False | SM=1.5,545,Letras - Inglês (Bacharelado/Licenciatura),Darcy Ribeiro,Diurno,EP_R1_PPI,4,4,6.406,-18.631,6.406,-17.678,-21.213,-24.622,-42.015,6.406,48.421,20.741,-97.773,66.667,1.0,34.707,-12.003,-7.452,-39.516,6.406,45.922,21.185,-176.496,66.667,2,45.4,-18.631,-17.678,-37.14,-19.494,-25.06,-14.4,-24.399,-13.501,-26.308,-16.268,-24.729,-16.039,7.778,2.801,18.509,5.992,4,4,10.04,-5.095,-4.265,-7.677,1.41,81.28272251308901,34.554973821989535,29.581151832460726,37.56544502617801,64.9673202614379,49.59,Moderada
Letras - Inglês (Bacharelado/Licenciatura) | Darcy Ribeiro | Diurno | EP_R2_NPPI | EP=True | R=R2 | GE=NPPI | PCD=False | SM=1.5,546,Letras - Inglês (Bacharelado/Licenciatura),Darcy Ribeiro,Diurno,EP_R2_NPPI,5,5,14.039,-40.908,21.415,-19.451,6.931,14.039,-40.908,30.669,71.577,28.962,417.85,50.0,1.0,26.694,14.494,21.415,-19.451,30.669,50.12,20.287,139.966,50.0,1,17.976,-40.908,-19.451,-33.485,-14.78,-48.079,-24.504,-2.05,7.989,-31.131,-12.687,-37.197,-17.115,20.282,14.344,46.028,32.493,4,4,18.444,-38.062,-27.181,9.777,6.764,2.486910994764402,18.848167539267013,37.30366492146597,37.56544502617801,82.2875816993464,35.7,Baixa
Letras - Inglês (Bacharelado/Licenciatura) | Darcy Ribeiro | Diurno | EP_R2_NPPIQ | EP=True | R=R2 | GE=NPPIQ | PCD=False | SM=1.0,547,Letras - Inglês (Bacharelado/Licenciatura),Darcy Ribeiro,Diurno,EP_R2_NPPIQ,1,1,-14.226,-14.226,12.035,12.035,-14.226,-14.226,-14.226,-14.226,0.0,0.0,0.0,100.0,0.0,0.0,12.035,12.035,12.035,12.035,0.0,0.0,0.0,100.0,0,0.0,-14.226,12.035,,,,,-14.226,12.035,-14.226,12.035,-14.226,12.035,0.0,0.0,0.0,0.0,2,2,26.261,0.0,0.0,0.0,0.0,33.37696335078534,82.32984293193716,78.20680628272252,74.54188481675392,17.77777777777778,57.25,Moderada
Letras - Inglês (Bacharelado/Licenciatura) | Darcy Ribeiro | Diurno | EP_R2_PPI | EP=True | R=R2 | GE=PPI | PCD=False | SM=1.5,548,Letras - Inglês (Bacharelado/Licenciatura),Darcy Ribeiro,Diurno,EP_R2_PPI,4,4,-63.889,-77.785,-9.992,-77.785,-33.727,-31.02,-77.785,4.915,82.7,43.243,-128.213,66.667,1.0,74.518,-6.546,3.966,-77.785,43.669,121.454,52.304,-799.026,66.667,1,85.619,-77.785,-77.785,-43.383,-50.954,-73.071,-80.828,-35.658,-15.428,-57.474,-56.249,-58.227,-64.37,21.058,30.344,42.127,65.401,4,4,1.225,-23.747,-49.703,20.311,21.536,86.12565445026178,12.303664921465973,4.450261780104714,37.56544502617801,64.9673202614379,41.08,Moderada
Letras - Inglês (Bacharelado/Licenciatura) | Darcy Ribeiro | Diurno | EP_R2_PPIQ | EP=True | R=R2 | GE=PPIQ | PCD=False | SM=1.0,549,Letras - Inglês (Bacharelado/Licenciatura),Darcy Ribeiro,Diurno,EP_R2_PPIQ,1,1,-34.486,-34.486,-34.486,-34.486,-34.486,-34.486,-34.486,-34.486,0.0,0.0,0.0,100.0,0.0,0.0,-34.486,-34.486,-34.486,-34.486,0.0,0.0,0.0,100.0,0,0.0,-34.486,-34.486,,,,,-34.486,-34.486,-34.486,-34.486,-34.486,-34.486,0.0,0.0,0.0,0.0,2,2,0.0,0.0,0.0,0.0,0.0,33.37696335078534,82.32984293193716,78.20680628272252,74.54188481675392,17.77777777777778,57.25,Moderada
Letras - Português (Bacharelado/Licenciatura) | Darcy Ribeiro | Diurno | AC | EP=False | R=NA | GE=NA | PCD=False | SM=NA,550,Letras - Português (Bacharelado/Licenciatura),Darcy Ribeiro,Diurno,AC,6,6,-25.6,46.683,59.203,88.696,20.908,37.335,-25.6,52.636,78.236,35.578,170.163,60.0,4.0,60.077,55.983,57.954,-4.114,88.696,92.81,32.87,58.714,60.0,3,64.514,46.683,88.696,39.691,56.181,29.909,61.287,25.38,56.03,35.416,65.549,34.8,58.734,9.596,15.624,21.303,32.666,4,4,30.133,14.508,9.566,-11.267,-23.147,5.628272251308896,14.92146596858639,11.125654450261779,1.505235602094246,95.29411764705881,25.69,Baixa
Letras - Português (Bacharelado/Licenciatura) | Darcy Ribeiro | Diurno | CN | EP=False | R=NA | GE=NEGROS | PCD=False | SM=NA,551,Letras - Português (Bacharelado/Licenciatura),Darcy Ribeiro,Diurno,CN,6,6,-46.766,30.129,-21.415,30.129,-4.554,7.141,-60.705,35.734,96.439,40.096,-880.397,60.0,4.0,71.314,-0.329,7.141,-60.705,35.734,96.439,35.872,-10897.712,60.0,4,68.612,30.129,30.129,16.11,7.66,8.613,4.992,0.366,1.573,13.805,11.088,12.362,6.326,12.641,12.936,29.763,28.556,4,4,-2.717,18.359,11.417,-16.324,-19.041,98.42931937172776,7.460732984293195,5.759162303664922,1.505235602094246,95.29411764705881,41.69,Moderada
Letras - Português (Bacharelado/Licenciatura) | Darcy Ribeiro | Diurno | EP_R1_NPPI | EP=True | R=R1 | GE=NPPI | PCD=False | SM=1.5,552,Letras - Português (Bacharelado/Licenciatura),Darcy Ribeiro,Diurno,EP_R1_NPPI,5,5,-16.876,-26.314,-16.876,-26.314,-2.272,-16.142,-26.314,39.574,65.888,26.686,-1174.352,50.0,3.0,53.74,7.057,8.396,-26.314,39.574,65.888,28.702,406.735,75.0,1,42.929,-26.314,-26.314,1.418,10.747,-8.788,-8.788,-1.452,7.877,-8.784,-4.12,-5.12,-0.456,12.452,17.12,27.732,37.061,4,4,4.664,-6.512,-11.177,17.53,22.194,99.21465968586386,22.251308900523558,14.790575916230363,5.759162303664922,82.2875816993464,44.86,Moderada
Letras - Português (Bacharelado/Licenciatura) | Darcy Ribeiro | Diurno | EP_R1_NPPIQ | EP=True | R=R1 | GE=NPPIQ | PCD=False | SM=1.0,553,Letras - Português (Bacharelado/Licenciatura),Darcy Ribeiro,Diurno,EP_R1_NPPIQ,1,1,-21.143,-21.143,-21.143,-21.143,-21.143,-21.143,-21.143,-21.143,0.0,0.0,0.0,100.0,0.0,0.0,-21.143,-21.143,-21.143,-21.143,0.0,0.0,0.0,100.0,0,0.0,-21.143,-21.143,,,,,-21.143,-21.143,-21.143,-21.143,-21.143,-21.143,0.0,0.0,0.0,0.0,2,2,0.0,0.0,0.0,0.0,0.0,33.37696335078534,82.32984293193716,78.20680628272252,74.54188481675392,17.77777777777778,57.25,Moderada
Letras - Português (Bacharelado/Licenciatura) | Darcy Ribeiro | Diurno | EP_R1_PPI | EP=True | R=R1 | GE=PPI | PCD=False | SM=1.5,554,Letras - Português (Bacharelado/Licenciatura),Darcy Ribeiro,Diurno,EP_R1_PPI,4,4,-39.486,-21.582,-31.425,1.737,-18.73,-15.848,-39.486,-3.737,35.749,15.684,-83.741,66.667,1.0,23.612,-1.776,-1.0,-31.425,26.323,57.748,23.698,-1334.73,66.667,2,44.169,-21.582,1.737,-3.708,15.581,-13.151,5.126,-15.725,1.696,-13.541,6.035,-14.438,3.432,7.445,6.564,17.874,13.885,4,4,19.576,5.189,7.811,8.041,4.298,78.01047120418848,45.94240837696335,40.83769633507853,37.56544502617801,64.9673202614379,53.46,Moderada
Letras - Português (Bacharelado/Licenciatura) | Darcy Ribeiro | Diurno | EP_R2_NPPI | EP=True | R=R2 | GE=NPPI | PCD=False | SM=1.5,555,Letras - Português (Bacharelado/Licenciatura),Darcy Ribeiro,Diurno,EP_R2_NPPI,5,5,-29.217,-53.691,73.365,-27.208,-4.197,17.882,-53.691,23.426,77.117,35.149,-837.391,75.0,1.0,50.858,24.996,23.426,-27.208,73.365,100.573,35.994,144.0,75.0,2,36.591,-53.691,-27.208,-20.545,-31.941,-45.38,-32.653,-7.83,12.343,-31.862,-19.865,-32.962,-29.574,21.33,21.607,45.861,44.996,4,4,11.997,-27.665,-44.861,21.829,7.343,98.1675392670157,15.575916230366493,16.492146596858635,37.56544502617801,82.2875816993464,50.02,Moderada
Letras - Português (Bacharelado/Licenciatura) | Darcy Ribeiro | Diurno | EP_R2_NPPIQ | EP=True | R=R2 | GE=NPPIQ | PCD=False | SM=1.0,556,Letras - Português (Bacharelado/Licenciatura),Darcy Ribeiro,Diurno,EP_R2_NPPIQ,1,1,-39.521,-39.521,-1.814,-1.814,-39.521,-39.521,-39.521,-39.521,0.0,0.0,0.0,100.0,0.0,0.0,-1.814,-1.814,-1.814,-1.814,0.0,0.0,0.0,100.0,0,0.0,-39.521,-1.814,,,,,-39.521,-1.814,-39.521,-1.814,-39.521,-1.814,0.0,0.0,0.0,0.0,2,2,37.707,0.0,0.0,0.0,0.0,33.37696335078534,82.32984293193716,78.20680628272252,74.54188481675392,17.77777777777778,57.25,Moderada
Letras - Português (Bacharelado/Licenciatura) | Darcy Ribeiro | Diurno | EP_R2_PPI | EP=True | R=R2 | GE=PPI | PCD=False | SM=1.5,557,Letras - Português (Bacharelado/Licenciatura),Darcy Ribeiro,Diurno,EP_R2_PPI,4,4,-71.639,-23.758,18.495,9.729,-46.132,-47.698,-75.985,-13.148,62.837,32.302,-70.021,66.667,2.0,68.312,0.739,14.112,-51.065,25.795,76.86,35.155,4760.281,66.667,2,69.394,-23.758,9.729,-25.931,-25.051,-27.184,-14.352,-42.092,-4.419,-29.741,-8.523,-26.557,-9.386,8.355,14.8,18.334,34.78,4,4,21.218,16.391,-9.262,-5.983,-18.252,75.13089005235602,24.21465968586387,7.0680628272251305,17.212041884816752,64.9673202614379,37.72,Baixa
Letras - Português (Bacharelado/Licenciatura) | Darcy Ribeiro | Diurno | EP_R2_PPIQ | EP=True | R=R2 | GE=PPIQ | PCD=False | SM=1.0,558,Letras - Português (Bacharelado/Licenciatura),Darcy Ribeiro,Diurno,EP_R2_PPIQ,1,1,-30.58,-30.58,-30.58,-30.58,-30.58,-30.58,-30.58,-30.58,0.0,0.0,0.0,100.0,0.0,0.0,-30.58,-30.58,-30.58,-30.58,0.0,0.0,0.0,100.0,0,0.0,-30.58,-30.58,,,,,-30.58,-30.58,-30.58,-30.58,-30.58,-30.58,0.0,0.0,0.0,0.0,2,2,0.0,0.0,0.0,0.0,0.0,33.37696335078534,82.32984293193716,78.20680628272252,74.54188481675392,17.77777777777778,57.25,Moderada
Letras - Português (Licenciatura) | Darcy Ribeiro | Noturno | AC | EP=False | R=NA | GE=NA | PCD=False | SM=NA,559,Letras - Português (Licenciatura),Darcy Ribeiro,Noturno,AC,5,5,-54.535,-56.955,1.714,23.041,-61.616,-56.955,-79.901,-46.157,33.744,13.46,-21.845,75.0,2.0,23.076,33.304,23.041,-9.045,78.089,87.134,40.175,120.631,50.0,2,66.992,-56.955,23.041,-55.404,19.249,-51.622,7.445,-60.314,30.339,-56.074,20.018,-56.179,21.145,3.606,9.563,8.691,22.894,4,4,76.092,5.542,-13.286,0.881,-3.023,56.544502617801044,47.120418848167546,41.36125654450262,17.212041884816752,82.2875816993464,48.91,Moderada
Letras - Português (Licenciatura) | Darcy Ribeiro | Noturno | CN | EP=False | R=NA | GE=NEGROS | PCD=False | SM=NA,560,Letras - Português (Licenciatura),Darcy Ribeiro,Noturno,CN,1,1,-31.96,-31.96,-31.96,-31.96,-31.96,-31.96,-31.96,-31.96,0.0,0.0,0.0,100.0,0.0,0.0,-31.96,-31.96,-31.96,-31.96,0.0,0.0,0.0,100.0,0,0.0,-31.96,-31.96,,,,,-31.96,-31.96,-31.96,-31.96,-31.96,-31.96,0.0,0.0,0.0,0.0,2,2,0.0,0.0,0.0,0.0,0.0,33.37696335078534,82.32984293193716,78.20680628272252,74.54188481675392,17.77777777777778,57.25,Moderada
Letras - Português (Licenciatura) | Darcy Ribeiro | Noturno | EP_R1_NPPI | EP=True | R=R1 | GE=NPPI | PCD=False | SM=1.5,561,Letras - Português (Licenciatura),Darcy Ribeiro,Noturno,EP_R1_NPPI,3,3,6.56,-45.745,6.56,14.783,-31.437,-45.745,-55.127,6.56,61.687,33.239,-105.732,50.0,1.0,50.253,-10.9,6.56,-54.044,14.783,68.827,37.589,-344.843,50.0,1,91.522,-45.745,14.783,-83.742,-2.677,-71.898,18.894,-40.155,-9.53,-60.385,5.368,-58.821,6.053,20.83,13.642,43.587,28.424,4,4,65.753,-28.948,16.268,-14.64,-9.415,83.24607329842932,25.52356020942408,16.753926701570677,37.56544502617801,49.73856209150327,42.57,Moderada
Letras - Português (Licenciatura) | Darcy Ribeiro | Noturno | EP_R1_PPI | EP=True | R=R1 | GE=PPI | PCD=False | SM=1.5,562,Letras - Português (Licenciatura),Darcy Ribeiro,Noturno,EP_R1_PPI,1,1,-39.823,-39.823,-20.991,-20.991,-39.823,-39.823,-39.823,-39.823,0.0,0.0,0.0,100.0,0.0,0.0,-20.991,-20.991,-20.991,-20.991,0.0,0.0,0.0,100.0,0,0.0,-39.823,-20.991,,,,,-39.823,-20.991,-39.823,-20.991,-39.823,-20.991,0.0,0.0,0.0,0.0,2,2,18.832,0.0,0.0,0.0,0.0,33.37696335078534,82.32984293193716,78.20680628272252,74.54188481675392,17.77777777777778,57.25,Moderada
Letras - Português (Licenciatura) | Darcy Ribeiro | Noturno | EP_R2_NPPI | EP=True | R=R2 | GE=NPPI | PCD=False | SM=1.5,563,Letras - Português (Licenciatura),Darcy Ribeiro,Noturno,EP_R2_NPPI,4,4,-3.889,-8.792,18.043,-7.475,-21.35,-15.122,-51.267,-3.889,47.378,21.273,-99.641,66.667,1.0,40.533,-8.865,-1.117,-51.267,18.043,69.31,30.127,-339.848,66.667,2,63.014,-8.792,-7.475,-17.573,-13.876,-5.566,-2.558,-20.594,-9.867,-13.131,-8.444,-13.182,-8.671,7.106,4.73,15.029,11.319,4,4,4.687,8.219,0.421,-4.339,-0.969,81.67539267015707,35.47120418848168,23.298429319371728,37.56544502617801,64.9673202614379,48.6,Moderada
Letras - Português (Licenciatura) | Darcy Ribeiro | Noturno | EP_R2_PPI | EP=True | R=R2 | GE=PPI | PCD=False | SM=1.5,564,Letras - Português (Licenciatura),Darcy Ribeiro,Noturno,EP_R2_PPI,3,3,-23.897,-13.592,-23.897,-13.592,-17.007,-13.592,-23.897,-13.532,10.365,5.967,-35.085,50.0,1.0,7.372,-17.007,-13.592,-23.897,-13.532,10.365,5.967,-35.085,50.0,1,7.372,-13.592,-13.592,-6.702,-6.702,-8.44,-8.44,-15.289,-15.289,-11.006,-11.006,-11.016,-11.016,4.088,4.088,8.587,8.587,4,4,0.0,6.001,6.001,2.586,2.586,64.00523560209423,62.30366492146597,54.18848167539267,37.56544502617801,49.73856209150327,53.56,Moderada
Letras – Português do Brasil como Segunda Língua (Licenciatura) | Darcy Ribeiro | Diurno | AC | EP=False | R=NA | GE=NA | PCD=False | SM=NA,565,Letras – Português do Brasil como Segunda Língua (Licenciatura),Darcy Ribeiro,Diurno,AC,5,5,-65.683,-75.904,30.297,-4.147,-46.602,-49.96,-75.904,-10.942,64.962,26.288,-56.41,75.0,1.0,38.318,35.524,45.035,-4.147,58.052,62.199,24.313,68.44,75.0,1,36.028,-75.904,-4.147,-69.392,10.993,-82.566,-2.524,-50.566,31.799,-69.607,9.03,-72.648,4.234,13.786,16.628,32.0,35.946,4,4,78.637,-23.005,-26.494,6.297,13.177,72.12041884816753,22.5130890052356,25.654450261780106,37.56544502617801,82.2875816993464,48.03,Moderada
Letras – Português do Brasil como Segunda Língua (Licenciatura) | Darcy Ribeiro | Diurno | CN | EP=False | R=NA | GE=NEGROS | PCD=False | SM=NA,566,Letras – Português do Brasil como Segunda Língua (Licenciatura),Darcy Ribeiro,Diurno,CN,2,2,-27.202,-45.762,-27.202,-45.762,-36.482,-36.482,-45.762,-27.202,18.56,13.124,-35.974,100.0,0.0,0.0,-36.482,-36.482,-45.762,-27.202,18.56,13.124,-35.974,100.0,0,0.0,-45.762,-45.762,-64.322,-64.322,-64.322,-64.322,-39.575,-39.575,-53.495,-53.495,-55.042,-55.042,12.754,12.754,24.747,24.747,4,4,0.0,-17.013,-17.013,-7.733,-7.733,64.52879581151832,58.63874345549738,78.20680628272252,74.54188481675392,39.47712418300654,63.08,Alta
Letras – Português do Brasil como Segunda Língua (Licenciatura) | Darcy Ribeiro | Diurno | EP_R1_NPPI | EP=True | R=R1 | GE=NPPI | PCD=False | SM=1.5,567,Letras – Português do Brasil como Segunda Língua (Licenciatura),Darcy Ribeiro,Diurno,EP_R1_NPPI,3,3,-17.594,-41.555,-17.594,-41.555,-31.655,-35.816,-41.555,-17.594,23.961,12.511,-39.522,100.0,0.0,8.827,-28.283,-25.7,-41.555,-17.594,23.961,12.188,-43.091,100.0,0,5.479,-41.555,-41.555,-51.004,-49.559,-48.77,-49.533,-35.648,-32.276,-44.244,-43.231,-45.162,-45.544,7.007,8.217,15.356,17.282,4,4,1.013,-12.589,-14.948,-2.689,-1.676,65.57591623036649,54.712041884816756,53.27225130890052,74.54188481675392,49.73856209150327,59.57,Moderada
Letras – Português do Brasil como Segunda Língua (Licenciatura) | Darcy Ribeiro | Diurno | EP_R1_PPI | EP=True | R=R1 | GE=PPI | PCD=False | SM=1.5,568,Letras – Português do Brasil como Segunda Língua (Licenciatura),Darcy Ribeiro,Diurno,EP_R1_PPI,3,3,-35.98,-48.36,-35.98,-48.36,-46.7,-48.36,-55.76,-35.98,19.78,9.994,-21.4,50.0,1.0,19.219,-46.7,-48.36,-55.76,-35.98,19.78,9.994,-21.4,50.0,1,19.219,-48.36,-48.36,-59.08,-59.08,-54.55,-54.55,-48.763,-48.763,-52.688,-52.688,-51.657,-51.657,5.114,5.114,10.72,10.72,4,4,0.0,-5.988,-5.988,-4.328,-4.328,56.28272251308901,58.1151832460733,45.68062827225131,37.56544502617801,49.73856209150327,49.48,Moderada
Letras – Português do Brasil como Segunda Língua (Licenciatura) | Darcy Ribeiro | Diurno | EP_R2_NPPI | EP=True | R=R2 | GE=NPPI | PCD=False | SM=1.5,569,Letras – Português do Brasil como Segunda Língua (Licenciatura),Darcy Ribeiro,Diurno,EP_R2_NPPI,3,3,-24.411,-4.691,-24.411,-4.691,-25.489,-24.411,-47.365,-4.691,42.674,21.357,-83.791,50.0,1.0,46.406,-10.896,-4.691,-24.411,-3.586,20.825,11.717,-107.538,50.0,1,15.507,-4.691,-4.691,-5.769,8.824,5.169,5.169,-22.202,-7.609,-6.873,0.423,-5.23,0.239,11.343,7.827,27.371,16.433,4,4,7.296,18.616,11.319,-2.182,5.114,78.1413612565445,40.83769633507853,20.026178010471206,37.56544502617801,49.73856209150327,45.26,Moderada
Letras – Português do Brasil como Segunda Língua (Licenciatura) | Darcy Ribeiro | Diurno | EP_R2_PPI | EP=True | R=R2 | GE=PPI | PCD=False | SM=1.5,570,Letras – Português do Brasil como Segunda Língua (Licenciatura),Darcy Ribeiro,Diurno,EP_R2_PPI,3,3,-83.522,3.895,-50.615,3.895,-46.859,-60.95,-83.522,3.895,87.417,45.38,-96.844,100.0,0.0,29.892,-28.279,-38.117,-50.615,3.895,54.51,28.556,-100.978,100.0,0,20.87,3.895,3.895,40.558,26.231,47.603,31.15,-32.29,-19.194,14.942,10.52,22.226,15.063,36.859,23.089,79.893,50.344,4,4,-4.422,61.801,38.799,11.047,6.625,81.02094240837697,10.732984293193715,33.7696335078534,74.54188481675392,49.73856209150327,49.96,Moderada
Letras – Tradução – Espanhol (Bacharelado) | Darcy Ribeiro | Noturno | AC | EP=False | R=NA | GE=NA | PCD=False | SM=NA,571,Letras – Tradução – Espanhol (Bacharelado),Darcy Ribeiro,Noturno,AC,5,5,-37.809,-56.271,-20.326,-56.271,-58.181,-56.295,-80.944,-37.809,43.135,15.349,-26.381,50.0,1.0,22.006,-41.871,-52.043,-56.295,-20.326,35.969,17.941,-42.848,75.0,1,12.58,-56.271,-56.271,-66.326,-72.21,-58.031,-67.383,-60.423,-48.789,-60.263,-61.163,-59.227,-61.827,4.386,10.611,10.055,23.422,4,4,-0.9,-2.082,-19.292,-3.992,-4.892,59.03141361256545,39.52879581151832,42.539267015706805,37.56544502617801,82.2875816993464,52.19,Moderada
Letras – Tradução – Espanhol (Bacharelado) | Darcy Ribeiro | Noturno | EP_R1_PPI | EP=True | R=R1 | GE=PPI | PCD=False | SM=1.5,572,Letras – Tradução – Espanhol (Bacharelado),Darcy Ribeiro,Noturno,EP_R1_PPI,1,1,-45.083,-45.083,-45.083,-45.083,-45.083,-45.083,-45.083,-45.083,0.0,0.0,0.0,100.0,0.0,0.0,-45.083,-45.083,-45.083,-45.083,0.0,0.0,0.0,100.0,0,0.0,-45.083,-45.083,,,,,-45.083,-45.083,-45.083,-45.083,-45.083,-45.083,0.0,0.0,0.0,0.0,2,2,0.0,0.0,0.0,0.0,0.0,33.37696335078534,82.32984293193716,78.20680628272252,74.54188481675392,17.77777777777778,57.25,Moderada
Letras – Tradução – Espanhol (Bacharelado) | Darcy Ribeiro | Noturno | EP_R2_NPPI | EP=True | R=R2 | GE=NPPI | PCD=False | SM=1.5,573,Letras – Tradução – Espanhol (Bacharelado),Darcy Ribeiro,Noturno,EP_R2_NPPI,3,3,-49.61,-74.097,-49.61,-24.363,-57.502,-49.61,-74.097,-48.799,25.298,14.377,-25.003,50.0,1.0,18.462,-33.282,-25.873,-49.61,-24.363,25.247,14.161,-42.547,100.0,0,15.717,-74.097,-24.363,-80.977,-13.759,-82.937,-17.104,-61.583,-29.074,-74.899,-21.075,-77.537,-20.733,9.652,6.931,21.353,15.316,4,4,53.824,-17.397,12.207,-0.802,3.288,58.1151832460733,53.79581151832461,46.72774869109948,37.56544502617801,49.73856209150327,49.19,Moderada
Letras – Tradução – Espanhol (Bacharelado) | Darcy Ribeiro | Noturno | EP_R2_PPI | EP=True | R=R2 | GE=PPI | PCD=False | SM=1.5,574,Letras – Tradução – Espanhol (Bacharelado),Darcy Ribeiro,Noturno,EP_R2_PPI,1,1,-26.219,-26.219,-26.219,-26.219,-26.219,-26.219,-26.219,-26.219,0.0,0.0,0.0,100.0,0.0,0.0,-26.219,-26.219,-26.219,-26.219,0.0,0.0,0.0,100.0,0,0.0,-26.219,-26.219,,,,,-26.219,-26.219,-26.219,-26.219,-26.219,-26.219,0.0,0.0,0.0,0.0,2,2,0.0,0.0,0.0,0.0,0.0,33.37696335078534,82.32984293193716,78.20680628272252,74.54188481675392,17.77777777777778,57.25,Moderada
Letras – Tradução – Francês (Bacharelado) | Darcy Ribeiro | Diurno | AC | EP=False | R=NA | GE=NA | PCD=False | SM=NA,575,Letras – Tradução – Francês (Bacharelado),Darcy Ribeiro,Diurno,AC,5,5,-67.216,-18.595,-67.216,-18.595,-43.467,-28.614,-75.823,-18.595,57.228,26.069,-59.975,75.0,2.0,43.109,9.084,8.992,-67.216,108.22,175.436,64.11,705.726,50.0,3,103.218,-18.595,-18.595,-11.722,51.131,-10.061,16.795,-36.883,21.847,-19.315,17.795,-15.158,19.321,12.281,28.595,26.822,69.726,4,4,37.11,24.152,8.711,-0.72,36.39,73.03664921465969,28.141361256544506,21.98952879581152,17.212041884816752,82.2875816993464,44.53,Moderada
Letras – Tradução – Francês (Bacharelado) | Darcy Ribeiro | Diurno | EP_R2_PPI | EP=True | R=R2 | GE=PPI | PCD=False | SM=1.5,576,Letras – Tradução – Francês (Bacharelado),Darcy Ribeiro,Diurno,EP_R2_PPI,1,1,-28.725,-28.725,-28.725,-28.725,-28.725,-28.725,-28.725,-28.725,0.0,0.0,0.0,100.0,0.0,0.0,-28.725,-28.725,-28.725,-28.725,0.0,0.0,0.0,100.0,0,0.0,-28.725,-28.725,,,,,-28.725,-28.725,-28.725,-28.725,-28.725,-28.725,0.0,0.0,0.0,0.0,2,2,0.0,0.0,0.0,0.0,0.0,33.37696335078534,82.32984293193716,78.20680628272252,74.54188481675392,17.77777777777778,57.25,Moderada
Letras – Tradução – Inglês (Bacharelado) | Darcy Ribeiro | Diurno | AC | EP=False | R=NA | GE=NA | PCD=False | SM=NA,577,Letras – Tradução – Inglês (Bacharelado),Darcy Ribeiro,Diurno,AC,6,6,-73.348,-75.983,38.784,32.724,-31.932,-35.282,-75.983,14.876,90.859,41.267,-129.237,80.0,1.0,51.262,44.879,35.754,-20.242,119.299,139.541,46.993,104.711,60.0,2,65.047,-75.983,32.724,-56.597,4.864,-82.893,-5.721,-37.804,35.352,-63.319,16.805,-66.29,18.794,20.328,20.391,45.089,41.072,4,4,80.124,-31.387,-28.074,12.664,-15.919,86.2565445026178,9.162303664921467,16.230366492146597,37.56544502617801,95.29411764705881,48.9,Moderada
Letras – Tradução – Inglês (Bacharelado) | Darcy Ribeiro | Diurno | CN | EP=False | R=NA | GE=NEGROS | PCD=False | SM=NA,578,Letras – Tradução – Inglês (Bacharelado),Darcy Ribeiro,Diurno,CN,4,4,-50.511,8.667,-13.166,8.667,-24.042,-26.775,-51.286,8.667,59.953,31.379,-130.514,66.667,1.0,25.476,-14.706,-8.103,-51.286,8.667,59.953,25.967,-176.575,66.667,1,43.353,8.667,8.667,32.403,13.73,34.899,23.696,-12.753,-9.019,15.804,9.269,20.535,11.199,22.41,13.697,47.652,32.714,4,4,-6.535,39.846,23.975,7.137,0.602,86.38743455497382,26.570680628272246,38.35078534031413,37.56544502617801,64.9673202614379,50.77,Moderada
Letras – Tradução – Inglês (Bacharelado) | Darcy Ribeiro | Diurno | EP_R1_NPPI | EP=True | R=R1 | GE=NPPI | PCD=False | SM=1.5,579,Letras – Tradução – Inglês (Bacharelado),Darcy Ribeiro,Diurno,EP_R1_NPPI,1,1,21.242,21.242,21.242,21.242,21.242,21.242,21.242,21.242,0.0,0.0,0.0,100.0,0.0,0.0,21.242,21.242,21.242,21.242,0.0,0.0,0.0,100.0,0,0.0,21.242,21.242,,,,,21.242,21.242,21.242,21.242,21.242,21.242,0.0,0.0,0.0,0.0,2,2,0.0,0.0,0.0,0.0,0.0,33.37696335078534,82.32984293193716,78.20680628272252,74.54188481675392,17.77777777777778,57.25,Moderada
Letras – Tradução – Inglês (Bacharelado) | Darcy Ribeiro | Diurno | EP_R1_PPI | EP=True | R=R1 | GE=PPI | PCD=False | SM=1.5,580,Letras – Tradução – Inglês (Bacharelado),Darcy Ribeiro,Diurno,EP_R1_PPI,3,3,-63.398,-50.121,-41.295,-0.815,-58.404,-61.692,-63.398,-50.121,13.277,7.224,-12.368,100.0,0.0,6.976,-25.993,-35.869,-41.295,-0.815,40.48,21.973,-84.534,100.0,0,20.95,-50.121,-0.815,-45.127,14.487,-43.482,19.425,-56.191,-19.246,-48.73,3.463,-47.624,6.836,5.719,17.42,12.708,38.671,4,4,52.193,9.674,29.456,1.391,4.278,52.74869109947644,60.86387434554974,54.31937172774869,74.54188481675392,49.73856209150327,58.44,Moderada
Letras – Tradução – Inglês (Bacharelado) | Darcy Ribeiro | Diurno | EP_R2_NPPI | EP=True | R=R2 | GE=NPPI | PCD=False | SM=1.5,581,Letras – Tradução – Inglês (Bacharelado),Darcy Ribeiro,Diurno,EP_R2_NPPI,4,4,-66.721,-20.761,14.502,-20.341,-20.493,-9.024,-66.721,2.798,69.519,32.752,-159.823,66.667,1.0,48.373,10.482,8.608,-20.341,45.052,65.393,27.213,259.63,66.667,1,37.767,-20.761,-20.341,13.956,-26.236,-4.643,-36.956,-13.603,3.138,-6.263,-20.099,-9.123,-23.288,15.006,16.949,34.717,40.094,4,4,-13.836,14.23,-30.581,14.498,0.242,88.48167539267016,20.287958115183248,18.97905759162304,37.56544502617801,64.9673202614379,46.06,Moderada
Letras – Tradução – Inglês (Bacharelado) | Darcy Ribeiro | Diurno | EP_R2_NPPIQ | EP=True | R=R2 | GE=NPPIQ | PCD=False | SM=1.0,582,Letras – Tradução – Inglês (Bacharelado),Darcy Ribeiro,Diurno,EP_R2_NPPIQ,1,1,-59.741,-59.741,-59.741,-59.741,-59.741,-59.741,-59.741,-59.741,0.0,0.0,0.0,100.0,0.0,0.0,-59.741,-59.741,-59.741,-59.741,0.0,0.0,0.0,100.0,0,0.0,-59.741,-59.741,,,,,-59.741,-59.741,-59.741,-59.741,-59.741,-59.741,0.0,0.0,0.0,0.0,2,2,0.0,0.0,0.0,0.0,0.0,33.37696335078534,82.32984293193716,78.20680628272252,74.54188481675392,17.77777777777778,57.25,Moderada
Letras – Tradução – Inglês (Bacharelado) | Darcy Ribeiro | Diurno | EP_R2_NPPIQ_PCD | EP=True | R=R2 | GE=NPPIQ | PCD=True | SM=1.0,583,Letras – Tradução – Inglês (Bacharelado),Darcy Ribeiro,Diurno,EP_R2_NPPIQ_PCD,1,1,-20.506,-20.506,-20.506,-20.506,-20.506,-20.506,-20.506,-20.506,0.0,0.0,0.0,100.0,0.0,0.0,-20.506,-20.506,-20.506,-20.506,0.0,0.0,0.0,100.0,0,0.0,-20.506,-20.506,,,,,-20.506,-20.506,-20.506,-20.506,-20.506,-20.506,0.0,0.0,0.0,0.0,2,2,0.0,0.0,0.0,0.0,0.0,33.37696335078534,82.32984293193716,78.20680628272252,74.54188481675392,17.77777777777778,57.25,Moderada
Letras – Tradução – Inglês (Bacharelado) | Darcy Ribeiro | Diurno | EP_R2_PPI | EP=True | R=R2 | GE=PPI | PCD=False | SM=1.5,584,Letras – Tradução – Inglês (Bacharelado),Darcy Ribeiro,Diurno,EP_R2_PPI,2,2,-34.883,-62.082,-23.747,1.315,-48.482,-48.482,-62.082,-34.883,27.199,19.233,-39.669,100.0,0.0,0.0,-11.216,-11.216,-23.747,1.315,25.062,17.722,-158.002,100.0,0,0.0,-62.082,1.315,-89.281,26.377,-89.281,26.377,-53.016,-7.039,-73.415,11.757,-75.681,13.846,18.691,17.222,36.265,33.416,4,4,85.172,-24.933,22.973,-11.333,10.442,65.70680628272252,53.27225130890052,78.20680628272252,74.54188481675392,39.47712418300654,62.24,Alta
Línguas Estrangeiras Aplicadas (Bacharelado) | Darcy Ribeiro | Diurno | AC | EP=False | R=NA | GE=NA | PCD=False | SM=NA,585,Línguas Estrangeiras Aplicadas (Bacharelado),Darcy Ribeiro,Diurno,AC,5,5,-54.738,-60.26,59.227,-0.938,-50.294,-54.738,-60.26,-32.749,27.511,10.784,-21.442,75.0,2.0,17.451,41.458,50.274,-0.938,59.227,60.165,24.072,58.063,75.0,2,23.179,-60.26,-0.938,-53.59,-0.808,-59.212,-7.129,-50.485,33.31,-55.887,6.109,-56.401,-0.873,4.642,18.373,9.775,40.439,4,4,61.996,-5.593,-35.349,4.373,7.047,56.41361256544503,53.010471204188484,47.25130890052356,17.212041884816752,82.2875816993464,51.24,Moderada
Línguas Estrangeiras Aplicadas (Bacharelado) | Darcy Ribeiro | Diurno | CN | EP=False | R=NA | GE=NEGROS | PCD=False | SM=NA,586,Línguas Estrangeiras Aplicadas (Bacharelado),Darcy Ribeiro,Diurno,CN,2,2,-34.469,44.585,-34.469,44.585,5.058,5.058,-34.469,44.585,79.054,55.9,1105.172,100.0,0.0,0.0,5.058,5.058,-34.469,44.585,79.054,55.9,1105.172,100.0,0,0.0,44.585,44.585,123.639,123.639,123.639,123.639,18.234,18.234,77.524,77.524,84.112,84.112,54.325,54.325,105.405,105.405,4,4,0.0,72.466,72.466,32.939,32.939,1.1780104712041939,14.267015706806285,78.20680628272252,74.54188481675392,39.47712418300654,41.53,Moderada
Línguas Estrangeiras Aplicadas (Bacharelado) | Darcy Ribeiro | Diurno | EP_R1_NPPI | EP=True | R=R1 | GE=NPPI | PCD=False | SM=1.5,587,Línguas Estrangeiras Aplicadas (Bacharelado),Darcy Ribeiro,Diurno,EP_R1_NPPI,2,2,-2.767,47.66,-2.767,47.66,22.446,22.446,-2.767,47.66,50.427,35.657,158.854,100.0,0.0,0.0,22.446,22.446,-2.767,47.66,50.427,35.657,158.854,100.0,0,0.0,47.66,47.66,98.087,98.087,98.087,98.087,30.851,30.851,68.671,68.671,72.873,72.873,34.653,34.653,67.236,67.236,4,4,0.0,46.225,46.225,21.011,21.011,6.020942408376961,33.1151832460733,78.20680628272252,74.54188481675392,39.47712418300654,46.27,Moderada
Línguas Estrangeiras Aplicadas (Bacharelado) | Darcy Ribeiro | Diurno | EP_R1_PPI | EP=True | R=R1 | GE=PPI | PCD=False | SM=1.5,588,Línguas Estrangeiras Aplicadas (Bacharelado),Darcy Ribeiro,Diurno,EP_R1_PPI,2,2,-25.614,-45.996,-25.614,-32.916,-35.805,-35.805,-45.996,-25.614,20.382,14.412,-40.252,100.0,0.0,0.0,-29.265,-29.265,-32.916,-25.614,7.302,5.163,-17.643,100.0,0,0.0,-45.996,-32.916,-52.79,-35.35,-52.79,-35.35,-39.202,-30.482,-47.695,-33.524,-49.393,-34.133,6.505,2.33,13.588,4.868,4,4,14.171,-11.89,-4.259,-1.699,-0.608,66.36125654450262,57.85340314136126,78.20680628272252,74.54188481675392,39.47712418300654,63.29,Alta
Línguas Estrangeiras Aplicadas (Bacharelado) | Darcy Ribeiro | Diurno | EP_R2_NPPI | EP=True | R=R2 | GE=NPPI | PCD=False | SM=1.5,589,Línguas Estrangeiras Aplicadas (Bacharelado),Darcy Ribeiro,Diurno,EP_R2_NPPI,3,3,-48.698,-2.629,-10.814,16.552,-21.723,-13.842,-48.698,-2.629,46.069,24.024,-110.594,100.0,0.0,16.718,1.598,-0.945,-10.814,16.552,27.366,13.859,867.456,100.0,0,5.394,-2.629,16.552,24.346,28.964,20.405,30.235,-14.045,6.159,7.019,20.477,8.888,22.758,18.405,11.368,38.391,24.076,4,4,13.458,28.742,18.879,9.648,3.925,84.16230366492147,36.64921465968587,48.03664921465969,74.54188481675392,49.73856209150327,58.63,Moderada
Línguas Estrangeiras Aplicadas (Bacharelado) | Darcy Ribeiro | Diurno | EP_R2_NPPIQ | EP=True | R=R2 | GE=NPPIQ | PCD=False | SM=1.0,590,Línguas Estrangeiras Aplicadas (Bacharelado),Darcy Ribeiro,Diurno,EP_R2_NPPIQ,1,1,-67.757,-67.757,-67.757,-67.757,-67.757,-67.757,-67.757,-67.757,0.0,0.0,0.0,100.0,0.0,0.0,-67.757,-67.757,-67.757,-67.757,0.0,0.0,0.0,100.0,0,0.0,-67.757,-67.757,,,,,-67.757,-67.757,-67.757,-67.757,-67.757,-67.757,0.0,0.0,0.0,0.0,2,2,0.0,0.0,0.0,0.0,0.0,33.37696335078534,82.32984293193716,78.20680628272252,74.54188481675392,17.77777777777778,57.25,Moderada
Línguas Estrangeiras Aplicadas (Bacharelado) | Darcy Ribeiro | Diurno | EP_R2_PPI | EP=True | R=R2 | GE=PPI | PCD=False | SM=1.5,591,Línguas Estrangeiras Aplicadas (Bacharelado),Darcy Ribeiro,Diurno,EP_R2_PPI,3,3,21.416,-15.779,21.416,-15.779,-23.664,-15.779,-76.629,21.416,98.045,49.496,-209.161,50.0,1.0,112.356,3.847,5.904,-15.779,21.416,37.195,18.683,485.641,100.0,0,4.364,-15.779,-15.779,-60.859,-33.348,-34.376,-34.376,-29.863,-2.352,-35.219,-21.464,-32.12,-24.563,18.839,15.336,45.08,32.024,4,4,13.755,-11.555,-25.311,-19.44,-5.685,91.62303664921467,7.198952879581155,0.7853403141361293,37.56544502617801,49.73856209150327,37.38,Baixa
Matemática (Bacharelado/Licenciatura) | Darcy Ribeiro | Diurno | AC | EP=False | R=NA | GE=NA | PCD=False | SM=NA,592,Matemática (Bacharelado/Licenciatura),Darcy Ribeiro,Diurno,AC,6,6,-74.606,-20.737,79.364,105.88,-18.201,-11.806,-74.606,31.531,106.137,44.151,-242.572,60.0,2.0,63.129,75.965,83.078,17.561,105.88,88.319,30.549,40.215,60.0,2,53.055,-20.737,105.88,-20.969,65.969,-41.876,72.452,-18.86,73.585,-25.611,79.471,-20.853,73.019,10.885,17.923,23.016,39.911,4,4,105.082,-7.41,3.506,-4.874,-26.409,93.19371727748691,5.235602094240843,9.424083769633507,17.212041884816752,95.29411764705881,44.07,Moderada
Matemática (Bacharelado/Licenciatura) | Darcy Ribeiro | Diurno | CN | EP=False | R=NA | GE=NEGROS | PCD=False | SM=NA,593,Matemática (Bacharelado/Licenciatura),Darcy Ribeiro,Diurno,CN,4,4,-78.171,-31.236,-78.171,-31.236,-23.457,-14.116,-78.171,12.575,90.746,41.039,-174.957,66.667,1.0,62.715,-23.457,-14.116,-78.171,12.575,90.746,41.039,-174.957,66.667,1,62.715,-31.236,-31.236,9.422,9.422,-13.204,-13.204,-15.938,-15.938,-12.739,-12.739,-14.571,-14.571,16.77,16.77,40.658,40.658,4,4,0.0,10.718,10.718,18.497,18.497,89.52879581151832,9.293193717277482,9.685863874345547,37.56544502617801,64.9673202614379,42.21,Moderada
Matemática (Bacharelado/Licenciatura) | Darcy Ribeiro | Diurno | EP_R1_NPPI | EP=True | R=R1 | GE=NPPI | PCD=False | SM=1.5,594,Matemática (Bacharelado/Licenciatura),Darcy Ribeiro,Diurno,EP_R1_NPPI,4,4,-96.948,-20.208,-96.948,8.078,-54.285,-49.992,-96.948,-20.208,76.74,31.737,-58.464,100.0,0.0,21.625,-18.22,3.99,-96.948,16.087,113.035,52.899,-290.333,66.667,1,54.905,-20.208,8.078,3.935,64.595,0.501,43.624,-42.641,-1.657,-14.603,28.66,-9.853,25.851,21.52,30.865,46.576,66.253,4,4,43.263,39.682,46.88,5.605,20.582,72.64397905759162,15.837696335078533,42.93193717277487,74.54188481675392,64.9673202614379,54.18,Moderada
Matemática (Bacharelado/Licenciatura) | Darcy Ribeiro | Diurno | EP_R1_PPI | EP=True | R=R1 | GE=PPI | PCD=False | SM=1.5,595,Matemática (Bacharelado/Licenciatura),Darcy Ribeiro,Diurno,EP_R1_PPI,4,4,-1.016,-6.051,32.712,13.305,-17.43,-3.534,-64.581,1.929,66.51,31.606,-181.336,66.667,2.0,62.648,6.449,7.617,-22.149,32.712,54.861,22.913,355.283,66.667,1,36.461,-6.051,13.305,-37.834,-14.125,-26.717,-0.878,-21.51,2.334,-23.028,0.159,-24.114,0.728,13.208,11.294,31.782,27.43,4,4,23.187,-5.598,-6.29,-16.977,-13.146,90.05235602094241,21.727748691099478,9.81675392670157,17.212041884816752,64.9673202614379,40.76,Moderada
Matemática (Bacharelado/Licenciatura) | Darcy Ribeiro | Diurno | EP_R2_NPPI | EP=True | R=R2 | GE=NPPI | PCD=False | SM=1.5,596,Matemática (Bacharelado/Licenciatura),Darcy Ribeiro,Diurno,EP_R2_NPPI,5,5,-42.476,-53.025,6.428,-53.025,-4.448,14.603,-53.025,40.087,93.112,40.872,-918.793,50.0,3.0,64.755,5.332,14.603,-53.025,40.087,93.112,34.914,654.743,50.0,3,44.871,-53.025,-53.025,-17.233,-36.795,-45.12,-54.9,-7.289,-4.029,-30.667,-37.187,-31.176,-44.91,21.876,23.553,45.736,50.871,4,4,-6.52,-26.219,-42.519,22.358,15.838,98.95287958115183,8.507853403141363,8.769633507853403,5.759162303664922,82.2875816993464,40.86,Moderada
Matemática (Bacharelado/Licenciatura) | Darcy Ribeiro | Diurno | EP_R2_NPPIQ | EP=True | R=R2 | GE=NPPIQ | PCD=False | SM=1.0,597,Matemática (Bacharelado/Licenciatura),Darcy Ribeiro,Diurno,EP_R2_NPPIQ,1,1,-20.656,-20.656,-20.656,-20.656,-20.656,-20.656,-20.656,-20.656,0.0,0.0,0.0,100.0,0.0,0.0,-20.656,-20.656,-20.656,-20.656,0.0,0.0,0.0,100.0,0,0.0,-20.656,-20.656,,,,,-20.656,-20.656,-20.656,-20.656,-20.656,-20.656,0.0,0.0,0.0,0.0,2,2,0.0,0.0,0.0,0.0,0.0,33.37696335078534,82.32984293193716,78.20680628272252,74.54188481675392,17.77777777777778,57.25,Moderada
Matemática (Bacharelado/Licenciatura) | Darcy Ribeiro | Diurno | EP_R2_PPI | EP=True | R=R2 | GE=PPI | PCD=False | SM=1.5,598,Matemática (Bacharelado/Licenciatura),Darcy Ribeiro,Diurno,EP_R2_PPI,4,4,-54.452,-51.87,-2.143,21.222,-54.692,-53.448,-60.003,-51.87,8.133,3.71,-6.783,66.667,1.0,6.56,20.809,26.35,-2.143,32.678,34.821,16.142,77.572,66.667,1,23.845,-51.87,21.222,-50.866,38.032,-49.641,29.017,-53.927,24.253,-51.576,28.131,-51.368,26.635,1.813,7.339,4.286,16.81,4,4,79.707,3.116,7.322,0.294,6.909,51.70157068062827,62.95811518324608,54.84293193717278,37.56544502617801,64.9673202614379,54.41,Moderada
Matemática (Bacharelado/Licenciatura) | Darcy Ribeiro | Diurno | EP_R2_PPIQ | EP=True | R=R2 | GE=PPIQ | PCD=False | SM=1.0,599,Matemática (Bacharelado/Licenciatura),Darcy Ribeiro,Diurno,EP_R2_PPIQ,1,1,-29.962,-29.962,-29.962,-29.962,-29.962,-29.962,-29.962,-29.962,0.0,0.0,0.0,100.0,0.0,0.0,-29.962,-29.962,-29.962,-29.962,0.0,0.0,0.0,100.0,0,0.0,-29.962,-29.962,,,,,-29.962,-29.962,-29.962,-29.962,-29.962,-29.962,0.0,0.0,0.0,0.0,2,2,0.0,0.0,0.0,0.0,0.0,33.37696335078534,82.32984293193716,78.20680628272252,74.54188481675392,17.77777777777778,57.25,Moderada
Matemática (Licenciatura) | Darcy Ribeiro | Noturno | AC | EP=False | R=NA | GE=NA | PCD=False | SM=NA,600,Matemática (Licenciatura),Darcy Ribeiro,Noturno,AC,5,5,-44.481,-51.641,-44.481,31.378,-53.891,-50.656,-73.474,-44.481,28.993,11.286,-20.943,75.0,1.0,18.339,12.343,22.858,-44.481,42.289,86.77,33.933,274.916,75.0,2,31.664,-51.641,31.378,-63.222,59.571,-59.028,44.462,-56.464,23.337,-57.589,39.687,-57.746,37.92,4.846,15.859,11.581,36.234,4,4,97.276,-3.698,27.344,-5.948,8.309,56.02094240837696,51.70157068062827,46.989528795811516,37.56544502617801,82.2875816993464,54.91,Moderada
Matemática (Licenciatura) | Darcy Ribeiro | Noturno | CN | EP=False | R=NA | GE=NEGROS | PCD=False | SM=NA,601,Matemática (Licenciatura),Darcy Ribeiro,Noturno,CN,3,3,2.629,-64.383,2.629,-64.383,-6.23,2.629,-64.383,43.063,107.446,54.268,-871.03,50.0,1.0,104.567,-6.23,2.629,-64.383,43.063,107.446,54.268,-871.03,50.0,1,104.567,-64.383,-64.383,-56.489,-56.489,-73.742,-73.742,-17.399,-17.399,-53.003,-53.003,-60.436,-60.436,24.762,24.762,56.343,56.343,4,4,0.0,-46.773,-46.773,11.38,11.38,98.29842931937172,4.973821989528792,1.1780104712041939,37.56544502617801,49.73856209150327,38.35,Baixa
Matemática (Licenciatura) | Darcy Ribeiro | Noturno | EP_R1_PPI | EP=True | R=R1 | GE=PPI | PCD=False | SM=1.5,602,Matemática (Licenciatura),Darcy Ribeiro,Noturno,EP_R1_PPI,2,2,-38.182,23.101,-20.674,23.101,-7.541,-7.541,-38.182,23.101,61.283,43.334,-574.678,100.0,0.0,0.0,1.213,1.213,-20.674,23.101,43.775,30.954,2550.77,100.0,0,0.0,23.101,23.101,84.384,66.876,84.384,66.876,2.673,8.509,48.636,41.341,53.742,44.988,42.113,30.081,81.711,58.367,4,4,-7.295,56.177,40.128,25.535,18.24,97.25130890052355,25.78534031413613,78.20680628272252,74.54188481675392,39.47712418300654,63.05,Alta
Matemática (Licenciatura) | Darcy Ribeiro | Noturno | EP_R2_NPPI | EP=True | R=R2 | GE=NPPI | PCD=False | SM=1.5,603,Matemática (Licenciatura),Darcy Ribeiro,Noturno,EP_R2_NPPI,1,1,-54.593,-54.593,1.689,1.689,-54.593,-54.593,-54.593,-54.593,0.0,0.0,0.0,100.0,0.0,0.0,1.689,1.689,1.689,1.689,0.0,0.0,0.0,100.0,0,0.0,-54.593,1.689,,,,,-54.593,1.689,-54.593,1.689,-54.593,1.689,0.0,0.0,0.0,0.0,2,2,56.282,0.0,0.0,0.0,0.0,33.37696335078534,82.32984293193716,78.20680628272252,74.54188481675392,17.77777777777778,57.25,Moderada
Matemática (Licenciatura) | Darcy Ribeiro | Noturno | EP_R2_PPI | EP=True | R=R2 | GE=PPI | PCD=False | SM=1.5,604,Matemática (Licenciatura),Darcy Ribeiro,Noturno,EP_R2_PPI,2,2,-11.475,-33.505,23.132,-15.931,-22.49,-22.49,-33.505,-11.475,22.03,15.578,-69.264,100.0,0.0,0.0,3.601,3.601,-15.931,23.132,39.063,27.622,767.163,100.0,0,0.0,-33.505,-15.931,-55.535,-54.994,-55.535,-54.994,-26.162,-2.91,-42.684,-32.207,-44.52,-35.462,15.139,26.843,29.373,52.084,4,4,10.477,-20.194,-35.808,-9.179,-16.276,74.60732984293193,56.544502617801044,78.20680628272252,74.54188481675392,39.47712418300654,64.68,Alta
Medicina (Bacharelado) | Darcy Ribeiro | Diurno | AC | EP=False | R=NA | GE=NA | PCD=False | SM=NA,605,Medicina (Bacharelado),Darcy Ribeiro,Diurno,AC,5,5,164.861,166.75,190.742,190.334,171.083,166.75,162.424,183.5,21.076,9.122,5.332,50.0,2.0,14.557,194.988,190.742,173.057,211.738,38.681,15.808,8.107,75.0,2,26.694,166.75,190.334,168.688,187.943,163.95,182.187,169.93,192.533,167.33,188.249,167.719,189.139,2.606,4.455,5.98,10.345,4,4,20.919,-3.753,-6.739,0.58,-2.085,15.575916230366493,57.32984293193717,50.13089005235602,17.212041884816752,82.2875816993464,44.51,Moderada
Medicina (Bacharelado) | Darcy Ribeiro | Diurno | CN | EP=False | R=NA | GE=NEGROS | PCD=False | SM=NA,606,Medicina (Bacharelado),Darcy Ribeiro,Diurno,CN,5,5,157.264,120.046,157.983,120.046,138.106,146.826,94.772,171.622,76.85,30.702,22.231,75.0,2.0,59.991,138.25,146.826,94.772,171.622,76.85,30.815,22.29,75.0,2,60.205,120.046,120.046,129.124,128.833,128.255,128.093,136.614,136.662,128.51,128.408,128.69,128.463,6.776,6.79,16.568,16.616,4,4,-0.102,-9.596,-9.842,8.464,8.362,14.005235602094245,15.706806282722518,11.387434554973819,17.212041884816752,82.2875816993464,28.12,Baixa
Medicina (Bacharelado) | Darcy Ribeiro | Diurno | EP_R1_NPPI | EP=True | R=R1 | GE=NPPI | PCD=False | SM=1.5,607,Medicina (Bacharelado),Darcy Ribeiro,Diurno,EP_R1_NPPI,4,4,93.731,88.009,117.434,109.377,92.819,93.682,88.009,95.903,7.894,3.373,3.634,66.667,1.0,3.91,117.56,113.405,98.249,145.179,46.93,20.022,17.032,66.667,2,39.207,88.009,109.377,89.478,106.426,87.743,101.158,91.847,114.005,89.269,107.742,88.743,107.902,1.88,5.384,4.104,12.846,4,4,18.473,-3.55,-9.818,1.26,-1.635,15.706806282722518,63.21989528795812,55.75916230366492,37.56544502617801,64.9673202614379,47.44,Moderada
Medicina (Bacharelado) | Darcy Ribeiro | Diurno | EP_R1_NPPIQ | EP=True | R=R1 | GE=NPPIQ | PCD=False | SM=1.0,608,Medicina (Bacharelado),Darcy Ribeiro,Diurno,EP_R1_NPPIQ,1,1,98.649,98.649,98.649,98.649,98.649,98.649,98.649,98.649,0.0,0.0,0.0,100.0,0.0,0.0,98.649,98.649,98.649,98.649,0.0,0.0,0.0,100.0,0,0.0,98.649,98.649,,,,,98.649,98.649,98.649,98.649,98.649,98.649,0.0,0.0,0.0,0.0,2,2,0.0,0.0,0.0,0.0,0.0,33.37696335078534,82.32984293193716,78.20680628272252,74.54188481675392,17.77777777777778,57.25,Moderada
Medicina (Bacharelado) | Darcy Ribeiro | Diurno | EP_R1_NPPIQ_PCD | EP=True | R=R1 | GE=NPPIQ | PCD=True | SM=1.0,609,Medicina (Bacharelado),Darcy Ribeiro,Diurno,EP_R1_NPPIQ_PCD,1,1,46.775,46.775,46.775,46.775,46.775,46.775,46.775,46.775,0.0,0.0,0.0,100.0,0.0,0.0,46.775,46.775,46.775,46.775,0.0,0.0,0.0,100.0,0,0.0,46.775,46.775,,,,,46.775,46.775,46.775,46.775,46.775,46.775,0.0,0.0,0.0,0.0,2,2,0.0,0.0,0.0,0.0,0.0,33.37696335078534,82.32984293193716,78.20680628272252,74.54188481675392,17.77777777777778,57.25,Moderada
Medicina (Bacharelado) | Darcy Ribeiro | Diurno | EP_R1_PPI | EP=True | R=R1 | GE=PPI | PCD=False | SM=1.5,610,Medicina (Bacharelado),Darcy Ribeiro,Diurno,EP_R1_PPI,5,5,28.975,55.923,94.939,61.257,55.444,55.923,28.975,78.064,49.089,19.825,35.757,75.0,2.0,31.167,91.744,86.39,61.257,138.392,77.135,28.898,31.499,75.0,2,48.395,55.923,61.257,63.631,74.129,53.572,61.277,57.264,87.83,57.597,71.123,56.593,67.703,4.302,12.681,10.059,26.573,4,4,13.526,2.153,-20.621,1.674,9.866,12.303664921465973,34.16230366492147,32.72251308900523,17.212041884816752,82.2875816993464,35.74,Baixa
Medicina (Bacharelado) | Darcy Ribeiro | Diurno | EP_R1_PPIQ | EP=True | R=R1 | GE=PPIQ | PCD=False | SM=1.0,611,Medicina (Bacharelado),Darcy Ribeiro,Diurno,EP_R1_PPIQ,1,1,81.446,81.446,96.795,96.795,81.446,81.446,81.446,81.446,0.0,0.0,0.0,100.0,0.0,0.0,96.795,96.795,96.795,96.795,0.0,0.0,0.0,100.0,0,0.0,81.446,96.795,,,,,81.446,96.795,81.446,96.795,81.446,96.795,0.0,0.0,0.0,0.0,2,2,15.349,0.0,0.0,0.0,0.0,33.37696335078534,82.32984293193716,78.20680628272252,74.54188481675392,17.77777777777778,57.25,Moderada
Medicina (Bacharelado) | Darcy Ribeiro | Diurno | EP_R1_PPI_PCD | EP=True | R=R1 | GE=PPI | PCD=True | SM=1.5,612,Medicina (Bacharelado),Darcy Ribeiro,Diurno,EP_R1_PPI_PCD,2,2,-40.024,-6.687,-40.024,-6.687,-23.356,-23.356,-40.024,-6.687,33.337,23.573,-100.93,100.0,0.0,0.0,-23.356,-23.356,-40.024,-6.687,33.337,23.573,-100.93,100.0,0,0.0,-6.687,-6.687,26.65,26.65,26.65,26.65,-17.799,-17.799,7.203,7.203,9.981,9.981,22.909,22.909,44.449,44.449,4,4,0.0,30.559,30.559,13.89,13.89,81.93717277486911,47.382198952879584,78.20680628272252,74.54188481675392,39.47712418300654,64.31,Alta
Medicina (Bacharelado) | Darcy Ribeiro | Diurno | EP_R2_NPPI | EP=True | R=R2 | GE=NPPI | PCD=False | SM=1.5,613,Medicina (Bacharelado),Darcy Ribeiro,Diurno,EP_R2_NPPI,4,4,137.999,155.1,190.592,155.1,155.278,153.821,137.999,175.472,37.473,15.426,9.934,66.667,1.0,22.965,173.581,174.316,155.1,190.592,35.492,14.545,8.379,66.667,2,12.336,155.1,155.1,172.374,151.866,167.49,150.146,158.99,168.373,163.488,156.371,163.24,153.483,7.865,8.26,17.274,18.227,4,4,-7.117,8.21,-17.21,8.388,1.271,15.445026178010469,44.3717277486911,41.62303664921466,37.56544502617801,64.9673202614379,40.79,Moderada
Medicina (Bacharelado) | Darcy Ribeiro | Diurno | EP_R2_NPPIQ | EP=True | R=R2 | GE=NPPIQ | PCD=False | SM=1.0,614,Medicina (Bacharelado),Darcy Ribeiro,Diurno,EP_R2_NPPIQ,1,1,162.281,162.281,162.281,162.281,162.281,162.281,162.281,162.281,0.0,0.0,0.0,100.0,0.0,0.0,162.281,162.281,162.281,162.281,0.0,0.0,0.0,100.0,0,0.0,162.281,162.281,,,,,162.281,162.281,162.281,162.281,162.281,162.281,0.0,0.0,0.0,0.0,2,2,0.0,0.0,0.0,0.0,0.0,33.37696335078534,82.32984293193716,78.20680628272252,74.54188481675392,17.77777777777778,57.25,Moderada
Medicina (Bacharelado) | Darcy Ribeiro | Diurno | EP_R2_NPPIQ_PCD | EP=True | R=R2 | GE=NPPIQ | PCD=True | SM=1.0,615,Medicina (Bacharelado),Darcy Ribeiro,Diurno,EP_R2_NPPIQ_PCD,1,1,103.215,103.215,103.215,103.215,103.215,103.215,103.215,103.215,0.0,0.0,0.0,100.0,0.0,0.0,103.215,103.215,103.215,103.215,0.0,0.0,0.0,100.0,0,0.0,103.215,103.215,,,,,103.215,103.215,103.215,103.215,103.215,103.215,0.0,0.0,0.0,0.0,2,2,0.0,0.0,0.0,0.0,0.0,33.37696335078534,82.32984293193716,78.20680628272252,74.54188481675392,17.77777777777778,57.25,Moderada
Medicina (Bacharelado) | Darcy Ribeiro | Diurno | EP_R2_NPPI_PCD | EP=True | R=R2 | GE=NPPI | PCD=True | SM=1.5,616,Medicina (Bacharelado),Darcy Ribeiro,Diurno,EP_R2_NPPI_PCD,1,1,107.509,107.509,107.509,107.509,107.509,107.509,107.509,107.509,0.0,0.0,0.0,100.0,0.0,0.0,107.509,107.509,107.509,107.509,0.0,0.0,0.0,100.0,0,0.0,107.509,107.509,,,,,107.509,107.509,107.509,107.509,107.509,107.509,0.0,0.0,0.0,0.0,2,2,0.0,0.0,0.0,0.0,0.0,33.37696335078534,82.32984293193716,78.20680628272252,74.54188481675392,17.77777777777778,57.25,Moderada
Medicina (Bacharelado) | Darcy Ribeiro | Diurno | EP_R2_PPI | EP=True | R=R2 | GE=PPI | PCD=False | SM=1.5,617,Medicina (Bacharelado),Darcy Ribeiro,Diurno,EP_R2_PPI,4,4,101.453,78.632,124.97,98.015,97.292,101.48,78.632,107.578,28.946,12.768,13.123,66.667,1.0,18.723,117.738,119.248,98.015,134.438,36.423,15.684,13.321,66.667,2,28.746,78.632,98.015,86.18,106.043,80.266,101.327,94.173,114.74,84.813,105.031,83.223,103.685,7.032,7.262,15.541,16.725,4,4,20.218,-12.479,-12.707,6.181,7.016,14.92146596858639,51.89790575916231,46.07329842931938,37.56544502617801,64.9673202614379,43.09,Moderada
Medicina (Bacharelado) | Darcy Ribeiro | Diurno | EP_R2_PPIQ | EP=True | R=R2 | GE=PPIQ | PCD=False | SM=1.0,618,Medicina (Bacharelado),Darcy Ribeiro,Diurno,EP_R2_PPIQ,1,1,115.802,115.802,119.954,119.954,115.802,115.802,115.802,115.802,0.0,0.0,0.0,100.0,0.0,0.0,119.954,119.954,119.954,119.954,0.0,0.0,0.0,100.0,0,0.0,115.802,119.954,,,,,115.802,119.954,115.802,119.954,115.802,119.954,0.0,0.0,0.0,0.0,2,2,4.152,0.0,0.0,0.0,0.0,33.37696335078534,82.32984293193716,78.20680628272252,74.54188481675392,17.77777777777778,57.25,Moderada
Medicina (Bacharelado) | Darcy Ribeiro | Diurno | EP_R2_PPIQ_PCD | EP=True | R=R2 | GE=PPIQ | PCD=True | SM=1.0,619,Medicina (Bacharelado),Darcy Ribeiro,Diurno,EP_R2_PPIQ_PCD,1,1,-27.585,-27.585,-2.377,-2.377,-27.585,-27.585,-27.585,-27.585,0.0,0.0,0.0,100.0,0.0,0.0,-2.377,-2.377,-2.377,-2.377,0.0,0.0,0.0,100.0,0,0.0,-27.585,-2.377,,,,,-27.585,-2.377,-27.585,-2.377,-27.585,-2.377,0.0,0.0,0.0,0.0,2,2,25.208,0.0,0.0,0.0,0.0,33.37696335078534,82.32984293193716,78.20680628272252,74.54188481675392,17.77777777777778,57.25,Moderada
Medicina Veterinária (Bacharelado) | Darcy Ribeiro | Diurno | AC | EP=False | R=NA | GE=NA | PCD=False | SM=NA,620,Medicina Veterinária (Bacharelado),Darcy Ribeiro,Diurno,AC,6,5,50.187,66.643,118.151,99.685,69.067,67.584,50.187,93.664,43.477,16.9,24.469,60.0,4.0,30.54,108.721,118.151,63.333,134.95,71.617,28.595,26.301,50.0,2,43.549,66.643,99.685,70.743,83.212,63.124,78.171,69.466,101.484,67.494,90.638,68.055,91.448,3.38,11.691,7.619,23.313,4,4,23.144,-1.573,-18.083,0.851,-9.047,13.743455497382195,39.005235602094245,33.1151832460733,1.505235602094246,95.29411764705881,36.53,Baixa
Medicina Veterinária (Bacharelado) | Darcy Ribeiro | Diurno | CN | EP=False | R=NA | GE=NEGROS | PCD=False | SM=NA,621,Medicina Veterinária (Bacharelado),Darcy Ribeiro,Diurno,CN,6,6,47.566,55.857,86.323,55.857,50.499,51.712,10.471,73.643,63.172,22.369,44.297,60.0,4.0,46.156,56.959,62.064,10.471,86.323,75.852,26.557,46.625,60.0,3,45.406,55.857,55.857,54.637,41.718,57.121,51.584,51.484,53.33,54.775,50.622,55.247,52.457,2.417,6.19,5.637,14.139,4,4,-4.153,4.276,-6.337,-1.082,-5.235,11.256544502617805,23.821989528795807,20.15706806282722,1.505235602094246,95.29411764705881,30.41,Baixa
Medicina Veterinária (Bacharelado) | Darcy Ribeiro | Diurno | EP_R1_NPPI | EP=True | R=R1 | GE=NPPI | PCD=False | SM=1.5,622,Medicina Veterinária (Bacharelado),Darcy Ribeiro,Diurno,EP_R1_NPPI,5,5,22.149,-2.808,44.794,16.671,-2.415,7.066,-58.651,22.149,80.8,33.037,-1367.78,75.0,2.0,60.912,34.109,34.654,16.671,56.233,39.562,17.039,49.956,75.0,2,32.6,-2.808,16.671,-13.459,23.709,-0.584,23.275,-4.87,31.798,-5.43,23.863,-3.839,23.492,5.631,6.193,12.875,15.127,4,4,29.293,-3.015,-10.246,-2.622,7.192,99.47643979057592,13.612565445026181,10.732984293193715,17.212041884816752,82.2875816993464,44.66,Moderada
Medicina Veterinária (Bacharelado) | Darcy Ribeiro | Diurno | EP_R1_NPPIQ | EP=True | R=R1 | GE=NPPIQ | PCD=False | SM=1.0,623,Medicina Veterinária (Bacharelado),Darcy Ribeiro,Diurno,EP_R1_NPPIQ,1,1,-18.653,-18.653,20.35,20.35,-18.653,-18.653,-18.653,-18.653,0.0,0.0,0.0,100.0,0.0,0.0,20.35,20.35,20.35,20.35,0.0,0.0,0.0,100.0,0,0.0,-18.653,20.35,,,,,-18.653,20.35,-18.653,20.35,-18.653,20.35,0.0,0.0,0.0,0.0,2,2,39.003,0.0,0.0,0.0,0.0,33.37696335078534,82.32984293193716,78.20680628272252,74.54188481675392,17.77777777777778,57.25,Moderada
Medicina Veterinária (Bacharelado) | Darcy Ribeiro | Diurno | EP_R1_PPI | EP=True | R=R1 | GE=PPI | PCD=False | SM=1.5,624,Medicina Veterinária (Bacharelado),Darcy Ribeiro,Diurno,EP_R1_PPI,4,4,-20.268,-33.589,43.442,27.235,-21.187,-26.928,-40.671,9.779,50.45,22.31,-105.298,66.667,2.0,41.467,32.421,31.68,22.881,43.442,20.561,9.185,28.33,66.667,2,17.17,-33.589,27.235,-43.79,23.576,-48.384,25.911,-25.708,30.652,-37.868,26.844,-38.69,26.573,10.195,2.955,22.676,7.075,4,4,64.712,-16.681,-5.577,-4.279,-0.391,82.98429319371728,32.98429319371727,22.905759162303664,17.212041884816752,64.9673202614379,44.21,Moderada
Medicina Veterinária (Bacharelado) | Darcy Ribeiro | Diurno | EP_R1_PPIQ | EP=True | R=R1 | GE=PPIQ | PCD=False | SM=1.0,625,Medicina Veterinária (Bacharelado),Darcy Ribeiro,Diurno,EP_R1_PPIQ,1,1,-40.556,-40.556,10.004,10.004,-40.556,-40.556,-40.556,-40.556,0.0,0.0,0.0,100.0,0.0,0.0,10.004,10.004,10.004,10.004,0.0,0.0,0.0,100.0,0,0.0,-40.556,10.004,,,,,-40.556,10.004,-40.556,10.004,-40.556,10.004,0.0,0.0,0.0,0.0,2,2,50.56,0.0,0.0,0.0,0.0,33.37696335078534,82.32984293193716,78.20680628272252,74.54188481675392,17.77777777777778,57.25,Moderada
Medicina Veterinária (Bacharelado) | Darcy Ribeiro | Diurno | EP_R2_NPPI | EP=True | R=R2 | GE=NPPI | PCD=False | SM=1.5,626,Medicina Veterinária (Bacharelado),Darcy Ribeiro,Diurno,EP_R2_NPPI,5,5,20.855,37.329,70.061,41.765,43.878,49.328,20.855,60.933,40.078,15.358,35.001,50.0,1.0,20.132,58.41,58.293,41.765,70.061,28.296,11.373,19.471,75.0,2,14.102,37.329,41.765,53.277,42.66,42.7,40.23,45.967,54.91,44.818,44.891,44.334,42.213,6.67,6.754,15.948,14.681,4,4,0.073,0.94,-13.519,7.489,3.126,12.434554973821987,42.27748691099477,44.764397905759154,37.56544502617801,82.2875816993464,43.87,Moderada
Medicina Veterinária (Bacharelado) | Darcy Ribeiro | Diurno | EP_R2_NPPIQ | EP=True | R=R2 | GE=NPPIQ | PCD=False | SM=1.0,627,Medicina Veterinária (Bacharelado),Darcy Ribeiro,Diurno,EP_R2_NPPIQ,1,1,53.433,53.433,53.433,53.433,53.433,53.433,53.433,53.433,0.0,0.0,0.0,100.0,0.0,0.0,53.433,53.433,53.433,53.433,0.0,0.0,0.0,100.0,0,0.0,53.433,53.433,,,,,53.433,53.433,53.433,53.433,53.433,53.433,0.0,0.0,0.0,0.0,2,2,0.0,0.0,0.0,0.0,0.0,33.37696335078534,82.32984293193716,78.20680628272252,74.54188481675392,17.77777777777778,57.25,Moderada
Medicina Veterinária (Bacharelado) | Darcy Ribeiro | Diurno | EP_R2_NPPIQ_PCD | EP=True | R=R2 | GE=NPPIQ | PCD=True | SM=1.0,628,Medicina Veterinária (Bacharelado),Darcy Ribeiro,Diurno,EP_R2_NPPIQ_PCD,1,1,-34.547,-34.547,-34.547,-34.547,-34.547,-34.547,-34.547,-34.547,0.0,0.0,0.0,100.0,0.0,0.0,-34.547,-34.547,-34.547,-34.547,0.0,0.0,0.0,100.0,0,0.0,-34.547,-34.547,,,,,-34.547,-34.547,-34.547,-34.547,-34.547,-34.547,0.0,0.0,0.0,0.0,2,2,0.0,0.0,0.0,0.0,0.0,33.37696335078534,82.32984293193716,78.20680628272252,74.54188481675392,17.77777777777778,57.25,Moderada
Medicina Veterinária (Bacharelado) | Darcy Ribeiro | Diurno | EP_R2_PPI | EP=True | R=R2 | GE=PPI | PCD=False | SM=1.5,629,Medicina Veterinária (Bacharelado),Darcy Ribeiro,Diurno,EP_R2_PPI,5,5,5.198,-62.784,25.608,-29.375,11.061,16.694,-62.784,60.745,123.529,46.321,418.786,75.0,1.0,55.493,37.7,48.048,-29.375,78.776,108.151,42.454,112.609,50.0,3,67.761,-62.784,-29.375,-42.944,8.71,-69.295,-16.075,-0.94,31.258,-43.991,-1.371,-52.864,-3.682,30.811,26.874,68.355,60.633,4,4,42.62,-55.052,-39.071,18.793,28.004,2.3560209424083767,2.0942408376963373,13.743455497382195,37.56544502617801,82.2875816993464,27.61,Baixa
Medicina Veterinária (Bacharelado) | Darcy Ribeiro | Diurno | EP_R2_PPIQ | EP=True | R=R2 | GE=PPIQ | PCD=False | SM=1.0,630,Medicina Veterinária (Bacharelado),Darcy Ribeiro,Diurno,EP_R2_PPIQ,1,1,11.522,11.522,23.973,23.973,11.522,11.522,11.522,11.522,0.0,0.0,0.0,100.0,0.0,0.0,23.973,23.973,23.973,23.973,0.0,0.0,0.0,100.0,0,0.0,11.522,23.973,,,,,11.522,23.973,11.522,23.973,11.522,23.973,0.0,0.0,0.0,0.0,2,2,12.451,0.0,0.0,0.0,0.0,33.37696335078534,82.32984293193716,78.20680628272252,74.54188481675392,17.77777777777778,57.25,Moderada
Museologia (Bacharelado) | Darcy Ribeiro | Diurno | AC | EP=False | R=NA | GE=NA | PCD=False | SM=NA,631,Museologia (Bacharelado),Darcy Ribeiro,Diurno,AC,5,5,-63.96,-79.405,42.048,19.145,-63.708,-63.96,-79.405,-45.669,33.736,12.45,-19.543,75.0,2.0,19.358,26.598,21.708,11.393,42.048,30.655,13.189,49.584,50.0,3,21.423,-79.405,19.145,-73.207,10.275,-79.151,12.536,-65.128,22.857,-74.223,16.203,-76.179,15.84,6.705,5.817,14.277,12.582,4,4,90.426,-10.515,-10.395,5.182,-2.942,55.23560209424083,47.25130890052356,45.54973821989529,17.212041884816752,82.2875816993464,49.51,Moderada
Museologia (Bacharelado) | Darcy Ribeiro | Diurno | CN | EP=False | R=NA | GE=NEGROS | PCD=False | SM=NA,632,Museologia (Bacharelado),Darcy Ribeiro,Diurno,CN,3,3,-68.311,-38.902,-68.311,-38.902,-55.471,-59.2,-68.311,-38.902,29.409,15.055,-27.14,100.0,0.0,7.91,-55.471,-59.2,-68.311,-38.902,29.409,15.055,-27.14,100.0,0,7.91,-38.902,-38.902,-29.198,-29.198,-29.047,-29.047,-50.57,-50.57,-36.929,-36.929,-34.05,-34.05,10.196,10.196,21.523,21.523,4,4,0.0,18.542,18.542,1.973,1.973,59.554973821989535,51.047120418848166,53.92670157068062,74.54188481675392,49.73856209150327,57.76,Moderada
Museologia (Bacharelado) | Darcy Ribeiro | Diurno | EP_R1_NPPI | EP=True | R=R1 | GE=NPPI | PCD=False | SM=1.5,633,Museologia (Bacharelado),Darcy Ribeiro,Diurno,EP_R1_NPPI,1,1,-54.777,-54.777,-54.777,-54.777,-54.777,-54.777,-54.777,-54.777,0.0,0.0,0.0,100.0,0.0,0.0,-54.777,-54.777,-54.777,-54.777,0.0,0.0,0.0,100.0,0,0.0,-54.777,-54.777,,,,,-54.777,-54.777,-54.777,-54.777,-54.777,-54.777,0.0,0.0,0.0,0.0,2,2,0.0,0.0,0.0,0.0,0.0,33.37696335078534,82.32984293193716,78.20680628272252,74.54188481675392,17.77777777777778,57.25,Moderada
Museologia (Bacharelado) | Darcy Ribeiro | Diurno | EP_R2_NPPI | EP=True | R=R2 | GE=NPPI | PCD=False | SM=1.5,634,Museologia (Bacharelado),Darcy Ribeiro,Diurno,EP_R2_NPPI,2,2,-86.04,-83.171,-63.772,-5.934,-84.606,-84.606,-86.04,-83.171,2.869,2.029,-2.398,100.0,0.0,0.0,-34.853,-34.853,-63.772,-5.934,57.838,40.898,-117.343,100.0,0,0.0,-83.171,-5.934,-80.302,51.904,-80.302,51.904,-84.127,-25.213,-81.976,18.165,-81.736,22.985,1.972,39.745,3.825,77.117,4,4,100.141,2.63,53.018,1.195,24.099,51.17801047120418,64.13612565445025,78.20680628272252,74.54188481675392,39.47712418300654,61.51,Alta
Museologia (Bacharelado) | Darcy Ribeiro | Diurno | EP_R2_PPI | EP=True | R=R2 | GE=PPI | PCD=False | SM=1.5,635,Museologia (Bacharelado),Darcy Ribeiro,Diurno,EP_R2_PPI,2,2,-51.807,-75.472,-48.412,-75.472,-63.64,-63.64,-75.472,-51.807,23.665,16.734,-26.294,100.0,0.0,0.0,-61.942,-61.942,-75.472,-48.412,27.06,19.134,-30.891,100.0,0,0.0,-75.472,-75.472,-99.137,-102.532,-99.137,-102.532,-67.584,-66.452,-85.332,-86.747,-87.304,-89.002,16.262,18.595,31.553,36.08,4,4,-1.415,-21.692,-24.805,-9.86,-11.275,58.90052356020943,54.9738219895288,78.20680628272252,74.54188481675392,39.47712418300654,61.22,Alta
Música (Bacharelado) | Darcy Ribeiro | Diurno | AC | EP=False | R=NA | GE=NA | PCD=False | SM=NA,636,Música (Bacharelado),Darcy Ribeiro,Diurno,AC,4,4,-29.764,-2.409,-29.764,65.653,-12.09,-12.901,-29.764,7.205,36.969,17.38,-143.747,66.667,2.0,35.312,29.386,40.828,-29.764,65.653,95.417,41.374,140.792,100.0,0,29.176,-2.409,65.653,2.202,95.078,-0.811,86.765,-9.517,44.244,-2.634,72.935,-1.61,76.209,4.971,22.787,11.72,50.833,4,4,75.569,9.456,43.549,-0.225,7.282,87.43455497382199,44.764397905759154,29.05759162303665,17.212041884816752,64.9673202614379,48.69,Moderada
Música (Licenciatura) | Darcy Ribeiro | Diurno | AC | EP=False | R=NA | GE=NA | PCD=False | SM=NA,637,Música (Licenciatura),Darcy Ribeiro,Diurno,AC,5,5,-66.315,-15.971,-66.315,132.273,-48.315,-52.883,-66.315,-15.971,50.344,20.732,-42.91,75.0,2.0,17.323,24.625,25.412,-66.315,132.273,198.588,77.065,312.956,75.0,2,95.875,-15.971,132.273,-11.199,145.581,-7.391,151.4,-40.834,48.854,-18.849,119.527,-13.585,138.927,15.071,47.79,33.442,102.545,4,4,138.376,29.466,94.902,-2.878,-12.746,67.80104712041886,33.24607329842932,47.382198952879584,17.212041884816752,82.2875816993464,49.59,Moderada
Música (Licenciatura) | Darcy Ribeiro | Diurno | EP_R1_NPPI | EP=True | R=R1 | GE=NPPI | PCD=False | SM=1.5,638,Música (Licenciatura),Darcy Ribeiro,Diurno,EP_R1_NPPI,2,2,13.326,-69.94,13.326,-69.94,-28.307,-28.307,-69.94,13.326,83.266,58.878,-207.998,100.0,0.0,0.0,-28.307,-28.307,-69.94,13.326,83.266,58.878,-207.998,100.0,0,0.0,-69.94,-69.94,-111.573,-111.573,-111.573,-111.573,-42.185,-42.185,-83.818,-83.818,-90.756,-90.756,33.993,33.993,69.388,69.388,4,4,0.0,-55.511,-55.511,-13.878,-13.878,91.49214659685863,12.041884816753923,78.20680628272252,74.54188481675392,39.47712418300654,59.15,Moderada
Música (Licenciatura) | Darcy Ribeiro | Diurno | EP_R2_NPPI | EP=True | R=R2 | GE=NPPI | PCD=False | SM=1.5,639,Música (Licenciatura),Darcy Ribeiro,Diurno,EP_R2_NPPI,2,2,-0.727,30.345,-0.727,41.995,14.809,14.809,-0.727,30.345,31.072,21.971,148.364,100.0,0.0,0.0,20.634,20.634,-0.727,41.995,42.722,30.209,146.404,100.0,0,0.0,30.345,41.995,61.417,84.717,61.417,84.717,19.988,27.754,43.292,59.796,45.881,63.356,21.352,29.358,41.429,56.963,4,4,16.504,28.483,39.162,12.947,17.801,6.544502617801051,49.60732984293193,78.20680628272252,74.54188481675392,39.47712418300654,49.68,Moderada
Música (Licenciatura) | Darcy Ribeiro | Diurno | EP_R2_PPI | EP=True | R=R2 | GE=PPI | PCD=False | SM=1.5,641,Música (Licenciatura),Darcy Ribeiro,Diurno,EP_R2_PPI,1,1,-64.024,-64.024,-64.024,-64.024,-64.024,-64.024,-64.024,-64.024,0.0,0.0,0.0,100.0,0.0,0.0,-64.024,-64.024,-64.024,-64.024,0.0,0.0,0.0,100.0,0,0.0,-64.024,-64.024,,,,,-64.024,-64.024,-64.024,-64.024,-64.024,-64.024,0.0,0.0,0.0,0.0,2,2,0.0,0.0,0.0,0.0,0.0,33.37696335078534,82.32984293193716,78.20680628272252,74.54188481675392,17.77777777777778,57.25,Moderada
Música (Licenciatura) | Darcy Ribeiro | Noturno | EP_R2_NPPI | EP=True | R=R2 | GE=NPPI | PCD=False | SM=1.5,640,Música (Licenciatura),Darcy Ribeiro,Noturno,EP_R2_NPPI,1,1,17.12,17.12,17.12,17.12,17.12,17.12,17.12,17.12,0.0,0.0,0.0,100.0,0.0,0.0,17.12,17.12,17.12,17.12,0.0,0.0,0.0,100.0,0,0.0,17.12,17.12,,,,,17.12,17.12,17.12,17.12,17.12,17.12,0.0,0.0,0.0,0.0,2,2,0.0,0.0,0.0,0.0,0.0,33.37696335078534,82.32984293193716,78.20680628272252,74.54188481675392,17.77777777777778,57.25,Moderada
Nutrição (Bacharelado) | Darcy Ribeiro | Diurno | AC | EP=False | R=NA | GE=NA | PCD=False | SM=NA,642,Nutrição (Bacharelado),Darcy Ribeiro,Diurno,AC,6,6,26.002,70.097,130.595,99.32,54.602,61.696,26.002,70.097,44.095,17.117,31.349,60.0,4.0,25.176,95.65,96.637,56.753,130.595,73.842,23.692,24.77,60.0,3,35.731,70.097,99.32,70.646,69.893,65.828,78.494,58.422,89.517,66.248,84.306,67.962,84.006,5.644,12.833,12.224,29.427,4,4,18.058,11.646,-11.344,-3.849,-15.014,12.827225130890053,38.74345549738219,38.74345549738219,1.505235602094246,95.29411764705881,37.42,Baixa
Nutrição (Bacharelado) | Darcy Ribeiro | Diurno | CN | EP=False | R=NA | GE=NEGROS | PCD=False | SM=NA,643,Nutrição (Bacharelado),Darcy Ribeiro,Diurno,CN,6,6,3.338,50.784,26.599,50.784,19.344,19.95,-9.709,50.784,60.493,21.743,112.401,60.0,4.0,39.195,23.221,27.152,-9.709,50.784,60.493,20.347,87.624,60.0,4,38.359,50.784,50.784,33.798,26.044,36.725,33.402,22.785,23.893,36.023,33.531,35.261,29.723,11.526,12.201,27.999,26.891,4,4,-2.492,16.679,10.31,-14.761,-17.253,7.7225130890052345,26.178010471204193,24.47643979057592,1.505235602094246,95.29411764705881,31.04,Baixa
Nutrição (Bacharelado) | Darcy Ribeiro | Diurno | EP_R1_NPPI | EP=True | R=R1 | GE=NPPI | PCD=False | SM=1.5,644,Nutrição (Bacharelado),Darcy Ribeiro,Diurno,EP_R1_NPPI,5,5,-16.923,4.712,-11.802,4.712,5.039,4.712,-16.923,18.954,35.877,13.947,276.751,50.0,2.0,20.985,6.064,4.712,-11.802,18.954,30.756,11.98,197.57,50.0,2,18.517,4.712,4.712,13.367,11.319,5.683,4.659,6.89,7.231,7.663,6.98,6.287,5.972,3.906,3.132,8.655,6.66,4,4,-0.683,2.624,0.916,2.951,2.268,3.79581151832461,45.81151832460733,43.324607329842934,17.212041884816752,82.2875816993464,38.49,Baixa
Nutrição (Bacharelado) | Darcy Ribeiro | Diurno | EP_R1_NPPIQ | EP=True | R=R1 | GE=NPPIQ | PCD=False | SM=1.0,645,Nutrição (Bacharelado),Darcy Ribeiro,Diurno,EP_R1_NPPIQ,1,1,-26.223,-26.223,13.911,13.911,-26.223,-26.223,-26.223,-26.223,0.0,0.0,0.0,100.0,0.0,0.0,13.911,13.911,13.911,13.911,0.0,0.0,0.0,100.0,0,0.0,-26.223,13.911,,,,,-26.223,13.911,-26.223,13.911,-26.223,13.911,0.0,0.0,0.0,0.0,2,2,40.134,0.0,0.0,0.0,0.0,33.37696335078534,82.32984293193716,78.20680628272252,74.54188481675392,17.77777777777778,57.25,Moderada
Nutrição (Bacharelado) | Darcy Ribeiro | Diurno | EP_R1_PPI | EP=True | R=R1 | GE=PPI | PCD=False | SM=1.5,646,Nutrição (Bacharelado),Darcy Ribeiro,Diurno,EP_R1_PPI,4,4,-65.619,-25.597,-1.114,3.043,-42.421,-39.234,-65.619,-25.597,40.022,18.015,-42.466,100.0,0.0,6.855,6.548,2.248,-1.114,22.813,23.927,10.977,167.632,66.667,2,22.645,-25.597,3.043,-8.342,4.326,-10.891,-0.141,-35.605,6.104,-20.109,3.333,-18.244,3.684,12.828,2.634,27.264,6.245,4,4,23.442,22.312,-3.215,5.488,0.29,67.40837696335078,42.539267015706805,54.45026178010471,74.54188481675392,64.9673202614379,60.78,Alta
Nutrição (Bacharelado) | Darcy Ribeiro | Diurno | EP_R1_PPIQ | EP=True | R=R1 | GE=PPIQ | PCD=False | SM=1.0,647,Nutrição (Bacharelado),Darcy Ribeiro,Diurno,EP_R1_PPIQ,1,1,-31.894,-31.894,-31.894,-31.894,-31.894,-31.894,-31.894,-31.894,0.0,0.0,0.0,100.0,0.0,0.0,-31.894,-31.894,-31.894,-31.894,0.0,0.0,0.0,100.0,0,0.0,-31.894,-31.894,,,,,-31.894,-31.894,-31.894,-31.894,-31.894,-31.894,0.0,0.0,0.0,0.0,2,2,0.0,0.0,0.0,0.0,0.0,33.37696335078534,82.32984293193716,78.20680628272252,74.54188481675392,17.77777777777778,57.25,Moderada
Nutrição (Bacharelado) | Darcy Ribeiro | Diurno | EP_R2_NPPI | EP=True | R=R2 | GE=NPPI | PCD=False | SM=1.5,648,Nutrição (Bacharelado),Darcy Ribeiro,Diurno,EP_R2_NPPI,5,5,41.689,3.412,53.407,36.899,39.687,41.689,3.412,79.99,76.578,28.441,71.663,50.0,1.0,37.281,48.728,48.358,24.985,79.99,55.005,20.634,42.345,50.0,3,37.083,3.412,36.899,9.709,31.811,-4.603,26.54,33.025,44.969,10.386,35.055,6.56,34.355,16.19,7.847,37.628,18.429,4,4,24.669,-29.301,-13.673,6.974,-1.844,9.424083769633507,16.230366492146597,27.225130890052352,37.56544502617801,82.2875816993464,34.55,Baixa
Nutrição (Bacharelado) | Darcy Ribeiro | Diurno | EP_R2_NPPIQ | EP=True | R=R2 | GE=NPPIQ | PCD=False | SM=1.0,649,Nutrição (Bacharelado),Darcy Ribeiro,Diurno,EP_R2_NPPIQ,1,1,31.534,31.534,31.534,31.534,31.534,31.534,31.534,31.534,0.0,0.0,0.0,100.0,0.0,0.0,31.534,31.534,31.534,31.534,0.0,0.0,0.0,100.0,0,0.0,31.534,31.534,,,,,31.534,31.534,31.534,31.534,31.534,31.534,0.0,0.0,0.0,0.0,2,2,0.0,0.0,0.0,0.0,0.0,33.37696335078534,82.32984293193716,78.20680628272252,74.54188481675392,17.77777777777778,57.25,Moderada
Nutrição (Bacharelado) | Darcy Ribeiro | Diurno | EP_R2_PPI | EP=True | R=R2 | GE=PPI | PCD=False | SM=1.5,650,Nutrição (Bacharelado),Darcy Ribeiro,Diurno,EP_R2_PPI,5,5,-6.959,-67.72,42.128,-67.72,-24.803,-13.868,-67.72,-5.548,62.172,25.869,-104.298,75.0,2.0,20.14,16.322,42.128,-67.72,47.747,115.467,48.873,299.423,50.0,2,63.392,-67.72,-67.72,-66.075,-39.542,-75.522,-59.9,-33.974,3.908,-60.823,-40.813,-66.897,-49.721,18.367,32.093,41.548,71.628,4,4,20.01,-36.02,-57.135,6.897,26.907,82.85340314136126,25.261780104712038,44.633507853403145,17.212041884816752,82.2875816993464,50.45,Moderada
Nutrição (Bacharelado) | Darcy Ribeiro | Diurno | EP_R2_PPIQ | EP=True | R=R2 | GE=PPIQ | PCD=False | SM=1.0,651,Nutrição (Bacharelado),Darcy Ribeiro,Diurno,EP_R2_PPIQ,1,1,-7.668,-7.668,10.936,10.936,-7.668,-7.668,-7.668,-7.668,0.0,0.0,0.0,100.0,0.0,0.0,10.936,10.936,10.936,10.936,0.0,0.0,0.0,100.0,0,0.0,-7.668,10.936,,,,,-7.668,10.936,-7.668,10.936,-7.668,10.936,0.0,0.0,0.0,0.0,2,2,18.604,0.0,0.0,0.0,0.0,33.37696335078534,82.32984293193716,78.20680628272252,74.54188481675392,17.77777777777778,57.25,Moderada
Odontologia (Bacharelado) | Darcy Ribeiro | Diurno | AC | EP=False | R=NA | GE=NA | PCD=False | SM=NA,652,Odontologia (Bacharelado),Darcy Ribeiro,Diurno,AC,6,5,49.534,91.436,136.8,127.254,78.348,86.122,49.534,97.52,47.986,19.435,24.806,60.0,2.0,27.311,113.736,127.254,71.127,136.8,65.673,26.794,23.558,75.0,1,40.46,91.436,127.254,91.866,92.008,84.695,101.321,81.566,108.574,87.391,107.289,88.066,104.948,5.085,14.937,10.3,35.246,4,4,19.898,9.043,-6.447,-4.045,-19.965,13.481675392670155,34.947643979057595,36.38743455497382,17.212041884816752,95.29411764705881,39.46,Baixa
Odontologia (Bacharelado) | Darcy Ribeiro | Diurno | CN | EP=False | R=NA | GE=NEGROS | PCD=False | SM=NA,653,Odontologia (Bacharelado),Darcy Ribeiro,Diurno,CN,6,6,78.514,55.21,98.713,55.21,45.687,44.746,9.216,78.514,69.298,27.323,59.806,60.0,3.0,35.152,49.053,44.746,9.216,98.713,89.497,32.86,66.989,60.0,3,36.581,55.21,55.21,16.181,9.448,29.516,26.63,38.662,39.623,34.892,32.728,34.089,33.127,16.391,19.426,39.029,45.762,4,4,-2.164,-10.795,-16.325,-20.318,-22.482,9.947643979057597,20.549738219895286,29.188481675392673,5.759162303664922,95.29411764705881,32.15,Baixa
Odontologia (Bacharelado) | Darcy Ribeiro | Diurno | EP_R1_NPPI | EP=True | R=R1 | GE=NPPI | PCD=False | SM=1.5,654,Odontologia (Bacharelado),Darcy Ribeiro,Diurno,EP_R1_NPPI,5,5,21.849,11.177,57.888,11.177,34.842,21.849,11.177,69.514,58.337,24.738,71.002,75.0,2.0,38.367,42.049,51.88,11.177,69.514,58.337,25.251,60.051,75.0,2,42.216,11.177,11.177,38.066,23.65,23.602,16.394,35.558,37.961,27.101,22.295,29.58,20.022,12.35,11.629,26.889,26.784,4,4,-4.806,-7.741,-19.754,15.924,11.118,9.554973821989531,27.4869109947644,25.52356020942408,17.212041884816752,82.2875816993464,32.41,Baixa
Odontologia (Bacharelado) | Darcy Ribeiro | Diurno | EP_R1_NPPIQ | EP=True | R=R1 | GE=NPPIQ | PCD=False | SM=1.0,655,Odontologia (Bacharelado),Darcy Ribeiro,Diurno,EP_R1_NPPIQ,1,1,-36.853,-36.853,-34.533,-34.533,-36.853,-36.853,-36.853,-36.853,0.0,0.0,0.0,100.0,0.0,0.0,-34.533,-34.533,-34.533,-34.533,0.0,0.0,0.0,100.0,0,0.0,-36.853,-34.533,,,,,-36.853,-34.533,-36.853,-34.533,-36.853,-34.533,0.0,0.0,0.0,0.0,2,2,2.32,0.0,0.0,0.0,0.0,33.37696335078534,82.32984293193716,78.20680628272252,74.54188481675392,17.77777777777778,57.25,Moderada
Odontologia (Bacharelado) | Darcy Ribeiro | Diurno | EP_R1_PPI | EP=True | R=R1 | GE=PPI | PCD=False | SM=1.5,656,Odontologia (Bacharelado),Darcy Ribeiro,Diurno,EP_R1_PPI,4,4,-48.765,-2.387,42.043,50.584,-21.226,-25.576,-50.524,16.771,67.295,33.741,-158.961,66.667,2.0,72.193,42.161,46.314,21.783,54.234,32.451,14.514,34.426,66.667,2,31.677,-2.387,50.584,-3.267,40.454,-6.746,43.776,-17.634,41.82,-7.509,44.158,-5.006,42.798,7.008,4.495,15.247,10.13,4,4,51.667,13.717,1.997,-5.122,-6.426,88.08900523560209,21.20418848167539,5.497382198952883,17.212041884816752,64.9673202614379,39.39,Baixa
Odontologia (Bacharelado) | Darcy Ribeiro | Diurno | EP_R1_PPIQ | EP=True | R=R1 | GE=PPIQ | PCD=False | SM=1.0,657,Odontologia (Bacharelado),Darcy Ribeiro,Diurno,EP_R1_PPIQ,1,1,-62.296,-62.296,-47.773,-47.773,-62.296,-62.296,-62.296,-62.296,0.0,0.0,0.0,100.0,0.0,0.0,-47.773,-47.773,-47.773,-47.773,0.0,0.0,0.0,100.0,0,0.0,-62.296,-47.773,,,,,-62.296,-47.773,-62.296,-47.773,-62.296,-47.773,0.0,0.0,0.0,0.0,2,2,14.523,0.0,0.0,0.0,0.0,33.37696335078534,82.32984293193716,78.20680628272252,74.54188481675392,17.77777777777778,57.25,Moderada
Odontologia (Bacharelado) | Darcy Ribeiro | Diurno | EP_R2_NPPI | EP=True | R=R2 | GE=NPPI | PCD=False | SM=1.5,658,Odontologia (Bacharelado),Darcy Ribeiro,Diurno,EP_R2_NPPI,5,5,30.482,35.47,58.714,36.069,64.764,66.216,30.482,113.007,82.525,33.747,52.108,75.0,1.0,53.597,70.53,66.216,36.069,113.007,76.938,28.355,40.202,75.0,1,48.931,35.47,36.069,81.794,70.981,61.333,56.286,68.548,70.63,61.786,58.491,64.941,63.458,19.483,16.441,46.324,34.912,4,4,-3.295,-2.978,-12.039,26.316,22.422,10.732984293193715,12.565445026178013,15.052356020942403,37.56544502617801,82.2875816993464,31.64,Baixa
Odontologia (Bacharelado) | Darcy Ribeiro | Diurno | EP_R2_NPPIQ | EP=True | R=R2 | GE=NPPIQ | PCD=False | SM=1.0,659,Odontologia (Bacharelado),Darcy Ribeiro,Diurno,EP_R2_NPPIQ,1,1,84.068,84.068,84.068,84.068,84.068,84.068,84.068,84.068,0.0,0.0,0.0,100.0,0.0,0.0,84.068,84.068,84.068,84.068,0.0,0.0,0.0,100.0,0,0.0,84.068,84.068,,,,,84.068,84.068,84.068,84.068,84.068,84.068,0.0,0.0,0.0,0.0,2,2,0.0,0.0,0.0,0.0,0.0,33.37696335078534,82.32984293193716,78.20680628272252,74.54188481675392,17.77777777777778,57.25,Moderada
Odontologia (Bacharelado) | Darcy Ribeiro | Diurno | EP_R2_PPI | EP=True | R=R2 | GE=PPI | PCD=False | SM=1.5,660,Odontologia (Bacharelado),Darcy Ribeiro,Diurno,EP_R2_PPI,5,5,29.357,-50.627,66.986,2.933,9.814,29.357,-50.627,50.089,100.716,43.551,443.762,50.0,1.0,38.926,49.937,66.986,0.839,97.122,96.283,45.146,90.406,50.0,2,47.178,-50.627,2.933,-56.812,-17.379,-73.109,-29.553,-4.992,34.978,-46.385,-2.255,-53.72,-7.223,29.179,28.208,68.117,64.531,4,4,44.13,-56.199,-52.192,4.242,-5.188,2.0942408376963373,6.282722513089,24.738219895287962,37.56544502617801,82.2875816993464,30.59,Baixa
Odontologia (Bacharelado) | Darcy Ribeiro | Diurno | EP_R2_PPIQ | EP=True | R=R2 | GE=PPIQ | PCD=False | SM=1.0,661,Odontologia (Bacharelado),Darcy Ribeiro,Diurno,EP_R2_PPIQ,1,1,-28.308,-28.308,0.733,0.733,-28.308,-28.308,-28.308,-28.308,0.0,0.0,0.0,100.0,0.0,0.0,0.733,0.733,0.733,0.733,0.0,0.0,0.0,100.0,0,0.0,-28.308,0.733,,,,,-28.308,0.733,-28.308,0.733,-28.308,0.733,0.0,0.0,0.0,0.0,2,2,29.041,0.0,0.0,0.0,0.0,33.37696335078534,82.32984293193716,78.20680628272252,74.54188481675392,17.77777777777778,57.25,Moderada
Pedagogia (Licenciatura) | Darcy Ribeiro | Diurno | AC | EP=False | R=NA | GE=NA | PCD=False | SM=NA,662,Pedagogia (Licenciatura),Darcy Ribeiro,Diurno,AC,6,6,-65.666,-4.674,20.859,65.014,-30.6,-15.886,-71.523,-4.674,66.849,29.957,-97.9,60.0,2.0,48.814,38.011,50.451,-19.368,65.014,84.382,32.286,84.939,80.0,2,58.849,-4.674,65.014,-15.353,41.379,-22.064,38.926,-26.969,38.813,-17.265,46.033,-18.709,40.153,9.65,12.709,22.295,26.201,4,4,63.298,13.335,8.022,-12.591,-18.981,81.41361256544502,21.335078534031414,18.324607329842934,17.212041884816752,95.29411764705881,46.72,Moderada
Pedagogia (Licenciatura) | Darcy Ribeiro | Diurno | CN | EP=False | R=NA | GE=NEGROS | PCD=False | SM=NA,664,Pedagogia (Licenciatura),Darcy Ribeiro,Diurno,CN,5,5,-89.114,-26.747,7.463,-22.22,-34.606,-26.747,-89.114,0.572,89.686,34.205,-98.842,50.0,3.0,50.509,0.413,7.463,-22.22,17.019,39.239,16.058,3890.131,75.0,2,25.049,-26.747,-22.22,3.631,-15.593,-11.038,-21.429,-25.202,-2.234,-14.839,-15.369,-18.12,-18.511,14.198,9.242,30.378,19.986,4,4,-0.53,19.767,-15.782,11.908,6.851,81.54450261780106,9.947643979057597,16.62303664921466,5.759162303664922,82.2875816993464,39.23,Baixa
Pedagogia (Licenciatura) | Darcy Ribeiro | Diurno | EP_R1_NPPI | EP=True | R=R1 | GE=NPPI | PCD=False | SM=1.5,666,Pedagogia (Licenciatura),Darcy Ribeiro,Diurno,EP_R1_NPPI,4,4,-78.056,-2.29,3.175,26.289,-45.27,-50.366,-78.056,-2.29,75.766,33.968,-75.035,66.667,2.0,49.961,-0.1,14.45,-55.588,26.289,81.877,38.527,-38623.405,66.667,2,82.602,-2.29,26.289,3.749,-3.092,7.827,8.773,-35.466,-0.698,-6.545,7.818,0.73,4.037,19.724,13.337,43.293,29.381,4,4,14.363,38.725,7.918,-4.255,-18.471,76.17801047120419,16.753926701570677,17.14659685863874,17.212041884816752,64.9673202614379,38.45,Baixa
Pedagogia (Licenciatura) | Darcy Ribeiro | Diurno | EP_R1_NPPIQ | EP=True | R=R1 | GE=NPPIQ | PCD=False | SM=1.0,668,Pedagogia (Licenciatura),Darcy Ribeiro,Diurno,EP_R1_NPPIQ,1,1,-58.937,-58.937,-19.995,-19.995,-58.937,-58.937,-58.937,-58.937,0.0,0.0,0.0,100.0,0.0,0.0,-19.995,-19.995,-19.995,-19.995,0.0,0.0,0.0,100.0,0,0.0,-58.937,-19.995,,,,,-58.937,-19.995,-58.937,-19.995,-58.937,-19.995,0.0,0.0,0.0,0.0,2,2,38.942,0.0,0.0,0.0,0.0,33.37696335078534,82.32984293193716,78.20680628272252,74.54188481675392,17.77777777777778,57.25,Moderada
Pedagogia (Licenciatura) | Darcy Ribeiro | Diurno | EP_R1_PPI | EP=True | R=R1 | GE=PPI | PCD=False | SM=1.5,669,Pedagogia (Licenciatura),Darcy Ribeiro,Diurno,EP_R1_PPI,4,4,-81.497,-69.472,2.447,-11.148,-59.696,-60.409,-81.497,-36.471,45.026,19.832,-33.222,66.667,1.0,35.56,5.935,4.132,-11.148,26.623,37.771,15.621,263.193,66.667,1,24.936,-69.472,-11.148,-54.396,-9.462,-67.027,-17.691,-58.636,2.856,-62.383,-8.861,-62.832,-10.305,7.063,8.58,15.075,20.546,4,4,53.522,-2.687,-14.796,7.089,2.287,62.82722513089005,37.17277486910995,28.664921465968586,37.56544502617801,64.9673202614379,46.24,Moderada
Pedagogia (Licenciatura) | Darcy Ribeiro | Diurno | EP_R2_NPPI | EP=True | R=R2 | GE=NPPI | PCD=False | SM=1.5,671,Pedagogia (Licenciatura),Darcy Ribeiro,Diurno,EP_R2_NPPI,5,5,-76.273,-70.173,-1.675,-54.697,-36.896,-15.683,-76.273,-8.669,67.604,33.33,-90.335,75.0,1.0,49.912,-6.257,-1.675,-54.697,22.02,76.717,30.603,-489.102,50.0,3,48.768,-70.173,-54.697,-31.132,-39.677,-55.249,-52.101,-35.615,-13.684,-48.042,-40.04,-45.432,-45.889,18.093,18.753,39.041,41.013,4,4,8.002,-11.146,-33.783,22.131,14.657,79.71204188481676,21.073298429319376,17.277486910994767,37.56544502617801,82.2875816993464,47.58,Moderada
Pedagogia (Licenciatura) | Darcy Ribeiro | Diurno | EP_R2_NPPIQ | EP=True | R=R2 | GE=NPPIQ | PCD=False | SM=1.0,673,Pedagogia (Licenciatura),Darcy Ribeiro,Diurno,EP_R2_NPPIQ,1,1,-39.068,-39.068,-5.105,-5.105,-39.068,-39.068,-39.068,-39.068,0.0,0.0,0.0,100.0,0.0,0.0,-5.105,-5.105,-5.105,-5.105,0.0,0.0,0.0,100.0,0,0.0,-39.068,-5.105,,,,,-39.068,-5.105,-39.068,-5.105,-39.068,-5.105,0.0,0.0,0.0,0.0,2,2,33.963,0.0,0.0,0.0,0.0,33.37696335078534,82.32984293193716,78.20680628272252,74.54188481675392,17.77777777777778,57.25,Moderada
Pedagogia (Licenciatura) | Darcy Ribeiro | Diurno | EP_R2_PPI | EP=True | R=R2 | GE=PPI | PCD=False | SM=1.5,675,Pedagogia (Licenciatura),Darcy Ribeiro,Diurno,EP_R2_PPI,4,4,-81.223,-92.894,-8.872,17.832,-67.252,-73.85,-92.894,-28.413,64.481,28.058,-41.721,66.667,1.0,49.448,3.254,2.029,-8.872,17.832,26.704,11.617,356.975,66.667,2,15.864,-92.894,17.832,-85.522,20.983,-101.367,21.964,-70.906,6.8,-87.672,16.895,-89.208,19.408,12.917,6.957,30.461,15.164,4,4,104.567,-20.42,13.641,5.222,-0.937,67.01570680628272,22.774869109947648,17.93193717277487,37.56544502617801,64.9673202614379,42.05,Moderada
Pedagogia (Licenciatura) | Darcy Ribeiro | Diurno | EP_R2_PPIQ | EP=True | R=R2 | GE=PPIQ | PCD=False | SM=1.0,677,Pedagogia (Licenciatura),Darcy Ribeiro,Diurno,EP_R2_PPIQ,1,1,-62.243,-62.243,-20.304,-20.304,-62.243,-62.243,-62.243,-62.243,0.0,0.0,0.0,100.0,0.0,0.0,-20.304,-20.304,-20.304,-20.304,0.0,0.0,0.0,100.0,0,0.0,-62.243,-20.304,,,,,-62.243,-20.304,-62.243,-20.304,-62.243,-20.304,0.0,0.0,0.0,0.0,2,2,41.939,0.0,0.0,0.0,0.0,33.37696335078534,82.32984293193716,78.20680628272252,74.54188481675392,17.77777777777778,57.25,Moderada
Pedagogia (Licenciatura) | Darcy Ribeiro | Noturno | AC | EP=False | R=NA | GE=NA | PCD=False | SM=NA,663,Pedagogia (Licenciatura),Darcy Ribeiro,Noturno,AC,5,5,-98.292,-24.607,-22.179,-8.018,-64.803,-59.858,-98.292,-24.607,73.685,27.906,-43.062,75.0,2.0,29.101,-3.675,-3.162,-22.179,9.451,31.63,12.436,-338.414,50.0,1,14.94,-24.607,-8.018,-16.945,4.715,-15.212,-3.408,-55.057,-1.207,-27.955,-1.98,-20.776,-2.307,18.523,5.289,39.845,12.733,4,4,25.975,36.848,1.695,-3.348,6.038,67.93193717277487,18.062827225130896,34.81675392670157,17.212041884816752,82.2875816993464,44.06,Moderada
Pedagogia (Licenciatura) | Darcy Ribeiro | Noturno | CN | EP=False | R=NA | GE=NEGROS | PCD=False | SM=NA,665,Pedagogia (Licenciatura),Darcy Ribeiro,Noturno,CN,5,5,-24.934,-25.37,-16.109,-25.37,-18.708,-24.934,-52.111,17.691,69.802,25.601,-136.847,50.0,2.0,41.268,-16.943,-16.109,-52.111,17.691,69.802,25.368,-149.725,50.0,2,38.354,-25.37,-25.37,-38.564,-41.784,-40.161,-41.558,-23.419,-22.831,-31.879,-32.886,-31.967,-33.464,8.703,10.198,16.741,18.953,4,4,-1.007,-13.171,-15.943,-6.509,-7.516,86.78010471204189,19.895287958115183,23.03664921465969,17.212041884816752,82.2875816993464,45.84,Moderada
Pedagogia (Licenciatura) | Darcy Ribeiro | Noturno | EP_R1_NPPI | EP=True | R=R1 | GE=NPPI | PCD=False | SM=1.5,667,Pedagogia (Licenciatura),Darcy Ribeiro,Noturno,EP_R1_NPPI,3,3,-55.369,-65.559,-30.436,-52.908,-51.59,-55.369,-65.559,-33.843,31.716,16.192,-31.386,50.0,1.0,37.648,-30.72,-30.436,-52.908,-8.815,44.093,22.048,-71.771,50.0,1,46.467,-65.559,-52.908,-65.395,-56.24,-70.837,-62.596,-53.289,-34.465,-63.77,-51.552,-65.477,-54.574,7.431,12.08,17.548,28.131,4,4,12.218,-12.18,-20.832,1.789,1.356,62.04188481675392,49.083769633507856,26.701570680628272,37.56544502617801,49.73856209150327,45.03,Moderada
Pedagogia (Licenciatura) | Darcy Ribeiro | Noturno | EP_R1_PPI | EP=True | R=R1 | GE=PPI | PCD=False | SM=1.5,670,Pedagogia (Licenciatura),Darcy Ribeiro,Noturno,EP_R1_PPI,3,3,-53.278,-96.102,-41.609,-18.331,-80.623,-92.488,-96.102,-53.278,42.824,23.75,-29.458,100.0,0.0,25.17,-26.425,-19.335,-41.609,-18.331,23.278,13.159,-49.799,100.0,0,15.04,-96.102,-18.331,-123.447,-3.147,-117.514,-6.692,-87.76,-22.545,-106.206,-12.679,-106.808,-12.512,17.004,9.237,35.687,19.398,4,4,93.527,-25.583,13.746,-10.104,5.652,61.38743455497382,40.575916230366495,38.87434554973822,74.54188481675392,49.73856209150327,53.02,Moderada
Pedagogia (Licenciatura) | Darcy Ribeiro | Noturno | EP_R2_NPPI | EP=True | R=R2 | GE=NPPI | PCD=False | SM=1.5,672,Pedagogia (Licenciatura),Darcy Ribeiro,Noturno,EP_R2_NPPI,4,4,-62.118,-66.338,-25.054,-38.725,-57.264,-62.37,-66.338,-37.977,28.361,12.995,-22.693,66.667,2.0,26.515,-22.128,-21.315,-38.725,-7.157,31.568,13.277,-60.003,66.667,1,23.438,-66.338,-38.725,-54.268,-29.776,-59.839,-37.586,-56.664,-23.658,-59.277,-32.436,-58.252,-33.681,5.231,7.076,12.07,15.067,4,4,26.841,-2.013,-10.308,7.061,6.289,56.93717277486912,52.617801047120416,37.56544502617801,17.212041884816752,64.9673202614379,45.86,Moderada
Pedagogia (Licenciatura) | Darcy Ribeiro | Noturno | EP_R2_NPPIQ | EP=True | R=R2 | GE=NPPIQ | PCD=False | SM=1.0,674,Pedagogia (Licenciatura),Darcy Ribeiro,Noturno,EP_R2_NPPIQ,1,1,-73.336,-73.336,-46.101,-46.101,-73.336,-73.336,-73.336,-73.336,0.0,0.0,0.0,100.0,0.0,0.0,-46.101,-46.101,-46.101,-46.101,0.0,0.0,0.0,100.0,0,0.0,-73.336,-46.101,,,,,-73.336,-46.101,-73.336,-46.101,-73.336,-46.101,0.0,0.0,0.0,0.0,2,2,27.235,0.0,0.0,0.0,0.0,33.37696335078534,82.32984293193716,78.20680628272252,74.54188481675392,17.77777777777778,57.25,Moderada
Pedagogia (Licenciatura) | Darcy Ribeiro | Noturno | EP_R2_PPI | EP=True | R=R2 | GE=PPI | PCD=False | SM=1.5,676,Pedagogia (Licenciatura),Darcy Ribeiro,Noturno,EP_R2_PPI,4,4,-87.878,-16.966,-15.856,-16.966,-37.06,-22.943,-87.878,-14.474,73.404,34.461,-92.988,66.667,1.0,31.739,-19.054,-16.411,-28.92,-14.474,14.446,6.656,-34.932,66.667,2,13.877,-16.966,-16.966,19.736,-16.275,7.446,-14.161,-25.7,-18.498,-3.871,-16.475,-4.76,-16.62,21.082,1.801,45.436,4.338,4,4,-12.604,33.189,2.579,13.095,0.491,80.23560209424083,18.324607329842934,32.06806282722513,37.56544502617801,64.9673202614379,46.63,Moderada
Psicologia (Bacharelado / Licenciatura / Psicólogo) | Darcy Ribeiro | Diurno | AC | EP=False | R=NA | GE=NA | PCD=False | SM=NA,678,Psicologia (Bacharelado / Licenciatura / Psicólogo),Darcy Ribeiro,Diurno,AC,5,5,80.474,92.692,117.229,149.897,91.697,92.692,80.474,105.646,25.172,10.79,11.767,50.0,2.0,18.722,129.337,139.15,93.909,149.897,55.988,23.534,18.196,50.0,2,44.066,92.692,149.897,94.198,134.711,89.688,134.909,91.72,130.187,92.075,137.426,92.206,134.81,1.89,8.595,4.51,19.71,4,4,45.351,0.378,8.089,-0.617,-12.471,15.18324607329843,53.92670157068062,46.20418848167539,17.212041884816752,82.2875816993464,42.96,Moderada
Psicologia (Bacharelado / Licenciatura / Psicólogo) | Darcy Ribeiro | Diurno | CN | EP=False | R=NA | GE=NEGROS | PCD=False | SM=NA,679,Psicologia (Bacharelado / Licenciatura / Psicólogo),Darcy Ribeiro,Diurno,CN,6,6,41.936,83.135,77.339,83.135,53.849,58.547,19.287,83.135,63.848,21.469,39.869,60.0,4.0,38.404,59.749,60.934,19.287,83.135,63.848,22.386,37.466,60.0,3,39.34,83.135,83.135,62.643,50.842,65.379,60.322,55.943,57.628,66.775,62.982,64.011,58.975,11.605,14.015,27.192,32.293,4,4,-3.793,12.926,3.233,-16.36,-20.153,11.64921465968587,23.298429319371728,25.392670157068064,1.505235602094246,95.29411764705881,31.43,Baixa
Psicologia (Bacharelado / Licenciatura / Psicólogo) | Darcy Ribeiro | Diurno | EP_R1_NPPI | EP=True | R=R1 | GE=NPPI | PCD=False | SM=1.5,680,Psicologia (Bacharelado / Licenciatura / Psicólogo),Darcy Ribeiro,Diurno,EP_R1_NPPI,5,5,-0.561,3.278,39.193,8.523,23.827,26.153,-0.561,47.859,48.42,22.052,92.55,75.0,1.0,32.444,40.429,40.23,8.523,69.85,61.327,21.797,53.916,75.0,1,28.15,3.278,8.523,19.618,13.141,4.28,2.806,22.891,34.365,12.517,14.709,11.949,10.832,10.186,13.769,19.613,31.558,4,4,2.192,-11.31,-25.72,9.239,6.186,8.507853403141363,34.68586387434554,31.54450261780105,37.56544502617801,82.2875816993464,38.92,Baixa
Psicologia (Bacharelado / Licenciatura / Psicólogo) | Darcy Ribeiro | Diurno | EP_R1_NPPIQ | EP=True | R=R1 | GE=NPPIQ | PCD=False | SM=1.0,681,Psicologia (Bacharelado / Licenciatura / Psicólogo),Darcy Ribeiro,Diurno,EP_R1_NPPIQ,1,1,0.742,0.742,19.87,19.87,0.742,0.742,0.742,0.742,0.0,0.0,0.0,100.0,0.0,0.0,19.87,19.87,19.87,19.87,0.0,0.0,0.0,100.0,0,0.0,0.742,19.87,,,,,0.742,19.87,0.742,19.87,0.742,19.87,0.0,0.0,0.0,0.0,2,2,19.128,0.0,0.0,0.0,0.0,33.37696335078534,82.32984293193716,78.20680628272252,74.54188481675392,17.77777777777778,57.25,Moderada
Psicologia (Bacharelado / Licenciatura / Psicólogo) | Darcy Ribeiro | Diurno | EP_R1_NPPI_PCD | EP=True | R=R1 | GE=NPPI | PCD=True | SM=1.5,682,Psicologia (Bacharelado / Licenciatura / Psicólogo),Darcy Ribeiro,Diurno,EP_R1_NPPI_PCD,1,1,-11.536,-11.536,-11.536,-11.536,-11.536,-11.536,-11.536,-11.536,0.0,0.0,0.0,100.0,0.0,0.0,-11.536,-11.536,-11.536,-11.536,0.0,0.0,0.0,100.0,0,0.0,-11.536,-11.536,,,,,-11.536,-11.536,-11.536,-11.536,-11.536,-11.536,0.0,0.0,0.0,0.0,2,2,0.0,0.0,0.0,0.0,0.0,33.37696335078534,82.32984293193716,78.20680628272252,74.54188481675392,17.77777777777778,57.25,Moderada
Psicologia (Bacharelado / Licenciatura / Psicólogo) | Darcy Ribeiro | Diurno | EP_R1_PPI | EP=True | R=R1 | GE=PPI | PCD=False | SM=1.5,683,Psicologia (Bacharelado / Licenciatura / Psicólogo),Darcy Ribeiro,Diurno,EP_R1_PPI,5,5,-25.958,-60.075,38.511,-34.654,-4.667,7.379,-60.075,32.086,92.161,38.072,-815.83,50.0,1.0,49.557,28.65,38.511,-34.654,61.601,96.255,36.898,128.787,75.0,2,44.31,-60.075,-34.654,-29.894,-12.392,-56.579,-31.72,-10.273,19.53,-39.205,-14.809,-43.236,-22.056,23.531,24.932,49.802,54.184,4,4,24.396,-34.538,-43.459,20.87,19.845,98.03664921465969,8.769633507853403,17.801047120418843,37.56544502617801,82.2875816993464,48.89,Moderada
Psicologia (Bacharelado / Licenciatura / Psicólogo) | Darcy Ribeiro | Diurno | EP_R1_PPIQ | EP=True | R=R1 | GE=PPIQ | PCD=False | SM=1.0,684,Psicologia (Bacharelado / Licenciatura / Psicólogo),Darcy Ribeiro,Diurno,EP_R1_PPIQ,1,1,-37.309,-37.309,2.578,2.578,-37.309,-37.309,-37.309,-37.309,0.0,0.0,0.0,100.0,0.0,0.0,2.578,2.578,2.578,2.578,0.0,0.0,0.0,100.0,0,0.0,-37.309,2.578,,,,,-37.309,2.578,-37.309,2.578,-37.309,2.578,0.0,0.0,0.0,0.0,2,2,39.887,0.0,0.0,0.0,0.0,33.37696335078534,82.32984293193716,78.20680628272252,74.54188481675392,17.77777777777778,57.25,Moderada
Psicologia (Bacharelado / Licenciatura / Psicólogo) | Darcy Ribeiro | Diurno | EP_R2_NPPI | EP=True | R=R2 | GE=NPPI | PCD=False | SM=1.5,685,Psicologia (Bacharelado / Licenciatura / Psicólogo),Darcy Ribeiro,Diurno,EP_R2_NPPI,4,4,59.772,62.168,78.747,80.75,78.771,71.62,59.772,112.073,52.301,24.159,30.67,66.667,1.0,45.011,89.395,80.911,78.747,117.01,38.263,18.439,20.626,66.667,1,37.11,62.168,80.75,81.0,88.038,66.699,79.532,77.581,87.898,71.862,84.055,72.14,84.324,8.885,4.547,18.832,8.506,4,4,12.193,-6.909,-5.34,9.694,3.305,12.958115183246077,31.282722513089002,20.811518324607327,37.56544502617801,64.9673202614379,33.52,Baixa
Psicologia (Bacharelado / Licenciatura / Psicólogo) | Darcy Ribeiro | Diurno | EP_R2_NPPIQ | EP=True | R=R2 | GE=NPPIQ | PCD=False | SM=1.0,686,Psicologia (Bacharelado / Licenciatura / Psicólogo),Darcy Ribeiro,Diurno,EP_R2_NPPIQ,1,1,75.146,75.146,75.146,75.146,75.146,75.146,75.146,75.146,0.0,0.0,0.0,100.0,0.0,0.0,75.146,75.146,75.146,75.146,0.0,0.0,0.0,100.0,0,0.0,75.146,75.146,,,,,75.146,75.146,75.146,75.146,75.146,75.146,0.0,0.0,0.0,0.0,2,2,0.0,0.0,0.0,0.0,0.0,33.37696335078534,82.32984293193716,78.20680628272252,74.54188481675392,17.77777777777778,57.25,Moderada
Psicologia (Bacharelado / Licenciatura / Psicólogo) | Darcy Ribeiro | Diurno | EP_R2_NPPIQ_PCD | EP=True | R=R2 | GE=NPPIQ | PCD=True | SM=1.0,687,Psicologia (Bacharelado / Licenciatura / Psicólogo),Darcy Ribeiro,Diurno,EP_R2_NPPIQ_PCD,1,1,-2.927,-2.927,-2.927,-2.927,-2.927,-2.927,-2.927,-2.927,0.0,0.0,0.0,100.0,0.0,0.0,-2.927,-2.927,-2.927,-2.927,0.0,0.0,0.0,100.0,0,0.0,-2.927,-2.927,,,,,-2.927,-2.927,-2.927,-2.927,-2.927,-2.927,0.0,0.0,0.0,0.0,2,2,0.0,0.0,0.0,0.0,0.0,33.37696335078534,82.32984293193716,78.20680628272252,74.54188481675392,17.77777777777778,57.25,Moderada
Psicologia (Bacharelado / Licenciatura / Psicólogo) | Darcy Ribeiro | Diurno | EP_R2_NPPI_PCD | EP=True | R=R2 | GE=NPPI | PCD=True | SM=1.5,688,Psicologia (Bacharelado / Licenciatura / Psicólogo),Darcy Ribeiro,Diurno,EP_R2_NPPI_PCD,1,1,2.412,2.412,2.412,2.412,2.412,2.412,2.412,2.412,0.0,0.0,0.0,100.0,0.0,0.0,2.412,2.412,2.412,2.412,0.0,0.0,0.0,100.0,0,0.0,2.412,2.412,,,,,2.412,2.412,2.412,2.412,2.412,2.412,0.0,0.0,0.0,0.0,2,2,0.0,0.0,0.0,0.0,0.0,33.37696335078534,82.32984293193716,78.20680628272252,74.54188481675392,17.77777777777778,57.25,Moderada
Psicologia (Bacharelado / Licenciatura / Psicólogo) | Darcy Ribeiro | Diurno | EP_R2_PPI | EP=True | R=R2 | GE=PPI | PCD=False | SM=1.5,689,Psicologia (Bacharelado / Licenciatura / Psicólogo),Darcy Ribeiro,Diurno,EP_R2_PPI,5,5,7.086,-3.291,84.313,10.344,18.975,20.6,-3.291,43.34,46.631,18.028,95.012,50.0,3.0,30.404,52.422,66.078,10.344,84.313,73.969,29.45,56.179,75.0,2,36.698,-3.291,10.344,7.888,8.116,-2.521,6.797,16.511,42.576,4.647,16.958,2.683,9.23,9.41,17.141,19.802,35.779,4,4,12.311,-14.328,-35.464,7.938,6.614,8.376963350785338,36.12565445026178,33.24607329842932,5.759162303664922,82.2875816993464,33.16,Baixa
Psicologia (Bacharelado / Licenciatura / Psicólogo) | Darcy Ribeiro | Diurno | EP_R2_PPIQ | EP=True | R=R2 | GE=PPIQ | PCD=False | SM=1.0,690,Psicologia (Bacharelado / Licenciatura / Psicólogo),Darcy Ribeiro,Diurno,EP_R2_PPIQ,1,1,29.315,29.315,44.612,44.612,29.315,29.315,29.315,29.315,0.0,0.0,0.0,100.0,0.0,0.0,44.612,44.612,44.612,44.612,0.0,0.0,0.0,100.0,0,0.0,29.315,44.612,,,,,29.315,44.612,29.315,44.612,29.315,44.612,0.0,0.0,0.0,0.0,2,2,15.297,0.0,0.0,0.0,0.0,33.37696335078534,82.32984293193716,78.20680628272252,74.54188481675392,17.77777777777778,57.25,Moderada
Química (Bacharelado) | Darcy Ribeiro | Diurno | AC | EP=False | R=NA | GE=NA | PCD=False | SM=NA,691,Química (Bacharelado),Darcy Ribeiro,Diurno,AC,6,6,-58.334,5.562,47.376,107.231,7.118,11.132,-58.334,40.202,98.536,35.264,495.446,60.0,2.0,39.688,85.144,98.242,32.131,126.092,93.961,37.355,43.873,60.0,2,59.601,5.562,107.231,34.753,96.204,12.554,85.238,13.698,87.777,16.642,94.112,13.126,91.99,12.599,9.922,29.191,21.993,4,4,77.47,9.524,8.968,11.08,-13.119,1.963350785340312,6.675392670157065,23.95287958115183,17.212041884816752,95.29411764705881,29.02,Baixa
Química (Bacharelado) | Darcy Ribeiro | Diurno | CN | EP=False | R=NA | GE=NEGROS | PCD=False | SM=NA,692,Química (Bacharelado),Darcy Ribeiro,Diurno,CN,5,5,6.547,-10.181,6.547,-10.181,-7.646,-9.802,-22.823,6.547,29.37,10.898,-142.521,75.0,2.0,20.727,-7.646,-9.802,-22.823,6.547,29.37,10.898,-142.521,75.0,2,20.727,-10.181,-10.181,-11.492,-11.492,-9.432,-9.432,-9.009,-9.009,-10.028,-10.028,-9.807,-9.807,1.089,1.089,2.483,2.483,4,4,0.0,-2.382,-2.382,0.153,0.153,87.17277486910994,51.17801047120418,43.717277486911,17.212041884816752,82.2875816993464,56.31,Moderada
Química (Bacharelado) | Darcy Ribeiro | Diurno | EP_R1_NPPI | EP=True | R=R1 | GE=NPPI | PCD=False | SM=1.5,693,Química (Bacharelado),Darcy Ribeiro,Diurno,EP_R1_NPPI,3,3,-31.14,-57.812,10.829,20.502,-20.039,-31.14,-57.812,28.834,86.646,44.377,-221.449,50.0,1.0,103.676,20.055,20.502,10.829,28.834,18.005,9.011,44.931,50.0,1,18.623,-57.812,20.502,-46.711,29.728,-71.148,25.338,-24.485,21.667,-50.039,24.309,-52.262,23.503,19.749,4.159,46.663,9.226,4,4,74.348,-30.0,4.254,7.773,3.807,92.40837696335078,10.994764397905755,1.4397905759162333,37.56544502617801,49.73856209150327,38.43,Baixa
Química (Bacharelado) | Darcy Ribeiro | Diurno | EP_R1_PPI | EP=True | R=R1 | GE=PPI | PCD=False | SM=1.5,694,Química (Bacharelado),Darcy Ribeiro,Diurno,EP_R1_PPI,1,1,22.563,22.563,26.649,26.649,22.563,22.563,22.563,22.563,0.0,0.0,0.0,100.0,0.0,0.0,26.649,26.649,26.649,26.649,0.0,0.0,0.0,100.0,0,0.0,22.563,26.649,,,,,22.563,26.649,22.563,26.649,22.563,26.649,0.0,0.0,0.0,0.0,2,2,4.086,0.0,0.0,0.0,0.0,33.37696335078534,82.32984293193716,78.20680628272252,74.54188481675392,17.77777777777778,57.25,Moderada
Química (Bacharelado) | Darcy Ribeiro | Diurno | EP_R2_NPPI | EP=True | R=R2 | GE=NPPI | PCD=False | SM=1.5,695,Química (Bacharelado),Darcy Ribeiro,Diurno,EP_R2_NPPI,5,5,-23.583,-76.374,22.033,-76.374,-42.078,-37.593,-76.374,-23.583,52.791,20.949,-49.785,75.0,2.0,17.106,8.913,22.033,-76.374,57.929,134.303,53.777,603.371,50.0,3,84.146,-76.374,-76.374,-76.024,-53.282,-82.205,-73.396,-49.622,-4.908,-71.056,-51.99,-76.199,-63.339,14.568,33.021,32.583,71.466,4,4,19.066,-28.978,-60.903,5.318,24.384,70.0261780104712,30.628272251308896,47.64397905759162,17.212041884816752,82.2875816993464,49.56,Moderada
Química (Bacharelado) | Darcy Ribeiro | Diurno | EP_R2_NPPIQ | EP=True | R=R2 | GE=NPPIQ | PCD=False | SM=1.0,696,Química (Bacharelado),Darcy Ribeiro,Diurno,EP_R2_NPPIQ,1,1,-54.782,-54.782,11.654,11.654,-54.782,-54.782,-54.782,-54.782,0.0,0.0,0.0,100.0,0.0,0.0,11.654,11.654,11.654,11.654,0.0,0.0,0.0,100.0,0,0.0,-54.782,11.654,,,,,-54.782,11.654,-54.782,11.654,-54.782,11.654,0.0,0.0,0.0,0.0,2,2,66.436,0.0,0.0,0.0,0.0,33.37696335078534,82.32984293193716,78.20680628272252,74.54188481675392,17.77777777777778,57.25,Moderada
Química (Bacharelado) | Darcy Ribeiro | Diurno | EP_R2_PPI | EP=True | R=R2 | GE=PPI | PCD=False | SM=1.5,697,Química (Bacharelado),Darcy Ribeiro,Diurno,EP_R2_PPI,3,3,30.256,-43.672,30.256,-43.672,-12.026,-22.661,-43.672,30.256,73.928,38.094,-316.774,100.0,0.0,22.561,2.692,21.491,-43.672,30.256,73.928,40.391,1500.579,100.0,0,39.879,-43.672,-43.672,-85.954,-71.236,-80.636,-80.636,-24.347,-9.63,-58.652,-51.293,-62.154,-57.454,29.608,31.899,61.607,71.006,4,4,7.359,-46.626,-53.985,-14.98,-7.621,95.28795811518324,17.801047120418843,41.8848167539267,74.54188481675392,49.73856209150327,55.85,Moderada
Química (Bacharelado) | Darcy Ribeiro | Diurno | EP_R2_PPIQ | EP=True | R=R2 | GE=PPIQ | PCD=False | SM=1.0,698,Química (Bacharelado),Darcy Ribeiro,Diurno,EP_R2_PPIQ,1,1,-12.868,-12.868,-12.868,-12.868,-12.868,-12.868,-12.868,-12.868,0.0,0.0,0.0,100.0,0.0,0.0,-12.868,-12.868,-12.868,-12.868,0.0,0.0,0.0,100.0,0,0.0,-12.868,-12.868,,,,,-12.868,-12.868,-12.868,-12.868,-12.868,-12.868,0.0,0.0,0.0,0.0,2,2,0.0,0.0,0.0,0.0,0.0,33.37696335078534,82.32984293193716,78.20680628272252,74.54188481675392,17.77777777777778,57.25,Moderada
Química (Licenciatura) | Darcy Ribeiro | Noturno | AC | EP=False | R=NA | GE=NA | PCD=False | SM=NA,699,Química (Licenciatura),Darcy Ribeiro,Noturno,AC,5,5,-16.564,-54.702,-16.564,44.043,-25.015,-21.346,-54.702,0.306,55.008,20.417,-81.62,75.0,2.0,29.294,7.389,1.634,-32.77,44.043,76.813,34.154,462.258,50.0,3,51.783,-54.702,44.043,-49.289,56.756,-56.876,55.218,-29.339,17.763,-47.551,43.445,-51.995,49.631,12.554,18.034,27.537,38.993,4,4,90.996,-22.536,36.056,7.151,-0.598,77.61780104712042,29.31937172774869,34.424083769633505,17.212041884816752,82.2875816993464,48.17,Moderada
Química (Licenciatura) | Darcy Ribeiro | Noturno | CN | EP=False | R=NA | GE=NEGROS | PCD=False | SM=NA,700,Química (Licenciatura),Darcy Ribeiro,Noturno,CN,1,1,-44.645,-44.645,-44.645,-44.645,-44.645,-44.645,-44.645,-44.645,0.0,0.0,0.0,100.0,0.0,0.0,-44.645,-44.645,-44.645,-44.645,0.0,0.0,0.0,100.0,0,0.0,-44.645,-44.645,,,,,-44.645,-44.645,-44.645,-44.645,-44.645,-44.645,0.0,0.0,0.0,0.0,2,2,0.0,0.0,0.0,0.0,0.0,33.37696335078534,82.32984293193716,78.20680628272252,74.54188481675392,17.77777777777778,57.25,Moderada
Química (Licenciatura) | Darcy Ribeiro | Noturno | EP_R1_NPPI | EP=True | R=R1 | GE=NPPI | PCD=False | SM=1.5,701,Química (Licenciatura),Darcy Ribeiro,Noturno,EP_R1_NPPI,2,2,13.391,-30.874,13.391,-30.874,-8.741,-8.741,-30.874,13.391,44.265,31.3,-358.063,100.0,0.0,0.0,-8.741,-8.741,-30.874,13.391,44.265,31.3,-358.063,100.0,0,0.0,-30.874,-30.874,-53.006,-53.006,-53.006,-53.006,-16.119,-16.119,-38.252,-38.252,-41.94,-41.94,18.071,18.071,36.888,36.888,4,4,0.0,-29.511,-29.511,-7.378,-7.378,95.68062827225131,38.481675392670155,78.20680628272252,74.54188481675392,39.47712418300654,65.28,Alta
Química (Licenciatura) | Darcy Ribeiro | Noturno | EP_R1_PPI | EP=True | R=R1 | GE=PPI | PCD=False | SM=1.5,702,Química (Licenciatura),Darcy Ribeiro,Noturno,EP_R1_PPI,1,1,-59.081,-59.081,-1.061,-1.061,-59.081,-59.081,-59.081,-59.081,0.0,0.0,0.0,100.0,0.0,0.0,-1.061,-1.061,-1.061,-1.061,0.0,0.0,0.0,100.0,0,0.0,-59.081,-1.061,,,,,-59.081,-1.061,-59.081,-1.061,-59.081,-1.061,0.0,0.0,0.0,0.0,2,2,58.02,0.0,0.0,0.0,0.0,33.37696335078534,82.32984293193716,78.20680628272252,74.54188481675392,17.77777777777778,57.25,Moderada
Química (Licenciatura) | Darcy Ribeiro | Noturno | EP_R2_NPPI | EP=True | R=R2 | GE=NPPI | PCD=False | SM=1.5,703,Química (Licenciatura),Darcy Ribeiro,Noturno,EP_R2_NPPI,4,4,-73.401,-22.384,-15.838,-22.241,-28.742,-26.524,-73.401,11.482,84.883,34.912,-121.467,66.667,2.0,63.962,-14.315,-19.04,-30.664,11.482,42.146,18.238,-127.405,66.667,2,35.916,-22.384,-22.241,-1.016,-29.654,-16.336,-33.433,-23.196,-17.383,-15.733,-25.678,-19.36,-25.947,10.278,7.224,22.181,16.05,4,4,-9.945,13.009,-11.363,6.651,-3.437,85.34031413612566,11.518324607329845,9.293193717277482,17.212041884816752,64.9673202614379,37.67,Baixa
Química (Licenciatura) | Darcy Ribeiro | Noturno | EP_R2_PPI | EP=True | R=R2 | GE=PPI | PCD=False | SM=1.5,704,Química (Licenciatura),Darcy Ribeiro,Noturno,EP_R2_PPI,2,2,-24.258,-35.787,-24.258,12.099,-30.022,-30.022,-35.787,-24.258,11.529,8.152,-27.154,100.0,0.0,0.0,-6.079,-6.079,-24.258,12.099,36.357,25.708,-422.868,100.0,0,0.0,-35.787,12.099,-47.316,48.456,-47.316,48.456,-31.944,-0.02,-40.591,27.248,-41.552,30.277,7.923,24.984,15.372,48.476,4,4,67.839,-10.569,33.327,-4.804,15.149,59.68586387434556,61.9109947643979,78.20680628272252,74.54188481675392,39.47712418300654,62.76,Alta
Química Tecnológica (Bacharelado) | Darcy Ribeiro | Diurno | AC | EP=False | R=NA | GE=NA | PCD=False | SM=NA,705,Química Tecnológica (Bacharelado),Darcy Ribeiro,Diurno,AC,5,5,-47.561,-30.086,-17.112,126.278,-45.067,-47.561,-67.895,-23.379,44.516,18.377,-40.778,50.0,2.0,32.461,52.796,53.064,-17.112,126.278,143.39,51.832,98.173,75.0,2,52.639,-30.086,126.278,-43.677,141.998,-37.861,141.78,-45.705,71.059,-39.332,120.279,-40.769,134.029,7.003,33.629,15.619,70.94,4,4,159.611,5.735,67.483,-9.246,-5.999,66.75392670157068,38.089005235602095,31.413612565445025,17.212041884816752,82.2875816993464,47.15,Moderada
Química Tecnológica (Bacharelado) | Darcy Ribeiro | Diurno | CN | EP=False | R=NA | GE=NEGROS | PCD=False | SM=NA,706,Química Tecnológica (Bacharelado),Darcy Ribeiro,Diurno,CN,2,2,-32.241,-2.177,-32.241,-2.177,-17.209,-17.209,-32.241,-2.177,30.064,21.258,-123.531,100.0,0.0,0.0,-17.209,-17.209,-32.241,-2.177,30.064,21.258,-123.531,100.0,0,0.0,-2.177,-2.177,27.887,27.887,27.887,27.887,-12.198,-12.198,10.35,10.35,12.855,12.855,20.66,20.66,40.085,40.085,4,4,0.0,27.559,27.559,12.527,12.527,85.73298429319371,50.26178010471204,78.20680628272252,74.54188481675392,39.47712418300654,65.64,Alta
Química Tecnológica (Bacharelado) | Darcy Ribeiro | Diurno | EP_R1_NPPI | EP=True | R=R1 | GE=NPPI | PCD=False | SM=1.5,707,Química Tecnológica (Bacharelado),Darcy Ribeiro,Diurno,EP_R1_NPPI,1,1,23.339,23.339,23.339,23.339,23.339,23.339,23.339,23.339,0.0,0.0,0.0,100.0,0.0,0.0,23.339,23.339,23.339,23.339,0.0,0.0,0.0,100.0,0,0.0,23.339,23.339,,,,,23.339,23.339,23.339,23.339,23.339,23.339,0.0,0.0,0.0,0.0,2,2,0.0,0.0,0.0,0.0,0.0,33.37696335078534,82.32984293193716,78.20680628272252,74.54188481675392,17.77777777777778,57.25,Moderada
Química Tecnológica (Bacharelado) | Darcy Ribeiro | Diurno | EP_R2_NPPI | EP=True | R=R2 | GE=NPPI | PCD=False | SM=1.5,708,Química Tecnológica (Bacharelado),Darcy Ribeiro,Diurno,EP_R2_NPPI,4,4,26.655,-53.722,26.655,-27.07,-18.784,-24.034,-53.722,26.655,80.377,33.502,-178.353,66.667,2.0,31.334,-7.843,-15.172,-27.683,26.655,54.338,25.653,-327.087,66.667,2,39.702,-53.722,-27.07,-77.242,-42.035,-73.042,-35.926,-30.476,-14.681,-58.621,-29.928,-63.382,-31.498,21.377,11.877,46.767,27.353,4,4,28.693,-39.837,-22.085,-4.899,-2.858,89.79057591623037,13.743455497382195,32.460732984293195,17.212041884816752,64.9673202614379,43.63,Moderada
Química Tecnológica (Bacharelado) | Darcy Ribeiro | Diurno | EP_R2_PPI | EP=True | R=R2 | GE=PPI | PCD=False | SM=1.5,709,Química Tecnológica (Bacharelado),Darcy Ribeiro,Diurno,EP_R2_PPI,2,2,-45.547,-30.902,-45.547,31.362,-38.224,-38.224,-45.547,-30.902,14.645,10.356,-27.091,100.0,0.0,0.0,-7.092,-7.092,-45.547,31.362,76.909,54.383,-766.766,100.0,0,0.0,-30.902,31.362,-23.58,69.816,-23.58,69.816,-35.784,5.726,-28.461,44.18,-27.241,50.589,5.979,31.398,12.204,64.091,4,4,72.641,9.763,51.272,2.441,12.818,59.29319371727748,60.34031413612566,78.20680628272252,74.54188481675392,39.47712418300654,62.37,Alta
Relações Internacionais (Bacharelado) | Darcy Ribeiro | Diurno | AC | EP=False | R=NA | GE=NA | PCD=False | SM=NA,710,Relações Internacionais (Bacharelado),Darcy Ribeiro,Diurno,AC,6,5,73.157,105.105,133.87,162.477,88.904,93.998,68.855,105.105,36.25,14.529,16.343,60.0,2.0,24.151,133.283,138.473,80.765,162.477,81.712,31.407,23.564,50.0,2,58.432,105.105,162.477,95.808,130.378,94.748,136.701,90.548,132.426,96.552,140.495,95.278,134.564,6.138,14.889,14.557,32.099,4,4,43.943,7.648,7.212,-8.553,-21.982,14.65968586387435,45.418848167539274,40.18324607329843,17.212041884816752,95.29411764705881,42.55,Moderada
Relações Internacionais (Bacharelado) | Darcy Ribeiro | Diurno | CN | EP=False | R=NA | GE=NEGROS | PCD=False | SM=NA,711,Relações Internacionais (Bacharelado),Darcy Ribeiro,Diurno,CN,6,6,39.989,100.775,43.033,100.775,68.227,63.435,39.989,100.775,60.786,25.572,37.481,80.0,2.0,33.976,68.734,63.435,43.033,100.775,57.742,24.922,36.258,80.0,2,34.106,100.775,100.775,101.831,100.817,99.079,98.644,76.228,76.373,94.478,94.152,99.927,99.71,12.22,11.896,25.604,24.444,4,4,-0.326,26.251,25.418,-6.297,-6.623,11.910994764397909,26.04712041884817,30.104712041884817,17.212041884816752,95.29411764705881,36.11,Baixa
Relações Internacionais (Bacharelado) | Darcy Ribeiro | Diurno | EP_R1_NPPI | EP=True | R=R1 | GE=NPPI | PCD=False | SM=1.5,712,Relações Internacionais (Bacharelado),Darcy Ribeiro,Diurno,EP_R1_NPPI,5,5,-9.56,-5.024,59.411,0.805,5.755,11.118,-9.56,18.254,27.814,12.283,213.436,50.0,1.0,16.862,41.027,52.21,0.805,64.536,63.731,26.452,64.475,75.0,1,14.678,-5.024,0.805,9.337,-5.046,0.259,-12.716,6.551,30.788,2.781,3.458,3.405,-2.121,6.441,19.043,14.361,43.504,4,4,0.677,-2.974,-37.569,7.805,2.653,4.973821989528792,52.87958115183247,47.90575916230366,37.56544502617801,82.2875816993464,45.12,Moderada
Relações Internacionais (Bacharelado) | Darcy Ribeiro | Diurno | EP_R1_NPPIQ | EP=True | R=R1 | GE=NPPIQ | PCD=False | SM=1.0,713,Relações Internacionais (Bacharelado),Darcy Ribeiro,Diurno,EP_R1_NPPIQ,1,1,-59.284,-59.284,22.165,22.165,-59.284,-59.284,-59.284,-59.284,0.0,0.0,0.0,100.0,0.0,0.0,22.165,22.165,22.165,22.165,0.0,0.0,0.0,100.0,0,0.0,-59.284,22.165,,,,,-59.284,22.165,-59.284,22.165,-59.284,22.165,0.0,0.0,0.0,0.0,2,2,81.449,0.0,0.0,0.0,0.0,33.37696335078534,82.32984293193716,78.20680628272252,74.54188481675392,17.77777777777778,57.25,Moderada
Relações Internacionais (Bacharelado) | Darcy Ribeiro | Diurno | EP_R1_PPI | EP=True | R=R1 | GE=PPI | PCD=False | SM=1.5,714,Relações Internacionais (Bacharelado),Darcy Ribeiro,Diurno,EP_R1_PPI,4,4,-37.873,-25.567,-35.003,81.011,-18.284,-26.287,-37.873,17.31,55.183,24.357,-133.213,66.667,2.0,49.803,29.052,35.1,-35.003,81.011,116.014,57.361,197.443,66.667,2,101.241,-25.567,81.011,-20.134,96.714,-30.883,91.876,-18.654,42.584,-23.809,78.046,-22.85,86.443,5.574,24.536,12.228,54.13,4,4,101.855,-5.525,48.994,1.758,-2.965,86.51832460732984,29.188481675392673,17.539267015706805,17.212041884816752,64.9673202614379,43.09,Moderada
Relações Internacionais (Bacharelado) | Darcy Ribeiro | Diurno | EP_R2_NPPI | EP=True | R=R2 | GE=NPPI | PCD=False | SM=1.5,715,Relações Internacionais (Bacharelado),Darcy Ribeiro,Diurno,EP_R2_NPPI,4,4,35.713,34.208,88.167,34.299,47.436,43.451,34.208,68.634,34.426,16.082,33.902,66.667,1.0,29.396,61.691,62.15,34.299,88.167,53.868,23.749,38.496,66.667,2,34.547,34.208,34.299,53.152,31.42,44.615,30.046,48.082,54.707,45.014,37.618,46.349,32.86,8.012,11.53,18.944,24.661,4,4,-7.396,-2.422,-24.073,10.806,3.319,12.696335078534027,46.858638743455494,34.29319371727748,37.56544502617801,64.9673202614379,39.28,Baixa
Relações Internacionais (Bacharelado) | Darcy Ribeiro | Diurno | EP_R2_NPPIQ | EP=True | R=R2 | GE=NPPIQ | PCD=False | SM=1.0,716,Relações Internacionais (Bacharelado),Darcy Ribeiro,Diurno,EP_R2_NPPIQ,1,1,72.126,72.126,90.752,90.752,72.126,72.126,72.126,72.126,0.0,0.0,0.0,100.0,0.0,0.0,90.752,90.752,90.752,90.752,0.0,0.0,0.0,100.0,0,0.0,72.126,90.752,,,,,72.126,90.752,72.126,90.752,72.126,90.752,0.0,0.0,0.0,0.0,2,2,18.626,0.0,0.0,0.0,0.0,33.37696335078534,82.32984293193716,78.20680628272252,74.54188481675392,17.77777777777778,57.25,Moderada
Relações Internacionais (Bacharelado) | Darcy Ribeiro | Diurno | EP_R2_NPPI_PCD | EP=True | R=R2 | GE=NPPI | PCD=True | SM=1.5,717,Relações Internacionais (Bacharelado),Darcy Ribeiro,Diurno,EP_R2_NPPI_PCD,1,1,22.69,22.69,22.69,22.69,22.69,22.69,22.69,22.69,0.0,0.0,0.0,100.0,0.0,0.0,22.69,22.69,22.69,22.69,0.0,0.0,0.0,100.0,0,0.0,22.69,22.69,,,,,22.69,22.69,22.69,22.69,22.69,22.69,0.0,0.0,0.0,0.0,2,2,0.0,0.0,0.0,0.0,0.0,33.37696335078534,82.32984293193716,78.20680628272252,74.54188481675392,17.77777777777778,57.25,Moderada
Relações Internacionais (Bacharelado) | Darcy Ribeiro | Diurno | EP_R2_PPI | EP=True | R=R2 | GE=PPI | PCD=False | SM=1.5,718,Relações Internacionais (Bacharelado),Darcy Ribeiro,Diurno,EP_R2_PPI,5,4,-23.088,-29.25,43.825,-2.275,-2.365,-10.252,-29.25,46.911,76.161,30.337,-1282.845,75.0,1.0,49.343,26.447,26.982,-2.275,54.101,56.376,26.818,101.403,66.667,1,27.24,-29.25,-2.275,-23.211,-7.656,-38.115,-15.285,-6.997,17.334,-24.393,-1.97,-26.23,-4.965,13.114,13.933,31.118,32.619,4,4,22.423,-22.028,-28.417,4.857,0.305,99.3455497382199,16.361256544502623,18.062827225130896,37.56544502617801,82.2875816993464,50.72,Moderada
Relações Internacionais (Bacharelado) | Darcy Ribeiro | Diurno | EP_R2_PPIQ | EP=True | R=R2 | GE=PPIQ | PCD=False | SM=1.0,719,Relações Internacionais (Bacharelado),Darcy Ribeiro,Diurno,EP_R2_PPIQ,1,1,1.225,1.225,60.338,60.338,1.225,1.225,1.225,1.225,0.0,0.0,0.0,100.0,0.0,0.0,60.338,60.338,60.338,60.338,0.0,0.0,0.0,100.0,0,0.0,1.225,60.338,,,,,1.225,60.338,1.225,60.338,1.225,60.338,0.0,0.0,0.0,0.0,2,2,59.113,0.0,0.0,0.0,0.0,33.37696335078534,82.32984293193716,78.20680628272252,74.54188481675392,17.77777777777778,57.25,Moderada
Saúde Coletiva (Bacharelado) | Ceilândia | Diurno | AC | EP=False | R=NA | GE=NA | PCD=False | SM=NA,720,Saúde Coletiva (Bacharelado),Ceilândia,Diurno,AC,5,5,-87.136,-73.062,-3.078,-3.918,-78.473,-79.717,-87.136,-67.997,19.139,7.928,-10.103,75.0,2.0,14.769,-0.047,-3.918,-10.106,25.273,35.379,14.46,-30896.461,75.0,2,26.676,-73.062,-3.918,-72.866,7.175,-73.168,4.636,-77.378,2.086,-74.118,2.495,-73.115,3.361,2.177,4.753,4.512,11.093,4,4,76.613,4.355,2.542,-1.056,6.413,52.35602094240838,58.37696335078534,49.86910994764398,17.212041884816752,82.2875816993464,52.02,Moderada
Saúde Coletiva (Bacharelado) | Ceilândia | Diurno | CN | EP=False | R=NA | GE=NEGROS | PCD=False | SM=NA,722,Saúde Coletiva (Bacharelado),Ceilândia,Diurno,CN,2,2,-18.853,-39.762,-18.853,-28.877,-29.308,-29.308,-39.762,-18.853,20.909,14.785,-50.447,100.0,0.0,0.0,-23.865,-23.865,-28.877,-18.853,10.024,7.088,-29.701,100.0,0,0.0,-39.762,-28.877,-60.671,-38.901,-60.671,-38.901,-32.792,-25.536,-48.474,-33.054,-50.216,-33.889,14.368,6.888,27.879,13.365,4,4,15.42,-19.166,-9.189,-8.712,-4.177,70.28795811518324,57.59162303664922,78.20680628272252,74.54188481675392,39.47712418300654,64.02,Alta
Saúde Coletiva (Bacharelado) | Ceilândia | Diurno | EP_R1_NPPI | EP=True | R=R1 | GE=NPPI | PCD=False | SM=1.5,724,Saúde Coletiva (Bacharelado),Ceilândia,Diurno,EP_R1_NPPI,3,3,-71.408,-92.731,-43.768,-92.731,-73.139,-71.408,-92.731,-55.278,37.453,18.786,-25.686,50.0,1.0,37.889,-56.027,-43.768,-92.731,-31.583,61.148,32.365,-57.766,50.0,1,51.854,-92.731,-92.731,-96.519,-104.98,-101.592,-111.203,-76.693,-64.188,-91.884,-93.275,-94.625,-98.855,10.758,20.855,24.9,47.016,4,4,-1.391,-18.745,-37.248,0.847,-0.544,58.7696335078534,44.502617801047116,26.570680628272246,37.56544502617801,49.73856209150327,43.43,Moderada
Saúde Coletiva (Bacharelado) | Ceilândia | Diurno | EP_R1_PPI | EP=True | R=R1 | GE=PPI | PCD=False | SM=1.5,726,Saúde Coletiva (Bacharelado),Ceilândia,Diurno,EP_R1_PPI,2,2,-82.285,-34.476,-1.885,-34.476,-58.38,-58.38,-82.285,-34.476,47.809,33.806,-57.906,100.0,0.0,0.0,-18.18,-18.18,-34.476,-1.885,32.591,23.045,-126.758,100.0,0,0.0,-34.476,-34.476,-10.572,-50.771,-10.572,-50.771,-50.412,-23.612,-26.508,-39.908,-22.524,-42.624,19.518,13.305,39.841,27.159,4,4,-13.4,31.872,-21.728,7.968,-5.432,72.51308900523561,35.20942408376963,78.20680628272252,74.54188481675392,39.47712418300654,59.99,Moderada
Saúde Coletiva (Bacharelado) | Ceilândia | Diurno | EP_R2_NPPI | EP=True | R=R2 | GE=NPPI | PCD=False | SM=1.5,728,Saúde Coletiva (Bacharelado),Ceilândia,Diurno,EP_R2_NPPI,4,4,-62.249,-42.438,-43.547,-23.874,-67.105,-65.04,-95.903,-42.438,53.465,22.075,-32.896,66.667,1.0,34.89,-31.854,-29.998,-43.547,-23.874,19.673,8.442,-26.501,66.667,2,9.552,-42.438,-23.874,-45.229,-18.001,-33.42,-19.486,-62.73,-29.084,-45.954,-22.611,-43.834,-21.68,12.267,4.984,29.31,11.083,4,4,23.343,21.151,9.243,-3.516,1.263,62.43455497382199,30.104712041884817,29.450261780104714,37.56544502617801,64.9673202614379,44.9,Moderada
Saúde Coletiva (Bacharelado) | Ceilândia | Diurno | EP_R2_PPI | EP=True | R=R2 | GE=PPI | PCD=False | SM=1.5,730,Saúde Coletiva (Bacharelado),Ceilândia,Diurno,EP_R2_PPI,3,3,-63.379,-76.202,-4.543,-9.79,-66.065,-63.379,-76.202,-58.614,17.588,9.096,-13.769,50.0,1.0,15.806,-24.316,-9.79,-58.614,-4.543,54.071,29.819,-122.632,50.0,1,72.758,-76.202,-9.79,-78.888,-29.563,-82.613,-12.414,-68.202,-25.19,-76.476,-19.239,-77.545,-18.802,6.111,9.624,14.411,19.773,4,4,57.237,-10.411,5.077,-0.274,-9.449,53.403141361256544,59.16230366492147,48.952879581151834,37.56544502617801,49.73856209150327,49.76,Moderada
Saúde Coletiva (Bacharelado) | Darcy Ribeiro | Noturno | AC | EP=False | R=NA | GE=NA | PCD=False | SM=NA,721,Saúde Coletiva (Bacharelado),Darcy Ribeiro,Noturno,AC,5,5,-47.301,-72.556,-5.412,9.485,-67.801,-72.556,-90.691,-47.301,43.39,17.012,-25.092,75.0,1.0,16.963,-10.847,-5.412,-44.554,9.485,54.039,20.404,-188.11,50.0,3,36.022,-72.556,9.485,-91.119,10.355,-84.275,15.371,-73.538,-6.697,-80.372,7.129,-78.907,9.92,8.917,9.575,18.563,22.069,4,4,87.501,-12.571,17.976,-7.816,-2.356,58.50785340314136,39.13612565445026,47.77486910994765,37.56544502617801,82.2875816993464,53.05,Moderada
Saúde Coletiva (Bacharelado) | Darcy Ribeiro | Noturno | CN | EP=False | R=NA | GE=NEGROS | PCD=False | SM=NA,723,Saúde Coletiva (Bacharelado),Darcy Ribeiro,Noturno,CN,2,2,-38.727,-37.506,-38.727,-37.506,-38.116,-38.116,-38.727,-37.506,1.221,0.863,-2.265,100.0,0.0,0.0,-38.116,-38.116,-38.727,-37.506,1.221,0.863,-2.265,100.0,0,0.0,-37.506,-37.506,-36.896,-36.896,-36.896,-36.896,-37.913,-37.913,-37.302,-37.302,-37.201,-37.201,0.498,0.498,1.017,1.017,4,4,0.0,0.814,0.814,0.204,0.204,51.047120418848166,64.65968586387434,78.20680628272252,74.54188481675392,39.47712418300654,61.59,Alta
Saúde Coletiva (Bacharelado) | Darcy Ribeiro | Noturno | EP_R1_NPPI | EP=True | R=R1 | GE=NPPI | PCD=False | SM=1.5,725,Saúde Coletiva (Bacharelado),Darcy Ribeiro,Noturno,EP_R1_NPPI,2,2,-1.391,-5.497,-1.391,-5.497,-3.444,-3.444,-5.497,-1.391,4.106,2.903,-84.303,100.0,0.0,0.0,-3.444,-3.444,-5.497,-1.391,4.106,2.903,-84.303,100.0,0,0.0,-5.497,-5.497,-7.55,-7.55,-7.55,-7.55,-4.128,-4.128,-6.181,-6.181,-6.523,-6.523,1.676,1.676,3.422,3.422,4,4,0.0,-2.737,-2.737,-0.684,-0.684,78.27225130890052,64.00523560209423,78.20680628272252,74.54188481675392,39.47712418300654,66.9,Alta
Saúde Coletiva (Bacharelado) | Darcy Ribeiro | Noturno | EP_R1_PPI | EP=True | R=R1 | GE=PPI | PCD=False | SM=1.5,727,Saúde Coletiva (Bacharelado),Darcy Ribeiro,Noturno,EP_R1_PPI,3,3,-64.747,-78.911,-22.831,-78.911,-83.048,-78.911,-105.487,-64.747,40.74,20.683,-24.904,50.0,1.0,47.6,-69.076,-78.911,-105.487,-22.831,82.656,42.196,-61.087,50.0,1,77.239,-78.911,-78.911,-97.212,-125.156,-85.993,-106.951,-85.409,-78.423,-86.881,-97.36,-85.701,-92.931,7.599,22.83,18.301,46.733,4,4,-10.479,-3.833,-28.284,-7.97,-18.449,57.85340314136126,41.8848167539267,19.63350785340314,37.56544502617801,49.73856209150327,41.34,Moderada
Saúde Coletiva (Bacharelado) | Darcy Ribeiro | Noturno | EP_R2_NPPI | EP=True | R=R2 | GE=NPPI | PCD=False | SM=1.5,729,Saúde Coletiva (Bacharelado),Darcy Ribeiro,Noturno,EP_R2_NPPI,3,3,-11.312,-85.042,-11.312,-50.55,-55.971,-71.558,-85.042,-11.312,73.73,39.259,-70.142,100.0,0.0,33.066,-32.638,-36.051,-50.55,-11.312,39.238,19.84,-60.79,100.0,0,7.241,-85.042,-50.55,-114.714,-65.295,-106.927,-62.749,-68.259,-39.177,-93.735,-54.443,-95.984,-56.65,21.125,12.041,46.455,26.118,4,4,39.292,-37.764,-21.805,-8.693,-3.893,75.26178010471205,17.93193717277487,30.89005235602095,74.54188481675392,49.73856209150327,49.67,Moderada
Saúde Coletiva (Bacharelado) | Darcy Ribeiro | Noturno | EP_R2_PPI | EP=True | R=R2 | GE=PPI | PCD=False | SM=1.5,731,Saúde Coletiva (Bacharelado),Darcy Ribeiro,Noturno,EP_R2_PPI,2,2,-88.498,-20.34,-45.444,-20.34,-54.419,-54.419,-88.498,-20.34,68.158,48.195,-88.563,100.0,0.0,0.0,-32.892,-32.892,-45.444,-20.34,25.104,17.751,-53.968,100.0,0,0.0,-20.34,-20.34,47.818,4.764,47.818,4.764,-43.059,-28.708,8.059,-9.88,13.739,-7.788,46.837,17.251,90.877,33.472,4,4,-17.939,62.478,23.012,28.399,10.46,79.18848167539268,20.811518324607327,78.20680628272252,74.54188481675392,39.47712418300654,58.45,Moderada
Serviço Social (Bacharelado) | Darcy Ribeiro | Diurno | AC | EP=False | R=NA | GE=NA | PCD=False | SM=NA,732,Serviço Social (Bacharelado),Darcy Ribeiro,Diurno,AC,5,5,-58.484,-49.336,45.897,58.364,-33.609,-37.204,-58.484,3.922,62.406,24.146,-71.843,50.0,3.0,45.357,41.427,45.897,18.722,58.364,39.642,18.288,44.146,75.0,2,30.338,-49.336,58.364,-40.874,43.94,-51.096,52.749,-34.447,40.95,-43.938,49.001,-45.105,48.344,7.742,8.003,16.649,17.414,4,4,92.939,-10.329,7.574,5.398,-9.363,75.6544502617801,24.738219895287962,20.549738219895286,5.759162303664922,82.2875816993464,41.8,Moderada
Serviço Social (Bacharelado) | Darcy Ribeiro | Diurno | CN | EP=False | R=NA | GE=NEGROS | PCD=False | SM=NA,734,Serviço Social (Bacharelado),Darcy Ribeiro,Diurno,CN,5,5,3.008,-34.475,26.594,-34.475,-4.467,3.008,-34.475,16.93,51.405,22.947,-513.679,50.0,1.0,22.272,0.25,14.694,-34.475,26.594,61.069,26.944,10777.62,75.0,2,17.436,-34.475,-34.475,-40.968,-49.574,-46.695,-50.429,-11.944,-10.372,-33.52,-36.212,-37.721,-42.024,15.226,18.721,34.751,40.057,4,4,-2.692,-29.053,-36.462,0.955,-1.737,96.98952879581152,32.06806282722513,42.27748691099477,37.56544502617801,82.2875816993464,58.24,Moderada
Serviço Social (Bacharelado) | Darcy Ribeiro | Diurno | EP_R1_NPPI | EP=True | R=R1 | GE=NPPI | PCD=False | SM=1.5,736,Serviço Social (Bacharelado),Darcy Ribeiro,Diurno,EP_R1_NPPI,2,2,-96.288,-19.616,-53.106,-18.297,-57.952,-57.952,-96.288,-19.616,76.672,54.215,-93.552,100.0,0.0,0.0,-35.702,-35.702,-53.106,-18.297,34.809,24.614,-68.943,100.0,0,0.0,-19.616,-18.297,5.941,-6.694,5.941,-6.694,-45.173,-29.9,-13.227,-15.396,-6.837,-12.496,24.469,11.109,51.115,23.206,4,4,-2.169,44.725,20.306,6.389,2.901,80.36649214659685,15.968586387434557,78.20680628272252,74.54188481675392,39.47712418300654,57.71,Moderada
Serviço Social (Bacharelado) | Darcy Ribeiro | Diurno | EP_R1_PPI | EP=True | R=R1 | GE=PPI | PCD=False | SM=1.5,738,Serviço Social (Bacharelado),Darcy Ribeiro,Diurno,EP_R1_PPI,3,3,-48.812,-21.301,-28.138,-21.301,-26.791,-21.301,-48.812,-10.261,38.551,19.853,-74.103,50.0,1.0,35.066,-9.948,-21.301,-28.138,19.595,47.733,25.812,-259.473,50.0,1,62.67,-21.301,-21.301,-7.933,-12.529,-14.348,-22.452,-22.206,-8.808,-16.447,-16.273,-17.825,-16.915,6.674,6.663,14.273,13.644,4,4,0.174,10.344,-6.325,4.854,5.028,76.04712041884817,43.58638743455497,29.31937172774869,37.56544502617801,49.73856209150327,47.25,Moderada
Serviço Social (Bacharelado) | Darcy Ribeiro | Diurno | EP_R2_NPPI | EP=True | R=R2 | GE=NPPI | PCD=False | SM=1.5,740,Serviço Social (Bacharelado),Darcy Ribeiro,Diurno,EP_R2_NPPI,4,4,-51.891,-61.49,-31.824,-36.38,-57.018,-57.346,-61.49,-51.891,9.599,4.083,-7.162,66.667,2.0,5.112,-20.644,-21.737,-36.38,-2.724,33.656,16.069,-77.836,66.667,1,28.394,-61.49,-36.38,-63.554,-21.83,-63.292,-32.596,-58.325,-20.882,-61.665,-27.922,-62.391,-27.213,2.408,7.747,5.228,15.498,4,4,33.743,-4.647,-7.278,-0.175,8.458,51.83246073298429,62.69633507853403,55.366492146596855,17.212041884816752,64.9673202614379,50.41,Moderada
Serviço Social (Bacharelado) | Darcy Ribeiro | Diurno | EP_R2_NPPIQ | EP=True | R=R2 | GE=NPPIQ | PCD=False | SM=1.0,742,Serviço Social (Bacharelado),Darcy Ribeiro,Diurno,EP_R2_NPPIQ,1,1,-49.665,-49.665,-35.419,-35.419,-49.665,-49.665,-49.665,-49.665,0.0,0.0,0.0,100.0,0.0,0.0,-35.419,-35.419,-35.419,-35.419,0.0,0.0,0.0,100.0,0,0.0,-49.665,-35.419,,,,,-49.665,-35.419,-49.665,-35.419,-49.665,-35.419,0.0,0.0,0.0,0.0,2,2,14.246,0.0,0.0,0.0,0.0,33.37696335078534,82.32984293193716,78.20680628272252,74.54188481675392,17.77777777777778,57.25,Moderada
Serviço Social (Bacharelado) | Darcy Ribeiro | Diurno | EP_R2_PPI | EP=True | R=R2 | GE=PPI | PCD=False | SM=1.5,743,Serviço Social (Bacharelado),Darcy Ribeiro,Diurno,EP_R2_PPI,3,3,-65.588,-46.944,-13.972,-3.065,-48.582,-46.944,-65.588,-33.215,32.373,16.249,-33.445,50.0,1.0,32.599,-5.317,-3.065,-13.972,1.085,15.057,7.777,-146.259,50.0,1,13.581,-46.944,-3.065,-29.938,5.59,-37.622,2.388,-45.475,-3.5,-39.995,0.353,-41.549,-0.338,7.855,4.4,17.006,9.089,4,4,40.348,8.587,5.67,6.949,3.418,63.0890052356021,48.42931937172775,31.282722513089002,37.56544502617801,49.73856209150327,46.02,Moderada
Serviço Social (Bacharelado) | Darcy Ribeiro | Diurno | EP_R2_PPIQ | EP=True | R=R2 | GE=PPIQ | PCD=False | SM=1.0,745,Serviço Social (Bacharelado),Darcy Ribeiro,Diurno,EP_R2_PPIQ,1,1,-37.837,-37.837,-37.837,-37.837,-37.837,-37.837,-37.837,-37.837,0.0,0.0,0.0,100.0,0.0,0.0,-37.837,-37.837,-37.837,-37.837,0.0,0.0,0.0,100.0,0,0.0,-37.837,-37.837,,,,,-37.837,-37.837,-37.837,-37.837,-37.837,-37.837,0.0,0.0,0.0,0.0,2,2,0.0,0.0,0.0,0.0,0.0,33.37696335078534,82.32984293193716,78.20680628272252,74.54188481675392,17.77777777777778,57.25,Moderada
Serviço Social (Bacharelado) | Darcy Ribeiro | Noturno | AC | EP=False | R=NA | GE=NA | PCD=False | SM=NA,733,Serviço Social (Bacharelado),Darcy Ribeiro,Noturno,AC,5,5,-55.437,-61.117,9.712,-3.129,-62.651,-61.117,-76.148,-51.405,24.743,10.066,-16.066,50.0,3.0,21.699,0.084,1.997,-17.915,9.757,27.672,11.448,13563.793,75.0,2,22.908,-61.117,-3.129,-63.377,-2.222,-61.896,-1.653,-62.942,-0.3,-62.333,-1.826,-62.419,-1.938,1.022,1.185,2.26,2.829,4,4,60.507,0.318,-1.91,-1.216,1.303,54.712041884816756,54.05759162303665,42.80104712041884,5.759162303664922,82.2875816993464,47.92,Moderada
Serviço Social (Bacharelado) | Darcy Ribeiro | Noturno | CN | EP=False | R=NA | GE=NEGROS | PCD=False | SM=NA,735,Serviço Social (Bacharelado),Darcy Ribeiro,Noturno,CN,3,3,-40.425,-9.961,-31.165,-9.961,-30.714,-40.425,-41.755,-9.961,31.794,17.985,-58.556,50.0,1.0,23.422,-27.627,-31.165,-41.755,-9.961,31.794,16.19,-58.601,50.0,1,29.97,-9.961,-9.961,-10.626,-15.256,-5.084,-8.924,-25.636,-24.093,-12.827,-14.558,-10.294,-12.609,8.89,6.935,20.552,15.169,4,4,-1.731,17.887,13.069,-2.866,-4.597,72.77486910994764,48.952879581151834,41.2303664921466,37.56544502617801,49.73856209150327,50.05,Moderada
Serviço Social (Bacharelado) | Darcy Ribeiro | Noturno | EP_R1_NPPI | EP=True | R=R1 | GE=NPPI | PCD=False | SM=1.5,737,Serviço Social (Bacharelado),Darcy Ribeiro,Noturno,EP_R1_NPPI,3,3,-35.078,-31.822,-35.078,-31.822,-40.285,-35.078,-53.956,-31.822,22.134,11.951,-29.665,50.0,1.0,29.0,-40.285,-35.078,-53.956,-31.822,22.134,11.951,-29.665,50.0,1,29.0,-31.822,-31.822,-37.029,-37.029,-30.194,-30.194,-39.743,-39.743,-34.697,-34.697,-34.426,-34.426,4.451,4.451,9.549,9.549,4,4,0.0,5.588,5.588,-2.875,-2.875,61.518324607329845,56.41361256544503,34.947643979057595,37.56544502617801,49.73856209150327,48.04,Moderada
Serviço Social (Bacharelado) | Darcy Ribeiro | Noturno | EP_R1_PPI | EP=True | R=R1 | GE=PPI | PCD=False | SM=1.5,739,Serviço Social (Bacharelado),Darcy Ribeiro,Noturno,EP_R1_PPI,3,3,-34.792,-46.647,-34.792,-46.647,-41.319,-42.517,-46.647,-34.792,11.855,6.018,-14.564,100.0,0.0,2.542,-35.816,-34.792,-46.647,-26.01,20.637,10.357,-28.916,50.0,1,20.802,-46.647,-46.647,-51.138,-48.78,-50.314,-51.56,-43.294,-37.792,-47.848,-46.195,-48.48,-47.713,3.609,5.952,7.843,13.768,4,4,1.653,-6.529,-10.379,-1.201,0.452,53.79581151832461,61.78010471204188,56.15183246073299,74.54188481675392,49.73856209150327,59.2,Moderada
Serviço Social (Bacharelado) | Darcy Ribeiro | Noturno | EP_R2_NPPI | EP=True | R=R2 | GE=NPPI | PCD=False | SM=1.5,741,Serviço Social (Bacharelado),Darcy Ribeiro,Noturno,EP_R2_NPPI,3,3,-33.578,-61.615,-7.92,-61.615,-44.311,-37.74,-61.615,-33.578,28.037,15.13,-34.144,100.0,0.0,13.939,-28.137,-14.877,-61.615,-7.92,53.695,29.2,-103.778,100.0,0,28.129,-61.615,-61.615,-72.348,-81.832,-75.634,-88.462,-48.984,-37.086,-64.645,-67.249,-66.982,-71.724,12.035,23.124,26.65,51.376,4,4,-2.604,-20.334,-39.112,-3.03,-5.634,63.481675392670155,52.74869109947644,50.26178010471204,74.54188481675392,49.73856209150327,58.15,Moderada
Serviço Social (Bacharelado) | Darcy Ribeiro | Noturno | EP_R2_PPI | EP=True | R=R2 | GE=PPI | PCD=False | SM=1.5,744,Serviço Social (Bacharelado),Darcy Ribeiro,Noturno,EP_R2_PPI,2,2,-54.902,-45.238,-23.751,-45.238,-50.07,-50.07,-54.902,-45.238,9.664,6.833,-13.648,100.0,0.0,0.0,-34.494,-34.494,-45.238,-23.751,21.487,15.194,-44.046,100.0,0,0.0,-45.238,-45.238,-42.017,-52.4,-42.017,-52.4,-48.459,-38.076,-44.433,-47.029,-43.627,-48.819,3.084,6.857,6.443,14.325,4,4,-2.596,5.637,-12.535,0.805,-1.791,53.27225130890052,62.56544502617801,78.20680628272252,74.54188481675392,39.47712418300654,61.61,Alta
"Teoria, Crítica e História da Arte (Bacharelado) | Darcy Ribeiro | Noturno | AC | EP=False | R=NA | GE=NA | PCD=False | SM=NA",746,"Teoria, Crítica e História da Arte (Bacharelado)",Darcy Ribeiro,Noturno,AC,5,5,-74.639,-22.04,-74.639,8.621,-43.551,-56.171,-74.639,-0.054,74.585,31.361,-72.011,75.0,2.0,58.624,0.583,8.621,-74.639,50.763,125.402,47.246,8098.315,50.0,3,79.052,-22.04,8.621,-25.426,38.932,-25.407,19.698,-40.279,10.005,-28.288,19.314,-25.417,14.852,8.151,13.976,18.239,30.311,4,4,47.602,15.263,18.731,-6.248,10.693,75.78534031413614,17.40837696335078,11.780104712041883,17.212041884816752,82.2875816993464,40.89,Moderada
"Teoria, Crítica e História da Arte (Bacharelado) | Darcy Ribeiro | Noturno | CN | EP=False | R=NA | GE=NEGROS | PCD=False | SM=NA",747,"Teoria, Crítica e História da Arte (Bacharelado)",Darcy Ribeiro,Noturno,CN,1,1,4.736,4.736,4.736,4.736,4.736,4.736,4.736,4.736,0.0,0.0,0.0,100.0,0.0,0.0,4.736,4.736,4.736,4.736,0.0,0.0,0.0,100.0,0,0.0,4.736,4.736,,,,,4.736,4.736,4.736,4.736,4.736,4.736,0.0,0.0,0.0,0.0,2,2,0.0,0.0,0.0,0.0,0.0,33.37696335078534,82.32984293193716,78.20680628272252,74.54188481675392,17.77777777777778,57.25,Moderada
"Teoria, Crítica e História da Arte (Bacharelado) | Darcy Ribeiro | Noturno | EP_R1_PPI | EP=True | R=R1 | GE=PPI | PCD=False | SM=1.5",748,"Teoria, Crítica e História da Arte (Bacharelado)",Darcy Ribeiro,Noturno,EP_R1_PPI,1,1,3.161,3.161,3.161,3.161,3.161,3.161,3.161,3.161,0.0,0.0,0.0,100.0,0.0,0.0,3.161,3.161,3.161,3.161,0.0,0.0,0.0,100.0,0,0.0,3.161,3.161,,,,,3.161,3.161,3.161,3.161,3.161,3.161,0.0,0.0,0.0,0.0,2,2,0.0,0.0,0.0,0.0,0.0,33.37696335078534,82.32984293193716,78.20680628272252,74.54188481675392,17.77777777777778,57.25,Moderada
"Teoria, Crítica e História da Arte (Bacharelado) | Darcy Ribeiro | Noturno | EP_R2_NPPI | EP=True | R=R2 | GE=NPPI | PCD=False | SM=1.5",749,"Teoria, Crítica e História da Arte (Bacharelado)",Darcy Ribeiro,Noturno,EP_R2_NPPI,1,1,-27.615,-27.615,-13.504,-13.504,-27.615,-27.615,-27.615,-27.615,0.0,0.0,0.0,100.0,0.0,0.0,-13.504,-13.504,-13.504,-13.504,0.0,0.0,0.0,100.0,0,0.0,-27.615,-13.504,,,,,-27.615,-13.504,-27.615,-13.504,-27.615,-13.504,0.0,0.0,0.0,0.0,2,2,14.111,0.0,0.0,0.0,0.0,33.37696335078534,82.32984293193716,78.20680628272252,74.54188481675392,17.77777777777778,57.25,Moderada
"Teoria, Crítica e História da Arte (Bacharelado) | Darcy Ribeiro | Noturno | EP_R2_PPI | EP=True | R=R2 | GE=PPI | PCD=False | SM=1.5",750,"Teoria, Crítica e História da Arte (Bacharelado)",Darcy Ribeiro,Noturno,EP_R2_PPI,1,1,-51.341,-51.341,-51.341,-51.341,-51.341,-51.341,-51.341,-51.341,0.0,0.0,0.0,100.0,0.0,0.0,-51.341,-51.341,-51.341,-51.341,0.0,0.0,0.0,100.0,0,0.0,-51.341,-51.341,,,,,-51.341,-51.341,-51.341,-51.341,-51.341,-51.341,0.0,0.0,0.0,0.0,2,2,0.0,0.0,0.0,0.0,0.0,33.37696335078534,82.32984293193716,78.20680628272252,74.54188481675392,17.77777777777778,57.25,Moderada
Terapia Ocupacional (Bacharelado) | Ceilândia | Diurno | AC | EP=False | R=NA | GE=NA | PCD=False | SM=NA,751,Terapia Ocupacional (Bacharelado),Ceilândia,Diurno,AC,6,6,-73.944,2.706,20.377,46.76,-28.596,-25.168,-73.944,2.706,76.65,26.769,-93.611,60.0,4.0,34.53,27.989,31.565,-12.674,51.395,64.069,24.103,86.116,60.0,3,43.502,2.706,46.76,6.023,30.717,0.65,28.906,-20.353,28.638,-2.743,33.755,1.678,29.811,11.947,8.719,26.377,18.122,4,4,36.498,25.853,5.766,-5.449,-13.005,80.6282722513089,16.09947643979057,29.973821989528794,1.505235602094246,95.29411764705881,44.7,Moderada
Terapia Ocupacional (Bacharelado) | Ceilândia | Diurno | CN | EP=False | R=NA | GE=NEGROS | PCD=False | SM=NA,752,Terapia Ocupacional (Bacharelado),Ceilândia,Diurno,CN,5,5,5.337,-18.436,6.491,-18.436,-8.855,-8.712,-31.006,8.543,39.549,16.482,-186.133,75.0,2.0,30.796,-8.624,-8.712,-31.006,8.543,39.549,16.736,-194.066,75.0,2,30.902,-18.436,-18.436,-19.092,-19.513,-16.312,-16.495,-10.874,-10.797,-16.179,-16.31,-17.374,-17.465,3.73,3.882,8.218,8.716,4,4,-0.131,-7.324,-7.686,2.257,2.126,90.18324607329843,43.062827225130896,32.98429319371727,17.212041884816752,82.2875816993464,53.15,Moderada
Terapia Ocupacional (Bacharelado) | Ceilândia | Diurno | EP_R1_NPPI | EP=True | R=R1 | GE=NPPI | PCD=False | SM=1.5,753,Terapia Ocupacional (Bacharelado),Ceilândia,Diurno,EP_R1_NPPI,4,4,-92.652,-88.602,-4.201,-3.99,-62.291,-63.698,-92.652,-29.114,63.538,32.999,-52.976,66.667,1.0,57.472,-18.101,-14.81,-38.795,-3.99,34.805,17.07,-94.301,66.667,1,30.336,-88.602,-3.99,-61.674,-21.287,-84.342,-10.082,-62.167,-18.738,-74.196,-13.524,-73.255,-14.41,14.283,7.962,26.929,17.297,4,4,60.672,-11.905,4.577,14.406,-9.534,71.20418848167539,23.560209424083766,12.303664921465973,37.56544502617801,64.9673202614379,41.92,Moderada
Terapia Ocupacional (Bacharelado) | Ceilândia | Diurno | EP_R1_NPPIQ | EP=True | R=R1 | GE=NPPIQ | PCD=False | SM=1.0,754,Terapia Ocupacional (Bacharelado),Ceilândia,Diurno,EP_R1_NPPIQ,1,1,-82.855,-82.855,-36.853,-36.853,-82.855,-82.855,-82.855,-82.855,0.0,0.0,0.0,100.0,0.0,0.0,-36.853,-36.853,-36.853,-36.853,0.0,0.0,0.0,100.0,0,0.0,-82.855,-36.853,,,,,-82.855,-36.853,-82.855,-36.853,-82.855,-36.853,0.0,0.0,0.0,0.0,2,2,46.002,0.0,0.0,0.0,0.0,33.37696335078534,82.32984293193716,78.20680628272252,74.54188481675392,17.77777777777778,57.25,Moderada
Terapia Ocupacional (Bacharelado) | Ceilândia | Diurno | EP_R1_PPI | EP=True | R=R1 | GE=PPI | PCD=False | SM=1.5,755,Terapia Ocupacional (Bacharelado),Ceilândia,Diurno,EP_R1_PPI,3,3,-62.296,-16.701,-38.06,-16.701,-51.923,-62.296,-76.773,-16.701,60.072,31.351,-60.378,50.0,1.0,52.714,0.178,-16.701,-38.06,55.294,93.354,48.912,27530.354,50.0,1,116.919,-16.701,-16.701,-6.328,21.537,6.096,-6.022,-44.324,3.737,-15.314,0.638,-11.515,-1.142,21.468,16.241,50.421,38.238,4,4,15.952,36.609,0.46,1.387,17.339,73.16753926701571,26.308900523560208,15.706806282722518,37.56544502617801,49.73856209150327,40.5,Moderada
Terapia Ocupacional (Bacharelado) | Ceilândia | Diurno | EP_R2_NPPI | EP=True | R=R2 | GE=NPPI | PCD=False | SM=1.5,756,Terapia Ocupacional (Bacharelado),Ceilândia,Diurno,EP_R2_NPPI,5,5,-74.63,-98.316,27.307,-37.282,-58.503,-59.047,-98.316,-14.518,83.798,31.37,-53.621,50.0,3.0,52.797,1.946,1.824,-37.282,37.811,75.093,31.412,1614.015,50.0,3,38.314,-98.316,-37.282,-82.161,-47.603,-98.888,-49.576,-63.76,-9.065,-85.781,-35.882,-90.238,-42.443,16.603,18.673,35.128,40.511,4,4,49.899,-27.278,-37.828,12.535,1.4,71.59685863874346,11.910994764397909,15.445026178010469,5.759162303664922,82.2875816993464,37.4,Baixa
Terapia Ocupacional (Bacharelado) | Ceilândia | Diurno | EP_R2_NPPIQ | EP=True | R=R2 | GE=NPPIQ | PCD=False | SM=1.0,757,Terapia Ocupacional (Bacharelado),Ceilândia,Diurno,EP_R2_NPPIQ,1,1,-14.671,-14.671,-6.035,-6.035,-14.671,-14.671,-14.671,-14.671,0.0,0.0,0.0,100.0,0.0,0.0,-6.035,-6.035,-6.035,-6.035,0.0,0.0,0.0,100.0,0,0.0,-14.671,-6.035,,,,,-14.671,-6.035,-14.671,-6.035,-14.671,-6.035,0.0,0.0,0.0,0.0,2,2,8.636,0.0,0.0,0.0,0.0,33.37696335078534,82.32984293193716,78.20680628272252,74.54188481675392,17.77777777777778,57.25,Moderada
Terapia Ocupacional (Bacharelado) | Ceilândia | Diurno | EP_R2_PPI | EP=True | R=R2 | GE=PPI | PCD=False | SM=1.5,758,Terapia Ocupacional (Bacharelado),Ceilândia,Diurno,EP_R2_PPI,3,3,-45.148,-37.682,-25.927,-4.11,-50.866,-45.148,-69.768,-37.682,32.086,16.79,-33.008,50.0,1.0,40.097,-6.91,-4.11,-25.927,9.306,35.233,17.783,-257.334,50.0,1,34.4,-37.682,-4.11,-39.066,7.157,-33.147,1.052,-49.622,-3.274,-39.879,0.206,-38.374,-1.111,6.97,5.156,16.474,11.267,4,4,40.085,10.987,7.116,-2.197,4.316,62.69633507853403,48.560209424083766,23.691099476439792,37.56544502617801,49.73856209150327,44.45,Moderada
Terapia Ocupacional (Bacharelado) | Ceilândia | Diurno | EP_R2_PPIQ | EP=True | R=R2 | GE=PPIQ | PCD=False | SM=1.0,759,Terapia Ocupacional (Bacharelado),Ceilândia,Diurno,EP_R2_PPIQ,1,1,-72.221,-72.221,-22.382,-22.382,-72.221,-72.221,-72.221,-72.221,0.0,0.0,0.0,100.0,0.0,0.0,-22.382,-22.382,-22.382,-22.382,0.0,0.0,0.0,100.0,0,0.0,-72.221,-22.382,,,,,-72.221,-22.382,-72.221,-22.382,-72.221,-22.382,0.0,0.0,0.0,0.0,2,2,49.839,0.0,0.0,0.0,0.0,33.37696335078534,82.32984293193716,78.20680628272252,74.54188481675392,17.77777777777778,57.25,Moderada
Turismo (Bacharelado) | Darcy Ribeiro | Diurno | AC | EP=False | R=NA | GE=NA | PCD=False | SM=NA,760,Turismo (Bacharelado),Darcy Ribeiro,Diurno,AC,5,5,-101.482,-62.252,-8.137,51.489,-86.439,-89.917,-101.482,-62.252,39.23,15.066,-17.429,75.0,2.0,18.334,8.805,12.676,-32.42,51.489,83.909,31.458,357.254,75.0,2,56.086,-62.252,51.489,-61.42,38.805,-59.666,45.8,-81.555,13.749,-66.223,37.461,-61.836,42.302,10.278,16.637,21.89,37.74,4,4,103.684,20.216,28.656,-3.971,-14.028,54.84293193717278,43.19371727748691,47.120418848167546,17.212041884816752,82.2875816993464,48.93,Moderada
Turismo (Bacharelado) | Darcy Ribeiro | Diurno | CN | EP=False | R=NA | GE=NEGROS | PCD=False | SM=NA,761,Turismo (Bacharelado),Darcy Ribeiro,Diurno,CN,4,4,-21.951,-53.591,-21.951,-53.591,-36.583,-35.394,-53.591,-21.951,31.64,16.551,-45.243,100.0,0.0,12.847,-36.583,-35.394,-53.591,-21.951,31.64,16.551,-45.243,100.0,0,12.847,-53.591,-53.591,-65.194,-65.194,-64.102,-64.102,-42.585,-42.585,-56.368,-56.368,-58.846,-58.846,10.573,10.573,22.609,22.609,4,4,0.0,-19.785,-19.785,-2.777,-2.777,68.97905759162303,49.345549738219894,50.78534031413613,74.54188481675392,64.9673202614379,61.72,Alta
Turismo (Bacharelado) | Darcy Ribeiro | Diurno | EP_R1_NPPI | EP=True | R=R1 | GE=NPPI | PCD=False | SM=1.5,762,Turismo (Bacharelado),Darcy Ribeiro,Diurno,EP_R1_NPPI,3,3,-35.506,-13.362,-35.506,-7.216,-37.763,-35.506,-64.42,-13.362,51.058,25.604,-67.802,50.0,1.0,56.549,-35.714,-35.506,-64.42,-7.216,57.204,28.603,-80.088,50.0,1,60.895,-13.362,-7.216,-11.166,-3.264,-3.241,5.108,-34.072,-30.999,-15.46,-9.093,-12.264,-5.24,13.147,15.482,30.831,36.107,4,4,6.367,22.303,26.621,-2.098,-1.877,74.47643979057592,32.59162303664922,12.696335078534027,37.56544502617801,49.73856209150327,41.41,Moderada
Turismo (Bacharelado) | Darcy Ribeiro | Diurno | EP_R1_PPI | EP=True | R=R1 | GE=PPI | PCD=False | SM=1.5,763,Turismo (Bacharelado),Darcy Ribeiro,Diurno,EP_R1_PPI,1,1,-54.814,-54.814,-54.814,-54.814,-54.814,-54.814,-54.814,-54.814,0.0,0.0,0.0,100.0,0.0,0.0,-54.814,-54.814,-54.814,-54.814,0.0,0.0,0.0,100.0,0,0.0,-54.814,-54.814,,,,,-54.814,-54.814,-54.814,-54.814,-54.814,-54.814,0.0,0.0,0.0,0.0,2,2,0.0,0.0,0.0,0.0,0.0,33.37696335078534,82.32984293193716,78.20680628272252,74.54188481675392,17.77777777777778,57.25,Moderada
Turismo (Bacharelado) | Darcy Ribeiro | Diurno | EP_R2_NPPI | EP=True | R=R2 | GE=NPPI | PCD=False | SM=1.5,764,Turismo (Bacharelado),Darcy Ribeiro,Diurno,EP_R2_NPPI,4,4,-64.299,-70.349,-37.943,-23.007,-58.737,-67.324,-79.506,-20.793,58.713,26.057,-44.362,66.667,2.0,55.327,-26.593,-23.818,-37.943,-20.793,17.15,7.728,-29.061,66.667,1,7.826,-70.349,-23.007,-48.596,-14.432,-55.466,-17.537,-56.709,-24.161,-57.78,-19.784,-56.087,-20.272,9.107,4.591,21.753,9.729,4,4,37.996,0.957,6.809,12.569,3.223,68.45549738219896,27.094240837696336,14.005235602094245,17.212041884816752,64.9673202614379,38.35,Baixa
Turismo (Bacharelado) | Darcy Ribeiro | Diurno | EP_R2_PPI | EP=True | R=R2 | GE=PPI | PCD=False | SM=1.5,765,Turismo (Bacharelado),Darcy Ribeiro,Diurno,EP_R2_PPI,1,1,-68.241,-68.241,-14.636,-14.636,-68.241,-68.241,-68.241,-68.241,0.0,0.0,0.0,100.0,0.0,0.0,-14.636,-14.636,-14.636,-14.636,0.0,0.0,0.0,100.0,0,0.0,-68.241,-14.636,,,,,-68.241,-14.636,-68.241,-14.636,-68.241,-14.636,0.0,0.0,0.0,0.0,2,2,53.605,0.0,0.0,0.0,0.0,33.37696335078534,82.32984293193716,78.20680628272252,74.54188481675392,17.77777777777778,57.25,Moderada
