id_oferta,id_oferta_num,curso,campus,turno,modalidade,n_trienios,media_ponderada_min,media_ponderada_max,desvio_ponderado_min,desvio_ponderado_max,slope_ponderada_min,slope_ponderada_max,momentum_min,momentum_max,aceleracao_min,aceleracao_max,curvatura_min,curvatura_max
Administração (Bacharelado) | Darcy Ribeiro | Diurno | AC | EP=False | R=NA | GE=NA | PCD=False | SM=NA,1,Administração (Bacharelado),Darcy Ribeiro,Diurno,AC,6,29.51,78.226,19.563,37.771,-0.30829,-5.928,2.641,-4.172,-1.131,8.771,-4.347357,-1.152143
Administração (Bacharelado) | Darcy Ribeiro | Noturno | AC | EP=False | R=NA | GE=NA | PCD=False | SM=NA,2,Administração (Bacharelado),Darcy Ribeiro,Noturno,AC,6,-33.119,31.431,35.588,42.976,1.43574,-11.67231,4.887,-9.171,-4.1015,6.578,-5.536393,-0.834429
Administração (Bacharelado) | Darcy Ribeiro | Diurno | CN | EP=False | R=NA | GE=NEGROS | PCD=False | SM=NA,3,Administração (Bacharelado),Darcy Ribeiro,Diurno,CN,6,-27.185,-8.122,21.473,35.317,1.30579,0.79933,0.935,-0.749,1.77625,14.70225,0.230375,2.123089
Administração (Bacharelado) | Darcy Ribeiro | Noturno | CN | EP=False | R=NA | GE=NEGROS | PCD=False | SM=NA,4,Administração (Bacharelado),Darcy Ribeiro,Noturno,CN,5,-30.223,-14.281,24.094,28.918,-9.6393,-15.20773,-7.163,-7.627,-16.976,-17.645,-0.548733,-5.580261
Administração (Bacharelado) | Darcy Ribeiro | Diurno | EP_R1_NPPI | EP=True | R=R1 | GE=NPPI | PCD=False | SM=1.5,5,Administração (Bacharelado),Darcy Ribeiro,Diurno,EP_R1_NPPI,4,-48.358,-3.987,21.362,15.6,-2.487,-7.7722,3.391,-1.843,-46.3465,-20.4325,-23.17325,-10.21625
Administração (Bacharelado) | Darcy Ribeiro | Noturno | EP_R1_NPPI | EP=True | R=R1 | GE=NPPI | PCD=False | SM=1.5,6,Administração (Bacharelado),Darcy Ribeiro,Noturno,EP_R1_NPPI,4,-40.886,-7.403,10.207,19.522,0.3472,3.585,2.491,1.212,-23.174,5.8075,-11.587,2.90375
Administração (Bacharelado) | Darcy Ribeiro | Diurno | EP_R1_NPPIQ | EP=True | R=R1 | GE=NPPIQ | PCD=False | SM=1.0,7,Administração (Bacharelado),Darcy Ribeiro,Diurno,EP_R1_NPPIQ,1,-67.831,-19.227,0.0,0.0,,,0.0,0.0,,,,
Administração (Bacharelado) | Darcy Ribeiro | Diurno | EP_R1_PPI | EP=True | R=R1 | GE=PPI | PCD=False | SM=1.5,8,Administração (Bacharelado),Darcy Ribeiro,Diurno,EP_R1_PPI,4,-46.408,5.573,7.403,14.062,-7.3924,-8.402,-3.642,-1.665,-0.545,-25.358,-0.2725,-12.679
Administração (Bacharelado) | Darcy Ribeiro | Noturno | EP_R1_PPI | EP=True | R=R1 | GE=PPI | PCD=False | SM=1.5,9,Administração (Bacharelado),Darcy Ribeiro,Noturno,EP_R1_PPI,3,-46.878,-11.952,24.814,6.694,-14.4052,-8.4586,-8.136,-3.155,100.043,10.054,50.0215,5.027
Administração (Bacharelado) | Darcy Ribeiro | Diurno | EP_R2_NPPI | EP=True | R=R2 | GE=NPPI | PCD=False | SM=1.5,10,Administração (Bacharelado),Darcy Ribeiro,Diurno,EP_R2_NPPI,5,-29.003,17.876,40.721,44.186,-10.57794,-21.46251,2.06,-4.383,-53.40667,-59.841,-22.780071,-24.813857
Administração (Bacharelado) | Darcy Ribeiro | Noturno | EP_R2_NPPI | EP=True | R=R2 | GE=NPPI | PCD=False | SM=1.5,11,Administração (Bacharelado),Darcy Ribeiro,Noturno,EP_R2_NPPI,4,-33.787,12.145,24.804,7.895,-17.5948,-4.486,-5.16,-3.516,-36.3735,12.7295,-18.18675,6.36475
Administração (Bacharelado) | Darcy Ribeiro | Diurno | EP_R2_NPPIQ | EP=True | R=R2 | GE=NPPIQ | PCD=False | SM=1.0,12,Administração (Bacharelado),Darcy Ribeiro,Diurno,EP_R2_NPPIQ,1,-17.433,18.394,0.0,0.0,,,0.0,0.0,,,,
Administração (Bacharelado) | Darcy Ribeiro | Noturno | EP_R2_NPPIQ | EP=True | R=R2 | GE=NPPIQ | PCD=False | SM=1.0,13,Administração (Bacharelado),Darcy Ribeiro,Noturno,EP_R2_NPPIQ,1,-55.503,-4.817,0.0,0.0,,,0.0,0.0,,,,
Administração (Bacharelado) | Darcy Ribeiro | Diurno | EP_R2_PPI | EP=True | R=R2 | GE=PPI | PCD=False | SM=1.5,14,Administração (Bacharelado),Darcy Ribeiro,Diurno,EP_R2_PPI,4,-38.055,5.964,18.144,7.318,-0.5492,0.9384,3.279,1.306,-35.5405,-8.3715,-17.77025,-4.18575
Administração (Bacharelado) | Darcy Ribeiro | Noturno | EP_R2_PPI | EP=True | R=R2 | GE=PPI | PCD=False | SM=1.5,15,Administração (Bacharelado),Darcy Ribeiro,Noturno,EP_R2_PPI,3,-71.764,-44.882,14.598,39.295,-10.2786,-47.462,-1.574,-13.271,-55.571,-76.505,-27.7855,-38.2525
Administração (Bacharelado) | Darcy Ribeiro | Diurno | EP_R2_PPIQ | EP=True | R=R2 | GE=PPIQ | PCD=False | SM=1.0,16,Administração (Bacharelado),Darcy Ribeiro,Diurno,EP_R2_PPIQ,1,-25.422,-3.245,0.0,0.0,,,0.0,0.0,,,,
Agronomia (Bacharelado) | Darcy Ribeiro | Diurno | AC | EP=False | R=NA | GE=NA | PCD=False | SM=NA,17,Agronomia (Bacharelado),Darcy Ribeiro,Diurno,AC,6,-31.35,58.048,39.118,63.72,-0.35974,1.3366,3.025,1.131,4.0835,37.8205,-4.987107,-0.026321
Agronomia (Bacharelado) | Darcy Ribeiro | Diurno | CN | EP=False | R=NA | GE=NEGROS | PCD=False | SM=NA,18,Agronomia (Bacharelado),Darcy Ribeiro,Diurno,CN,5,-50.921,-8.349,30.377,34.406,5.60125,0.968,-0.376,0.768,7.203,-22.73367,5.740582,0.234937
Agronomia (Bacharelado) | Darcy Ribeiro | Diurno | EP_R1_NPPI | EP=True | R=R1 | GE=NPPI | PCD=False | SM=1.5,19,Agronomia (Bacharelado),Darcy Ribeiro,Diurno,EP_R1_NPPI,3,-41.836,10.157,14.059,34.038,11.56242,14.64653,5.991,13.969,7.528,-112.958,-1.113667,-35.224167
Agronomia (Bacharelado) | Darcy Ribeiro | Diurno | EP_R1_NPPIQ | EP=True | R=R1 | GE=NPPIQ | PCD=False | SM=1.0,20,Agronomia (Bacharelado),Darcy Ribeiro,Diurno,EP_R1_NPPIQ,1,-56.39,-56.39,0.0,0.0,,,0.0,0.0,,,,
Agronomia (Bacharelado) | Darcy Ribeiro | Diurno | EP_R1_PPI | EP=True | R=R1 | GE=PPI | PCD=False | SM=1.5,21,Agronomia (Bacharelado),Darcy Ribeiro,Diurno,EP_R1_PPI,4,-70.087,-41.192,8.932,27.905,0.8938,5.6854,0.196,-0.661,2.511,35.0325,1.2555,17.51625
Agronomia (Bacharelado) | Darcy Ribeiro | Diurno | EP_R2_NPPI | EP=True | R=R2 | GE=NPPI | PCD=False | SM=1.5,22,Agronomia (Bacharelado),Darcy Ribeiro,Diurno,EP_R2_NPPI,4,-57.895,17.893,24.723,14.67,6.8458,-11.6232,1.1,-3.776,23.226,-20.3565,11.613,-10.17825
Agronomia (Bacharelado) | Darcy Ribeiro | Diurno | EP_R2_NPPIQ | EP=True | R=R2 | GE=NPPIQ | PCD=False | SM=1.0,23,Agronomia (Bacharelado),Darcy Ribeiro,Diurno,EP_R2_NPPIQ,1,-58.036,-13.042,0.0,0.0,,,0.0,0.0,,,,
Agronomia (Bacharelado) | Darcy Ribeiro | Diurno | EP_R2_PPI | EP=True | R=R2 | GE=PPI | PCD=False | SM=1.5,24,Agronomia (Bacharelado),Darcy Ribeiro,Diurno,EP_R2_PPI,4,-71.935,-18.144,9.006,13.459,4.7336,11.17246,0.802,5.261,15.65,16.133,7.825,6.663833
Agronomia (Bacharelado) | Darcy Ribeiro | Diurno | EP_R2_PPIQ | EP=True | R=R2 | GE=PPIQ | PCD=False | SM=1.0,25,Agronomia (Bacharelado),Darcy Ribeiro,Diurno,EP_R2_PPIQ,1,-62.778,-36.2,0.0,0.0,,,0.0,0.0,,,,
Arquitetura e Urbanismo (Bacharelado) | Darcy Ribeiro | Diurno | AC | EP=False | R=NA | GE=NA | PCD=False | SM=NA,26,Arquitetura e Urbanismo (Bacharelado),Darcy Ribeiro,Diurno,AC,6,82.826,118.18,13.134,26.807,3.6739,4.41394,3.24,1.658,6.11375,19.473,-0.268375,2.012294
Arquitetura e Urbanismo (Bacharelado) | Darcy Ribeiro | Noturno | AC | EP=False | R=NA | GE=NA | PCD=False | SM=NA,27,Arquitetura e Urbanismo (Bacharelado),Darcy Ribeiro,Noturno,AC,6,32.026,61.487,29.246,26.667,3.93621,-3.46106,7.936,-2.511,0.72975,11.1665,-6.984232,-0.559679
Arquitetura e Urbanismo (Bacharelado) | Darcy Ribeiro | Diurno | CN | EP=False | R=NA | GE=NEGROS | PCD=False | SM=NA,28,Arquitetura e Urbanismo (Bacharelado),Darcy Ribeiro,Diurno,CN,6,54.478,54.836,15.614,15.522,1.56679,1.031,0.069,-0.824,-5.41575,-3.5405,1.855232,2.524964
Arquitetura e Urbanismo (Bacharelado) | Darcy Ribeiro | Noturno | CN | EP=False | R=NA | GE=NEGROS | PCD=False | SM=NA,29,Arquitetura e Urbanismo (Bacharelado),Darcy Ribeiro,Noturno,CN,6,-14.246,-13.62,33.009,32.131,16.26869,15.32954,11.024,9.459,-10.1405,-6.8535,3.799321,4.97325
Arquitetura e Urbanismo (Bacharelado) | Darcy Ribeiro | Diurno | EP_R1_NPPI | EP=True | R=R1 | GE=NPPI | PCD=False | SM=1.5,30,Arquitetura e Urbanismo (Bacharelado),Darcy Ribeiro,Diurno,EP_R1_NPPI,4,1.8,43.222,33.258,32.345,4.964,25.9668,9.736,17.384,-72.545,-44.0065,-36.2725,-22.00325
Arquitetura e Urbanismo (Bacharelado) | Darcy Ribeiro | Noturno | EP_R1_NPPI | EP=True | R=R1 | GE=NPPI | PCD=False | SM=1.5,31,Arquitetura e Urbanismo (Bacharelado),Darcy Ribeiro,Noturno,EP_R1_NPPI,3,-21.669,-4.744,20.822,15.236,14.7008,-16.5994,7.54,-4.208,-79.182,-39.764,-39.591,-19.882
Arquitetura e Urbanismo (Bacharelado) | Darcy Ribeiro | Diurno | EP_R1_NPPIQ | EP=True | R=R1 | GE=NPPIQ | PCD=False | SM=1.0,32,Arquitetura e Urbanismo (Bacharelado),Darcy Ribeiro,Diurno,EP_R1_NPPIQ,1,-32.379,4.506,0.0,0.0,,,0.0,0.0,,,,
Arquitetura e Urbanismo (Bacharelado) | Darcy Ribeiro | Diurno | EP_R1_PPI | EP=True | R=R1 | GE=PPI | PCD=False | SM=1.5,33,Arquitetura e Urbanismo (Bacharelado),Darcy Ribeiro,Diurno,EP_R1_PPI,4,-15.358,31.735,17.761,11.16,-3.7372,-0.7136,1.534,1.517,-34.0235,-18.7405,-17.01175,-9.37025
Arquitetura e Urbanismo (Bacharelado) | Darcy Ribeiro | Noturno | EP_R1_PPI | EP=True | R=R1 | GE=PPI | PCD=False | SM=1.5,34,Arquitetura e Urbanismo (Bacharelado),Darcy Ribeiro,Noturno,EP_R1_PPI,3,-20.076,-17.106,13.353,8.053,7.7954,0.6678,4.391,1.421,-53.766,-35.947,-26.883,-17.9735
Arquitetura e Urbanismo (Bacharelado) | Darcy Ribeiro | Diurno | EP_R2_NPPI | EP=True | R=R2 | GE=NPPI | PCD=False | SM=1.5,35,Arquitetura e Urbanismo (Bacharelado),Darcy Ribeiro,Diurno,EP_R2_NPPI,5,27.616,55.489,45.18,40.111,-22.46751,-16.72866,-6.982,-3.405,-40.00433,-32.55167,-19.991357,-19.367429
Arquitetura e Urbanismo (Bacharelado) | Darcy Ribeiro | Noturno | EP_R2_NPPI | EP=True | R=R2 | GE=NPPI | PCD=False | SM=1.5,36,Arquitetura e Urbanismo (Bacharelado),Darcy Ribeiro,Noturno,EP_R2_NPPI,4,-31.77,16.588,11.318,18.973,-9.6302,10.209,-3.489,2.851,-13.2605,22.5375,-6.63025,11.26875
Arquitetura e Urbanismo (Bacharelado) | Darcy Ribeiro | Diurno | EP_R2_NPPIQ | EP=True | R=R2 | GE=NPPIQ | PCD=False | SM=1.0,37,Arquitetura e Urbanismo (Bacharelado),Darcy Ribeiro,Diurno,EP_R2_NPPIQ,1,65.505,97.824,0.0,0.0,,,0.0,0.0,,,,
Arquitetura e Urbanismo (Bacharelado) | Darcy Ribeiro | Noturno | EP_R2_NPPIQ | EP=True | R=R2 | GE=NPPIQ | PCD=False | SM=1.0,38,Arquitetura e Urbanismo (Bacharelado),Darcy Ribeiro,Noturno,EP_R2_NPPIQ,1,-57.497,11.923,0.0,0.0,,,0.0,0.0,,,,
Arquitetura e Urbanismo (Bacharelado) | Darcy Ribeiro | Diurno | EP_R2_PPI | EP=True | R=R2 | GE=PPI | PCD=False | SM=1.5,39,Arquitetura e Urbanismo (Bacharelado),Darcy Ribeiro,Diurno,EP_R2_PPI,4,0.615,34.401,16.879,18.817,-1.0108,-8.0936,3.33,-0.325,-38.3525,-37.2155,-19.17625,-18.60775
Arquitetura e Urbanismo (Bacharelado) | Darcy Ribeiro | Noturno | EP_R2_PPI | EP=True | R=R2 | GE=PPI | PCD=False | SM=1.5,40,Arquitetura e Urbanismo (Bacharelado),Darcy Ribeiro,Noturno,EP_R2_PPI,4,-44.01,-21.265,26.937,14.867,-10.0168,-10.0168,-6.834,-3.043,18.258,-19.65,9.129,-9.825
Arquitetura e Urbanismo (Bacharelado) | Darcy Ribeiro | Diurno | EP_R2_PPIQ | EP=True | R=R2 | GE=PPIQ | PCD=False | SM=1.0,41,Arquitetura e Urbanismo (Bacharelado),Darcy Ribeiro,Diurno,EP_R2_PPIQ,1,12.661,61.488,0.0,0.0,,,0.0,0.0,,,,
Arquivologia (Bacharelado) | Darcy Ribeiro | Noturno | AC | EP=False | R=NA | GE=NA | PCD=False | SM=NA,42,Arquivologia (Bacharelado),Darcy Ribeiro,Noturno,AC,5,-62.975,15.46,11.009,24.566,2.17595,9.208,-0.572,6.443,7.21067,16.26033,2.958719,0.970078
Arquivologia (Bacharelado) | Darcy Ribeiro | Noturno | CN | EP=False | R=NA | GE=NEGROS | PCD=False | SM=NA,43,Arquivologia (Bacharelado),Darcy Ribeiro,Noturno,CN,3,-31.081,-31.081,41.306,41.306,49.2158,49.2158,13.575,13.575,84.913,84.913,42.4565,42.4565
Arquivologia (Bacharelado) | Darcy Ribeiro | Noturno | EP_R1_NPPI | EP=True | R=R1 | GE=NPPI | PCD=False | SM=1.5,44,Arquivologia (Bacharelado),Darcy Ribeiro,Noturno,EP_R1_NPPI,2,-36.473,-28.792,8.135,13.566,17.256,28.777,2.876,4.796,,,,
Arquivologia (Bacharelado) | Darcy Ribeiro | Noturno | EP_R2_NPPI | EP=True | R=R2 | GE=NPPI | PCD=False | SM=1.5,45,Arquivologia (Bacharelado),Darcy Ribeiro,Noturno,EP_R2_NPPI,3,-46.313,-44.182,11.721,13.845,8.99475,10.68387,3.519,4.229,27.786,32.049,5.187167,5.897667
Arquivologia (Bacharelado) | Darcy Ribeiro | Noturno | EP_R2_NPPIQ | EP=True | R=R2 | GE=NPPIQ | PCD=False | SM=1.0,46,Arquivologia (Bacharelado),Darcy Ribeiro,Noturno,EP_R2_NPPIQ,1,-70.619,-31.332,0.0,0.0,,,0.0,0.0,,,,
Arquivologia (Bacharelado) | Darcy Ribeiro | Noturno | EP_R2_PPI | EP=True | R=R2 | GE=PPI | PCD=False | SM=1.5,47,Arquivologia (Bacharelado),Darcy Ribeiro,Noturno,EP_R2_PPI,2,-56.347,-55.696,14.232,15.152,-15.095,-16.0715,-5.032,-5.357,,,,
Artes Cênicas (Bacharelado) | Darcy Ribeiro | Diurno | AC | EP=False | R=NA | GE=NA | PCD=False | SM=NA,48,Artes Cênicas (Bacharelado),Darcy Ribeiro,Diurno,AC,6,5.298,40.821,25.844,21.139,15.56723,-2.80443,12.412,-1.65,-1.979,9.354,0.840714,-1.031071
Artes Cênicas (Bacharelado) | Darcy Ribeiro | Diurno | EP_R1_NPPI | EP=True | R=R1 | GE=NPPI | PCD=False | SM=1.5,49,Artes Cênicas (Bacharelado),Darcy Ribeiro,Diurno,EP_R1_NPPI,1,-64.508,-64.508,0.0,0.0,,,0.0,0.0,,,,
Artes Cênicas (Bacharelado) | Darcy Ribeiro | Diurno | EP_R1_PPI | EP=True | R=R1 | GE=PPI | PCD=False | SM=1.5,50,Artes Cênicas (Bacharelado),Darcy Ribeiro,Diurno,EP_R1_PPI,3,-22.055,-22.055,20.538,20.538,-15.72875,-15.72875,-6.127,-6.127,-49.08,-49.08,-9.206333,-9.206333
Artes Cênicas (Bacharelado) | Darcy Ribeiro | Diurno | EP_R2_NPPI | EP=True | R=R2 | GE=NPPI | PCD=False | SM=1.5,51,Artes Cênicas (Bacharelado),Darcy Ribeiro,Diurno,EP_R2_NPPI,3,-8.828,0.197,14.104,8.992,-9.907,-5.3945,-6.605,-3.596,12.932,30.982,-1.147,3.3655
Artes Cênicas (Bacharelado) | Darcy Ribeiro | Diurno | EP_R2_NPPIQ | EP=True | R=R2 | GE=NPPIQ | PCD=False | SM=1.0,52,Artes Cênicas (Bacharelado),Darcy Ribeiro,Diurno,EP_R2_NPPIQ,1,-30.791,18.165,0.0,0.0,,,0.0,0.0,,,,
Artes Cênicas (Bacharelado) | Darcy Ribeiro | Diurno | EP_R2_NPPIQ_PCD | EP=True | R=R2 | GE=NPPIQ | PCD=True | SM=1.0,53,Artes Cênicas (Bacharelado),Darcy Ribeiro,Diurno,EP_R2_NPPIQ_PCD,1,-33.372,-33.372,0.0,0.0,,,0.0,0.0,,,,
Artes Cênicas (Bacharelado) | Darcy Ribeiro | Diurno | EP_R2_PPI | EP=True | R=R2 | GE=PPI | PCD=False | SM=1.5,54,Artes Cênicas (Bacharelado),Darcy Ribeiro,Diurno,EP_R2_PPI,1,-58.968,-58.968,0.0,0.0,,,0.0,0.0,,,,
Artes Cênicas (Licenciatura) | Darcy Ribeiro | Diurno | AC | EP=False | R=NA | GE=NA | PCD=False | SM=NA,55,Artes Cênicas (Licenciatura),Darcy Ribeiro,Diurno,AC,1,-12.384,29.579,0.0,0.0,,,0.0,0.0,,,,
Artes Cênicas (Licenciatura) | Darcy Ribeiro | Noturno | AC | EP=False | R=NA | GE=NA | PCD=False | SM=NA,56,Artes Cênicas (Licenciatura),Darcy Ribeiro,Noturno,AC,1,-53.375,16.725,0.0,0.0,,,0.0,0.0,,,,
Artes Cênicas (Licenciatura) | Darcy Ribeiro | Diurno | EP_R2_NPPIQ | EP=True | R=R2 | GE=NPPIQ | PCD=False | SM=1.0,57,Artes Cênicas (Licenciatura),Darcy Ribeiro,Diurno,EP_R2_NPPIQ,1,-49.808,-49.808,0.0,0.0,,,0.0,0.0,,,,
Artes Cênicas (Licenciatura) | Darcy Ribeiro | Diurno | EP_R2_PPIQ | EP=True | R=R2 | GE=PPIQ | PCD=False | SM=1.0,58,Artes Cênicas (Licenciatura),Darcy Ribeiro,Diurno,EP_R2_PPIQ,1,-62.337,-53.522,0.0,0.0,,,0.0,0.0,,,,
Artes Cênicas (Literatura) | Darcy Ribeiro | Diurno | AC | EP=False | R=NA | GE=NA | PCD=False | SM=NA,59,Artes Cênicas (Literatura),Darcy Ribeiro,Diurno,AC,4,-16.703,43.379,28.129,34.756,6.2768,1.0866,4.268,4.217,-11.2995,-36.7405,-5.64975,-18.37025
Artes Cênicas (Literatura) | Darcy Ribeiro | Noturno | AC | EP=False | R=NA | GE=NA | PCD=False | SM=NA,60,Artes Cênicas (Literatura),Darcy Ribeiro,Noturno,AC,1,-68.863,25.467,0.0,0.0,,,0.0,0.0,,,,
Artes Cênicas (Literatura) | Darcy Ribeiro | Diurno | EP_R1_NPPI | EP=True | R=R1 | GE=NPPI | PCD=False | SM=1.5,61,Artes Cênicas (Literatura),Darcy Ribeiro,Diurno,EP_R1_NPPI,2,-23.048,1.614,26.882,9.443,-57.025,-20.032,-9.504,-3.339,,,,
Artes Cênicas (Literatura) | Darcy Ribeiro | Noturno | EP_R1_PPI | EP=True | R=R1 | GE=PPI | PCD=False | SM=1.5,62,Artes Cênicas (Literatura),Darcy Ribeiro,Noturno,EP_R1_PPI,1,-10.798,-10.798,0.0,0.0,,,0.0,0.0,,,,
Artes Cênicas (Literatura) | Darcy Ribeiro | Diurno | EP_R2_NPPI | EP=True | R=R2 | GE=NPPI | PCD=False | SM=1.5,63,Artes Cênicas (Literatura),Darcy Ribeiro,Diurno,EP_R2_NPPI,1,-21.566,-21.566,0.0,0.0,,,0.0,0.0,,,,
Artes Cênicas (Literatura) | Darcy Ribeiro | Noturno | EP_R2_NPPI | EP=True | R=R2 | GE=NPPI | PCD=False | SM=1.5,64,Artes Cênicas (Literatura),Darcy Ribeiro,Noturno,EP_R2_NPPI,1,-68.553,-68.553,0.0,0.0,,,0.0,0.0,,,,
Artes Cênicas (Literatura) | Darcy Ribeiro | Diurno | EP_R2_PPI | EP=True | R=R2 | GE=PPI | PCD=False | SM=1.5,65,Artes Cênicas (Literatura),Darcy Ribeiro,Diurno,EP_R2_PPI,1,-49.617,-49.617,0.0,0.0,,,0.0,0.0,,,,
Artes Visuais (Bacharelado) | Darcy Ribeiro | Diurno | AC | EP=False | R=NA | GE=NA | PCD=False | SM=NA,66,Artes Visuais (Bacharelado),Darcy Ribeiro,Diurno,AC,6,-9.869,44.22,29.318,26.454,9.65894,6.26309,10.133,3.584,13.2305,24.1375,-3.125393,2.453036
Artes Visuais (Bacharelado) | Darcy Ribeiro | Diurno | CN | EP=False | R=NA | GE=NEGROS | PCD=False | SM=NA,67,Artes Visuais (Bacharelado),Darcy Ribeiro,Diurno,CN,1,-21.925,-21.925,0.0,0.0,,,0.0,0.0,,,,
Artes Visuais (Bacharelado) | Darcy Ribeiro | Diurno | EP_R2_NPPI | EP=True | R=R2 | GE=NPPI | PCD=False | SM=1.5,68,Artes Visuais (Bacharelado),Darcy Ribeiro,Diurno,EP_R2_NPPI,3,-35.707,-0.659,42.403,19.756,-16.05059,9.59393,-6.006,5.676,-153.57,-83.475,-41.3955,-18.0305
Artes Visuais (Bacharelado) | Darcy Ribeiro | Diurno | EP_R2_NPPIQ | EP=True | R=R2 | GE=NPPIQ | PCD=False | SM=1.0,69,Artes Visuais (Bacharelado),Darcy Ribeiro,Diurno,EP_R2_NPPIQ,1,-64.314,-16.574,0.0,0.0,,,0.0,0.0,,,,
Artes Visuais (Licenciatura) | Darcy Ribeiro | Diurno | AC | EP=False | R=NA | GE=NA | PCD=False | SM=NA,70,Artes Visuais (Licenciatura),Darcy Ribeiro,Diurno,AC,3,-43.325,58.206,37.134,15.279,17.8253,10.1437,8.017,7.088,116.006,-9.776,14.50075,-1.222
Artes Visuais (Licenciatura) | Darcy Ribeiro | Noturno | AC | EP=False | R=NA | GE=NA | PCD=False | SM=NA,71,Artes Visuais (Licenciatura),Darcy Ribeiro,Noturno,AC,1,-13.502,-13.502,0.0,0.0,,,0.0,0.0,,,,
Artes Visuais (Licenciatura) | Darcy Ribeiro | Diurno | CN | EP=False | R=NA | GE=NEGROS | PCD=False | SM=NA,72,Artes Visuais (Licenciatura),Darcy Ribeiro,Diurno,CN,2,-32.44,-32.44,1.128,1.128,-0.598,-0.598,-0.399,-0.399,,,,
Artes Visuais (Licenciatura) | Darcy Ribeiro | Diurno | EP_R1_NPPI | EP=True | R=R1 | GE=NPPI | PCD=False | SM=1.5,73,Artes Visuais (Licenciatura),Darcy Ribeiro,Diurno,EP_R1_NPPI,1,-23.748,-23.748,0.0,0.0,,,0.0,0.0,,,,
Artes Visuais (Licenciatura) | Darcy Ribeiro | Diurno | EP_R1_PPI | EP=True | R=R1 | GE=PPI | PCD=False | SM=1.5,74,Artes Visuais (Licenciatura),Darcy Ribeiro,Diurno,EP_R1_PPI,1,-23.125,-23.125,0.0,0.0,,,0.0,0.0,,,,
Artes Visuais (Licenciatura) | Darcy Ribeiro | Diurno | EP_R2_NPPI | EP=True | R=R2 | GE=NPPI | PCD=False | SM=1.5,75,Artes Visuais (Licenciatura),Darcy Ribeiro,Diurno,EP_R2_NPPI,3,-32.162,7.932,32.229,24.757,-21.532,-14.2948,-14.787,-7.651,12.96,-56.356,1.62,-7.0445
Artes Visuais (Licenciatura) | Darcy Ribeiro | Diurno | EP_R2_PPI | EP=True | R=R2 | GE=PPI | PCD=False | SM=1.5,76,Artes Visuais (Licenciatura),Darcy Ribeiro,Diurno,EP_R2_PPI,2,-20.754,-20.754,1.962,1.962,-2.081,-2.081,-0.694,-0.694,,,,
Biblioteconomia (Bacharelado) | Darcy Ribeiro | Diurno | AC | EP=False | R=NA | GE=NA | PCD=False | SM=NA,77,Biblioteconomia (Bacharelado),Darcy Ribeiro,Diurno,AC,5,-68.444,34.418,13.324,11.572,1.77862,-0.30305,-2.734,0.576,22.758,-12.27,5.13903,-1.126944
Biblioteconomia (Bacharelado) | Darcy Ribeiro | Diurno | CN | EP=False | R=NA | GE=NEGROS | PCD=False | SM=NA,78,Biblioteconomia (Bacharelado),Darcy Ribeiro,Diurno,CN,4,-33.78,-33.78,12.481,12.481,-8.48678,-8.48678,-5.716,-5.716,-4.158,-4.158,0.3675,0.3675
Biblioteconomia (Bacharelado) | Darcy Ribeiro | Diurno | EP_R1_NPPI | EP=True | R=R1 | GE=NPPI | PCD=False | SM=1.5,79,Biblioteconomia (Bacharelado),Darcy Ribeiro,Diurno,EP_R1_NPPI,3,-37.995,-21.928,25.466,8.93,19.7776,3.9514,3.497,0.06,92.866,37.704,46.433,18.852
Biblioteconomia (Bacharelado) | Darcy Ribeiro | Diurno | EP_R1_PPI | EP=True | R=R1 | GE=PPI | PCD=False | SM=1.5,80,Biblioteconomia (Bacharelado),Darcy Ribeiro,Diurno,EP_R1_PPI,2,-53.382,-53.382,8.391,8.391,-17.8,-17.8,-2.967,-2.967,,,,
Biblioteconomia (Bacharelado) | Darcy Ribeiro | Diurno | EP_R2_NPPI | EP=True | R=R2 | GE=NPPI | PCD=False | SM=1.5,81,Biblioteconomia (Bacharelado),Darcy Ribeiro,Diurno,EP_R2_NPPI,4,-33.392,22.972,17.27,19.387,-6.5098,10.9436,-4.132,8.076,8.769,-26.0415,4.3845,-13.02075
Biblioteconomia (Bacharelado) | Darcy Ribeiro | Diurno | EP_R2_NPPIQ | EP=True | R=R2 | GE=NPPIQ | PCD=False | SM=1.0,82,Biblioteconomia (Bacharelado),Darcy Ribeiro,Diurno,EP_R2_NPPIQ,1,-54.547,-52.729,0.0,0.0,,,0.0,0.0,,,,
Biblioteconomia (Bacharelado) | Darcy Ribeiro | Diurno | EP_R2_PPI | EP=True | R=R2 | GE=PPI | PCD=False | SM=1.5,83,Biblioteconomia (Bacharelado),Darcy Ribeiro,Diurno,EP_R2_PPI,3,-39.493,-39.493,13.224,13.224,-14.412,-14.412,-5.954,-5.954,34.49,34.49,17.245,17.245
Biologia (Bacharelado) | Darcy Ribeiro | Diurno | AC | EP=False | R=NA | GE=NA | PCD=False | SM=NA,84,Biologia (Bacharelado),Darcy Ribeiro,Diurno,AC,5,70.073,112.458,16.846,39.41,2.24832,-8.63901,2.682,-5.737,2.66833,-2.68533,-2.279535,-5.96618
Biologia (Bacharelado) | Darcy Ribeiro | Diurno | CN | EP=False | R=NA | GE=NEGROS | PCD=False | SM=NA,85,Biologia (Bacharelado),Darcy Ribeiro,Diurno,CN,5,9.533,10.082,25.074,24.763,2.41493,1.41301,1.545,0.446,8.97767,11.72367,-1.080108,-0.412818
Biologia (Bacharelado) | Darcy Ribeiro | Diurno | EP_R1_NPPI | EP=True | R=R1 | GE=NPPI | PCD=False | SM=1.5,86,Biologia (Bacharelado),Darcy Ribeiro,Diurno,EP_R1_NPPI,4,-13.91,4.15,54.059,40.324,-16.29128,-18.55297,-4.015,-7.864,-103.553,-63.1975,-31.18875,-20.634727
Biologia (Bacharelado) | Darcy Ribeiro | Diurno | EP_R1_NPPIQ | EP=True | R=R1 | GE=NPPIQ | PCD=False | SM=1.0,87,Biologia (Bacharelado),Darcy Ribeiro,Diurno,EP_R1_NPPIQ,1,-78.848,-26.937,0.0,0.0,,,0.0,0.0,,,,
Biologia (Bacharelado) | Darcy Ribeiro | Diurno | EP_R1_NPPI_PCD | EP=True | R=R1 | GE=NPPI | PCD=True | SM=1.5,88,Biologia (Bacharelado),Darcy Ribeiro,Diurno,EP_R1_NPPI_PCD,1,6.759,6.759,0.0,0.0,,,0.0,0.0,,,,
Biologia (Bacharelado) | Darcy Ribeiro | Diurno | EP_R1_PPI | EP=True | R=R1 | GE=PPI | PCD=False | SM=1.5,89,Biologia (Bacharelado),Darcy Ribeiro,Diurno,EP_R1_PPI,3,-10.049,30.909,14.493,41.829,12.08395,-0.99266,6.386,1.681,-41.01,-181.861,-7.059333,-44.625
Biologia (Bacharelado) | Darcy Ribeiro | Diurno | EP_R2_NPPI | EP=True | R=R2 | GE=NPPI | PCD=False | SM=1.5,90,Biologia (Bacharelado),Darcy Ribeiro,Diurno,EP_R2_NPPI,4,20.194,32.894,15.182,4.997,-1.62462,-0.35091,0.78,0.128,-27.14,-4.349,-6.719591,-0.750841
Biologia (Bacharelado) | Darcy Ribeiro | Diurno | EP_R2_NPPIQ | EP=True | R=R2 | GE=NPPIQ | PCD=False | SM=1.0,91,Biologia (Bacharelado),Darcy Ribeiro,Diurno,EP_R2_NPPIQ,1,29.597,56.051,0.0,0.0,,,0.0,0.0,,,,
Biologia (Bacharelado) | Darcy Ribeiro | Diurno | EP_R2_NPPI_PCD | EP=True | R=R2 | GE=NPPI | PCD=True | SM=1.5,92,Biologia (Bacharelado),Darcy Ribeiro,Diurno,EP_R2_NPPI_PCD,1,-25.671,-25.671,0.0,0.0,,,0.0,0.0,,,,
Biologia (Bacharelado) | Darcy Ribeiro | Diurno | EP_R2_PPI | EP=True | R=R2 | GE=PPI | PCD=False | SM=1.5,93,Biologia (Bacharelado),Darcy Ribeiro,Diurno,EP_R2_PPI,4,-47.192,-21.423,36.692,38.074,-19.20791,-29.39573,-9.447,-17.859,-45.3415,-8.4085,-16.455205,-7.087568
Biologia (Bacharelado) | Darcy Ribeiro | Diurno | EP_R2_PPIQ | EP=True | R=R2 | GE=PPIQ | PCD=False | SM=1.0,94,Biologia (Bacharelado),Darcy Ribeiro,Diurno,EP_R2_PPIQ,1,-67.982,8.016,0.0,0.0,,,0.0,0.0,,,,
Biologia (Licenciatura) | Darcy Ribeiro | Diurno | AC | EP=False | R=NA | GE=NA | PCD=False | SM=NA,95,Biologia (Licenciatura),Darcy Ribeiro,Diurno,AC,1,61.373,143.74,0.0,0.0,,,0.0,0.0,,,,
Biologia (Licenciatura) | Darcy Ribeiro | Noturno | AC | EP=False | R=NA | GE=NA | PCD=False | SM=NA,96,Biologia (Licenciatura),Darcy Ribeiro,Noturno,AC,5,-13.136,75.07,15.335,33.944,1.07008,-7.94229,2.608,-2.328,-19.53933,-54.4215,-2.147605,-9.07025
Biologia (Licenciatura) | Darcy Ribeiro | Diurno | CN | EP=False | R=NA | GE=NEGROS | PCD=False | SM=NA,97,Biologia (Licenciatura),Darcy Ribeiro,Diurno,CN,1,45.804,45.804,0.0,0.0,,,0.0,0.0,,,,
Biologia (Licenciatura) | Darcy Ribeiro | Noturno | CN | EP=False | R=NA | GE=NEGROS | PCD=False | SM=NA,98,Biologia (Licenciatura),Darcy Ribeiro,Noturno,CN,3,6.594,10.959,25.908,28.185,-10.00634,-12.57983,-4.495,-8.86,-88.719,-62.53,-9.06705,-3.82925
Biologia (Licenciatura) | Darcy Ribeiro | Diurno | EP_R1_NPPI | EP=True | R=R1 | GE=NPPI | PCD=False | SM=1.5,99,Biologia (Licenciatura),Darcy Ribeiro,Diurno,EP_R1_NPPI,1,38.006,47.711,0.0,0.0,,,0.0,0.0,,,,
Biologia (Licenciatura) | Darcy Ribeiro | Noturno | EP_R1_NPPI | EP=True | R=R1 | GE=NPPI | PCD=False | SM=1.5,100,Biologia (Licenciatura),Darcy Ribeiro,Noturno,EP_R1_NPPI,3,-35.305,-8.864,9.162,16.042,-4.2198,-8.948,-2.689,-5.158,38.482,65.25,19.241,32.625
Biologia (Licenciatura) | Darcy Ribeiro | Diurno | EP_R1_PPI | EP=True | R=R1 | GE=PPI | PCD=False | SM=1.5,101,Biologia (Licenciatura),Darcy Ribeiro,Diurno,EP_R1_PPI,0,,-7.024,,0.0,,,,0.0,,,,
Biologia (Licenciatura) | Darcy Ribeiro | Noturno | EP_R1_PPI | EP=True | R=R1 | GE=PPI | PCD=False | SM=1.5,102,Biologia (Licenciatura),Darcy Ribeiro,Noturno,EP_R1_PPI,3,-34.159,-5.321,10.779,27.991,4.07217,-3.97132,4.229,4.327,-38.035,-125.168,-11.623333,-33.455333
Biologia (Licenciatura) | Darcy Ribeiro | Diurno | EP_R2_NPPI | EP=True | R=R2 | GE=NPPI | PCD=False | SM=1.5,103,Biologia (Licenciatura),Darcy Ribeiro,Diurno,EP_R2_NPPI,1,51.276,55.29,0.0,0.0,,,0.0,0.0,,,,
Biologia (Licenciatura) | Darcy Ribeiro | Noturno | EP_R2_NPPI | EP=True | R=R2 | GE=NPPI | PCD=False | SM=1.5,104,Biologia (Licenciatura),Darcy Ribeiro,Noturno,EP_R2_NPPI,4,-9.932,-1.793,24.733,30.94,1.5586,-10.4804,0.395,-6.515,3.8465,12.748,1.92325,6.374
Biologia (Licenciatura) | Darcy Ribeiro | Noturno | EP_R2_NPPIQ | EP=True | R=R2 | GE=NPPIQ | PCD=False | SM=1.0,105,Biologia (Licenciatura),Darcy Ribeiro,Noturno,EP_R2_NPPIQ,1,-40.608,7.61,0.0,0.0,,,0.0,0.0,,,,
Biologia (Licenciatura) | Darcy Ribeiro | Diurno | EP_R2_PPI | EP=True | R=R2 | GE=PPI | PCD=False | SM=1.5,106,Biologia (Licenciatura),Darcy Ribeiro,Diurno,EP_R2_PPI,1,21.358,36.304,0.0,0.0,,,0.0,0.0,,,,
Biologia (Licenciatura) | Darcy Ribeiro | Noturno | EP_R2_PPI | EP=True | R=R2 | GE=PPI | PCD=False | SM=1.5,107,Biologia (Licenciatura),Darcy Ribeiro,Noturno,EP_R2_PPI,4,-25.909,2.125,12.299,13.023,3.127,10.9422,-0.349,5.573,19.1225,-1.0145,9.56125,-0.50725
Biotecnologia (Bacharelado) | Darcy Ribeiro | Diurno | AC | EP=False | R=NA | GE=NA | PCD=False | SM=NA,108,Biotecnologia (Bacharelado),Darcy Ribeiro,Diurno,AC,6,46.235,116.263,36.021,54.938,-3.05906,-4.25624,-0.553,-3.494,1.8945,21.37825,-2.994107,-0.078554
Biotecnologia (Bacharelado) | Darcy Ribeiro | Diurno | CN | EP=False | R=NA | GE=NEGROS | PCD=False | SM=NA,109,Biotecnologia (Bacharelado),Darcy Ribeiro,Diurno,CN,5,54.299,56.932,28.564,20.283,10.77825,7.8162,16.392,11.126,-23.56133,-10.39667,-9.668959,-6.033649
Biotecnologia (Bacharelado) | Darcy Ribeiro | Diurno | EP_R1_NPPI | EP=True | R=R1 | GE=NPPI | PCD=False | SM=1.5,110,Biotecnologia (Bacharelado),Darcy Ribeiro,Diurno,EP_R1_NPPI,4,-39.804,-11.789,10.207,33.678,9.7696,-11.597,5.306,-7.83,-4.214,20.3165,-2.107,10.15825
Biotecnologia (Bacharelado) | Darcy Ribeiro | Diurno | EP_R1_NPPIQ | EP=True | R=R1 | GE=NPPIQ | PCD=False | SM=1.0,111,Biotecnologia (Bacharelado),Darcy Ribeiro,Diurno,EP_R1_NPPIQ,1,22.903,22.903,0.0,0.0,,,0.0,0.0,,,,
Biotecnologia (Bacharelado) | Darcy Ribeiro | Diurno | EP_R1_PPI | EP=True | R=R1 | GE=PPI | PCD=False | SM=1.5,112,Biotecnologia (Bacharelado),Darcy Ribeiro,Diurno,EP_R1_PPI,3,-30.795,17.833,7.549,32.0,9.3296,41.9678,3.548,14.995,-13.139,-30.172,-6.5695,-15.086
Biotecnologia (Bacharelado) | Darcy Ribeiro | Diurno | EP_R2_NPPI | EP=True | R=R2 | GE=NPPI | PCD=False | SM=1.5,113,Biotecnologia (Bacharelado),Darcy Ribeiro,Diurno,EP_R2_NPPI,5,-13.747,39.505,57.838,58.139,-29.29909,-33.00609,-6.704,-11.668,-67.804,-36.42267,-32.070643,-25.839643
Biotecnologia (Bacharelado) | Darcy Ribeiro | Diurno | EP_R2_NPPIQ | EP=True | R=R2 | GE=NPPIQ | PCD=False | SM=1.0,114,Biotecnologia (Bacharelado),Darcy Ribeiro,Diurno,EP_R2_NPPIQ,1,-36.957,43.54,0.0,0.0,,,0.0,0.0,,,,
Biotecnologia (Bacharelado) | Darcy Ribeiro | Diurno | EP_R2_PPI | EP=True | R=R2 | GE=PPI | PCD=False | SM=1.5,115,Biotecnologia (Bacharelado),Darcy Ribeiro,Diurno,EP_R2_PPI,4,-28.203,36.71,15.486,54.982,8.5188,-30.2112,4.408,-7.697,-1.486,-74.086,-0.743,-37.043
Biotecnologia (Bacharelado) | Darcy Ribeiro | Diurno | EP_R2_PPIQ | EP=True | R=R2 | GE=PPIQ | PCD=False | SM=1.0,116,Biotecnologia (Bacharelado),Darcy Ribeiro,Diurno,EP_R2_PPIQ,1,-47.168,-47.168,0.0,0.0,,,0.0,0.0,,,,
Ciência Política (Bacharelado) | Darcy Ribeiro | Diurno | AC | EP=False | R=NA | GE=NA | PCD=False | SM=NA,117,Ciência Política (Bacharelado),Darcy Ribeiro,Diurno,AC,6,36.73,87.063,25.609,36.406,2.25677,-7.02587,5.062,-8.771,-1.829,18.57675,-4.7715,4.374554
Ciência Política (Bacharelado) | Darcy Ribeiro | Diurno | CN | EP=False | R=NA | GE=NEGROS | PCD=False | SM=NA,118,Ciência Política (Bacharelado),Darcy Ribeiro,Diurno,CN,6,27.331,30.672,26.308,26.273,7.66961,2.6579,7.769,-0.584,12.60125,30.14225,-2.066482,4.198161
Ciência Política (Bacharelado) | Darcy Ribeiro | Diurno | EP_R1_NPPI | EP=True | R=R1 | GE=NPPI | PCD=False | SM=1.5,119,Ciência Política (Bacharelado),Darcy Ribeiro,Diurno,EP_R1_NPPI,4,-30.008,-5.714,9.754,19.151,1.6452,11.1878,-0.524,2.168,13.468,34.2575,6.734,17.12875
Ciência Política (Bacharelado) | Darcy Ribeiro | Diurno | EP_R1_NPPIQ | EP=True | R=R1 | GE=NPPIQ | PCD=False | SM=1.0,120,Ciência Política (Bacharelado),Darcy Ribeiro,Diurno,EP_R1_NPPIQ,1,-33.164,-3.3,0.0,0.0,,,0.0,0.0,,,,
Ciência Política (Bacharelado) | Darcy Ribeiro | Diurno | EP_R1_PPI | EP=True | R=R1 | GE=PPI | PCD=False | SM=1.5,121,Ciência Política (Bacharelado),Darcy Ribeiro,Diurno,EP_R1_PPI,4,-20.369,2.167,7.093,21.227,0.745,-10.4942,-0.061,-4.121,4.3355,-11.256,2.16775,-5.628
Ciência Política (Bacharelado) | Darcy Ribeiro | Diurno | EP_R2_NPPI | EP=True | R=R2 | GE=NPPI | PCD=False | SM=1.5,122,Ciência Política (Bacharelado),Darcy Ribeiro,Diurno,EP_R2_NPPI,4,-7.302,22.867,21.402,2.316,18.8274,-1.3896,9.263,-0.641,1.5025,-0.5345,0.75125,-0.26725
Ciência Política (Bacharelado) | Darcy Ribeiro | Diurno | EP_R2_NPPIQ | EP=True | R=R2 | GE=NPPIQ | PCD=False | SM=1.0,123,Ciência Política (Bacharelado),Darcy Ribeiro,Diurno,EP_R2_NPPIQ,1,13.769,47.698,0.0,0.0,,,0.0,0.0,,,,
Ciência Política (Bacharelado) | Darcy Ribeiro | Diurno | EP_R2_NPPIQ_PCD | EP=True | R=R2 | GE=NPPIQ | PCD=True | SM=1.0,124,Ciência Política (Bacharelado),Darcy Ribeiro,Diurno,EP_R2_NPPIQ_PCD,1,-31.841,-24.216,0.0,0.0,,,0.0,0.0,,,,
Ciência Política (Bacharelado) | Darcy Ribeiro | Diurno | EP_R2_PPI | EP=True | R=R2 | GE=PPI | PCD=False | SM=1.5,125,Ciência Política (Bacharelado),Darcy Ribeiro,Diurno,EP_R2_PPI,4,-43.428,4.55,11.842,17.862,11.4168,-7.1216,5.783,-7.279,-0.7475,37.18,-0.37375,18.59
Ciência Política (Bacharelado) | Darcy Ribeiro | Diurno | EP_R2_PPIQ | EP=True | R=R2 | GE=PPIQ | PCD=False | SM=1.0,126,Ciência Política (Bacharelado),Darcy Ribeiro,Diurno,EP_R2_PPIQ,1,-37.151,-5.97,0.0,0.0,,,0.0,0.0,,,,
Ciência da Computação (Bacharelado) | Darcy Ribeiro | Diurno | AC | EP=False | R=NA | GE=NA | PCD=False | SM=NA,127,Ciência da Computação (Bacharelado),Darcy Ribeiro,Diurno,AC,6,127.414,162.78,16.791,23.531,3.92161,-4.43431,6.716,-1.217,-3.12725,-2.7015,-5.172518,-3.717393
Ciência da Computação (Bacharelado) | Darcy Ribeiro | Diurno | CN | EP=False | R=NA | GE=NEGROS | PCD=False | SM=NA,128,Ciência da Computação (Bacharelado),Darcy Ribeiro,Diurno,CN,6,98.296,98.904,28.704,27.683,6.56794,5.65523,8.455,6.934,3.7405,6.935,-4.472321,-3.331429
Ciência da Computação (Bacharelado) | Darcy Ribeiro | Diurno | EP_R1_NPPI | EP=True | R=R1 | GE=NPPI | PCD=False | SM=1.5,129,Ciência da Computação (Bacharelado),Darcy Ribeiro,Diurno,EP_R1_NPPI,5,10.438,37.892,26.168,29.532,3.21626,-10.1388,8.671,-0.32,-40.803,-23.11233,-16.316571,-16.0975
Ciência da Computação (Bacharelado) | Darcy Ribeiro | Diurno | EP_R1_NPPIQ | EP=True | R=R1 | GE=NPPIQ | PCD=False | SM=1.0,130,Ciência da Computação (Bacharelado),Darcy Ribeiro,Diurno,EP_R1_NPPIQ,1,-38.263,32.989,0.0,0.0,,,0.0,0.0,,,,
Ciência da Computação (Bacharelado) | Darcy Ribeiro | Diurno | EP_R1_PPI | EP=True | R=R1 | GE=PPI | PCD=False | SM=1.5,131,Ciência da Computação (Bacharelado),Darcy Ribeiro,Diurno,EP_R1_PPI,5,-6.992,15.317,13.971,28.291,-3.89389,-15.31311,1.117,-5.543,-18.04233,-32.115,-9.283143,-11.664357
Ciência da Computação (Bacharelado) | Darcy Ribeiro | Diurno | EP_R1_PPIQ | EP=True | R=R1 | GE=PPIQ | PCD=False | SM=1.0,132,Ciência da Computação (Bacharelado),Darcy Ribeiro,Diurno,EP_R1_PPIQ,1,0.178,0.178,0.0,0.0,,,0.0,0.0,,,,
Ciência da Computação (Bacharelado) | Darcy Ribeiro | Diurno | EP_R2_NPPI | EP=True | R=R2 | GE=NPPI | PCD=False | SM=1.5,133,Ciência da Computação (Bacharelado),Darcy Ribeiro,Diurno,EP_R2_NPPI,5,96.767,122.071,30.765,37.917,-0.56649,-19.92403,8.512,-6.318,-44.91667,-24.393,-22.223143,-17.411214
Ciência da Computação (Bacharelado) | Darcy Ribeiro | Diurno | EP_R2_NPPIQ | EP=True | R=R2 | GE=NPPIQ | PCD=False | SM=1.0,134,Ciência da Computação (Bacharelado),Darcy Ribeiro,Diurno,EP_R2_NPPIQ,1,118.288,118.288,0.0,0.0,,,0.0,0.0,,,,
Ciência da Computação (Bacharelado) | Darcy Ribeiro | Diurno | EP_R2_NPPIQ_PCD | EP=True | R=R2 | GE=NPPIQ | PCD=True | SM=1.0,135,Ciência da Computação (Bacharelado),Darcy Ribeiro,Diurno,EP_R2_NPPIQ_PCD,1,42.861,42.861,0.0,0.0,,,0.0,0.0,,,,
Ciência da Computação (Bacharelado) | Darcy Ribeiro | Diurno | EP_R2_NPPI_PCD | EP=True | R=R2 | GE=NPPI | PCD=True | SM=1.5,136,Ciência da Computação (Bacharelado),Darcy Ribeiro,Diurno,EP_R2_NPPI_PCD,1,-10.517,-10.517,0.0,0.0,,,0.0,0.0,,,,
Ciência da Computação (Bacharelado) | Darcy Ribeiro | Diurno | EP_R2_PPI | EP=True | R=R2 | GE=PPI | PCD=False | SM=1.5,137,Ciência da Computação (Bacharelado),Darcy Ribeiro,Diurno,EP_R2_PPI,5,22.615,55.718,26.848,26.874,-9.21697,-8.561,-1.634,-2.384,-27.782,-26.60133,-11.277286,-8.309
Ciência da Computação (Bacharelado) | Darcy Ribeiro | Diurno | EP_R2_PPIQ | EP=True | R=R2 | GE=PPIQ | PCD=False | SM=1.0,138,Ciência da Computação (Bacharelado),Darcy Ribeiro,Diurno,EP_R2_PPIQ,1,48.884,74.724,0.0,0.0,,,0.0,0.0,,,,
Ciência da Computação (Bacharelado) | Darcy Ribeiro | Diurno | EP_R2_PPI_PCD | EP=True | R=R2 | GE=PPI | PCD=True | SM=1.5,139,Ciência da Computação (Bacharelado),Darcy Ribeiro,Diurno,EP_R2_PPI_PCD,1,-13.051,-13.051,0.0,0.0,,,0.0,0.0,,,,
Ciências Ambientais (Bacharelado) | Darcy Ribeiro | Noturno | AC | EP=False | R=NA | GE=NA | PCD=False | SM=NA,140,Ciências Ambientais (Bacharelado),Darcy Ribeiro,Noturno,AC,5,-65.946,18.309,14.061,41.662,4.33615,-18.75285,4.281,-12.311,-10.79433,-40.182,-0.944985,-3.579882
Ciências Ambientais (Bacharelado) | Darcy Ribeiro | Noturno | CN | EP=False | R=NA | GE=NEGROS | PCD=False | SM=NA,141,Ciências Ambientais (Bacharelado),Darcy Ribeiro,Noturno,CN,4,-34.12,-33.635,9.151,9.202,-5.7184,-6.6892,-1.791,-2.519,-10.6815,-8.2545,-5.34075,-4.12725
Ciências Ambientais (Bacharelado) | Darcy Ribeiro | Noturno | EP_R1_NPPI | EP=True | R=R1 | GE=NPPI | PCD=False | SM=1.5,142,Ciências Ambientais (Bacharelado),Darcy Ribeiro,Noturno,EP_R1_NPPI,1,-6.827,-6.827,0.0,0.0,,,0.0,0.0,,,,
Ciências Ambientais (Bacharelado) | Darcy Ribeiro | Noturno | EP_R2_NPPI | EP=True | R=R2 | GE=NPPI | PCD=False | SM=1.5,143,Ciências Ambientais (Bacharelado),Darcy Ribeiro,Noturno,EP_R2_NPPI,3,-7.624,2.848,38.617,31.333,2.71905,3.33183,3.364,3.286,-171.109,-139.461,-41.095167,-33.222
Ciências Ambientais (Bacharelado) | Darcy Ribeiro | Noturno | EP_R2_PPI | EP=True | R=R2 | GE=PPI | PCD=False | SM=1.5,144,Ciências Ambientais (Bacharelado),Darcy Ribeiro,Noturno,EP_R2_PPI,4,-37.901,-34.717,16.005,14.535,-5.4752,-10.817,0.694,-3.226,-34.32,-21.8205,-17.16,-10.91025
Ciências Contábeis (Bacharelado) | Darcy Ribeiro | Diurno | AC | EP=False | R=NA | GE=NA | PCD=False | SM=NA,145,Ciências Contábeis (Bacharelado),Darcy Ribeiro,Diurno,AC,6,-18.627,56.8,50.727,37.99,0.00823,-3.79467,3.356,-4.095,7.266,24.75625,-5.023214,1.399161
Ciências Contábeis (Bacharelado) | Darcy Ribeiro | Noturno | AC | EP=False | R=NA | GE=NA | PCD=False | SM=NA,146,Ciências Contábeis (Bacharelado),Darcy Ribeiro,Noturno,AC,5,-47.586,40.285,20.897,6.039,5.0688,-3.1488,2.523,-1.692,-3.27067,-5.10133,1.68925,-1.003088
Ciências Contábeis (Bacharelado) | Darcy Ribeiro | Diurno | CN | EP=False | R=NA | GE=NEGROS | PCD=False | SM=NA,147,Ciências Contábeis (Bacharelado),Darcy Ribeiro,Diurno,CN,5,-5.316,12.597,19.751,7.996,0.51058,0.35797,-0.493,0.195,20.071,-4.4365,1.053896,-0.739417
Ciências Contábeis (Bacharelado) | Darcy Ribeiro | Noturno | CN | EP=False | R=NA | GE=NEGROS | PCD=False | SM=NA,148,Ciências Contábeis (Bacharelado),Darcy Ribeiro,Noturno,CN,3,-44.23,-16.247,22.833,18.648,-4.7363,-9.8889,-6.395,-8.295,97.109,51.077,12.138625,6.384625
Ciências Contábeis (Bacharelado) | Darcy Ribeiro | Diurno | EP_R1_NPPI | EP=True | R=R1 | GE=NPPI | PCD=False | SM=1.5,149,Ciências Contábeis (Bacharelado),Darcy Ribeiro,Diurno,EP_R1_NPPI,3,-42.288,28.397,7.046,17.388,-5.52007,17.3272,-2.559,8.988,-11.381,-3.243,-4.124667,-1.6215
Ciências Contábeis (Bacharelado) | Darcy Ribeiro | Noturno | EP_R1_NPPI | EP=True | R=R1 | GE=NPPI | PCD=False | SM=1.5,150,Ciências Contábeis (Bacharelado),Darcy Ribeiro,Noturno,EP_R1_NPPI,3,-57.206,-26.005,3.515,15.828,1.16175,1.10626,-0.156,4.164,15.313,-68.216,3.906333,-19.135833
Ciências Contábeis (Bacharelado) | Darcy Ribeiro | Diurno | EP_R1_NPPIQ | EP=True | R=R1 | GE=NPPIQ | PCD=False | SM=1.0,151,Ciências Contábeis (Bacharelado),Darcy Ribeiro,Diurno,EP_R1_NPPIQ,1,-24.064,-24.064,0.0,0.0,,,0.0,0.0,,,,
Ciências Contábeis (Bacharelado) | Darcy Ribeiro | Diurno | EP_R1_PPI | EP=True | R=R1 | GE=PPI | PCD=False | SM=1.5,152,Ciências Contábeis (Bacharelado),Darcy Ribeiro,Diurno,EP_R1_PPI,2,-54.971,-42.77,6.91,25.938,-14.658,-32.2128,-2.443,-12.201,,43.887,,21.9435
Ciências Contábeis (Bacharelado) | Darcy Ribeiro | Noturno | EP_R1_PPI | EP=True | R=R1 | GE=PPI | PCD=False | SM=1.5,153,Ciências Contábeis (Bacharelado),Darcy Ribeiro,Noturno,EP_R1_PPI,2,-15.913,-11.883,24.613,18.914,52.212,40.123,8.702,6.687,,,,
Ciências Contábeis (Bacharelado) | Darcy Ribeiro | Diurno | EP_R2_NPPI | EP=True | R=R2 | GE=NPPI | PCD=False | SM=1.5,154,Ciências Contábeis (Bacharelado),Darcy Ribeiro,Diurno,EP_R2_NPPI,4,-54.052,7.356,19.755,43.312,-14.7464,-16.50449,-8.497,-4.755,-10.879,-34.62067,-5.016364,-15.619643
Ciências Contábeis (Bacharelado) | Darcy Ribeiro | Noturno | EP_R2_NPPI | EP=True | R=R2 | GE=NPPI | PCD=False | SM=1.5,155,Ciências Contábeis (Bacharelado),Darcy Ribeiro,Noturno,EP_R2_NPPI,3,-67.116,-7.878,6.916,27.476,6.2888,26.0044,1.338,11.571,22.743,-87.091,11.3715,-43.5455
Ciências Contábeis (Bacharelado) | Darcy Ribeiro | Diurno | EP_R2_NPPIQ | EP=True | R=R2 | GE=NPPIQ | PCD=False | SM=1.0,156,Ciências Contábeis (Bacharelado),Darcy Ribeiro,Diurno,EP_R2_NPPIQ,1,-50.333,11.211,0.0,0.0,,,0.0,0.0,,,,
Ciências Contábeis (Bacharelado) | Darcy Ribeiro | Noturno | EP_R2_NPPIQ | EP=True | R=R2 | GE=NPPIQ | PCD=False | SM=1.0,157,Ciências Contábeis (Bacharelado),Darcy Ribeiro,Noturno,EP_R2_NPPIQ,1,-36.706,-21.206,0.0,0.0,,,0.0,0.0,,,,
Ciências Contábeis (Bacharelado) | Darcy Ribeiro | Diurno | EP_R2_PPI | EP=True | R=R2 | GE=PPI | PCD=False | SM=1.5,158,Ciências Contábeis (Bacharelado),Darcy Ribeiro,Diurno,EP_R2_PPI,3,-30.644,9.982,9.143,30.116,7.628,-21.697,3.597,-10.579,10.572,-2.6935,4.441667,-1.34675
Ciências Contábeis (Bacharelado) | Darcy Ribeiro | Noturno | EP_R2_PPI | EP=True | R=R2 | GE=PPI | PCD=False | SM=1.5,159,Ciências Contábeis (Bacharelado),Darcy Ribeiro,Noturno,EP_R2_PPI,4,-42.163,-1.891,11.397,9.461,6.3186,-3.0686,1.21,0.03,19.493,-15.647,9.7465,-7.8235
Ciências Contábeis (Bacharelado) | Darcy Ribeiro | Diurno | EP_R2_PPIQ | EP=True | R=R2 | GE=PPIQ | PCD=False | SM=1.0,160,Ciências Contábeis (Bacharelado),Darcy Ribeiro,Diurno,EP_R2_PPIQ,1,-81.153,-5.417,0.0,0.0,,,0.0,0.0,,,,
Ciências Contábeis (Bacharelado) | Darcy Ribeiro | Noturno | EP_R2_PPIQ | EP=True | R=R2 | GE=PPIQ | PCD=False | SM=1.0,161,Ciências Contábeis (Bacharelado),Darcy Ribeiro,Noturno,EP_R2_PPIQ,1,-72.809,-37.134,0.0,0.0,,,0.0,0.0,,,,
Ciências Econômicas (Bacharelado) | Darcy Ribeiro | Diurno | AC | EP=False | R=NA | GE=NA | PCD=False | SM=NA,162,Ciências Econômicas (Bacharelado),Darcy Ribeiro,Diurno,AC,6,83.721,127.169,22.843,32.201,1.77267,-9.74391,4.329,-9.519,-1.17575,27.351,-4.278054,1.868879
Ciências Econômicas (Bacharelado) | Darcy Ribeiro | Diurno | CN | EP=False | R=NA | GE=NEGROS | PCD=False | SM=NA,163,Ciências Econômicas (Bacharelado),Darcy Ribeiro,Diurno,CN,6,49.066,49.181,26.96,26.979,9.11793,8.94507,3.909,3.62,19.46925,20.07425,5.534661,5.750732
Ciências Econômicas (Bacharelado) | Darcy Ribeiro | Diurno | EP_R1_NPPI | EP=True | R=R1 | GE=NPPI | PCD=False | SM=1.5,164,Ciências Econômicas (Bacharelado),Darcy Ribeiro,Diurno,EP_R1_NPPI,5,-38.023,0.206,22.812,41.747,-7.50251,-21.63994,-3.366,-10.267,7.375,-18.43,-4.089357,-10.398071
Ciências Econômicas (Bacharelado) | Darcy Ribeiro | Diurno | EP_R1_NPPIQ | EP=True | R=R1 | GE=NPPIQ | PCD=False | SM=1.0,165,Ciências Econômicas (Bacharelado),Darcy Ribeiro,Diurno,EP_R1_NPPIQ,1,-30.927,-30.927,0.0,0.0,,,0.0,0.0,,,,
Ciências Econômicas (Bacharelado) | Darcy Ribeiro | Diurno | EP_R1_PPI | EP=True | R=R1 | GE=PPI | PCD=False | SM=1.5,166,Ciências Econômicas (Bacharelado),Darcy Ribeiro,Diurno,EP_R1_PPI,3,-19.306,44.227,8.672,25.224,11.3642,33.6096,3.511,10.764,8.322,13.166,4.161,6.583
Ciências Econômicas (Bacharelado) | Darcy Ribeiro | Diurno | EP_R2_NPPI | EP=True | R=R2 | GE=NPPI | PCD=False | SM=1.5,167,Ciências Econômicas (Bacharelado),Darcy Ribeiro,Diurno,EP_R2_NPPI,5,-4.996,46.998,53.056,53.219,-28.11391,-27.89169,-8.008,-11.104,-43.82,-25.793,-26.837357,-18.726143
Ciências Econômicas (Bacharelado) | Darcy Ribeiro | Diurno | EP_R2_NPPIQ | EP=True | R=R2 | GE=NPPIQ | PCD=False | SM=1.0,168,Ciências Econômicas (Bacharelado),Darcy Ribeiro,Diurno,EP_R2_NPPIQ,1,18.823,94.124,0.0,0.0,,,0.0,0.0,,,,
Ciências Econômicas (Bacharelado) | Darcy Ribeiro | Diurno | EP_R2_PPI | EP=True | R=R2 | GE=PPI | PCD=False | SM=1.5,169,Ciências Econômicas (Bacharelado),Darcy Ribeiro,Diurno,EP_R2_PPI,4,-35.121,39.476,7.985,23.238,2.9888,8.0658,2.553,3.072,-10.583,9.612,-5.2915,4.806
Ciências Econômicas (Bacharelado) | Darcy Ribeiro | Diurno | EP_R2_PPIQ | EP=True | R=R2 | GE=PPIQ | PCD=False | SM=1.0,170,Ciências Econômicas (Bacharelado),Darcy Ribeiro,Diurno,EP_R2_PPIQ,1,-17.699,30.922,0.0,0.0,,,0.0,0.0,,,,
Ciências Naturais (Licenciatura) | Planaltina | Diurno | AC | EP=False | R=NA | GE=NA | PCD=False | SM=NA,171,Ciências Naturais (Licenciatura),Planaltina,Diurno,AC,5,-79.767,-1.254,5.134,34.1,0.20922,11.3553,0.052,10.113,4.545,24.66367,0.120823,-1.080297
Ciências Naturais (Licenciatura) | Planaltina | Noturno | AC | EP=False | R=NA | GE=NA | PCD=False | SM=NA,172,Ciências Naturais (Licenciatura),Planaltina,Noturno,AC,3,-59.759,-12.085,8.928,22.159,11.9172,21.6044,4.106,4.932,-4.018,68.074,-2.009,34.037
Ciências Naturais (Licenciatura) | Planaltina | Noturno | CN | EP=False | R=NA | GE=NEGROS | PCD=False | SM=NA,173,Ciências Naturais (Licenciatura),Planaltina,Noturno,CN,1,-90.203,-90.203,0.0,0.0,,,0.0,0.0,,,,
Ciências Naturais (Licenciatura) | Planaltina | Diurno | EP_R1_PPI | EP=True | R=R1 | GE=PPI | PCD=False | SM=1.5,174,Ciências Naturais (Licenciatura),Planaltina,Diurno,EP_R1_PPI,2,-39.639,-39.639,14.217,14.217,-30.158,-30.158,-5.026,-5.026,,,,
Ciências Naturais (Licenciatura) | Planaltina | Diurno | EP_R2_PPI | EP=True | R=R2 | GE=PPI | PCD=False | SM=1.5,175,Ciências Naturais (Licenciatura),Planaltina,Diurno,EP_R2_PPI,2,-37.089,-26.855,0.746,13.727,0.791,-14.56,0.264,-4.853,,,,
Ciências Naturais (Licenciatura) | Planaltina | Noturno | EP_R2_PPI | EP=True | R=R2 | GE=PPI | PCD=False | SM=1.5,176,Ciências Naturais (Licenciatura),Planaltina,Noturno,EP_R2_PPI,1,-37.156,-37.156,0.0,0.0,,,0.0,0.0,,,,
Ciências Sociais – Antropologia/ Sociologia (Bacharelado/Licenciatura) | Darcy Ribeiro | Diurno | AC | EP=False | R=NA | GE=NA | PCD=False | SM=NA,177,Ciências Sociais – Antropologia/ Sociologia (Bacharelado/Licenciatura),Darcy Ribeiro,Diurno,AC,5,-9.264,73.871,19.65,8.426,1.0474,-2.07897,7.154,-0.525,-34.511,-11.544,-7.893377,-1.470814
Ciências Sociais – Antropologia/ Sociologia (Bacharelado/Licenciatura) | Darcy Ribeiro | Diurno | CN | EP=False | R=NA | GE=NEGROS | PCD=False | SM=NA,178,Ciências Sociais – Antropologia/ Sociologia (Bacharelado/Licenciatura),Darcy Ribeiro,Diurno,CN,5,-22.368,-1.061,16.208,22.602,-5.5295,-11.07983,-4.976,-6.44,-9.521,-12.21867,0.755837,-2.862775
Ciências Sociais – Antropologia/ Sociologia (Bacharelado/Licenciatura) | Darcy Ribeiro | Diurno | EP_R1_NPPI | EP=True | R=R1 | GE=NPPI | PCD=False | SM=1.5,179,Ciências Sociais – Antropologia/ Sociologia (Bacharelado/Licenciatura),Darcy Ribeiro,Diurno,EP_R1_NPPI,4,-57.974,-1.125,12.907,10.631,-7.8658,-1.0876,-2.594,-1.245,-13.3855,7.0155,-6.69275,3.50775
Ciências Sociais – Antropologia/ Sociologia (Bacharelado/Licenciatura) | Darcy Ribeiro | Diurno | EP_R1_NPPIQ | EP=True | R=R1 | GE=NPPIQ | PCD=False | SM=1.0,180,Ciências Sociais – Antropologia/ Sociologia (Bacharelado/Licenciatura),Darcy Ribeiro,Diurno,EP_R1_NPPIQ,1,-30.926,-30.926,0.0,0.0,,,0.0,0.0,,,,
Ciências Sociais – Antropologia/ Sociologia (Bacharelado/Licenciatura) | Darcy Ribeiro | Diurno | EP_R1_PPI | EP=True | R=R1 | GE=PPI | PCD=False | SM=1.5,181,Ciências Sociais – Antropologia/ Sociologia (Bacharelado/Licenciatura),Darcy Ribeiro,Diurno,EP_R1_PPI,4,-53.288,-25.696,13.206,13.295,-1.455,-9.9282,2.247,-6.799,-29.749,18.3485,-14.8745,9.17425
Ciências Sociais – Antropologia/ Sociologia (Bacharelado/Licenciatura) | Darcy Ribeiro | Diurno | EP_R2_NPPI | EP=True | R=R2 | GE=NPPI | PCD=False | SM=1.5,182,Ciências Sociais – Antropologia/ Sociologia (Bacharelado/Licenciatura),Darcy Ribeiro,Diurno,EP_R2_NPPI,4,-37.318,38.914,7.835,17.541,2.0762,5.8018,0.655,5.649,3.8345,-27.481,1.91725,-13.7405
Ciências Sociais – Antropologia/ Sociologia (Bacharelado/Licenciatura) | Darcy Ribeiro | Diurno | EP_R2_NPPIQ | EP=True | R=R2 | GE=NPPIQ | PCD=False | SM=1.0,183,Ciências Sociais – Antropologia/ Sociologia (Bacharelado/Licenciatura),Darcy Ribeiro,Diurno,EP_R2_NPPIQ,1,-91.423,-6.3,0.0,0.0,,,0.0,0.0,,,,
Ciências Sociais – Antropologia/ Sociologia (Bacharelado/Licenciatura) | Darcy Ribeiro | Diurno | EP_R2_NPPIQ_PCD | EP=True | R=R2 | GE=NPPIQ | PCD=True | SM=1.0,184,Ciências Sociais – Antropologia/ Sociologia (Bacharelado/Licenciatura),Darcy Ribeiro,Diurno,EP_R2_NPPIQ_PCD,1,-32.205,-32.205,0.0,0.0,,,0.0,0.0,,,,
Ciências Sociais – Antropologia/ Sociologia (Bacharelado/Licenciatura) | Darcy Ribeiro | Diurno | EP_R2_PPI | EP=True | R=R2 | GE=PPI | PCD=False | SM=1.5,185,Ciências Sociais – Antropologia/ Sociologia (Bacharelado/Licenciatura),Darcy Ribeiro,Diurno,EP_R2_PPI,4,-67.615,8.09,9.882,12.553,3.4748,0.872,0.152,1.941,15.8525,-15.051,7.92625,-7.5255
Ciências Sociais – Antropologia/ Sociologia (Bacharelado/Licenciatura) | Darcy Ribeiro | Diurno | EP_R2_PPIQ | EP=True | R=R2 | GE=PPIQ | PCD=False | SM=1.0,186,Ciências Sociais – Antropologia/ Sociologia (Bacharelado/Licenciatura),Darcy Ribeiro,Diurno,EP_R2_PPIQ,1,-70.919,-49.487,0.0,0.0,,,0.0,0.0,,,,
Computação (Licenciatura) | Darcy Ribeiro | Noturno | AC | EP=False | R=NA | GE=NA | PCD=False | SM=NA,187,Computação (Licenciatura),Darcy Ribeiro,Noturno,AC,6,-43.313,33.059,38.846,45.381,-2.32144,-9.83924,2.243,-7.825,1.84575,29.85075,-6.266518,-0.561161
Computação (Licenciatura) | Darcy Ribeiro | Noturno | CN | EP=False | R=NA | GE=NEGROS | PCD=False | SM=NA,188,Computação (Licenciatura),Darcy Ribeiro,Noturno,CN,4,-11.863,-11.863,35.731,35.731,-0.44098,-0.44098,1.892,1.892,0.4155,0.4155,-3.932705,-3.932705
Computação (Licenciatura) | Darcy Ribeiro | Noturno | EP_R1_NPPI | EP=True | R=R1 | GE=NPPI | PCD=False | SM=1.5,189,Computação (Licenciatura),Darcy Ribeiro,Noturno,EP_R1_NPPI,1,-65.745,-51.109,0.0,0.0,,,0.0,0.0,,,,
Computação (Licenciatura) | Darcy Ribeiro | Noturno | EP_R1_PPI | EP=True | R=R1 | GE=PPI | PCD=False | SM=1.5,190,Computação (Licenciatura),Darcy Ribeiro,Noturno,EP_R1_PPI,4,-29.575,-24.458,36.293,34.292,6.695,6.695,-4.728,-3.875,80.75,72.222,40.375,36.111
Computação (Licenciatura) | Darcy Ribeiro | Noturno | EP_R2_NPPI | EP=True | R=R2 | GE=NPPI | PCD=False | SM=1.5,191,Computação (Licenciatura),Darcy Ribeiro,Noturno,EP_R2_NPPI,4,-40.716,-16.402,15.283,20.05,-3.1608,3.1814,-1.48,-1.643,-1.005,32.3405,-0.5025,16.17025
Computação (Licenciatura) | Darcy Ribeiro | Noturno | EP_R2_NPPIQ | EP=True | R=R2 | GE=NPPIQ | PCD=False | SM=1.0,192,Computação (Licenciatura),Darcy Ribeiro,Noturno,EP_R2_NPPIQ,1,-44.036,-4.601,0.0,0.0,,,0.0,0.0,,,,
Computação (Licenciatura) | Darcy Ribeiro | Noturno | EP_R2_NPPI_PCD | EP=True | R=R2 | GE=NPPI | PCD=True | SM=1.5,193,Computação (Licenciatura),Darcy Ribeiro,Noturno,EP_R2_NPPI_PCD,1,18.874,18.874,0.0,0.0,,,0.0,0.0,,,,
Computação (Licenciatura) | Darcy Ribeiro | Noturno | EP_R2_PPI | EP=True | R=R2 | GE=PPI | PCD=False | SM=1.5,194,Computação (Licenciatura),Darcy Ribeiro,Noturno,EP_R2_PPI,2,-73.974,-21.458,16.082,16.029,-34.115,34.002,-5.686,5.667,,,,
Comunicação Organizacional (Bacharelado) | Darcy Ribeiro | Noturno | AC | EP=False | R=NA | GE=NA | PCD=False | SM=NA,195,Comunicação Organizacional (Bacharelado),Darcy Ribeiro,Noturno,AC,6,-34.081,40.534,39.827,33.768,3.5924,-3.00334,2.341,-4.798,15.8425,20.9515,0.978964,3.442679
Comunicação Organizacional (Bacharelado) | Darcy Ribeiro | Noturno | CN | EP=False | R=NA | GE=NEGROS | PCD=False | SM=NA,196,Comunicação Organizacional (Bacharelado),Darcy Ribeiro,Noturno,CN,5,-12.381,-9.286,30.21,29.435,8.07662,4.5946,9.55,3.36,13.78667,29.26233,-3.741191,0.532281
Comunicação Organizacional (Bacharelado) | Darcy Ribeiro | Noturno | EP_R2_NPPI | EP=True | R=R2 | GE=NPPI | PCD=False | SM=1.5,197,Comunicação Organizacional (Bacharelado),Darcy Ribeiro,Noturno,EP_R2_NPPI,4,-46.111,-45.243,10.92,10.799,-7.9022,-8.7702,-4.186,-4.403,2.347,0.177,1.1735,0.0885
Comunicação Organizacional (Bacharelado) | Darcy Ribeiro | Noturno | EP_R2_NPPIQ | EP=True | R=R2 | GE=NPPIQ | PCD=False | SM=1.0,198,Comunicação Organizacional (Bacharelado),Darcy Ribeiro,Noturno,EP_R2_NPPIQ,1,-83.245,15.877,0.0,0.0,,,0.0,0.0,,,,
Comunicação Organizacional (Bacharelado) | Darcy Ribeiro | Noturno | EP_R2_PPI | EP=True | R=R2 | GE=PPI | PCD=False | SM=1.5,199,Comunicação Organizacional (Bacharelado),Darcy Ribeiro,Noturno,EP_R2_PPI,2,-56.598,-17.537,14.125,4.163,29.964,8.831,4.994,1.472,,,,
Comunicação Organizacional (Bacharelado) | Darcy Ribeiro | Noturno | EP_R2_PPIQ | EP=True | R=R2 | GE=PPIQ | PCD=False | SM=1.0,200,Comunicação Organizacional (Bacharelado),Darcy Ribeiro,Noturno,EP_R2_PPIQ,1,-49.545,-18.438,0.0,0.0,,,0.0,0.0,,,,
Comunicação Social - Publicidade e Propaganda (Bacharelado) | Darcy Ribeiro | Diurno | AC | EP=False | R=NA | GE=NA | PCD=False | SM=NA,201,Comunicação Social - Publicidade e Propaganda (Bacharelado),Darcy Ribeiro,Diurno,AC,6,57.484,79.983,12.227,22.588,-3.0969,-6.34041,-0.84,-5.942,-4.62425,4.30033,-2.611161,-0.681946
Comunicação Social - Publicidade e Propaganda (Bacharelado) | Darcy Ribeiro | Diurno | CN | EP=False | R=NA | GE=NEGROS | PCD=False | SM=NA,202,Comunicação Social - Publicidade e Propaganda (Bacharelado),Darcy Ribeiro,Diurno,CN,6,28.816,29.465,43.112,43.365,-7.49256,-8.4672,-5.126,-6.75,23.53275,26.944,-1.677232,-0.458929
Comunicação Social - Publicidade e Propaganda (Bacharelado) | Darcy Ribeiro | Diurno | EP_R1_NPPI | EP=True | R=R1 | GE=NPPI | PCD=False | SM=1.5,203,Comunicação Social - Publicidade e Propaganda (Bacharelado),Darcy Ribeiro,Diurno,EP_R1_NPPI,4,-0.676,4.548,28.365,23.156,20.6924,10.2448,10.256,2.42,0.9005,27.0195,0.45025,13.50975
Comunicação Social - Publicidade e Propaganda (Bacharelado) | Darcy Ribeiro | Diurno | EP_R1_NPPIQ | EP=True | R=R1 | GE=NPPIQ | PCD=False | SM=1.0,204,Comunicação Social - Publicidade e Propaganda (Bacharelado),Darcy Ribeiro,Diurno,EP_R1_NPPIQ,1,-29.329,-29.329,0.0,0.0,,,0.0,0.0,,,,
Comunicação Social - Publicidade e Propaganda (Bacharelado) | Darcy Ribeiro | Diurno | EP_R1_PPI | EP=True | R=R1 | GE=PPI | PCD=False | SM=1.5,205,Comunicação Social - Publicidade e Propaganda (Bacharelado),Darcy Ribeiro,Diurno,EP_R1_PPI,4,-12.169,7.213,11.604,12.57,3.9312,-11.3654,4.2,-5.835,-22.3405,1.5265,-11.17025,0.76325
Comunicação Social - Publicidade e Propaganda (Bacharelado) | Darcy Ribeiro | Diurno | EP_R2_NPPI | EP=True | R=R2 | GE=NPPI | PCD=False | SM=1.5,206,Comunicação Social - Publicidade e Propaganda (Bacharelado),Darcy Ribeiro,Diurno,EP_R2_NPPI,5,12.95,25.155,44.869,34.173,-20.94697,-14.13909,-3.754,-1.234,-47.89333,-37.57167,-25.526786,-20.479643
Comunicação Social - Publicidade e Propaganda (Bacharelado) | Darcy Ribeiro | Diurno | EP_R2_NPPIQ | EP=True | R=R2 | GE=NPPIQ | PCD=False | SM=1.0,207,Comunicação Social - Publicidade e Propaganda (Bacharelado),Darcy Ribeiro,Diurno,EP_R2_NPPIQ,1,50.59,50.59,0.0,0.0,,,0.0,0.0,,,,
Comunicação Social - Publicidade e Propaganda (Bacharelado) | Darcy Ribeiro | Diurno | EP_R2_PPI | EP=True | R=R2 | GE=PPI | PCD=False | SM=1.5,208,Comunicação Social - Publicidade e Propaganda (Bacharelado),Darcy Ribeiro,Diurno,EP_R2_PPI,4,-28.571,-5.107,39.047,58.039,-27.5756,-42.8402,-7.851,-13.216,-59.371,-82.0445,-29.6855,-41.02225
Comunicação Social - Publicidade e Propaganda (Bacharelado) | Darcy Ribeiro | Diurno | EP_R2_PPIQ | EP=True | R=R2 | GE=PPIQ | PCD=False | SM=1.0,209,Comunicação Social - Publicidade e Propaganda (Bacharelado),Darcy Ribeiro,Diurno,EP_R2_PPIQ,1,-41.458,-16.426,0.0,0.0,,,0.0,0.0,,,,
Comunicação Social – Audiovisual (Bacharelado) | Darcy Ribeiro | Diurno | AC | EP=False | R=NA | GE=NA | PCD=False | SM=NA,210,Comunicação Social – Audiovisual (Bacharelado),Darcy Ribeiro,Diurno,AC,6,62.352,111.517,15.094,38.733,-1.38796,-3.81983,0.27,-4.686,3.24925,3.816,-2.140196,-1.320018
Comunicação Social – Audiovisual (Bacharelado) | Darcy Ribeiro | Diurno | CN | EP=False | R=NA | GE=NEGROS | PCD=False | SM=NA,211,Comunicação Social – Audiovisual (Bacharelado),Darcy Ribeiro,Diurno,CN,6,-12.342,-12.342,32.818,32.818,-13.27171,-13.27171,-4.023,-4.023,-38.9385,-38.9385,-10.555321,-10.555321
Comunicação Social – Audiovisual (Bacharelado) | Darcy Ribeiro | Diurno | EP_R1_NPPI | EP=True | R=R1 | GE=NPPI | PCD=False | SM=1.5,212,Comunicação Social – Audiovisual (Bacharelado),Darcy Ribeiro,Diurno,EP_R1_NPPI,2,-20.198,-4.616,19.698,8.68,-41.786,-18.412,-6.964,-3.069,,,,
Comunicação Social – Audiovisual (Bacharelado) | Darcy Ribeiro | Diurno | EP_R1_PPI | EP=True | R=R1 | GE=PPI | PCD=False | SM=1.5,213,Comunicação Social – Audiovisual (Bacharelado),Darcy Ribeiro,Diurno,EP_R1_PPI,3,-27.306,-17.663,10.376,15.737,13.107,-5.2474,3.848,-4.022,15.635,68.171,7.8175,34.0855
Comunicação Social – Audiovisual (Bacharelado) | Darcy Ribeiro | Diurno | EP_R2_NPPI | EP=True | R=R2 | GE=NPPI | PCD=False | SM=1.5,214,Comunicação Social – Audiovisual (Bacharelado),Darcy Ribeiro,Diurno,EP_R2_NPPI,5,-20.194,27.69,17.97,31.477,-8.72506,-3.92271,-2.007,0.713,-16.62,-36.73833,-9.524429,-8.319857
Comunicação Social – Audiovisual (Bacharelado) | Darcy Ribeiro | Diurno | EP_R2_NPPIQ | EP=True | R=R2 | GE=NPPIQ | PCD=False | SM=1.0,215,Comunicação Social – Audiovisual (Bacharelado),Darcy Ribeiro,Diurno,EP_R2_NPPIQ,1,41.977,41.977,0.0,0.0,,,0.0,0.0,,,,
Comunicação Social – Audiovisual (Bacharelado) | Darcy Ribeiro | Diurno | EP_R2_PPI | EP=True | R=R2 | GE=PPI | PCD=False | SM=1.5,216,Comunicação Social – Audiovisual (Bacharelado),Darcy Ribeiro,Diurno,EP_R2_PPI,3,-45.947,-18.601,17.942,45.771,-21.7578,-50.3452,-6.108,-12.875,-34.328,-117.207,-17.164,-58.6035
Comunicação Social – Audiovisual (Bacharelado) | Darcy Ribeiro | Diurno | EP_R2_PPIQ | EP=True | R=R2 | GE=PPIQ | PCD=False | SM=1.0,217,Comunicação Social – Audiovisual (Bacharelado),Darcy Ribeiro,Diurno,EP_R2_PPIQ,1,-32.295,26.778,0.0,0.0,,,0.0,0.0,,,,
Comunicação Social – Audiovisual (Bacharelado) | Darcy Ribeiro | Diurno | EP_R2_PPI_PCD | EP=True | R=R2 | GE=PPI | PCD=True | SM=1.5,218,Comunicação Social – Audiovisual (Bacharelado),Darcy Ribeiro,Diurno,EP_R2_PPI_PCD,1,-6.39,-6.39,0.0,0.0,,,0.0,0.0,,,,
Design – Programação Visual/Projeto do Produto (Bacharelado) | Darcy Ribeiro | Diurno | AC | EP=False | R=NA | GE=NA | PCD=False | SM=NA,219,Design – Programação Visual/Projeto do Produto (Bacharelado),Darcy Ribeiro,Diurno,AC,6,74.469,99.42,12.135,17.653,0.11289,-2.49569,-1.079,-3.899,7.8525,17.302,1.759607,2.728571
Design – Programação Visual/Projeto do Produto (Bacharelado) | Darcy Ribeiro | Diurno | CN | EP=False | R=NA | GE=NEGROS | PCD=False | SM=NA,220,Design – Programação Visual/Projeto do Produto (Bacharelado),Darcy Ribeiro,Diurno,CN,6,0.663,1.881,50.653,51.087,-12.85686,-14.684,-7.383,-10.429,16.9915,23.3865,-4.996107,-2.712179
Design – Programação Visual/Projeto do Produto (Bacharelado) | Darcy Ribeiro | Diurno | EP_R1_NPPI | EP=True | R=R1 | GE=NPPI | PCD=False | SM=1.5,221,Design – Programação Visual/Projeto do Produto (Bacharelado),Darcy Ribeiro,Diurno,EP_R1_NPPI,5,-21.506,-20.618,38.574,38.897,-13.68369,-15.20586,-3.894,-5.67,-9.53167,-5.092,-13.070643,-11.167929
Design – Programação Visual/Projeto do Produto (Bacharelado) | Darcy Ribeiro | Diurno | EP_R1_NPPIQ | EP=True | R=R1 | GE=NPPIQ | PCD=False | SM=1.0,222,Design – Programação Visual/Projeto do Produto (Bacharelado),Darcy Ribeiro,Diurno,EP_R1_NPPIQ,1,-55.242,-7.149,0.0,0.0,,,0.0,0.0,,,,
Design – Programação Visual/Projeto do Produto (Bacharelado) | Darcy Ribeiro | Diurno | EP_R1_PPI | EP=True | R=R1 | GE=PPI | PCD=False | SM=1.5,223,Design – Programação Visual/Projeto do Produto (Bacharelado),Darcy Ribeiro,Diurno,EP_R1_PPI,4,-21.44,-6.553,9.67,6.343,9.3632,4.9696,4.221,1.796,4.6105,6.8845,2.30525,3.44225
Design – Programação Visual/Projeto do Produto (Bacharelado) | Darcy Ribeiro | Diurno | EP_R2_NPPI | EP=True | R=R2 | GE=NPPI | PCD=False | SM=1.5,224,Design – Programação Visual/Projeto do Produto (Bacharelado),Darcy Ribeiro,Diurno,EP_R2_NPPI,1,26.07,26.07,0.0,0.0,,,0.0,0.0,,,,
Design – Programação Visual/Projeto do Produto (Bacharelado) | Darcy Ribeiro | Diurno | EP_R2_PPI | EP=True | R=R2 | GE=PPI | PCD=False | SM=1.5,225,Design – Programação Visual/Projeto do Produto (Bacharelado),Darcy Ribeiro,Diurno,EP_R2_PPI,5,-27.073,-6.12,34.397,27.879,-22.52214,-19.1448,-10.561,-9.99,-32.63567,-14.439,-11.134571,-6.9325
Design – Programação Visual/Projeto do Produto (Bacharelado) | Darcy Ribeiro | Diurno | EP_R2_PPIQ | EP=True | R=R2 | GE=PPIQ | PCD=False | SM=1.0,226,Design – Programação Visual/Projeto do Produto (Bacharelado),Darcy Ribeiro,Diurno,EP_R2_PPIQ,1,-44.318,-44.259,0.0,0.0,,,0.0,0.0,,,,
Direito (Bacharelado) | Darcy Ribeiro | Diurno | AC | EP=False | R=NA | GE=NA | PCD=False | SM=NA,227,Direito (Bacharelado),Darcy Ribeiro,Diurno,AC,5,122.826,156.767,12.942,24.412,4.60191,-0.36547,3.295,-0.469,0.46967,7.757,-0.437556,-1.538703
Direito (Bacharelado) | Darcy Ribeiro | Noturno | AC | EP=False | R=NA | GE=NA | PCD=False | SM=NA,228,Direito (Bacharelado),Darcy Ribeiro,Noturno,AC,6,89.771,115.727,14.282,20.346,5.79626,-2.78297,5.99,-2.894,2.1335,13.301,-1.739107,0.116946
Direito (Bacharelado) | Darcy Ribeiro | Diurno | CN | EP=False | R=NA | GE=NEGROS | PCD=False | SM=NA,229,Direito (Bacharelado),Darcy Ribeiro,Diurno,CN,6,74.575,101.123,16.496,17.595,-0.78579,-1.34599,-0.108,-1.941,7.63225,10.77975,-0.820054,1.229554
Direito (Bacharelado) | Darcy Ribeiro | Noturno | CN | EP=False | R=NA | GE=NEGROS | PCD=False | SM=NA,230,Direito (Bacharelado),Darcy Ribeiro,Noturno,CN,6,55.534,76.537,20.728,25.981,5.44767,-3.81247,2.244,-3.187,13.23025,14.78475,3.444304,0.014911
Direito (Bacharelado) | Darcy Ribeiro | Diurno | EP_R1_NPPI | EP=True | R=R1 | GE=NPPI | PCD=False | SM=1.5,231,Direito (Bacharelado),Darcy Ribeiro,Diurno,EP_R1_NPPI,5,23.215,42.057,16.321,21.157,-9.75403,-13.58206,-4.428,-7.398,-6.67867,-9.42333,-5.187714,-4.141929
Direito (Bacharelado) | Darcy Ribeiro | Noturno | EP_R1_NPPI | EP=True | R=R1 | GE=NPPI | PCD=False | SM=1.5,232,Direito (Bacharelado),Darcy Ribeiro,Noturno,EP_R1_NPPI,5,3.51,34.8,23.673,46.555,-5.5086,-10.47329,1.912,1.012,-31.194,-50.86467,-13.9615,-19.986143
Direito (Bacharelado) | Darcy Ribeiro | Diurno | EP_R1_NPPIQ | EP=True | R=R1 | GE=NPPIQ | PCD=False | SM=1.0,233,Direito (Bacharelado),Darcy Ribeiro,Diurno,EP_R1_NPPIQ,1,14.584,66.246,0.0,0.0,,,0.0,0.0,,,,
Direito (Bacharelado) | Darcy Ribeiro | Noturno | EP_R1_NPPIQ | EP=True | R=R1 | GE=NPPIQ | PCD=False | SM=1.0,234,Direito (Bacharelado),Darcy Ribeiro,Noturno,EP_R1_NPPIQ,1,-26.945,36.277,0.0,0.0,,,0.0,0.0,,,,
Direito (Bacharelado) | Darcy Ribeiro | Diurno | EP_R1_NPPI_PCD | EP=True | R=R1 | GE=NPPI | PCD=True | SM=1.5,235,Direito (Bacharelado),Darcy Ribeiro,Diurno,EP_R1_NPPI_PCD,1,-22.954,-22.954,0.0,0.0,,,0.0,0.0,,,,
Direito (Bacharelado) | Darcy Ribeiro | Diurno | EP_R1_PPI | EP=True | R=R1 | GE=PPI | PCD=False | SM=1.5,236,Direito (Bacharelado),Darcy Ribeiro,Diurno,EP_R1_PPI,5,-3.119,38.907,18.285,37.169,-4.93277,-20.72523,0.061,-9.49,-20.92733,-23.50933,-8.373786,-10.816214
Direito (Bacharelado) | Darcy Ribeiro | Noturno | EP_R1_PPI | EP=True | R=R1 | GE=PPI | PCD=False | SM=1.5,237,Direito (Bacharelado),Darcy Ribeiro,Noturno,EP_R1_PPI,4,-9.246,15.986,8.808,15.264,2.7074,-10.5686,2.281,-2.871,-9.2685,-24.1305,-4.63425,-12.06525
Direito (Bacharelado) | Darcy Ribeiro | Diurno | EP_R1_PPIQ | EP=True | R=R1 | GE=PPIQ | PCD=False | SM=1.0,238,Direito (Bacharelado),Darcy Ribeiro,Diurno,EP_R1_PPIQ,1,-87.773,5.701,0.0,0.0,,,0.0,0.0,,,,
Direito (Bacharelado) | Darcy Ribeiro | Noturno | EP_R1_PPIQ | EP=True | R=R1 | GE=PPIQ | PCD=False | SM=1.0,239,Direito (Bacharelado),Darcy Ribeiro,Noturno,EP_R1_PPIQ,1,-40.663,-26.586,0.0,0.0,,,0.0,0.0,,,,
Direito (Bacharelado) | Darcy Ribeiro | Diurno | EP_R1_PPI_PCD | EP=True | R=R1 | GE=PPI | PCD=True | SM=1.5,240,Direito (Bacharelado),Darcy Ribeiro,Diurno,EP_R1_PPI_PCD,1,-15.077,-15.077,0.0,0.0,,,0.0,0.0,,,,
Direito (Bacharelado) | Darcy Ribeiro | Diurno | EP_R2_NPPI | EP=True | R=R2 | GE=NPPI | PCD=False | SM=1.5,241,Direito (Bacharelado),Darcy Ribeiro,Diurno,EP_R2_NPPI,4,86.896,112.973,20.906,16.688,11.4613,-7.27358,9.558,-3.446,-40.544,-14.074,-9.382864,-3.584295
Direito (Bacharelado) | Darcy Ribeiro | Noturno | EP_R2_NPPI | EP=True | R=R2 | GE=NPPI | PCD=False | SM=1.5,242,Direito (Bacharelado),Darcy Ribeiro,Noturno,EP_R2_NPPI,5,51.906,77.057,17.658,13.816,-1.09006,0.11057,3.234,1.997,-24.53733,-8.24533,-9.902929,-4.809214
Direito (Bacharelado) | Darcy Ribeiro | Diurno | EP_R2_NPPIQ | EP=True | R=R2 | GE=NPPIQ | PCD=False | SM=1.0,243,Direito (Bacharelado),Darcy Ribeiro,Diurno,EP_R2_NPPIQ,1,123.845,123.845,0.0,0.0,,,0.0,0.0,,,,
Direito (Bacharelado) | Darcy Ribeiro | Noturno | EP_R2_NPPIQ | EP=True | R=R2 | GE=NPPIQ | PCD=False | SM=1.0,244,Direito (Bacharelado),Darcy Ribeiro,Noturno,EP_R2_NPPIQ,1,92.181,92.842,0.0,0.0,,,0.0,0.0,,,,
Direito (Bacharelado) | Darcy Ribeiro | Diurno | EP_R2_NPPIQ_PCD | EP=True | R=R2 | GE=NPPIQ | PCD=True | SM=1.0,245,Direito (Bacharelado),Darcy Ribeiro,Diurno,EP_R2_NPPIQ_PCD,1,27.527,27.527,0.0,0.0,,,0.0,0.0,,,,
Direito (Bacharelado) | Darcy Ribeiro | Diurno | EP_R2_PPI | EP=True | R=R2 | GE=PPI | PCD=False | SM=1.5,246,Direito (Bacharelado),Darcy Ribeiro,Diurno,EP_R2_PPI,5,31.325,70.554,11.772,28.133,-5.33274,0.31486,-0.75,3.675,-14.97033,-24.057,-7.014071,-8.663071
Direito (Bacharelado) | Darcy Ribeiro | Noturno | EP_R2_PPI | EP=True | R=R2 | GE=PPI | PCD=False | SM=1.5,247,Direito (Bacharelado),Darcy Ribeiro,Noturno,EP_R2_PPI,5,-10.37,23.472,36.047,41.646,-23.05531,-28.46006,-9.121,-13.45,-30.75,-20.14933,-15.623357,-13.809429
Direito (Bacharelado) | Darcy Ribeiro | Diurno | EP_R2_PPIQ | EP=True | R=R2 | GE=PPIQ | PCD=False | SM=1.0,248,Direito (Bacharelado),Darcy Ribeiro,Diurno,EP_R2_PPIQ,1,61.18,81.56,0.0,0.0,,,0.0,0.0,,,,
Direito (Bacharelado) | Darcy Ribeiro | Noturno | EP_R2_PPIQ | EP=True | R=R2 | GE=PPIQ | PCD=False | SM=1.0,249,Direito (Bacharelado),Darcy Ribeiro,Noturno,EP_R2_PPIQ,1,31.885,58.328,0.0,0.0,,,0.0,0.0,,,,
Educação Física (Bacharelado) | Darcy Ribeiro | Diurno | AC | EP=False | R=NA | GE=NA | PCD=False | SM=NA,250,Educação Física (Bacharelado),Darcy Ribeiro,Diurno,AC,4,8.123,60.789,14.016,14.523,11.2602,13.3612,7.483,5.508,-18.527,11.729,-9.2635,5.8645
Educação Física (Bacharelado) | Darcy Ribeiro | Diurno | CN | EP=False | R=NA | GE=NEGROS | PCD=False | SM=NA,251,Educação Física (Bacharelado),Darcy Ribeiro,Diurno,CN,4,14.738,18.913,17.508,14.753,17.2808,8.9314,8.202,1.94,4.3845,25.258,2.19225,12.629
Educação Física (Bacharelado) | Darcy Ribeiro | Diurno | EP_R1_NPPI | EP=True | R=R1 | GE=NPPI | PCD=False | SM=1.5,252,Educação Física (Bacharelado),Darcy Ribeiro,Diurno,EP_R1_NPPI,4,-34.526,7.206,10.387,25.998,2.4238,24.031,-0.165,10.439,13.765,15.766,6.8825,7.883
Educação Física (Bacharelado) | Darcy Ribeiro | Diurno | EP_R1_PPI | EP=True | R=R1 | GE=PPI | PCD=False | SM=1.5,253,Educação Física (Bacharelado),Darcy Ribeiro,Diurno,EP_R1_PPI,4,-50.024,-9.599,14.508,17.261,-14.069,13.091,-6.866,5.008,-1.685,15.374,-0.8425,7.687
Educação Física (Bacharelado) | Darcy Ribeiro | Diurno | EP_R2_NPPI | EP=True | R=R2 | GE=NPPI | PCD=False | SM=1.5,254,Educação Física (Bacharelado),Darcy Ribeiro,Diurno,EP_R2_NPPI,4,-12.274,20.936,29.576,15.42,19.311,1.6488,12.266,2.886,-26.105,-20.6135,-13.0525,-10.30675
Educação Física (Bacharelado) | Darcy Ribeiro | Diurno | EP_R2_PPI | EP=True | R=R2 | GE=PPI | PCD=False | SM=1.5,255,Educação Física (Bacharelado),Darcy Ribeiro,Diurno,EP_R2_PPI,4,-38.86,2.722,19.661,10.945,16.1638,-6.7674,10.2,-2.272,-21.177,-11.1195,-10.5885,-5.55975
Educação Física (Licenciatura) | Darcy Ribeiro | Diurno | AC | EP=False | R=NA | GE=NA | PCD=False | SM=NA,256,Educação Física (Licenciatura),Darcy Ribeiro,Diurno,AC,4,-18.98,32.322,15.539,12.101,11.784,4.2144,8.189,3.017,-22.9725,-9.0985,-11.48625,-4.54925
Educação Física (Licenciatura) | Darcy Ribeiro | Diurno | CN | EP=False | R=NA | GE=NEGROS | PCD=False | SM=NA,257,Educação Física (Licenciatura),Darcy Ribeiro,Diurno,CN,4,1.45,3.231,16.486,14.89,15.8362,12.2752,6.885,4.214,10.33,19.2325,5.165,9.61625
Educação Física (Licenciatura) | Darcy Ribeiro | Diurno | EP_R1_NPPI | EP=True | R=R1 | GE=NPPI | PCD=False | SM=1.5,258,Educação Física (Licenciatura),Darcy Ribeiro,Diurno,EP_R1_NPPI,4,-63.044,-37.566,19.384,23.469,-0.8226,-2.2856,-3.031,-3.473,26.196,23.3005,13.098,11.65025
Educação Física (Licenciatura) | Darcy Ribeiro | Diurno | EP_R1_PPI | EP=True | R=R1 | GE=PPI | PCD=False | SM=1.5,259,Educação Física (Licenciatura),Darcy Ribeiro,Diurno,EP_R1_PPI,4,-62.442,-28.806,15.227,2.86,14.1732,-2.3344,8.27,-0.799,-11.839,-3.686,-5.9195,-1.843
Educação Física (Licenciatura) | Darcy Ribeiro | Diurno | EP_R2_NPPI | EP=True | R=R2 | GE=NPPI | PCD=False | SM=1.5,260,Educação Física (Licenciatura),Darcy Ribeiro,Diurno,EP_R2_NPPI,4,-22.326,-6.274,16.356,13.689,11.9948,-2.4114,8.535,-0.734,-25.374,-4.7165,-12.687,-2.35825
Educação Física (Licenciatura) | Darcy Ribeiro | Diurno | EP_R2_PPI | EP=True | R=R2 | GE=PPI | PCD=False | SM=1.5,261,Educação Física (Licenciatura),Darcy Ribeiro,Diurno,EP_R2_PPI,4,-63.599,-25.527,21.743,20.781,-6.3878,-17.2196,0.383,-10.46,-35.7695,18.498,-17.88475,9.249
Educação Física Ciclo Básico (Bacharelado/Licenciatura) | Darcy Ribeiro | Diurno | AC | EP=False | R=NA | GE=NA | PCD=False | SM=NA,262,Educação Física Ciclo Básico (Bacharelado/Licenciatura),Darcy Ribeiro,Diurno,AC,2,-7.945,20.88,13.511,24.319,28.661,51.588,4.777,8.598,,,,
Educação Física Ciclo Básico (Bacharelado/Licenciatura) | Darcy Ribeiro | Diurno | CN | EP=False | R=NA | GE=NEGROS | PCD=False | SM=NA,263,Educação Física Ciclo Básico (Bacharelado/Licenciatura),Darcy Ribeiro,Diurno,CN,2,-24.412,-10.792,7.198,16.186,15.27,34.335,2.545,5.722,,,,
Educação Física Ciclo Básico (Bacharelado/Licenciatura) | Darcy Ribeiro | Diurno | EP_R1_NPPIQ | EP=True | R=R1 | GE=NPPIQ | PCD=False | SM=1.0,264,Educação Física Ciclo Básico (Bacharelado/Licenciatura),Darcy Ribeiro,Diurno,EP_R1_NPPIQ,1,-69.589,-46.355,0.0,0.0,,,0.0,0.0,,,,
Educação Física Ciclo Básico (Bacharelado/Licenciatura) | Darcy Ribeiro | Diurno | EP_R2_NPPI | EP=True | R=R2 | GE=NPPI | PCD=False | SM=1.5,265,Educação Física Ciclo Básico (Bacharelado/Licenciatura),Darcy Ribeiro,Diurno,EP_R2_NPPI,1,-72.598,-29.223,0.0,0.0,,,0.0,0.0,,,,
Educação Física Ciclo Básico (Bacharelado/Licenciatura) | Darcy Ribeiro | Diurno | EP_R2_NPPIQ | EP=True | R=R2 | GE=NPPIQ | PCD=False | SM=1.0,266,Educação Física Ciclo Básico (Bacharelado/Licenciatura),Darcy Ribeiro,Diurno,EP_R2_NPPIQ,1,-16.974,0.769,0.0,0.0,,,0.0,0.0,,,,
Educação Física Ciclo Básico (Bacharelado/Licenciatura) | Darcy Ribeiro | Diurno | EP_R2_PPIQ | EP=True | R=R2 | GE=PPIQ | PCD=False | SM=1.0,267,Educação Física Ciclo Básico (Bacharelado/Licenciatura),Darcy Ribeiro,Diurno,EP_R2_PPIQ,1,-86.267,-8.852,0.0,0.0,,,0.0,0.0,,,,
Enfermagem (Bacharelado) | Ceilândia | Diurno | AC | EP=False | R=NA | GE=NA | PCD=False | SM=NA,268,Enfermagem (Bacharelado),Ceilândia,Diurno,AC,6,23.481,62.487,13.485,31.388,-0.84149,-0.17447,0.768,-2.102,2.1075,20.80425,-2.204464,2.935446
Enfermagem (Bacharelado) | Darcy Ribeiro | Diurno | AC | EP=False | R=NA | GE=NA | PCD=False | SM=NA,269,Enfermagem (Bacharelado),Darcy Ribeiro,Diurno,AC,6,44.191,80.8,16.632,33.5,1.30463,-3.8279,3.531,-2.995,-3.644,25.92333,-3.666214,-0.216086
Enfermagem (Bacharelado) | Ceilândia | Diurno | CN | EP=False | R=NA | GE=NEGROS | PCD=False | SM=NA,270,Enfermagem (Bacharelado),Ceilândia,Diurno,CN,6,3.051,3.585,28.536,28.691,-4.31923,-5.12044,-4.291,-5.626,9.1945,11.99875,1.037107,2.038625
Enfermagem (Bacharelado) | Darcy Ribeiro | Diurno | CN | EP=False | R=NA | GE=NEGROS | PCD=False | SM=NA,271,Enfermagem (Bacharelado),Darcy Ribeiro,Diurno,CN,6,26.85,28.283,16.495,18.037,-1.06993,-3.21879,-1.764,-5.346,7.76425,15.28525,1.308875,3.994946
Enfermagem (Bacharelado) | Ceilândia | Diurno | EP_R1_NPPI | EP=True | R=R1 | GE=NPPI | PCD=False | SM=1.5,272,Enfermagem (Bacharelado),Ceilândia,Diurno,EP_R1_NPPI,5,-16.293,12.728,25.073,33.998,-13.37251,-13.15797,-5.089,-3.897,-28.372,-31.728,-9.564357,-12.187286
Enfermagem (Bacharelado) | Darcy Ribeiro | Diurno | EP_R1_NPPI | EP=True | R=R1 | GE=NPPI | PCD=False | SM=1.5,273,Enfermagem (Bacharelado),Darcy Ribeiro,Diurno,EP_R1_NPPI,5,2.183,11.616,14.093,8.794,-4.00703,-5.51886,0.911,-2.556,-23.195,-9.55567,-8.956714,-2.806929
Enfermagem (Bacharelado) | Ceilândia | Diurno | EP_R1_NPPIQ | EP=True | R=R1 | GE=NPPIQ | PCD=False | SM=1.0,274,Enfermagem (Bacharelado),Ceilândia,Diurno,EP_R1_NPPIQ,1,-46.839,3.143,0.0,0.0,,,0.0,0.0,,,,
Enfermagem (Bacharelado) | Darcy Ribeiro | Diurno | EP_R1_NPPIQ | EP=True | R=R1 | GE=NPPIQ | PCD=False | SM=1.0,275,Enfermagem (Bacharelado),Darcy Ribeiro,Diurno,EP_R1_NPPIQ,1,-31.522,17.682,0.0,0.0,,,0.0,0.0,,,,
Enfermagem (Bacharelado) | Ceilândia | Diurno | EP_R1_PPI | EP=True | R=R1 | GE=PPI | PCD=False | SM=1.5,276,Enfermagem (Bacharelado),Ceilândia,Diurno,EP_R1_PPI,4,-30.448,10.772,17.228,20.658,-4.8462,-16.109,0.056,-5.274,-24.79,-27.807,-12.395,-13.9035
Enfermagem (Bacharelado) | Darcy Ribeiro | Diurno | EP_R1_PPI | EP=True | R=R1 | GE=PPI | PCD=False | SM=1.5,277,Enfermagem (Bacharelado),Darcy Ribeiro,Diurno,EP_R1_PPI,4,-2.866,32.07,21.304,11.788,7.7422,-3.3996,8.294,0.153,-44.2275,-18.529,-22.11375,-9.2645
Enfermagem (Bacharelado) | Ceilândia | Diurno | EP_R2_NPPI | EP=True | R=R2 | GE=NPPI | PCD=False | SM=1.5,278,Enfermagem (Bacharelado),Ceilândia,Diurno,EP_R2_NPPI,5,3.516,18.934,16.639,19.917,-8.50157,-10.50857,-4.267,-6.798,-16.544,-13.29167,-3.500786,-0.518786
Enfermagem (Bacharelado) | Darcy Ribeiro | Diurno | EP_R2_NPPI | EP=True | R=R2 | GE=NPPI | PCD=False | SM=1.5,279,Enfermagem (Bacharelado),Darcy Ribeiro,Diurno,EP_R2_NPPI,5,23.742,42.204,28.127,22.92,-11.04917,-10.03137,-1.441,-1.308,-25.70133,-24.083,-14.812786,-13.449286
Enfermagem (Bacharelado) | Ceilândia | Diurno | EP_R2_NPPIQ | EP=True | R=R2 | GE=NPPIQ | PCD=False | SM=1.0,280,Enfermagem (Bacharelado),Ceilândia,Diurno,EP_R2_NPPIQ,1,8.744,18.405,0.0,0.0,,,0.0,0.0,,,,
Enfermagem (Bacharelado) | Darcy Ribeiro | Diurno | EP_R2_NPPIQ | EP=True | R=R2 | GE=NPPIQ | PCD=False | SM=1.0,281,Enfermagem (Bacharelado),Darcy Ribeiro,Diurno,EP_R2_NPPIQ,1,28.885,42.362,0.0,0.0,,,0.0,0.0,,,,
Enfermagem (Bacharelado) | Ceilândia | Diurno | EP_R2_NPPIQ_PCD | EP=True | R=R2 | GE=NPPIQ | PCD=True | SM=1.0,282,Enfermagem (Bacharelado),Ceilândia,Diurno,EP_R2_NPPIQ_PCD,1,-43.64,-43.64,0.0,0.0,,,0.0,0.0,,,,
Enfermagem (Bacharelado) | Ceilândia | Diurno | EP_R2_PPI | EP=True | R=R2 | GE=PPI | PCD=False | SM=1.5,283,Enfermagem (Bacharelado),Ceilândia,Diurno,EP_R2_PPI,5,-47.483,-18.982,31.728,28.021,-22.90817,-19.76626,-12.354,-11.691,-12.16633,-5.74567,-7.294786,-3.717429
Enfermagem (Bacharelado) | Darcy Ribeiro | Diurno | EP_R2_PPI | EP=True | R=R2 | GE=PPI | PCD=False | SM=1.5,284,Enfermagem (Bacharelado),Darcy Ribeiro,Diurno,EP_R2_PPI,5,-19.668,12.142,27.22,30.819,-17.517,-15.83029,-6.971,-6.582,-24.37667,-30.46367,-11.7665,-9.929643
Enfermagem (Bacharelado) | Ceilândia | Diurno | EP_R2_PPIQ | EP=True | R=R2 | GE=PPIQ | PCD=False | SM=1.0,285,Enfermagem (Bacharelado),Ceilândia,Diurno,EP_R2_PPIQ,1,-46.024,-16.22,0.0,0.0,,,0.0,0.0,,,,
Enfermagem (Bacharelado) | Darcy Ribeiro | Diurno | EP_R2_PPIQ | EP=True | R=R2 | GE=PPIQ | PCD=False | SM=1.0,286,Enfermagem (Bacharelado),Darcy Ribeiro,Diurno,EP_R2_PPIQ,1,-32.977,21.488,0.0,0.0,,,0.0,0.0,,,,
Engenharia Ambiental (Bacharelado) | Darcy Ribeiro | Diurno | AC | EP=False | R=NA | GE=NA | PCD=False | SM=NA,287,Engenharia Ambiental (Bacharelado),Darcy Ribeiro,Diurno,AC,5,-14.305,72.696,33.52,39.065,-11.92082,-11.43068,-1.239,0.963,-49.39367,-34.438,-10.227942,-12.716431
Engenharia Ambiental (Bacharelado) | Darcy Ribeiro | Diurno | CN | EP=False | R=NA | GE=NEGROS | PCD=False | SM=NA,288,Engenharia Ambiental (Bacharelado),Darcy Ribeiro,Diurno,CN,4,9.3,9.3,54.625,54.625,-29.70916,-29.70916,-15.406,-15.406,-27.986,-27.986,-7.69625,-7.69625
Engenharia Ambiental (Bacharelado) | Darcy Ribeiro | Diurno | EP_R1_NPPI | EP=True | R=R1 | GE=NPPI | PCD=False | SM=1.5,289,Engenharia Ambiental (Bacharelado),Darcy Ribeiro,Diurno,EP_R1_NPPI,3,-7.676,-7.676,53.23,53.23,-17.73754,-17.73754,-6.279,-6.279,-199.817,-199.817,-53.093667,-53.093667
Engenharia Ambiental (Bacharelado) | Darcy Ribeiro | Diurno | EP_R1_PPI | EP=True | R=R1 | GE=PPI | PCD=False | SM=1.5,290,Engenharia Ambiental (Bacharelado),Darcy Ribeiro,Diurno,EP_R1_PPI,1,-72.216,-72.216,0.0,0.0,,,0.0,0.0,,,,
Engenharia Ambiental (Bacharelado) | Darcy Ribeiro | Diurno | EP_R2_NPPI | EP=True | R=R2 | GE=NPPI | PCD=False | SM=1.5,291,Engenharia Ambiental (Bacharelado),Darcy Ribeiro,Diurno,EP_R2_NPPI,3,-49.847,5.234,15.735,6.922,-9.55428,5.05036,-7.213,1.788,37.211,19.201,12.909167,3.906167
Engenharia Ambiental (Bacharelado) | Darcy Ribeiro | Diurno | EP_R2_NPPIQ | EP=True | R=R2 | GE=NPPIQ | PCD=False | SM=1.0,292,Engenharia Ambiental (Bacharelado),Darcy Ribeiro,Diurno,EP_R2_NPPIQ,1,-44.993,-34.671,0.0,0.0,,,0.0,0.0,,,,
Engenharia Ambiental (Bacharelado) | Darcy Ribeiro | Diurno | EP_R2_PPI | EP=True | R=R2 | GE=PPI | PCD=False | SM=1.5,293,Engenharia Ambiental (Bacharelado),Darcy Ribeiro,Diurno,EP_R2_PPI,4,12.684,70.116,79.742,41.412,63.1732,41.0124,23.077,21.532,85.098,-10.2605,42.549,-5.13025
Engenharia Civil (Bacharelado) | Darcy Ribeiro | Diurno | AC | EP=False | R=NA | GE=NA | PCD=False | SM=NA,294,Engenharia Civil (Bacharelado),Darcy Ribeiro,Diurno,AC,6,47.773,104.444,34.864,26.332,8.19314,-9.48482,7.257,-9.174,-17.6185,22.16967,-0.644607,1.789831
Engenharia Civil (Bacharelado) | Darcy Ribeiro | Diurno | CN | EP=False | R=NA | GE=NEGROS | PCD=False | SM=NA,295,Engenharia Civil (Bacharelado),Darcy Ribeiro,Diurno,CN,6,16.705,18.359,29.222,32.774,3.77519,1.29454,-2.508,-6.642,15.59775,24.28,8.480554,11.581357
Engenharia Civil (Bacharelado) | Darcy Ribeiro | Diurno | EP_R1_NPPI | EP=True | R=R1 | GE=NPPI | PCD=False | SM=1.5,296,Engenharia Civil (Bacharelado),Darcy Ribeiro,Diurno,EP_R1_NPPI,3,-16.249,20.203,3.249,13.863,-2.63419,8.87487,-1.45,6.436,-0.076,-29.504,0.706167,-10.594167
Engenharia Civil (Bacharelado) | Darcy Ribeiro | Diurno | EP_R1_NPPIQ | EP=True | R=R1 | GE=NPPIQ | PCD=False | SM=1.0,297,Engenharia Civil (Bacharelado),Darcy Ribeiro,Diurno,EP_R1_NPPIQ,1,-46.606,-6.776,0.0,0.0,,,0.0,0.0,,,,
Engenharia Civil (Bacharelado) | Darcy Ribeiro | Diurno | EP_R1_PPI | EP=True | R=R1 | GE=PPI | PCD=False | SM=1.5,298,Engenharia Civil (Bacharelado),Darcy Ribeiro,Diurno,EP_R1_PPI,4,-30.163,-15.557,12.554,20.379,-8.7576,-18.1894,-6.39,-7.886,20.114,-12.088,10.057,-6.044
Engenharia Civil (Bacharelado) | Darcy Ribeiro | Diurno | EP_R2_NPPI | EP=True | R=R2 | GE=NPPI | PCD=False | SM=1.5,299,Engenharia Civil (Bacharelado),Darcy Ribeiro,Diurno,EP_R2_NPPI,4,-25.148,70.158,17.073,14.726,3.1424,12.1798,5.352,7.118,-37.811,-10.278,-18.9055,-5.139
Engenharia Civil (Bacharelado) | Darcy Ribeiro | Diurno | EP_R2_NPPIQ | EP=True | R=R2 | GE=NPPIQ | PCD=False | SM=1.0,300,Engenharia Civil (Bacharelado),Darcy Ribeiro,Diurno,EP_R2_NPPIQ,1,19.123,44.103,0.0,0.0,,,0.0,0.0,,,,
Engenharia Civil (Bacharelado) | Darcy Ribeiro | Diurno | EP_R2_PPI | EP=True | R=R2 | GE=PPI | PCD=False | SM=1.5,301,Engenharia Civil (Bacharelado),Darcy Ribeiro,Diurno,EP_R2_PPI,3,-31.774,25.141,11.896,42.682,-11.301,-22.0356,-2.515,-1.473,-37.57,-176.181,-18.785,-88.0905
Engenharia Civil (Bacharelado) | Darcy Ribeiro | Diurno | EP_R2_PPIQ | EP=True | R=R2 | GE=PPIQ | PCD=False | SM=1.0,302,Engenharia Civil (Bacharelado),Darcy Ribeiro,Diurno,EP_R2_PPIQ,1,-20.258,41.376,0.0,0.0,,,0.0,0.0,,,,
Engenharia Elétrica (Bacharelado) | Darcy Ribeiro | Diurno | AC | EP=False | R=NA | GE=NA | PCD=False | SM=NA,303,Engenharia Elétrica (Bacharelado),Darcy Ribeiro,Diurno,AC,5,45.44,109.156,73.279,73.006,14.69197,-13.73292,13.995,-14.436,17.828,52.60667,-7.208148,2.303711
Engenharia Elétrica (Bacharelado) | Darcy Ribeiro | Diurno | CN | EP=False | R=NA | GE=NEGROS | PCD=False | SM=NA,304,Engenharia Elétrica (Bacharelado),Darcy Ribeiro,Diurno,CN,4,47.63,47.63,35.838,35.838,-4.14057,-4.14057,5.073,5.073,-77.97,-77.97,-12.995,-12.995
Engenharia Elétrica (Bacharelado) | Darcy Ribeiro | Diurno | EP_R1_NPPI | EP=True | R=R1 | GE=NPPI | PCD=False | SM=1.5,305,Engenharia Elétrica (Bacharelado),Darcy Ribeiro,Diurno,EP_R1_NPPI,2,-23.802,-4.915,2.193,15.548,2.3255,16.491,0.775,5.497,,,,
Engenharia Elétrica (Bacharelado) | Darcy Ribeiro | Diurno | EP_R1_PPI | EP=True | R=R1 | GE=PPI | PCD=False | SM=1.5,306,Engenharia Elétrica (Bacharelado),Darcy Ribeiro,Diurno,EP_R1_PPI,4,-0.243,19.076,24.703,27.211,23.6896,21.1194,13.27,6.834,-14.2555,37.257,-7.12775,18.6285
Engenharia Elétrica (Bacharelado) | Darcy Ribeiro | Diurno | EP_R2_NPPI | EP=True | R=R2 | GE=NPPI | PCD=False | SM=1.5,307,Engenharia Elétrica (Bacharelado),Darcy Ribeiro,Diurno,EP_R2_NPPI,4,-4.666,98.853,25.481,32.136,23.3124,-12.1258,10.62,-7.047,10.3645,9.839,5.18225,4.9195
Engenharia Elétrica (Bacharelado) | Darcy Ribeiro | Diurno | EP_R2_NPPIQ | EP=True | R=R2 | GE=NPPIQ | PCD=False | SM=1.0,308,Engenharia Elétrica (Bacharelado),Darcy Ribeiro,Diurno,EP_R2_NPPIQ,1,-6.585,58.012,0.0,0.0,,,0.0,0.0,,,,
Engenharia Elétrica (Bacharelado) | Darcy Ribeiro | Diurno | EP_R2_PPI | EP=True | R=R2 | GE=PPI | PCD=False | SM=1.5,309,Engenharia Elétrica (Bacharelado),Darcy Ribeiro,Diurno,EP_R2_PPI,4,7.76,46.628,37.208,22.09,33.2816,18.5942,12.948,6.678,36.9275,26.191,18.46375,13.0955
Engenharia Elétrica (Bacharelado) | Darcy Ribeiro | Diurno | EP_R2_PPIQ | EP=True | R=R2 | GE=PPIQ | PCD=False | SM=1.0,310,Engenharia Elétrica (Bacharelado),Darcy Ribeiro,Diurno,EP_R2_PPIQ,1,-23.359,-23.359,0.0,0.0,,,0.0,0.0,,,,
Engenharia Florestal (Bacharelado) | Darcy Ribeiro | Diurno | AC | EP=False | R=NA | GE=NA | PCD=False | SM=NA,311,Engenharia Florestal (Bacharelado),Darcy Ribeiro,Diurno,AC,5,-61.018,49.386,8.713,14.824,-1.49358,7.9057,0.679,7.153,-3.337,3.42533,-2.266855,-1.080888
Engenharia Florestal (Bacharelado) | Darcy Ribeiro | Diurno | CN | EP=False | R=NA | GE=NEGROS | PCD=False | SM=NA,312,Engenharia Florestal (Bacharelado),Darcy Ribeiro,Diurno,CN,5,-38.801,-36.44,15.207,19.09,-8.0453,-10.70142,-4.338,-9.06,-7.36233,4.44267,-2.568044,0.691805
Engenharia Florestal (Bacharelado) | Darcy Ribeiro | Diurno | EP_R1_NPPI | EP=True | R=R1 | GE=NPPI | PCD=False | SM=1.5,313,Engenharia Florestal (Bacharelado),Darcy Ribeiro,Diurno,EP_R1_NPPI,2,-11.042,5.671,6.243,5.575,-13.244,11.826,-2.207,1.971,,,,
Engenharia Florestal (Bacharelado) | Darcy Ribeiro | Diurno | EP_R1_PPI | EP=True | R=R1 | GE=PPI | PCD=False | SM=1.5,314,Engenharia Florestal (Bacharelado),Darcy Ribeiro,Diurno,EP_R1_PPI,2,-38.384,-7.591,23.924,19.624,16.917,-13.87633,8.458,-6.938,,,,
Engenharia Florestal (Bacharelado) | Darcy Ribeiro | Diurno | EP_R2_NPPI | EP=True | R=R2 | GE=NPPI | PCD=False | SM=1.5,315,Engenharia Florestal (Bacharelado),Darcy Ribeiro,Diurno,EP_R2_NPPI,3,-29.531,-28.654,17.38,16.208,13.9952,13.469,2.593,2.593,62.167,56.905,31.0835,28.4525
Engenharia Florestal (Bacharelado) | Darcy Ribeiro | Diurno | EP_R2_NPPIQ | EP=True | R=R2 | GE=NPPIQ | PCD=False | SM=1.0,316,Engenharia Florestal (Bacharelado),Darcy Ribeiro,Diurno,EP_R2_NPPIQ,1,-27.754,-27.754,0.0,0.0,,,0.0,0.0,,,,
Engenharia Florestal (Bacharelado) | Darcy Ribeiro | Diurno | EP_R2_PPI | EP=True | R=R2 | GE=PPI | PCD=False | SM=1.5,317,Engenharia Florestal (Bacharelado),Darcy Ribeiro,Diurno,EP_R2_PPI,3,-34.497,-15.615,20.458,12.565,-12.228,10.4298,-1.346,4.948,-81.91,-44.147,-40.955,-22.0735
Engenharia Mecatrônica (Bacharelado) | Darcy Ribeiro | Diurno | AC | EP=False | R=NA | GE=NA | PCD=False | SM=NA,318,Engenharia Mecatrônica (Bacharelado),Darcy Ribeiro,Diurno,AC,5,57.317,128.764,44.825,55.508,8.34896,-1.21457,9.406,-3.614,-27.04133,34.71467,-10.16805,1.287719
Engenharia Mecatrônica (Bacharelado) | Darcy Ribeiro | Diurno | CN | EP=False | R=NA | GE=NEGROS | PCD=False | SM=NA,319,Engenharia Mecatrônica (Bacharelado),Darcy Ribeiro,Diurno,CN,5,66.114,67.547,50.431,48.222,-4.515,-6.12675,9.731,6.866,-72.58533,-65.422,-16.265661,-14.287568
Engenharia Mecatrônica (Bacharelado) | Darcy Ribeiro | Diurno | EP_R1_NPPI | EP=True | R=R1 | GE=NPPI | PCD=False | SM=1.5,320,Engenharia Mecatrônica (Bacharelado),Darcy Ribeiro,Diurno,EP_R1_NPPI,3,-36.397,-25.727,6.129,19.219,-6.5,-11.8828,-1.607,-1.418,-16.79,-76.278,-8.395,-38.139
Engenharia Mecatrônica (Bacharelado) | Darcy Ribeiro | Diurno | EP_R1_NPPIQ | EP=True | R=R1 | GE=NPPIQ | PCD=False | SM=1.0,321,Engenharia Mecatrônica (Bacharelado),Darcy Ribeiro,Diurno,EP_R1_NPPIQ,1,-4.756,8.105,0.0,0.0,,,0.0,0.0,,,,
Engenharia Mecatrônica (Bacharelado) | Darcy Ribeiro | Diurno | EP_R1_PPI | EP=True | R=R1 | GE=PPI | PCD=False | SM=1.5,322,Engenharia Mecatrônica (Bacharelado),Darcy Ribeiro,Diurno,EP_R1_PPI,3,-27.76,54.508,4.674,5.904,5.9188,4.8018,2.203,0.901,-6.902,20.998,-3.451,10.499
Engenharia Mecatrônica (Bacharelado) | Darcy Ribeiro | Diurno | EP_R2_NPPI | EP=True | R=R2 | GE=NPPI | PCD=False | SM=1.5,323,Engenharia Mecatrônica (Bacharelado),Darcy Ribeiro,Diurno,EP_R2_NPPI,5,-33.163,36.15,38.197,41.291,-26.60671,-24.17103,-17.261,-11.912,-18.13867,-35.19333,-1.192357,-10.506214
Engenharia Mecatrônica (Bacharelado) | Darcy Ribeiro | Diurno | EP_R2_NPPIQ | EP=True | R=R2 | GE=NPPIQ | PCD=False | SM=1.0,324,Engenharia Mecatrônica (Bacharelado),Darcy Ribeiro,Diurno,EP_R2_NPPIQ,1,-19.193,79.642,0.0,0.0,,,0.0,0.0,,,,
Engenharia Mecatrônica (Bacharelado) | Darcy Ribeiro | Diurno | EP_R2_PPI | EP=True | R=R2 | GE=PPI | PCD=False | SM=1.5,325,Engenharia Mecatrônica (Bacharelado),Darcy Ribeiro,Diurno,EP_R2_PPI,3,-19.817,1.436,21.904,20.976,27.6118,-11.9718,8.086,-6.82,33.533,84.897,16.7665,42.4485
Engenharia Mecatrônica (Bacharelado) | Darcy Ribeiro | Diurno | EP_R2_PPIQ | EP=True | R=R2 | GE=PPIQ | PCD=False | SM=1.0,326,Engenharia Mecatrônica (Bacharelado),Darcy Ribeiro,Diurno,EP_R2_PPIQ,1,-53.086,-27.897,0.0,0.0,,,0.0,0.0,,,,
Engenharia Mecânica (Bacharelado) | Darcy Ribeiro | Diurno | AC | EP=False | R=NA | GE=NA | PCD=False | SM=NA,327,Engenharia Mecânica (Bacharelado),Darcy Ribeiro,Diurno,AC,6,42.232,115.181,60.323,53.289,6.74767,-5.15819,14.223,-7.349,-14.93175,37.16233,-12.900554,2.484878
Engenharia Mecânica (Bacharelado) | Darcy Ribeiro | Diurno | CN | EP=False | R=NA | GE=NEGROS | PCD=False | SM=NA,328,Engenharia Mecânica (Bacharelado),Darcy Ribeiro,Diurno,CN,6,26.187,26.332,45.878,45.886,3.75454,3.53754,0.902,0.541,29.2955,30.055,3.339679,3.610929
Engenharia Mecânica (Bacharelado) | Darcy Ribeiro | Diurno | EP_R1_NPPI | EP=True | R=R1 | GE=NPPI | PCD=False | SM=1.5,329,Engenharia Mecânica (Bacharelado),Darcy Ribeiro,Diurno,EP_R1_NPPI,2,-34.993,-10.316,3.717,31.182,3.942,-33.0735,1.314,-11.024,,,,
Engenharia Mecânica (Bacharelado) | Darcy Ribeiro | Diurno | EP_R1_NPPIQ | EP=True | R=R1 | GE=NPPIQ | PCD=False | SM=1.0,330,Engenharia Mecânica (Bacharelado),Darcy Ribeiro,Diurno,EP_R1_NPPIQ,1,-69.376,-69.376,0.0,0.0,,,0.0,0.0,,,,
Engenharia Mecânica (Bacharelado) | Darcy Ribeiro | Diurno | EP_R1_PPI | EP=True | R=R1 | GE=PPI | PCD=False | SM=1.5,331,Engenharia Mecânica (Bacharelado),Darcy Ribeiro,Diurno,EP_R1_PPI,4,-9.034,-0.377,26.352,22.401,20.2334,8.6864,7.839,1.163,22.776,31.802,11.388,15.901
Engenharia Mecânica (Bacharelado) | Darcy Ribeiro | Diurno | EP_R2_NPPI | EP=True | R=R2 | GE=NPPI | PCD=False | SM=1.5,332,Engenharia Mecânica (Bacharelado),Darcy Ribeiro,Diurno,EP_R2_NPPI,4,-19.157,54.107,6.961,30.737,-1.8332,-14.1214,-1.374,-10.925,4.5705,38.6425,2.28525,19.32125
Engenharia Mecânica (Bacharelado) | Darcy Ribeiro | Diurno | EP_R2_NPPIQ | EP=True | R=R2 | GE=NPPIQ | PCD=False | SM=1.0,333,Engenharia Mecânica (Bacharelado),Darcy Ribeiro,Diurno,EP_R2_NPPIQ,1,-1.775,66.886,0.0,0.0,,,0.0,0.0,,,,
Engenharia Mecânica (Bacharelado) | Darcy Ribeiro | Diurno | EP_R2_PPI | EP=True | R=R2 | GE=PPI | PCD=False | SM=1.5,334,Engenharia Mecânica (Bacharelado),Darcy Ribeiro,Diurno,EP_R2_PPI,3,-63.52,0.668,27.032,55.402,-19.44549,8.772,-10.624,1.543,95.193,230.012,18.486,58.274667
Engenharia Mecânica (Bacharelado) | Darcy Ribeiro | Diurno | EP_R2_PPIQ | EP=True | R=R2 | GE=PPIQ | PCD=False | SM=1.0,335,Engenharia Mecânica (Bacharelado),Darcy Ribeiro,Diurno,EP_R2_PPIQ,1,5.003,17.361,0.0,0.0,,,0.0,0.0,,,,
Engenharia Química (Bacharelado) | Darcy Ribeiro | Diurno | AC | EP=False | R=NA | GE=NA | PCD=False | SM=NA,336,Engenharia Química (Bacharelado),Darcy Ribeiro,Diurno,AC,6,31.756,93.892,42.579,62.08,-1.48049,-4.6616,4.896,-7.527,-9.186,56.44,-9.194,4.670011
Engenharia Química (Bacharelado) | Darcy Ribeiro | Diurno | CN | EP=False | R=NA | GE=NEGROS | PCD=False | SM=NA,337,Engenharia Química (Bacharelado),Darcy Ribeiro,Diurno,CN,3,23.72,23.72,23.591,23.591,-6.2029,-6.2029,-0.9,-0.9,-97.058,-97.058,-12.13225,-12.13225
Engenharia Química (Bacharelado) | Darcy Ribeiro | Diurno | EP_R1_NPPI | EP=True | R=R1 | GE=NPPI | PCD=False | SM=1.5,338,Engenharia Química (Bacharelado),Darcy Ribeiro,Diurno,EP_R1_NPPI,3,-50.306,-50.306,5.586,5.586,-5.8608,-5.8608,-1.435,-1.435,-15.568,-15.568,-7.784,-7.784
Engenharia Química (Bacharelado) | Darcy Ribeiro | Diurno | EP_R1_PPI | EP=True | R=R1 | GE=PPI | PCD=False | SM=1.5,339,Engenharia Química (Bacharelado),Darcy Ribeiro,Diurno,EP_R1_PPI,4,9.422,29.965,25.304,14.481,10.5364,2.285,0.387,0.373,48.8125,7.697,24.40625,3.8485
Engenharia Química (Bacharelado) | Darcy Ribeiro | Diurno | EP_R2_NPPI | EP=True | R=R2 | GE=NPPI | PCD=False | SM=1.5,340,Engenharia Química (Bacharelado),Darcy Ribeiro,Diurno,EP_R2_NPPI,4,-0.427,111.5,39.828,22.914,-16.3668,0.00966,-1.973,-1.188,-62.0995,100.188,-31.04975,24.453
Engenharia Química (Bacharelado) | Darcy Ribeiro | Diurno | EP_R2_NPPIQ | EP=True | R=R2 | GE=NPPIQ | PCD=False | SM=1.0,341,Engenharia Química (Bacharelado),Darcy Ribeiro,Diurno,EP_R2_NPPIQ,1,-59.302,49.093,0.0,0.0,,,0.0,0.0,,,,
Engenharia Química (Bacharelado) | Darcy Ribeiro | Diurno | EP_R2_PPI | EP=True | R=R2 | GE=PPI | PCD=False | SM=1.5,342,Engenharia Química (Bacharelado),Darcy Ribeiro,Diurno,EP_R2_PPI,3,-0.284,13.815,32.274,46.013,32.1256,49.0438,7.483,12.182,96.776,124.973,48.388,62.4865
Engenharia Química (Bacharelado) | Darcy Ribeiro | Diurno | EP_R2_PPIQ | EP=True | R=R2 | GE=PPIQ | PCD=False | SM=1.0,343,Engenharia Química (Bacharelado),Darcy Ribeiro,Diurno,EP_R2_PPIQ,1,-17.786,2.511,0.0,0.0,,,0.0,0.0,,,,
Engenharia de Computação (Bacharelado) | Darcy Ribeiro | Diurno | AC | EP=False | R=NA | GE=NA | PCD=False | SM=NA,344,Engenharia de Computação (Bacharelado),Darcy Ribeiro,Diurno,AC,5,112.975,148.785,12.505,20.951,4.5657,1.51149,4.81,0.199,-8.73533,11.564,-3.198669,0.411272
Engenharia de Computação (Bacharelado) | Darcy Ribeiro | Diurno | CN | EP=False | R=NA | GE=NEGROS | PCD=False | SM=NA,345,Engenharia de Computação (Bacharelado),Darcy Ribeiro,Diurno,CN,6,56.03,59.451,15.635,15.458,3.55471,-1.5765,3.427,-5.125,-10.2195,7.73975,-0.697179,5.716839
Engenharia de Computação (Bacharelado) | Darcy Ribeiro | Diurno | EP_R1_NPPI | EP=True | R=R1 | GE=NPPI | PCD=False | SM=1.5,346,Engenharia de Computação (Bacharelado),Darcy Ribeiro,Diurno,EP_R1_NPPI,4,-10.473,10.026,31.694,21.405,-3.7436,-3.8922,-2.597,-1.159,7.249,-7.875,3.6245,-3.9375
Engenharia de Computação (Bacharelado) | Darcy Ribeiro | Diurno | EP_R1_NPPIQ | EP=True | R=R1 | GE=NPPIQ | PCD=False | SM=1.0,347,Engenharia de Computação (Bacharelado),Darcy Ribeiro,Diurno,EP_R1_NPPIQ,1,-33.752,-33.752,0.0,0.0,,,0.0,0.0,,,,
Engenharia de Computação (Bacharelado) | Darcy Ribeiro | Diurno | EP_R1_PPI | EP=True | R=R1 | GE=PPI | PCD=False | SM=1.5,348,Engenharia de Computação (Bacharelado),Darcy Ribeiro,Diurno,EP_R1_PPI,4,10.057,59.937,22.843,25.66,7.859,5.3558,7.252,4.803,-33.221,-21.255,-16.6105,-10.6275
Engenharia de Computação (Bacharelado) | Darcy Ribeiro | Diurno | EP_R2_NPPI | EP=True | R=R2 | GE=NPPI | PCD=False | SM=1.5,349,Engenharia de Computação (Bacharelado),Darcy Ribeiro,Diurno,EP_R2_NPPI,4,47.136,91.795,57.634,58.242,1.81673,-9.65328,8.563,1.348,-127.477,-116.392,-35.724364,-31.076023
Engenharia de Computação (Bacharelado) | Darcy Ribeiro | Diurno | EP_R2_NPPIQ | EP=True | R=R2 | GE=NPPIQ | PCD=False | SM=1.0,350,Engenharia de Computação (Bacharelado),Darcy Ribeiro,Diurno,EP_R2_NPPIQ,1,82.189,83.309,0.0,0.0,,,0.0,0.0,,,,
Engenharia de Computação (Bacharelado) | Darcy Ribeiro | Diurno | EP_R2_NPPIQ_PCD | EP=True | R=R2 | GE=NPPIQ | PCD=True | SM=1.0,351,Engenharia de Computação (Bacharelado),Darcy Ribeiro,Diurno,EP_R2_NPPIQ_PCD,1,25.163,25.163,0.0,0.0,,,0.0,0.0,,,,
Engenharia de Computação (Bacharelado) | Darcy Ribeiro | Diurno | EP_R2_PPI | EP=True | R=R2 | GE=PPI | PCD=False | SM=1.5,352,Engenharia de Computação (Bacharelado),Darcy Ribeiro,Diurno,EP_R2_PPI,5,-16.427,6.389,34.196,47.258,-16.68417,-30.48823,-4.407,-16.095,-38.66367,-42.4915,-16.788786,-14.280955
Engenharia de Computação (Bacharelado) | Darcy Ribeiro | Diurno | EP_R2_PPIQ | EP=True | R=R2 | GE=PPIQ | PCD=False | SM=1.0,353,Engenharia de Computação (Bacharelado),Darcy Ribeiro,Diurno,EP_R2_PPIQ,1,-67.012,55.801,0.0,0.0,,,0.0,0.0,,,,
Engenharia de Produção (Bacharelado) | Darcy Ribeiro | Noturno | AC | EP=False | R=NA | GE=NA | PCD=False | SM=NA,354,Engenharia de Produção (Bacharelado),Darcy Ribeiro,Noturno,AC,6,-8.637,95.801,56.689,52.111,3.60996,-3.93078,0.774,-5.369,6.92925,17.96367,3.351518,-0.734205
Engenharia de Produção (Bacharelado) | Darcy Ribeiro | Noturno | CN | EP=False | R=NA | GE=NEGROS | PCD=False | SM=NA,355,Engenharia de Produção (Bacharelado),Darcy Ribeiro,Noturno,CN,6,-25.915,-25.638,31.691,32.053,-12.75207,-13.167,-9.94,-10.631,18.13325,19.5855,-1.030768,-0.512107
Engenharia de Produção (Bacharelado) | Darcy Ribeiro | Noturno | EP_R1_NPPI | EP=True | R=R1 | GE=NPPI | PCD=False | SM=1.5,356,Engenharia de Produção (Bacharelado),Darcy Ribeiro,Noturno,EP_R1_NPPI,1,-47.974,-47.974,0.0,0.0,,,0.0,0.0,,,,
Engenharia de Produção (Bacharelado) | Darcy Ribeiro | Noturno | EP_R1_NPPIQ | EP=True | R=R1 | GE=NPPIQ | PCD=False | SM=1.0,357,Engenharia de Produção (Bacharelado),Darcy Ribeiro,Noturno,EP_R1_NPPIQ,1,-20.589,-16.273,0.0,0.0,,,0.0,0.0,,,,
Engenharia de Produção (Bacharelado) | Darcy Ribeiro | Noturno | EP_R1_PPI | EP=True | R=R1 | GE=PPI | PCD=False | SM=1.5,358,Engenharia de Produção (Bacharelado),Darcy Ribeiro,Noturno,EP_R1_PPI,2,5.918,5.918,7.754,7.754,16.448,16.448,2.741,2.741,,,,
Engenharia de Produção (Bacharelado) | Darcy Ribeiro | Noturno | EP_R2_NPPI | EP=True | R=R2 | GE=NPPI | PCD=False | SM=1.5,359,Engenharia de Produção (Bacharelado),Darcy Ribeiro,Noturno,EP_R2_NPPI,2,-4.895,11.767,36.565,42.186,-38.7835,-44.7455,-12.928,-14.915,,,,
Engenharia de Produção (Bacharelado) | Darcy Ribeiro | Noturno | EP_R2_NPPIQ | EP=True | R=R2 | GE=NPPIQ | PCD=False | SM=1.0,360,Engenharia de Produção (Bacharelado),Darcy Ribeiro,Noturno,EP_R2_NPPIQ,1,-30.464,60.182,0.0,0.0,,,0.0,0.0,,,,
Engenharia de Produção (Bacharelado) | Darcy Ribeiro | Noturno | EP_R2_PPI | EP=True | R=R2 | GE=PPI | PCD=False | SM=1.5,361,Engenharia de Produção (Bacharelado),Darcy Ribeiro,Noturno,EP_R2_PPI,1,-86.266,14.269,0.0,0.0,,,0.0,0.0,,,,
Engenharia de Produção (Bacharelado) | Darcy Ribeiro | Noturno | EP_R2_PPIQ | EP=True | R=R2 | GE=PPIQ | PCD=False | SM=1.0,362,Engenharia de Produção (Bacharelado),Darcy Ribeiro,Noturno,EP_R2_PPIQ,1,-5.763,-5.763,0.0,0.0,,,0.0,0.0,,,,
Engenharia de Redes de Comunicação (Bacharelado) | Darcy Ribeiro | Diurno | AC | EP=False | R=NA | GE=NA | PCD=False | SM=NA,363,Engenharia de Redes de Comunicação (Bacharelado),Darcy Ribeiro,Diurno,AC,6,-5.296,50.73,34.949,30.96,8.62867,-6.74596,5.53,-4.894,12.82475,12.38175,2.491196,-1.092018
Engenharia de Redes de Comunicação (Bacharelado) | Darcy Ribeiro | Diurno | CN | EP=False | R=NA | GE=NEGROS | PCD=False | SM=NA,364,Engenharia de Redes de Comunicação (Bacharelado),Darcy Ribeiro,Diurno,CN,5,25.371,25.46,37.755,37.682,-12.14492,-12.24513,0.421,0.243,-36.77133,-36.326,-12.430915,-12.30794
Engenharia de Redes de Comunicação (Bacharelado) | Darcy Ribeiro | Diurno | EP_R1_NPPI | EP=True | R=R1 | GE=NPPI | PCD=False | SM=1.5,365,Engenharia de Redes de Comunicação (Bacharelado),Darcy Ribeiro,Diurno,EP_R1_NPPI,2,-58.945,-20.634,10.666,16.425,-11.3125,17.421,-3.771,5.807,,,,
Engenharia de Redes de Comunicação (Bacharelado) | Darcy Ribeiro | Diurno | EP_R1_NPPIQ | EP=True | R=R1 | GE=NPPIQ | PCD=False | SM=1.0,366,Engenharia de Redes de Comunicação (Bacharelado),Darcy Ribeiro,Diurno,EP_R1_NPPIQ,1,-55.125,-55.125,0.0,0.0,,,0.0,0.0,,,,
Engenharia de Redes de Comunicação (Bacharelado) | Darcy Ribeiro | Diurno | EP_R1_PPI | EP=True | R=R1 | GE=PPI | PCD=False | SM=1.5,367,Engenharia de Redes de Comunicação (Bacharelado),Darcy Ribeiro,Diurno,EP_R1_PPI,2,-24.996,-24.996,3.455,3.455,2.44333,2.44333,1.222,1.222,,,,
Engenharia de Redes de Comunicação (Bacharelado) | Darcy Ribeiro | Diurno | EP_R2_NPPI | EP=True | R=R2 | GE=NPPI | PCD=False | SM=1.5,368,Engenharia de Redes de Comunicação (Bacharelado),Darcy Ribeiro,Diurno,EP_R2_NPPI,4,-44.844,-22.453,17.603,27.763,16.713,20.6682,7.095,9.731,12.6135,6.035,6.30675,3.0175
Engenharia de Redes de Comunicação (Bacharelado) | Darcy Ribeiro | Diurno | EP_R2_NPPIQ | EP=True | R=R2 | GE=NPPIQ | PCD=False | SM=1.0,369,Engenharia de Redes de Comunicação (Bacharelado),Darcy Ribeiro,Diurno,EP_R2_NPPIQ,1,-73.187,2.297,0.0,0.0,,,0.0,0.0,,,,
Engenharia de Redes de Comunicação (Bacharelado) | Darcy Ribeiro | Diurno | EP_R2_PPI | EP=True | R=R2 | GE=PPI | PCD=False | SM=1.5,370,Engenharia de Redes de Comunicação (Bacharelado),Darcy Ribeiro,Diurno,EP_R2_PPI,3,-29.323,15.373,15.443,7.225,12.69011,-0.25489,6.073,1.525,17.92,-31.985,1.443667,-8.758833
Engenharia de Redes de Comunicação (Bacharelado) | Darcy Ribeiro | Diurno | EP_R2_PPIQ | EP=True | R=R2 | GE=PPIQ | PCD=False | SM=1.0,371,Engenharia de Redes de Comunicação (Bacharelado),Darcy Ribeiro,Diurno,EP_R2_PPIQ,1,-54.018,-24.926,0.0,0.0,,,0.0,0.0,,,,
Engenharias (FGA) | Gama | Diurno | AC | EP=False | R=NA | GE=NA | PCD=False | SM=NA,372,Engenharias (FGA),Gama,Diurno,AC,6,44.004,123.421,36.598,45.566,10.86129,-7.20626,18.105,-6.984,-28.697,16.81733,-13.580857,-1.589823
Engenharias (FGA) | Gama | Diurno | CN | EP=False | R=NA | GE=NEGROS | PCD=False | SM=NA,373,Engenharias (FGA),Gama,Diurno,CN,6,10.591,62.618,20.895,35.107,3.87463,-12.04321,8.295,-7.043,-9.042,13.19175,-7.599571,-4.489518
Engenharias (FGA) | Gama | Diurno | EP_R1_NPPI | EP=True | R=R1 | GE=NPPI | PCD=False | SM=1.5,374,Engenharias (FGA),Gama,Diurno,EP_R1_NPPI,4,-40.873,44.533,7.106,14.029,5.249,11.5514,2.334,7.391,2.902,-16.157,1.451,-8.0785
Engenharias (FGA) | Gama | Diurno | EP_R1_NPPIQ | EP=True | R=R1 | GE=NPPIQ | PCD=False | SM=1.0,375,Engenharias (FGA),Gama,Diurno,EP_R1_NPPIQ,1,-52.564,-11.45,0.0,0.0,,,0.0,0.0,,,,
Engenharias (FGA) | Gama | Diurno | EP_R1_PPI | EP=True | R=R1 | GE=PPI | PCD=False | SM=1.5,376,Engenharias (FGA),Gama,Diurno,EP_R1_PPI,4,-54.569,30.696,6.983,14.977,5.566,9.7832,1.985,6.548,7.9785,-16.5665,3.98925,-8.28325
Engenharias (FGA) | Gama | Diurno | EP_R2_NPPI | EP=True | R=R2 | GE=NPPI | PCD=False | SM=1.5,377,Engenharias (FGA),Gama,Diurno,EP_R2_NPPI,5,-29.29,54.31,51.245,44.886,-16.34734,-21.59383,1.407,-6.371,-72.12667,-50.905,-30.762071,-20.061714
Engenharias (FGA) | Gama | Diurno | EP_R2_NPPIQ | EP=True | R=R2 | GE=NPPIQ | PCD=False | SM=1.0,378,Engenharias (FGA),Gama,Diurno,EP_R2_NPPIQ,1,-8.202,60.62,0.0,0.0,,,0.0,0.0,,,,
Engenharias (FGA) | Gama | Diurno | EP_R2_NPPIQ_PCD | EP=True | R=R2 | GE=NPPIQ | PCD=True | SM=1.0,379,Engenharias (FGA),Gama,Diurno,EP_R2_NPPIQ_PCD,1,-2.52,19.278,0.0,0.0,,,0.0,0.0,,,,
Engenharias (FGA) | Gama | Diurno | EP_R2_PPI | EP=True | R=R2 | GE=PPI | PCD=False | SM=1.5,380,Engenharias (FGA),Gama,Diurno,EP_R2_PPI,4,-55.898,73.172,11.678,33.923,9.414,33.7778,4.965,17.224,-2.582,-3.3495,-1.291,-1.67475
Engenharias (FGA) | Gama | Diurno | EP_R2_PPIQ | EP=True | R=R2 | GE=PPIQ | PCD=False | SM=1.0,381,Engenharias (FGA),Gama,Diurno,EP_R2_PPIQ,1,-63.197,17.991,0.0,0.0,,,0.0,0.0,,,,
Estatística (Bacharelado) | Darcy Ribeiro | Diurno | AC | EP=False | R=NA | GE=NA | PCD=False | SM=NA,382,Estatística (Bacharelado),Darcy Ribeiro,Diurno,AC,6,-9.278,84.552,47.823,54.287,-3.10376,-2.27984,2.158,-1.068,-1.50175,15.67433,-7.116054,-4.981094
Estatística (Bacharelado) | Darcy Ribeiro | Diurno | CN | EP=False | R=NA | GE=NEGROS | PCD=False | SM=NA,383,Estatística (Bacharelado),Darcy Ribeiro,Diurno,CN,4,-21.95,-18.275,24.752,24.124,11.19013,7.72727,7.312,1.799,24.097,42.4725,4.538332,8.047221
Estatística (Bacharelado) | Darcy Ribeiro | Diurno | EP_R1_NPPI | EP=True | R=R1 | GE=NPPI | PCD=False | SM=1.5,384,Estatística (Bacharelado),Darcy Ribeiro,Diurno,EP_R1_NPPI,1,-32.737,-32.737,0.0,0.0,,,0.0,0.0,,,,
Estatística (Bacharelado) | Darcy Ribeiro | Diurno | EP_R1_PPI | EP=True | R=R1 | GE=PPI | PCD=False | SM=1.5,385,Estatística (Bacharelado),Darcy Ribeiro,Diurno,EP_R1_PPI,1,-20.062,-12.041,0.0,0.0,,,0.0,0.0,,,,
Estatística (Bacharelado) | Darcy Ribeiro | Diurno | EP_R2_NPPI | EP=True | R=R2 | GE=NPPI | PCD=False | SM=1.5,386,Estatística (Bacharelado),Darcy Ribeiro,Diurno,EP_R2_NPPI,4,-32.54,-7.383,15.173,9.869,-9.9712,-1.4088,-6.689,-0.712,17.031,0.0765,8.5155,0.03825
Estatística (Bacharelado) | Darcy Ribeiro | Diurno | EP_R2_NPPIQ | EP=True | R=R2 | GE=NPPIQ | PCD=False | SM=1.0,387,Estatística (Bacharelado),Darcy Ribeiro,Diurno,EP_R2_NPPIQ,1,-27.068,22.541,0.0,0.0,,,0.0,0.0,,,,
Estatística (Bacharelado) | Darcy Ribeiro | Diurno | EP_R2_PPI | EP=True | R=R2 | GE=PPI | PCD=False | SM=1.5,388,Estatística (Bacharelado),Darcy Ribeiro,Diurno,EP_R2_PPI,2,-26.113,-26.113,18.487,18.487,-39.216,-39.216,-6.536,-6.536,,,,
Estatística (Bacharelado) | Darcy Ribeiro | Diurno | EP_R2_PPIQ | EP=True | R=R2 | GE=PPIQ | PCD=False | SM=1.0,389,Estatística (Bacharelado),Darcy Ribeiro,Diurno,EP_R2_PPIQ,1,-34.447,-34.447,0.0,0.0,,,0.0,0.0,,,,
Farmácia (Bacharelado) | Ceilândia | Diurno | AC | EP=False | R=NA | GE=NA | PCD=False | SM=NA,390,Farmácia (Bacharelado),Ceilândia,Diurno,AC,6,9.777,62.524,24.759,28.785,11.2313,-0.00429,13.923,-3.108,-13.10125,21.207,-6.845375,4.656071
Farmácia (Bacharelado) | Darcy Ribeiro | Diurno | AC | EP=False | R=NA | GE=NA | PCD=False | SM=NA,391,Farmácia (Bacharelado),Darcy Ribeiro,Diurno,AC,6,50.357,91.042,18.456,36.273,-1.12824,-4.6678,2.67,-1.469,-5.90775,8.54,-5.415125,-5.214637
Farmácia (Bacharelado) | Darcy Ribeiro | Noturno | AC | EP=False | R=NA | GE=NA | PCD=False | SM=NA,392,Farmácia (Bacharelado),Darcy Ribeiro,Noturno,AC,6,-12.517,33.857,40.261,33.377,3.89953,0.48621,7.157,1.38,2.85875,12.72475,-5.861375,-1.462661
Farmácia (Bacharelado) | Ceilândia | Diurno | CN | EP=False | R=NA | GE=NEGROS | PCD=False | SM=NA,393,Farmácia (Bacharelado),Ceilândia,Diurno,CN,6,-1.76,-1.739,31.805,31.79,-2.50174,-2.53224,0.266,0.215,9.851,9.95775,-3.525571,-3.487446
Farmácia (Bacharelado) | Darcy Ribeiro | Diurno | CN | EP=False | R=NA | GE=NEGROS | PCD=False | SM=NA,394,Farmácia (Bacharelado),Darcy Ribeiro,Diurno,CN,5,10.508,12.176,23.781,23.917,0.9589,-0.91775,-0.387,-3.723,-16.817,-8.47633,1.384966,3.688169
Farmácia (Bacharelado) | Darcy Ribeiro | Noturno | CN | EP=False | R=NA | GE=NEGROS | PCD=False | SM=NA,395,Farmácia (Bacharelado),Darcy Ribeiro,Noturno,CN,3,28.804,28.804,5.116,5.116,-6.2214,-6.2214,-2.396,-2.396,9.666,9.666,4.833,4.833
Farmácia (Bacharelado) | Ceilândia | Diurno | EP_R1_NPPI | EP=True | R=R1 | GE=NPPI | PCD=False | SM=1.5,396,Farmácia (Bacharelado),Ceilândia,Diurno,EP_R1_NPPI,5,-46.122,-11.363,14.255,36.861,-2.89809,-26.33723,0.529,-14.916,-3.405,-15.287,-6.153143,-6.606214
Farmácia (Bacharelado) | Darcy Ribeiro | Diurno | EP_R1_NPPI | EP=True | R=R1 | GE=NPPI | PCD=False | SM=1.5,397,Farmácia (Bacharelado),Darcy Ribeiro,Diurno,EP_R1_NPPI,4,-10.162,23.563,13.062,28.256,-8.6562,19.1994,-2.742,7.078,-15.8645,25.214,-7.93225,12.607
Farmácia (Bacharelado) | Darcy Ribeiro | Noturno | EP_R1_NPPI | EP=True | R=R1 | GE=NPPI | PCD=False | SM=1.5,398,Farmácia (Bacharelado),Darcy Ribeiro,Noturno,EP_R1_NPPI,3,-16.478,3.895,4.781,7.926,0.4724,3.397,-0.553,2.252,21.324,-33.59,10.662,-16.795
Farmácia (Bacharelado) | Ceilândia | Diurno | EP_R1_NPPIQ | EP=True | R=R1 | GE=NPPIQ | PCD=False | SM=1.0,399,Farmácia (Bacharelado),Ceilândia,Diurno,EP_R1_NPPIQ,1,-33.173,14.394,0.0,0.0,,,0.0,0.0,,,,
Farmácia (Bacharelado) | Darcy Ribeiro | Diurno | EP_R1_NPPIQ | EP=True | R=R1 | GE=NPPIQ | PCD=False | SM=1.0,400,Farmácia (Bacharelado),Darcy Ribeiro,Diurno,EP_R1_NPPIQ,1,-45.41,3.367,0.0,0.0,,,0.0,0.0,,,,
Farmácia (Bacharelado) | Darcy Ribeiro | Noturno | EP_R1_NPPIQ | EP=True | R=R1 | GE=NPPIQ | PCD=False | SM=1.0,401,Farmácia (Bacharelado),Darcy Ribeiro,Noturno,EP_R1_NPPIQ,1,-32.371,-7.88,0.0,0.0,,,0.0,0.0,,,,
Farmácia (Bacharelado) | Ceilândia | Diurno | EP_R1_PPI | EP=True | R=R1 | GE=PPI | PCD=False | SM=1.5,402,Farmácia (Bacharelado),Ceilândia,Diurno,EP_R1_PPI,4,-29.1,-1.649,17.03,13.876,-9.7898,5.9494,-2.067,5.787,-28.278,-28.1235,-14.139,-14.06175
Farmácia (Bacharelado) | Darcy Ribeiro | Diurno | EP_R1_PPI | EP=True | R=R1 | GE=PPI | PCD=False | SM=1.5,403,Farmácia (Bacharelado),Darcy Ribeiro,Diurno,EP_R1_PPI,4,-20.179,-12.733,17.253,25.629,-0.084,-6.4428,3.844,2.368,-38.859,-55.8955,-19.4295,-27.94775
Farmácia (Bacharelado) | Darcy Ribeiro | Noturno | EP_R1_PPI | EP=True | R=R1 | GE=PPI | PCD=False | SM=1.5,404,Farmácia (Bacharelado),Darcy Ribeiro,Noturno,EP_R1_PPI,4,-21.934,0.942,26.54,29.185,24.1136,12.7656,14.576,10.009,-25.1875,-36.2585,-12.59375,-18.12925
Farmácia (Bacharelado) | Ceilândia | Diurno | EP_R2_NPPI | EP=True | R=R2 | GE=NPPI | PCD=False | SM=1.5,405,Farmácia (Bacharelado),Ceilândia,Diurno,EP_R2_NPPI,5,-32.66,28.359,43.351,41.556,-18.6456,-7.34009,-2.918,1.83,-61.06967,-45.39833,-23.78,-16.809643
Farmácia (Bacharelado) | Darcy Ribeiro | Diurno | EP_R2_NPPI | EP=True | R=R2 | GE=NPPI | PCD=False | SM=1.5,406,Farmácia (Bacharelado),Darcy Ribeiro,Diurno,EP_R2_NPPI,5,19.878,50.537,34.131,25.458,-10.79777,-13.6344,0.081,-5.925,-27.36867,-11.79767,-18.197786,-7.912
Farmácia (Bacharelado) | Darcy Ribeiro | Noturno | EP_R2_NPPI | EP=True | R=R2 | GE=NPPI | PCD=False | SM=1.5,407,Farmácia (Bacharelado),Darcy Ribeiro,Noturno,EP_R2_NPPI,4,-18.975,-1.957,31.075,27.831,1.691,18.709,7.673,14.054,-68.2725,-47.0,-34.13625,-23.5
Farmácia (Bacharelado) | Ceilândia | Diurno | EP_R2_NPPIQ | EP=True | R=R2 | GE=NPPIQ | PCD=False | SM=1.0,408,Farmácia (Bacharelado),Ceilândia,Diurno,EP_R2_NPPIQ,1,14.796,18.796,0.0,0.0,,,0.0,0.0,,,,
Farmácia (Bacharelado) | Darcy Ribeiro | Diurno | EP_R2_NPPIQ | EP=True | R=R2 | GE=NPPIQ | PCD=False | SM=1.0,409,Farmácia (Bacharelado),Darcy Ribeiro,Diurno,EP_R2_NPPIQ,1,50.704,50.704,0.0,0.0,,,0.0,0.0,,,,
Farmácia (Bacharelado) | Darcy Ribeiro | Noturno | EP_R2_NPPIQ | EP=True | R=R2 | GE=NPPIQ | PCD=False | SM=1.0,410,Farmácia (Bacharelado),Darcy Ribeiro,Noturno,EP_R2_NPPIQ,1,-10.117,7.338,0.0,0.0,,,0.0,0.0,,,,
Farmácia (Bacharelado) | Darcy Ribeiro | Diurno | EP_R2_NPPIQ_PCD | EP=True | R=R2 | GE=NPPIQ | PCD=True | SM=1.0,411,Farmácia (Bacharelado),Darcy Ribeiro,Diurno,EP_R2_NPPIQ_PCD,1,0.119,0.119,0.0,0.0,,,0.0,0.0,,,,
Farmácia (Bacharelado) | Ceilândia | Diurno | EP_R2_PPI | EP=True | R=R2 | GE=PPI | PCD=False | SM=1.5,412,Farmácia (Bacharelado),Ceilândia,Diurno,EP_R2_PPI,4,-50.582,10.935,19.016,28.22,-3.388,-16.0846,2.067,-6.647,-37.609,-13.9525,-18.8045,-6.97625
Farmácia (Bacharelado) | Darcy Ribeiro | Diurno | EP_R2_PPI | EP=True | R=R2 | GE=PPI | PCD=False | SM=1.5,413,Farmácia (Bacharelado),Darcy Ribeiro,Diurno,EP_R2_PPI,4,-42.033,17.702,19.337,16.827,-10.4644,10.0702,-2.579,3.25,-26.537,17.8545,-13.2685,8.92725
Farmácia (Bacharelado) | Darcy Ribeiro | Noturno | EP_R2_PPI | EP=True | R=R2 | GE=PPI | PCD=False | SM=1.5,414,Farmácia (Bacharelado),Darcy Ribeiro,Noturno,EP_R2_PPI,3,-61.877,1.543,13.024,5.91,16.3384,-6.6406,4.758,-2.695,20.649,14.439,10.3245,7.2195
Farmácia (Bacharelado) | Ceilândia | Diurno | EP_R2_PPIQ | EP=True | R=R2 | GE=PPIQ | PCD=False | SM=1.0,415,Farmácia (Bacharelado),Ceilândia,Diurno,EP_R2_PPIQ,1,-83.68,-4.707,0.0,0.0,,,0.0,0.0,,,,
Farmácia (Bacharelado) | Darcy Ribeiro | Diurno | EP_R2_PPIQ | EP=True | R=R2 | GE=PPIQ | PCD=False | SM=1.0,416,Farmácia (Bacharelado),Darcy Ribeiro,Diurno,EP_R2_PPIQ,1,-19.971,38.952,0.0,0.0,,,0.0,0.0,,,,
Farmácia (Bacharelado) | Darcy Ribeiro | Noturno | EP_R2_PPIQ | EP=True | R=R2 | GE=PPIQ | PCD=False | SM=1.0,417,Farmácia (Bacharelado),Darcy Ribeiro,Noturno,EP_R2_PPIQ,1,-46.669,-21.564,0.0,0.0,,,0.0,0.0,,,,
Filosofia (Bacharelado/Licenciatura) | Darcy Ribeiro | Diurno | AC | EP=False | R=NA | GE=NA | PCD=False | SM=NA,418,Filosofia (Bacharelado/Licenciatura),Darcy Ribeiro,Diurno,AC,5,-68.874,35.469,27.067,35.035,-7.72108,-16.10525,-1.036,-9.095,-24.369,-2.194,-6.149793,-4.68233
Filosofia (Bacharelado/Licenciatura) | Darcy Ribeiro | Diurno | CN | EP=False | R=NA | GE=NEGROS | PCD=False | SM=NA,419,Filosofia (Bacharelado/Licenciatura),Darcy Ribeiro,Diurno,CN,2,-13.164,-5.754,14.756,25.235,-10.434,-17.84367,-5.217,-8.922,,,,
Filosofia (Bacharelado/Licenciatura) | Darcy Ribeiro | Diurno | EP_R1_NPPI | EP=True | R=R1 | GE=NPPI | PCD=False | SM=1.5,420,Filosofia (Bacharelado/Licenciatura),Darcy Ribeiro,Diurno,EP_R1_NPPI,3,-34.484,-34.484,23.799,23.799,9.23092,9.23092,-0.192,-0.192,101.531,101.531,25.478667,25.478667
Filosofia (Bacharelado/Licenciatura) | Darcy Ribeiro | Diurno | EP_R1_PPI | EP=True | R=R1 | GE=PPI | PCD=False | SM=1.5,421,Filosofia (Bacharelado/Licenciatura),Darcy Ribeiro,Diurno,EP_R1_PPI,2,-43.489,-43.489,8.391,8.391,17.801,17.801,2.967,2.967,,,,
Filosofia (Bacharelado/Licenciatura) | Darcy Ribeiro | Diurno | EP_R2_NPPI | EP=True | R=R2 | GE=NPPI | PCD=False | SM=1.5,422,Filosofia (Bacharelado/Licenciatura),Darcy Ribeiro,Diurno,EP_R2_NPPI,3,-38.844,9.444,40.118,25.933,-51.626,-33.6006,-18.9,-10.197,50.75,-30.096,25.375,-15.048
Filosofia (Bacharelado/Licenciatura) | Darcy Ribeiro | Diurno | EP_R2_PPI | EP=True | R=R2 | GE=PPI | PCD=False | SM=1.5,423,Filosofia (Bacharelado/Licenciatura),Darcy Ribeiro,Diurno,EP_R2_PPI,3,-42.636,-9.923,31.422,8.84,5.7822,-7.7414,-2.712,-1.582,139.197,-29.949,69.5985,-14.9745
Filosofia (Bacharelado/Licenciatura) | Darcy Ribeiro | Diurno | EP_R2_PPI_PCD | EP=True | R=R2 | GE=PPI | PCD=True | SM=1.5,424,Filosofia (Bacharelado/Licenciatura),Darcy Ribeiro,Diurno,EP_R2_PPI_PCD,1,-48.451,-48.451,0.0,0.0,,,0.0,0.0,,,,
Filosofia (Licenciatura) | Darcy Ribeiro | Noturno | AC | EP=False | R=NA | GE=NA | PCD=False | SM=NA,425,Filosofia (Licenciatura),Darcy Ribeiro,Noturno,AC,4,-46.691,-8.108,8.426,28.048,-3.14298,-0.30622,-0.78,-7.39,-13.32,44.1295,-2.829727,15.087409
Filosofia (Licenciatura) | Darcy Ribeiro | Noturno | EP_R1_PPI | EP=True | R=R1 | GE=PPI | PCD=False | SM=1.5,426,Filosofia (Licenciatura),Darcy Ribeiro,Noturno,EP_R1_PPI,1,-59.768,-59.768,0.0,0.0,,,0.0,0.0,,,,
Filosofia (Licenciatura) | Darcy Ribeiro | Noturno | EP_R2_NPPI | EP=True | R=R2 | GE=NPPI | PCD=False | SM=1.5,427,Filosofia (Licenciatura),Darcy Ribeiro,Noturno,EP_R2_NPPI,1,-22.521,-22.521,0.0,0.0,,,0.0,0.0,,,,
Filosofia (Licenciatura) | Darcy Ribeiro | Noturno | EP_R2_PPI | EP=True | R=R2 | GE=PPI | PCD=False | SM=1.5,428,Filosofia (Licenciatura),Darcy Ribeiro,Noturno,EP_R2_PPI,2,-35.036,-35.036,20.19,20.19,42.83,42.83,7.138,7.138,,,,
Fisioterapia (Bacharelado) | Ceilândia | Diurno | AC | EP=False | R=NA | GE=NA | PCD=False | SM=NA,429,Fisioterapia (Bacharelado),Ceilândia,Diurno,AC,6,23.298,63.535,12.377,29.193,-0.46874,-1.11539,0.943,-1.365,0.439,9.26233,-2.000786,-1.535371
Fisioterapia (Bacharelado) | Ceilândia | Diurno | CN | EP=False | R=NA | GE=NEGROS | PCD=False | SM=NA,430,Fisioterapia (Bacharelado),Ceilândia,Diurno,CN,6,4.36,5.521,10.749,12.52,-0.58033,-2.32269,-1.949,-4.853,1.24975,7.348,2.198268,4.376214
Fisioterapia (Bacharelado) | Ceilândia | Diurno | EP_R1_NPPI | EP=True | R=R1 | GE=NPPI | PCD=False | SM=1.5,431,Fisioterapia (Bacharelado),Ceilândia,Diurno,EP_R1_NPPI,5,-23.431,4.26,33.378,51.655,-12.77229,-25.81191,-3.587,-9.043,-38.03733,-36.99833,-12.319643,-20.411357
Fisioterapia (Bacharelado) | Ceilândia | Diurno | EP_R1_NPPIQ | EP=True | R=R1 | GE=NPPIQ | PCD=False | SM=1.0,432,Fisioterapia (Bacharelado),Ceilândia,Diurno,EP_R1_NPPIQ,1,-35.235,-33.078,0.0,0.0,,,0.0,0.0,,,,
Fisioterapia (Bacharelado) | Ceilândia | Diurno | EP_R1_PPI | EP=True | R=R1 | GE=PPI | PCD=False | SM=1.5,433,Fisioterapia (Bacharelado),Ceilândia,Diurno,EP_R1_PPI,4,-33.031,4.546,16.477,9.783,-5.8288,-5.814,-4.099,-2.277,11.842,-6.3,5.921,-3.15
Fisioterapia (Bacharelado) | Ceilândia | Diurno | EP_R1_PPIQ | EP=True | R=R1 | GE=PPIQ | PCD=False | SM=1.0,434,Fisioterapia (Bacharelado),Ceilândia,Diurno,EP_R1_PPIQ,1,-59.032,-59.032,0.0,0.0,,,0.0,0.0,,,,
Fisioterapia (Bacharelado) | Ceilândia | Diurno | EP_R2_NPPI | EP=True | R=R2 | GE=NPPI | PCD=False | SM=1.5,435,Fisioterapia (Bacharelado),Ceilândia,Diurno,EP_R2_NPPI,5,6.373,21.294,22.648,16.84,-10.00409,-9.01531,-2.323,-3.507,-14.74667,-8.09767,-10.867143,-6.257857
Fisioterapia (Bacharelado) | Ceilândia | Diurno | EP_R2_NPPIQ | EP=True | R=R2 | GE=NPPIQ | PCD=False | SM=1.0,436,Fisioterapia (Bacharelado),Ceilândia,Diurno,EP_R2_NPPIQ,1,12.991,24.746,0.0,0.0,,,0.0,0.0,,,,
Fisioterapia (Bacharelado) | Ceilândia | Diurno | EP_R2_PPI | EP=True | R=R2 | GE=PPI | PCD=False | SM=1.5,437,Fisioterapia (Bacharelado),Ceilândia,Diurno,EP_R2_PPI,5,-44.705,-15.047,32.08,29.765,-21.77377,-23.36197,-10.343,-14.783,-14.06133,0.52333,-10.431286,-1.978286
Fisioterapia (Bacharelado) | Ceilândia | Diurno | EP_R2_PPIQ | EP=True | R=R2 | GE=PPIQ | PCD=False | SM=1.0,438,Fisioterapia (Bacharelado),Ceilândia,Diurno,EP_R2_PPIQ,1,-59.558,8.862,0.0,0.0,,,0.0,0.0,,,,
Fonoaudiologia (Bacharelado) | Ceilândia | Diurno | AC | EP=False | R=NA | GE=NA | PCD=False | SM=NA,439,Fonoaudiologia (Bacharelado),Ceilândia,Diurno,AC,6,1.474,34.536,18.744,23.583,5.3357,-2.38403,6.764,-2.35,2.66775,21.4755,-3.476089,0.544964
Fonoaudiologia (Bacharelado) | Ceilândia | Diurno | CN | EP=False | R=NA | GE=NEGROS | PCD=False | SM=NA,440,Fonoaudiologia (Bacharelado),Ceilândia,Diurno,CN,5,0.989,5.927,21.845,22.87,-1.35742,-6.91208,0.048,-9.827,-16.338,8.34933,-1.671203,5.145992
Fonoaudiologia (Bacharelado) | Ceilândia | Diurno | EP_R1_NPPI | EP=True | R=R1 | GE=NPPI | PCD=False | SM=1.5,441,Fonoaudiologia (Bacharelado),Ceilândia,Diurno,EP_R1_NPPI,4,-27.356,-4.754,10.346,13.279,-2.47,-10.9218,-0.524,-3.943,-7.1105,-15.18,-3.55525,-7.59
Fonoaudiologia (Bacharelado) | Ceilândia | Diurno | EP_R1_NPPIQ | EP=True | R=R1 | GE=NPPIQ | PCD=False | SM=1.0,442,Fonoaudiologia (Bacharelado),Ceilândia,Diurno,EP_R1_NPPIQ,1,-60.121,-60.121,0.0,0.0,,,0.0,0.0,,,,
Fonoaudiologia (Bacharelado) | Ceilândia | Diurno | EP_R1_PPI | EP=True | R=R1 | GE=PPI | PCD=False | SM=1.5,443,Fonoaudiologia (Bacharelado),Ceilândia,Diurno,EP_R1_PPI,4,-41.768,-0.867,24.535,25.401,-23.9314,6.4134,-10.732,1.307,-12.3395,18.9935,-6.16975,9.49675
Fonoaudiologia (Bacharelado) | Ceilândia | Diurno | EP_R2_NPPI | EP=True | R=R2 | GE=NPPI | PCD=False | SM=1.5,444,Fonoaudiologia (Bacharelado),Ceilândia,Diurno,EP_R2_NPPI,5,-36.498,-1.774,31.97,30.022,-14.98863,-12.28646,-2.964,-5.297,-42.80967,-30.33667,-17.572214,-7.235429
Fonoaudiologia (Bacharelado) | Ceilândia | Diurno | EP_R2_NPPIQ | EP=True | R=R2 | GE=NPPIQ | PCD=False | SM=1.0,445,Fonoaudiologia (Bacharelado),Ceilândia,Diurno,EP_R2_NPPIQ,1,-20.384,5.716,0.0,0.0,,,0.0,0.0,,,,
Fonoaudiologia (Bacharelado) | Ceilândia | Diurno | EP_R2_NPPIQ_PCD | EP=True | R=R2 | GE=NPPIQ | PCD=True | SM=1.0,446,Fonoaudiologia (Bacharelado),Ceilândia,Diurno,EP_R2_NPPIQ_PCD,1,-43.816,-43.816,0.0,0.0,,,0.0,0.0,,,,
Fonoaudiologia (Bacharelado) | Ceilândia | Diurno | EP_R2_PPI | EP=True | R=R2 | GE=PPI | PCD=False | SM=1.5,447,Fonoaudiologia (Bacharelado),Ceilândia,Diurno,EP_R2_PPI,4,-53.093,-18.72,8.808,28.134,2.0884,-21.3562,-0.459,-6.5,15.036,-41.7765,7.518,-20.88825
Fonoaudiologia (Bacharelado) | Ceilândia | Diurno | EP_R2_PPIQ | EP=True | R=R2 | GE=PPIQ | PCD=False | SM=1.0,448,Fonoaudiologia (Bacharelado),Ceilândia,Diurno,EP_R2_PPIQ,1,-48.358,-48.358,0.0,0.0,,,0.0,0.0,,,,
Física (Bacharelado) | Darcy Ribeiro | Diurno | AC | EP=False | R=NA | GE=NA | PCD=False | SM=NA,449,Física (Bacharelado),Darcy Ribeiro,Diurno,AC,5,15.541,116.768,34.554,20.795,-3.36327,-4.03944,1.851,1.448,-39.842,-41.407,-6.00982,-6.901167
Física (Bacharelado) | Darcy Ribeiro | Diurno | CN | EP=False | R=NA | GE=NEGROS | PCD=False | SM=NA,450,Física (Bacharelado),Darcy Ribeiro,Diurno,CN,3,36.862,60.099,23.556,32.444,13.98815,-30.21883,7.943,-15.294,-93.67,45.752,-19.446167,3.790833
Física (Bacharelado) | Darcy Ribeiro | Diurno | EP_R1_NPPI | EP=True | R=R1 | GE=NPPI | PCD=False | SM=1.5,451,Física (Bacharelado),Darcy Ribeiro,Diurno,EP_R1_NPPI,3,-24.242,29.24,15.804,23.074,18.5108,-30.657,7.319,-9.741,-34.472,-14.345,-17.236,-7.1725
Física (Bacharelado) | Darcy Ribeiro | Diurno | EP_R1_PPI | EP=True | R=R1 | GE=PPI | PCD=False | SM=1.5,452,Física (Bacharelado),Darcy Ribeiro,Diurno,EP_R1_PPI,3,37.004,37.004,52.172,52.172,65.707,65.707,24.583,24.583,-80.415,-80.415,-40.2075,-40.2075
Física (Bacharelado) | Darcy Ribeiro | Diurno | EP_R2_NPPI | EP=True | R=R2 | GE=NPPI | PCD=False | SM=1.5,453,Física (Bacharelado),Darcy Ribeiro,Diurno,EP_R2_NPPI,4,-46.85,54.854,27.13,33.553,-19.776,8.997,-10.282,10.454,3.9375,-59.5595,1.96875,-29.77975
Física (Bacharelado) | Darcy Ribeiro | Diurno | EP_R2_NPPIQ | EP=True | R=R2 | GE=NPPIQ | PCD=False | SM=1.0,454,Física (Bacharelado),Darcy Ribeiro,Diurno,EP_R2_NPPIQ,1,-29.298,5.538,0.0,0.0,,,0.0,0.0,,,,
Física (Bacharelado) | Darcy Ribeiro | Diurno | EP_R2_PPI | EP=True | R=R2 | GE=PPI | PCD=False | SM=1.5,455,Física (Bacharelado),Darcy Ribeiro,Diurno,EP_R2_PPI,3,-10.629,1.46,23.68,20.927,2.7374,-26.2762,4.429,-7.66,-105.506,-32.972,-52.753,-16.486
Física (Bacharelado) | Darcy Ribeiro | Diurno | EP_R2_PPIQ | EP=True | R=R2 | GE=PPIQ | PCD=False | SM=1.0,456,Física (Bacharelado),Darcy Ribeiro,Diurno,EP_R2_PPIQ,1,-15.865,-15.865,0.0,0.0,,,0.0,0.0,,,,
Física (Licenciatura) | Darcy Ribeiro | Noturno | AC | EP=False | R=NA | GE=NA | PCD=False | SM=NA,457,Física (Licenciatura),Darcy Ribeiro,Noturno,AC,5,-31.298,107.519,54.24,39.187,-1.9233,15.14818,1.883,15.286,-21.41833,-26.553,-3.610446,-3.723768
Física (Licenciatura) | Darcy Ribeiro | Noturno | CN | EP=False | R=NA | GE=NEGROS | PCD=False | SM=NA,458,Física (Licenciatura),Darcy Ribeiro,Noturno,CN,1,-46.226,-46.226,0.0,0.0,,,0.0,0.0,,,,
Física (Licenciatura) | Darcy Ribeiro | Noturno | EP_R1_NPPI | EP=True | R=R1 | GE=NPPI | PCD=False | SM=1.5,459,Física (Licenciatura),Darcy Ribeiro,Noturno,EP_R1_NPPI,1,-59.91,26.842,0.0,0.0,,,0.0,0.0,,,,
Física (Licenciatura) | Darcy Ribeiro | Noturno | EP_R2_NPPI | EP=True | R=R2 | GE=NPPI | PCD=False | SM=1.5,460,Física (Licenciatura),Darcy Ribeiro,Noturno,EP_R2_NPPI,1,-30.161,26.655,0.0,0.0,,,0.0,0.0,,,,
Geofísica (Bacharelado) | Darcy Ribeiro | Diurno | AC | EP=False | R=NA | GE=NA | PCD=False | SM=NA,461,Geofísica (Bacharelado),Darcy Ribeiro,Diurno,AC,5,-46.613,40.989,11.882,39.873,1.26205,2.203,4.635,6.396,-11.54433,8.61567,-4.556938,-5.969105
Geofísica (Bacharelado) | Darcy Ribeiro | Diurno | CN | EP=False | R=NA | GE=NEGROS | PCD=False | SM=NA,462,Geofísica (Bacharelado),Darcy Ribeiro,Diurno,CN,1,-6.216,-6.216,0.0,0.0,,,0.0,0.0,,,,
Geofísica (Bacharelado) | Darcy Ribeiro | Diurno | EP_R1_NPPI | EP=True | R=R1 | GE=NPPI | PCD=False | SM=1.5,463,Geofísica (Bacharelado),Darcy Ribeiro,Diurno,EP_R1_NPPI,2,-46.71,-46.71,4.661,4.661,-9.888,-9.888,-1.648,-1.648,,,,
Geofísica (Bacharelado) | Darcy Ribeiro | Diurno | EP_R1_PPI | EP=True | R=R1 | GE=PPI | PCD=False | SM=1.5,464,Geofísica (Bacharelado),Darcy Ribeiro,Diurno,EP_R1_PPI,1,-16.259,-16.259,0.0,0.0,,,0.0,0.0,,,,
Geofísica (Bacharelado) | Darcy Ribeiro | Diurno | EP_R2_NPPI | EP=True | R=R2 | GE=NPPI | PCD=False | SM=1.5,465,Geofísica (Bacharelado),Darcy Ribeiro,Diurno,EP_R2_NPPI,2,-41.394,-41.394,10.136,10.136,-10.7505,-10.7505,-3.584,-3.584,,,,
Geofísica (Bacharelado) | Darcy Ribeiro | Diurno | EP_R2_PPI | EP=True | R=R2 | GE=PPI | PCD=False | SM=1.5,466,Geofísica (Bacharelado),Darcy Ribeiro,Diurno,EP_R2_PPI,1,-20.904,-20.904,0.0,0.0,,,0.0,0.0,,,,
Geografia (Bacharelado/Licenciatura) | Darcy Ribeiro | Diurno | AC | EP=False | R=NA | GE=NA | PCD=False | SM=NA,467,Geografia (Bacharelado/Licenciatura),Darcy Ribeiro,Diurno,AC,5,-46.616,82.485,31.848,38.853,-15.646,18.08912,-5.992,12.717,-34.91433,24.79033,-8.051359,1.945691
Geografia (Bacharelado/Licenciatura) | Darcy Ribeiro | Diurno | CN | EP=False | R=NA | GE=NEGROS | PCD=False | SM=NA,468,Geografia (Bacharelado/Licenciatura),Darcy Ribeiro,Diurno,CN,2,-22.771,-19.384,20.408,15.617,43.291,33.129,7.215,5.522,,,,
Geografia (Bacharelado/Licenciatura) | Darcy Ribeiro | Diurno | EP_R1_NPPI | EP=True | R=R1 | GE=NPPI | PCD=False | SM=1.5,469,Geografia (Bacharelado/Licenciatura),Darcy Ribeiro,Diurno,EP_R1_NPPI,4,-9.409,-2.929,23.474,17.686,9.4718,9.4718,5.519,6.599,-7.829,-18.629,-3.9145,-9.3145
Geografia (Bacharelado/Licenciatura) | Darcy Ribeiro | Diurno | EP_R1_PPI | EP=True | R=R1 | GE=PPI | PCD=False | SM=1.5,470,Geografia (Bacharelado/Licenciatura),Darcy Ribeiro,Diurno,EP_R1_PPI,2,-43.965,-34.36,13.472,27.055,-14.2895,-28.6965,-4.763,-9.566,,,,
Geografia (Bacharelado/Licenciatura) | Darcy Ribeiro | Diurno | EP_R2_NPPI | EP=True | R=R2 | GE=NPPI | PCD=False | SM=1.5,471,Geografia (Bacharelado/Licenciatura),Darcy Ribeiro,Diurno,EP_R2_NPPI,3,-16.061,13.365,17.274,12.61,9.71875,6.585,7.749,5.526,-45.762,-36.295,-15.315,-11.836667
Geografia (Bacharelado/Licenciatura) | Darcy Ribeiro | Diurno | EP_R2_NPPIQ | EP=True | R=R2 | GE=NPPIQ | PCD=False | SM=1.0,472,Geografia (Bacharelado/Licenciatura),Darcy Ribeiro,Diurno,EP_R2_NPPIQ,1,-66.839,-44.521,0.0,0.0,,,0.0,0.0,,,,
Geografia (Bacharelado/Licenciatura) | Darcy Ribeiro | Diurno | EP_R2_PPI | EP=True | R=R2 | GE=PPI | PCD=False | SM=1.5,473,Geografia (Bacharelado/Licenciatura),Darcy Ribeiro,Diurno,EP_R2_PPI,3,-18.459,-5.403,4.42,12.532,4.8286,15.7126,1.992,4.572,-11.474,19.951,-5.737,9.9755
Geologia (Bacharelado) | Darcy Ribeiro | Diurno | AC | EP=False | R=NA | GE=NA | PCD=False | SM=NA,474,Geologia (Bacharelado),Darcy Ribeiro,Diurno,AC,5,-62.731,80.064,10.295,14.771,2.30818,4.45202,5.218,7.501,-11.547,-15.82967,-4.186884,-4.814884
Geologia (Bacharelado) | Darcy Ribeiro | Diurno | CN | EP=False | R=NA | GE=NEGROS | PCD=False | SM=NA,475,Geologia (Bacharelado),Darcy Ribeiro,Diurno,CN,2,-35.769,-35.769,1.274,1.274,-2.703,-2.703,-0.45,-0.45,,,,
Geologia (Bacharelado) | Darcy Ribeiro | Diurno | EP_R1_NPPI | EP=True | R=R1 | GE=NPPI | PCD=False | SM=1.5,476,Geologia (Bacharelado),Darcy Ribeiro,Diurno,EP_R1_NPPI,1,-36.351,-36.351,0.0,0.0,,,0.0,0.0,,,,
Geologia (Bacharelado) | Darcy Ribeiro | Diurno | EP_R1_PPI | EP=True | R=R1 | GE=PPI | PCD=False | SM=1.5,477,Geologia (Bacharelado),Darcy Ribeiro,Diurno,EP_R1_PPI,3,-16.521,-16.521,19.812,19.812,24.5858,24.5858,9.318,9.318,-33.672,-33.672,-16.836,-16.836
Geologia (Bacharelado) | Darcy Ribeiro | Diurno | EP_R2_NPPI | EP=True | R=R2 | GE=NPPI | PCD=False | SM=1.5,478,Geologia (Bacharelado),Darcy Ribeiro,Diurno,EP_R2_NPPI,3,11.184,11.184,20.845,20.845,3.17836,3.17836,6.279,6.279,-86.863,-86.863,-24.855167,-24.855167
Geologia (Bacharelado) | Darcy Ribeiro | Diurno | EP_R2_PPI | EP=True | R=R2 | GE=PPI | PCD=False | SM=1.5,479,Geologia (Bacharelado),Darcy Ribeiro,Diurno,EP_R2_PPI,1,-34.358,-10.741,0.0,0.0,,,0.0,0.0,,,,
Gestão Ambiental (Bacharelado) | Planaltina | Noturno | AC | EP=False | R=NA | GE=NA | PCD=False | SM=NA,480,Gestão Ambiental (Bacharelado),Planaltina,Noturno,AC,2,-51.892,0.598,7.257,44.373,7.6975,47.065,2.566,15.688,,,,
Gestão Ambiental (Bacharelado) | Planaltina | Noturno | EP_R2_NPPI | EP=True | R=R2 | GE=NPPI | PCD=False | SM=1.5,481,Gestão Ambiental (Bacharelado),Planaltina,Noturno,EP_R2_NPPI,2,-31.655,5.887,29.595,23.498,62.781,-49.846,10.463,-8.308,,,,
Gestão Ambiental (Bacharelado) | Planaltina | Noturno | EP_R2_PPI | EP=True | R=R2 | GE=PPI | PCD=False | SM=1.5,482,Gestão Ambiental (Bacharelado),Planaltina,Noturno,EP_R2_PPI,1,-34.138,-34.138,0.0,0.0,,,0.0,0.0,,,,
Gestão de Agronegócio (Bacharelado) | Darcy Ribeiro | Noturno | AC | EP=False | R=NA | GE=NA | PCD=False | SM=NA,483,Gestão de Agronegócio (Bacharelado),Darcy Ribeiro,Noturno,AC,5,-64.192,-7.032,16.565,21.316,6.10625,7.54775,4.819,4.972,1.66267,-2.23467,-0.086496,1.120133
Gestão de Agronegócio (Bacharelado) | Darcy Ribeiro | Noturno | CN | EP=False | R=NA | GE=NEGROS | PCD=False | SM=NA,484,Gestão de Agronegócio (Bacharelado),Darcy Ribeiro,Noturno,CN,2,-16.52,-16.52,6.364,6.364,4.50033,4.50033,2.25,2.25,,,,
Gestão de Agronegócio (Bacharelado) | Darcy Ribeiro | Noturno | EP_R1_NPPI | EP=True | R=R1 | GE=NPPI | PCD=False | SM=1.5,485,Gestão de Agronegócio (Bacharelado),Darcy Ribeiro,Noturno,EP_R1_NPPI,1,-32.966,-32.966,0.0,0.0,,,0.0,0.0,,,,
Gestão de Agronegócio (Bacharelado) | Darcy Ribeiro | Noturno | EP_R1_PPI | EP=True | R=R1 | GE=PPI | PCD=False | SM=1.5,486,Gestão de Agronegócio (Bacharelado),Darcy Ribeiro,Noturno,EP_R1_PPI,1,-57.616,-57.616,0.0,0.0,,,0.0,0.0,,,,
Gestão de Agronegócio (Bacharelado) | Darcy Ribeiro | Noturno | EP_R2_NPPI | EP=True | R=R2 | GE=NPPI | PCD=False | SM=1.5,487,Gestão de Agronegócio (Bacharelado),Darcy Ribeiro,Noturno,EP_R2_NPPI,2,-55.847,-32.456,10.937,22.144,7.73333,-15.65833,3.867,-7.829,,,,
Gestão de Agronegócio (Bacharelado) | Darcy Ribeiro | Noturno | EP_R2_PPI | EP=True | R=R2 | GE=PPI | PCD=False | SM=1.5,488,Gestão de Agronegócio (Bacharelado),Darcy Ribeiro,Noturno,EP_R2_PPI,1,-44.795,-33.635,0.0,0.0,,,0.0,0.0,,,,
Gestão de Políticas Públicas (Bacharelado) | Darcy Ribeiro | Noturno | AC | EP=False | R=NA | GE=NA | PCD=False | SM=NA,489,Gestão de Políticas Públicas (Bacharelado),Darcy Ribeiro,Noturno,AC,5,-30.974,65.537,26.683,17.661,14.80548,2.48852,11.414,1.417,-1.415,-1.12167,0.598043,0.906344
Gestão de Políticas Públicas (Bacharelado) | Darcy Ribeiro | Noturno | CN | EP=False | R=NA | GE=NEGROS | PCD=False | SM=NA,490,Gestão de Políticas Públicas (Bacharelado),Darcy Ribeiro,Noturno,CN,5,-16.088,-13.082,21.838,24.064,6.93945,3.5577,6.077,0.065,10.241,25.271,-0.430442,3.719963
Gestão de Políticas Públicas (Bacharelado) | Darcy Ribeiro | Noturno | EP_R1_NPPI | EP=True | R=R1 | GE=NPPI | PCD=False | SM=1.5,491,Gestão de Políticas Públicas (Bacharelado),Darcy Ribeiro,Noturno,EP_R1_NPPI,4,-56.051,-48.955,23.769,24.496,-2.059,5.0374,-4.246,-1.584,32.161,41.0315,16.0805,20.51575
Gestão de Políticas Públicas (Bacharelado) | Darcy Ribeiro | Noturno | EP_R1_NPPIQ | EP=True | R=R1 | GE=NPPIQ | PCD=False | SM=1.0,492,Gestão de Políticas Públicas (Bacharelado),Darcy Ribeiro,Noturno,EP_R1_NPPIQ,1,-34.132,-29.67,0.0,0.0,,,0.0,0.0,,,,
Gestão de Políticas Públicas (Bacharelado) | Darcy Ribeiro | Noturno | EP_R1_PPI | EP=True | R=R1 | GE=PPI | PCD=False | SM=1.5,493,Gestão de Políticas Públicas (Bacharelado),Darcy Ribeiro,Noturno,EP_R1_PPI,4,-52.987,-31.338,17.357,21.504,16.2208,-4.4082,9.346,0.633,-12.358,-28.372,-6.179,-14.186
Gestão de Políticas Públicas (Bacharelado) | Darcy Ribeiro | Noturno | EP_R2_NPPI | EP=True | R=R2 | GE=NPPI | PCD=False | SM=1.5,494,Gestão de Políticas Públicas (Bacharelado),Darcy Ribeiro,Noturno,EP_R2_NPPI,4,-54.258,3.428,20.99,14.354,-0.6686,11.9094,-0.309,4.325,-0.257,16.296,-0.1285,8.148
Gestão de Políticas Públicas (Bacharelado) | Darcy Ribeiro | Noturno | EP_R2_NPPIQ | EP=True | R=R2 | GE=NPPIQ | PCD=False | SM=1.0,495,Gestão de Políticas Públicas (Bacharelado),Darcy Ribeiro,Noturno,EP_R2_NPPIQ,1,-39.713,-11.757,0.0,0.0,,,0.0,0.0,,,,
Gestão de Políticas Públicas (Bacharelado) | Darcy Ribeiro | Noturno | EP_R2_PPI | EP=True | R=R2 | GE=PPI | PCD=False | SM=1.5,496,Gestão de Políticas Públicas (Bacharelado),Darcy Ribeiro,Noturno,EP_R2_PPI,3,-50.284,-19.426,14.188,16.894,10.75934,-12.85123,4.108,-4.937,35.185,-41.423,6.7425,-7.887
Gestão de Políticas Públicas (Bacharelado) | Darcy Ribeiro | Noturno | EP_R2_PPIQ | EP=True | R=R2 | GE=PPIQ | PCD=False | SM=1.0,497,Gestão de Políticas Públicas (Bacharelado),Darcy Ribeiro,Noturno,EP_R2_PPIQ,1,-50.028,-41.002,0.0,0.0,,,0.0,0.0,,,,
Gestão do Agronegócio (Bacharelado) | Planaltina | Diurno | AC | EP=False | R=NA | GE=NA | PCD=False | SM=NA,498,Gestão do Agronegócio (Bacharelado),Planaltina,Diurno,AC,5,-77.711,-32.218,14.246,24.123,0.37658,4.00588,1.1,5.569,-9.49033,12.05133,-0.857842,-2.910836
Gestão do Agronegócio (Bacharelado) | Planaltina | Diurno | CN | EP=False | R=NA | GE=NEGROS | PCD=False | SM=NA,499,Gestão do Agronegócio (Bacharelado),Planaltina,Diurno,CN,1,-45.106,-45.106,0.0,0.0,,,0.0,0.0,,,,
Gestão do Agronegócio (Bacharelado) | Planaltina | Diurno | EP_R2_NPPI | EP=True | R=R2 | GE=NPPI | PCD=False | SM=1.5,500,Gestão do Agronegócio (Bacharelado),Planaltina,Diurno,EP_R2_NPPI,1,-54.109,-22.499,0.0,0.0,,,0.0,0.0,,,,
História (Bacharelado/Licenciatura) | Darcy Ribeiro | Diurno | AC | EP=False | R=NA | GE=NA | PCD=False | SM=NA,501,História (Bacharelado/Licenciatura),Darcy Ribeiro,Diurno,AC,6,28.826,78.158,22.746,38.7,0.21029,-4.27045,1.228,-4.532,4.1135,33.13867,-1.579107,1.247022
História (Bacharelado/Licenciatura) | Darcy Ribeiro | Diurno | CN | EP=False | R=NA | GE=NEGROS | PCD=False | SM=NA,502,História (Bacharelado/Licenciatura),Darcy Ribeiro,Diurno,CN,6,-14.794,-13.72,20.895,23.374,-8.17296,-9.78324,-8.05,-10.734,3.15325,8.78925,1.858661,3.871518
História (Bacharelado/Licenciatura) | Darcy Ribeiro | Diurno | EP_R1_NPPI | EP=True | R=R1 | GE=NPPI | PCD=False | SM=1.5,503,História (Bacharelado/Licenciatura),Darcy Ribeiro,Diurno,EP_R1_NPPI,4,6.401,32.891,13.057,25.118,7.0336,6.7708,3.059,2.365,4.579,10.2065,2.2895,5.10325
História (Bacharelado/Licenciatura) | Darcy Ribeiro | Diurno | EP_R1_NPPIQ | EP=True | R=R1 | GE=NPPIQ | PCD=False | SM=1.0,504,História (Bacharelado/Licenciatura),Darcy Ribeiro,Diurno,EP_R1_NPPIQ,1,-17.032,14.503,0.0,0.0,,,0.0,0.0,,,,
História (Bacharelado/Licenciatura) | Darcy Ribeiro | Diurno | EP_R1_PPI | EP=True | R=R1 | GE=PPI | PCD=False | SM=1.5,505,História (Bacharelado/Licenciatura),Darcy Ribeiro,Diurno,EP_R1_PPI,4,-13.488,21.048,9.825,11.945,-8.5756,-3.8664,-4.283,-0.988,-0.051,-9.4485,-0.0255,-4.72425
História (Bacharelado/Licenciatura) | Darcy Ribeiro | Diurno | EP_R2_NPPI | EP=True | R=R2 | GE=NPPI | PCD=False | SM=1.5,506,História (Bacharelado/Licenciatura),Darcy Ribeiro,Diurno,EP_R2_NPPI,5,-1.849,20.285,37.611,23.838,-19.46789,-12.83891,-7.489,-6.603,-34.91633,-10.98867,-13.723143,-4.890857
História (Bacharelado/Licenciatura) | Darcy Ribeiro | Diurno | EP_R2_NPPIQ | EP=True | R=R2 | GE=NPPIQ | PCD=False | SM=1.0,507,História (Bacharelado/Licenciatura),Darcy Ribeiro,Diurno,EP_R2_NPPIQ,1,21.418,21.418,0.0,0.0,,,0.0,0.0,,,,
História (Bacharelado/Licenciatura) | Darcy Ribeiro | Diurno | EP_R2_NPPIQ_PCD | EP=True | R=R2 | GE=NPPIQ | PCD=True | SM=1.0,508,História (Bacharelado/Licenciatura),Darcy Ribeiro,Diurno,EP_R2_NPPIQ_PCD,1,-4.958,-4.958,0.0,0.0,,,0.0,0.0,,,,
História (Bacharelado/Licenciatura) | Darcy Ribeiro | Diurno | EP_R2_PPI | EP=True | R=R2 | GE=PPI | PCD=False | SM=1.5,509,História (Bacharelado/Licenciatura),Darcy Ribeiro,Diurno,EP_R2_PPI,4,-28.885,2.624,16.39,22.41,-13.35,-13.7008,-5.391,-5.677,-12.8445,-11.735,-6.42225,-5.8675
História (Bacharelado/Licenciatura) | Darcy Ribeiro | Diurno | EP_R2_PPIQ | EP=True | R=R2 | GE=PPIQ | PCD=False | SM=1.0,510,História (Bacharelado/Licenciatura),Darcy Ribeiro,Diurno,EP_R2_PPIQ,1,-31.06,16.426,0.0,0.0,,,0.0,0.0,,,,
História (Bacharelado/Licenciatura) | Darcy Ribeiro | Diurno | EP_R2_PPIQ_PCD | EP=True | R=R2 | GE=PPIQ | PCD=True | SM=1.0,511,História (Bacharelado/Licenciatura),Darcy Ribeiro,Diurno,EP_R2_PPIQ_PCD,1,-30.955,-30.955,0.0,0.0,,,0.0,0.0,,,,
História (Licenciatura) | Darcy Ribeiro | Noturno | AC | EP=False | R=NA | GE=NA | PCD=False | SM=NA,512,História (Licenciatura),Darcy Ribeiro,Noturno,AC,5,-69.273,37.546,14.981,18.534,-8.2333,-0.06902,-5.925,-2.845,-11.27333,23.19067,-0.862991,3.358833
História (Licenciatura) | Darcy Ribeiro | Noturno | CN | EP=False | R=NA | GE=NEGROS | PCD=False | SM=NA,513,História (Licenciatura),Darcy Ribeiro,Noturno,CN,3,-15.213,-15.213,30.735,30.735,-3.42423,-3.42423,5.455,5.455,-137.169,-137.169,-19.60095,-19.60095
História (Licenciatura) | Darcy Ribeiro | Noturno | EP_R1_NPPI | EP=True | R=R1 | GE=NPPI | PCD=False | SM=1.5,514,História (Licenciatura),Darcy Ribeiro,Noturno,EP_R1_NPPI,4,-26.57,-5.52,27.297,22.577,-2.2466,18.6316,4.193,12.033,-53.166,-27.1755,-26.583,-13.58775
História (Licenciatura) | Darcy Ribeiro | Noturno | EP_R1_PPI | EP=True | R=R1 | GE=PPI | PCD=False | SM=1.5,515,História (Licenciatura),Darcy Ribeiro,Noturno,EP_R1_PPI,4,-26.671,-16.021,14.924,26.405,4.4504,-8.5594,2.941,-2.671,-7.159,-16.0905,-3.5795,-8.04525
História (Licenciatura) | Darcy Ribeiro | Noturno | EP_R2_NPPI | EP=True | R=R2 | GE=NPPI | PCD=False | SM=1.5,516,História (Licenciatura),Darcy Ribeiro,Noturno,EP_R2_NPPI,3,-27.126,-1.212,19.914,21.059,5.80157,-15.76387,7.166,-9.899,-76.081,22.967,-22.603,10.691333
História (Licenciatura) | Darcy Ribeiro | Noturno | EP_R2_NPPIQ | EP=True | R=R2 | GE=NPPIQ | PCD=False | SM=1.0,517,História (Licenciatura),Darcy Ribeiro,Noturno,EP_R2_NPPIQ,1,-61.207,-26.631,0.0,0.0,,,0.0,0.0,,,,
História (Licenciatura) | Darcy Ribeiro | Noturno | EP_R2_PPI | EP=True | R=R2 | GE=PPI | PCD=False | SM=1.5,518,História (Licenciatura),Darcy Ribeiro,Noturno,EP_R2_PPI,3,-33.844,14.579,13.01,26.959,16.7596,-21.9488,6.128,-4.122,-16.249,-95.828,-8.1245,-47.914
Japonês (Licenciatura) | Darcy Ribeiro | Noturno | AC | EP=False | R=NA | GE=NA | PCD=False | SM=NA,519,Japonês (Licenciatura),Darcy Ribeiro,Noturno,AC,5,-52.246,-15.288,30.679,27.643,-6.05668,-8.71315,0.831,1.154,-25.47833,-43.69133,-6.749708,-10.088937
Japonês (Licenciatura) | Darcy Ribeiro | Noturno | CN | EP=False | R=NA | GE=NEGROS | PCD=False | SM=NA,520,Japonês (Licenciatura),Darcy Ribeiro,Noturno,CN,2,-63.151,-63.151,5.187,5.187,5.5015,5.5015,1.834,1.834,,,,
Japonês (Licenciatura) | Darcy Ribeiro | Noturno | EP_R2_NPPI | EP=True | R=R2 | GE=NPPI | PCD=False | SM=1.5,521,Japonês (Licenciatura),Darcy Ribeiro,Noturno,EP_R2_NPPI,3,-15.441,-15.441,7.941,7.941,-8.0914,-8.0914,-3.467,-3.467,23.101,23.101,11.5505,11.5505
Japonês (Licenciatura) | Darcy Ribeiro | Noturno | EP_R2_PPI_PCD | EP=True | R=R2 | GE=PPI | PCD=True | SM=1.5,522,Japonês (Licenciatura),Darcy Ribeiro,Noturno,EP_R2_PPI_PCD,1,5.9,5.9,0.0,0.0,,,0.0,0.0,,,,
Jornalismo (Bacharelado) | Darcy Ribeiro | Diurno | AC | EP=False | R=NA | GE=NA | PCD=False | SM=NA,523,Jornalismo (Bacharelado),Darcy Ribeiro,Diurno,AC,6,82.819,103.505,8.801,17.96,-0.63457,-4.78741,-0.224,-3.484,3.1945,11.167,-0.456607,-0.854793
Jornalismo (Bacharelado) | Darcy Ribeiro | Diurno | CN | EP=False | R=NA | GE=NEGROS | PCD=False | SM=NA,524,Jornalismo (Bacharelado),Darcy Ribeiro,Diurno,CN,6,36.655,37.239,26.231,25.87,-1.70149,-2.57749,-0.59,-2.05,-1.283,1.783,-1.241214,-0.146214
Jornalismo (Bacharelado) | Darcy Ribeiro | Diurno | EP_R1_NPPI | EP=True | R=R1 | GE=NPPI | PCD=False | SM=1.5,525,Jornalismo (Bacharelado),Darcy Ribeiro,Diurno,EP_R1_NPPI,5,3.781,3.801,16.856,16.841,-7.76614,-7.79997,-2.443,-2.482,-23.76867,-23.67,-6.837071,-6.794786
Jornalismo (Bacharelado) | Darcy Ribeiro | Diurno | EP_R1_NPPIQ | EP=True | R=R1 | GE=NPPIQ | PCD=False | SM=1.0,526,Jornalismo (Bacharelado),Darcy Ribeiro,Diurno,EP_R1_NPPIQ,1,-37.174,-31.769,0.0,0.0,,,0.0,0.0,,,,
Jornalismo (Bacharelado) | Darcy Ribeiro | Diurno | EP_R1_PPI | EP=True | R=R1 | GE=PPI | PCD=False | SM=1.5,527,Jornalismo (Bacharelado),Darcy Ribeiro,Diurno,EP_R1_PPI,4,-6.731,2.693,26.44,16.877,15.602,10.878,7.585,5.176,2.1595,2.6285,1.07975,1.31425
Jornalismo (Bacharelado) | Darcy Ribeiro | Diurno | EP_R2_NPPI | EP=True | R=R2 | GE=NPPI | PCD=False | SM=1.5,528,Jornalismo (Bacharelado),Darcy Ribeiro,Diurno,EP_R2_NPPI,5,34.552,35.807,23.833,22.872,-10.48009,-12.63163,-1.988,-4.498,-22.00567,-15.73033,-12.497143,-9.807714
Jornalismo (Bacharelado) | Darcy Ribeiro | Diurno | EP_R2_NPPIQ | EP=True | R=R2 | GE=NPPIQ | PCD=False | SM=1.0,529,Jornalismo (Bacharelado),Darcy Ribeiro,Diurno,EP_R2_NPPIQ,1,41.607,41.607,0.0,0.0,,,0.0,0.0,,,,
Jornalismo (Bacharelado) | Darcy Ribeiro | Diurno | EP_R2_PPI | EP=True | R=R2 | GE=PPI | PCD=False | SM=1.5,530,Jornalismo (Bacharelado),Darcy Ribeiro,Diurno,EP_R2_PPI,5,-16.578,19.343,28.252,20.524,-16.74729,-5.88549,-7.761,-1.902,-28.88167,-24.88667,-8.508643,-5.054143
Jornalismo (Bacharelado) | Darcy Ribeiro | Diurno | EP_R2_PPIQ | EP=True | R=R2 | GE=PPIQ | PCD=False | SM=1.0,531,Jornalismo (Bacharelado),Darcy Ribeiro,Diurno,EP_R2_PPIQ,1,-49.264,20.148,0.0,0.0,,,0.0,0.0,,,,
Letras - Espanhol (Licenciatura) | Darcy Ribeiro | Noturno | AC | EP=False | R=NA | GE=NA | PCD=False | SM=NA,532,Letras - Espanhol (Licenciatura),Darcy Ribeiro,Noturno,AC,5,-69.83,-27.895,17.288,26.019,-0.4197,-14.08027,0.276,-9.195,3.76833,-22.04667,-0.542112,-2.529672
Letras - Espanhol (Licenciatura) | Darcy Ribeiro | Noturno | EP_R1_NPPI | EP=True | R=R1 | GE=NPPI | PCD=False | SM=1.5,533,Letras - Espanhol (Licenciatura),Darcy Ribeiro,Noturno,EP_R1_NPPI,1,-27.424,-27.424,0.0,0.0,,,0.0,0.0,,,,
Letras - Espanhol (Licenciatura) | Darcy Ribeiro | Noturno | EP_R1_PPI | EP=True | R=R1 | GE=PPI | PCD=False | SM=1.5,534,Letras - Espanhol (Licenciatura),Darcy Ribeiro,Noturno,EP_R1_PPI,2,-51.351,-39.035,4.984,3.725,-10.572,7.902,-1.762,1.317,,,,
Letras - Espanhol (Licenciatura) | Darcy Ribeiro | Noturno | EP_R2_NPPI | EP=True | R=R2 | GE=NPPI | PCD=False | SM=1.5,535,Letras - Espanhol (Licenciatura),Darcy Ribeiro,Noturno,EP_R2_NPPI,2,-45.209,1.644,2.804,27.916,-2.9745,29.6095,-0.992,9.87,,,,
Letras - Espanhol (Licenciatura) | Darcy Ribeiro | Noturno | EP_R2_PPI | EP=True | R=R2 | GE=PPI | PCD=False | SM=1.5,536,Letras - Espanhol (Licenciatura),Darcy Ribeiro,Noturno,EP_R2_PPI,3,-27.652,-27.652,13.345,13.345,17.125,17.125,5.128,5.128,17.41,17.41,8.705,8.705
Letras - Francês (Bacharelado/Licenciatura) | Darcy Ribeiro | Diurno | AC | EP=False | R=NA | GE=NA | PCD=False | SM=NA,537,Letras - Francês (Bacharelado/Licenciatura),Darcy Ribeiro,Diurno,AC,4,-68.27,-5.441,16.811,20.256,-8.45793,-9.44412,-5.632,-6.316,-17.954,-22.54,-1.595812,-1.811497
Letras - Francês (Bacharelado/Licenciatura) | Darcy Ribeiro | Diurno | CN | EP=False | R=NA | GE=NEGROS | PCD=False | SM=NA,538,Letras - Francês (Bacharelado/Licenciatura),Darcy Ribeiro,Diurno,CN,1,-84.371,-84.371,0.0,0.0,,,0.0,0.0,,,,
Letras - Francês (Bacharelado/Licenciatura) | Darcy Ribeiro | Diurno | EP_R1_NPPI | EP=True | R=R1 | GE=NPPI | PCD=False | SM=1.5,539,Letras - Francês (Bacharelado/Licenciatura),Darcy Ribeiro,Diurno,EP_R1_NPPI,2,-33.343,-0.745,21.707,1.343,-23.024,1.4245,-7.675,0.475,,,,
Letras - Francês (Bacharelado/Licenciatura) | Darcy Ribeiro | Diurno | EP_R2_NPPI | EP=True | R=R2 | GE=NPPI | PCD=False | SM=1.5,540,Letras - Francês (Bacharelado/Licenciatura),Darcy Ribeiro,Diurno,EP_R2_NPPI,3,-34.816,-34.816,7.888,7.888,-0.97047,-0.97047,-2.271,-2.271,33.313,33.313,9.463667,9.463667
Letras - Francês (Bacharelado/Licenciatura) | Darcy Ribeiro | Diurno | EP_R2_PPI | EP=True | R=R2 | GE=PPI | PCD=False | SM=1.5,541,Letras - Francês (Bacharelado/Licenciatura),Darcy Ribeiro,Diurno,EP_R2_PPI,3,-59.886,-16.605,22.42,5.446,-30.057,-2.0548,-9.891,0.094,-3.83,-23.373,-1.915,-11.6865
Letras - Inglês (Bacharelado/Licenciatura) | Darcy Ribeiro | Diurno | AC | EP=False | R=NA | GE=NA | PCD=False | SM=NA,542,Letras - Inglês (Bacharelado/Licenciatura),Darcy Ribeiro,Diurno,AC,6,12.648,52.966,18.432,30.993,-3.19124,4.27887,-0.153,4.383,-3.00625,12.25975,-3.759375,-1.225518
Letras - Inglês (Bacharelado/Licenciatura) | Darcy Ribeiro | Diurno | CN | EP=False | R=NA | GE=NEGROS | PCD=False | SM=NA,543,Letras - Inglês (Bacharelado/Licenciatura),Darcy Ribeiro,Diurno,CN,4,-9.187,-7.976,25.594,23.725,8.8654,6.4442,7.974,6.158,-35.412,-29.359,-17.706,-14.6795
Letras - Inglês (Bacharelado/Licenciatura) | Darcy Ribeiro | Diurno | EP_R1_NPPI | EP=True | R=R1 | GE=NPPI | PCD=False | SM=1.5,544,Letras - Inglês (Bacharelado/Licenciatura),Darcy Ribeiro,Diurno,EP_R1_NPPI,5,-14.54,-11.645,9.222,13.565,-4.18817,-9.15103,-1.267,-7.057,-11.54933,2.92567,-3.811786,2.391786
Letras - Inglês (Bacharelado/Licenciatura) | Darcy Ribeiro | Diurno | EP_R1_PPI | EP=True | R=R1 | GE=PPI | PCD=False | SM=1.5,545,Letras - Inglês (Bacharelado/Licenciatura),Darcy Ribeiro,Diurno,EP_R1_PPI,4,-24.399,-13.501,13.485,16.169,-0.3306,-0.4492,-3.185,-1.498,30.2015,12.7345,15.10075,6.36725
Letras - Inglês (Bacharelado/Licenciatura) | Darcy Ribeiro | Diurno | EP_R2_NPPI | EP=True | R=R2 | GE=NPPI | PCD=False | SM=1.5,546,Letras - Inglês (Bacharelado/Licenciatura),Darcy Ribeiro,Diurno,EP_R2_NPPI,5,-2.05,7.989,29.337,20.56,-19.72643,-13.92563,-8.981,-6.505,-19.24167,-12.62433,-10.423714,-6.946214
Letras - Inglês (Bacharelado/Licenciatura) | Darcy Ribeiro | Diurno | EP_R2_NPPIQ | EP=True | R=R2 | GE=NPPIQ | PCD=False | SM=1.0,547,Letras - Inglês (Bacharelado/Licenciatura),Darcy Ribeiro,Diurno,EP_R2_NPPIQ,1,-14.226,12.035,0.0,0.0,,,0.0,0.0,,,,
Letras - Inglês (Bacharelado/Licenciatura) | Darcy Ribeiro | Diurno | EP_R2_PPI | EP=True | R=R2 | GE=PPI | PCD=False | SM=1.5,548,Letras - Inglês (Bacharelado/Licenciatura),Darcy Ribeiro,Diurno,EP_R2_PPI,4,-35.658,-15.428,39.557,53.184,-18.7062,-32.7004,-1.931,-8.882,-74.2195,-74.685,-37.10975,-37.3425
Letras - Inglês (Bacharelado/Licenciatura) | Darcy Ribeiro | Diurno | EP_R2_PPIQ | EP=True | R=R2 | GE=PPIQ | PCD=False | SM=1.0,549,Letras - Inglês (Bacharelado/Licenciatura),Darcy Ribeiro,Diurno,EP_R2_PPIQ,1,-34.486,-34.486,0.0,0.0,,,0.0,0.0,,,,
Letras - Português (Bacharelado/Licenciatura) | Darcy Ribeiro | Diurno | AC | EP=False | R=NA | GE=NA | PCD=False | SM=NA,550,Letras - Português (Bacharelado/Licenciatura),Darcy Ribeiro,Diurno,AC,6,25.38,56.03,31.371,36.063,1.69836,1.97136,4.472,0.047,0.66525,24.76275,-4.585339,2.393482
Letras - Português (Bacharelado/Licenciatura) | Darcy Ribeiro | Diurno | CN | EP=False | R=NA | GE=NEGROS | PCD=False | SM=NA,551,Letras - Português (Bacharelado/Licenciatura),Darcy Ribeiro,Diurno,CN,6,0.366,1.573,38.674,37.563,3.09281,1.28203,4.92,1.902,8.87125,15.209,-3.514196,-1.250714
Letras - Português (Bacharelado/Licenciatura) | Darcy Ribeiro | Diurno | EP_R1_NPPI | EP=True | R=R1 | GE=NPPI | PCD=False | SM=1.5,552,Letras - Português (Bacharelado/Licenciatura),Darcy Ribeiro,Diurno,EP_R1_NPPI,5,-1.452,7.877,26.96,28.3,-3.14406,-7.14229,0.82,0.82,-30.38667,-30.38667,-7.290429,-13.954143
Letras - Português (Bacharelado/Licenciatura) | Darcy Ribeiro | Diurno | EP_R1_NPPIQ | EP=True | R=R1 | GE=NPPIQ | PCD=False | SM=1.0,553,Letras - Português (Bacharelado/Licenciatura),Darcy Ribeiro,Diurno,EP_R1_NPPIQ,1,-21.143,-21.143,0.0,0.0,,,0.0,0.0,,,,
Letras - Português (Bacharelado/Licenciatura) | Darcy Ribeiro | Diurno | EP_R1_PPI | EP=True | R=R1 | GE=PPI | PCD=False | SM=1.5,554,Letras - Português (Bacharelado/Licenciatura),Darcy Ribeiro,Diurno,EP_R1_PPI,4,-15.725,1.696,10.936,15.487,1.287,1.7152,3.004,3.471,-23.609,-26.137,-11.8045,-13.0685
Letras - Português (Bacharelado/Licenciatura) | Darcy Ribeiro | Diurno | EP_R2_NPPI | EP=True | R=R2 | GE=NPPI | PCD=False | SM=1.5,555,Letras - Português (Bacharelado/Licenciatura),Darcy Ribeiro,Diurno,EP_R2_NPPI,5,-7.83,12.343,34.64,30.562,-16.09277,-19.28409,-3.633,-12.653,-41.40533,-4.01733,-17.739286,-0.508643
Letras - Português (Bacharelado/Licenciatura) | Darcy Ribeiro | Diurno | EP_R2_NPPIQ | EP=True | R=R2 | GE=NPPIQ | PCD=False | SM=1.0,556,Letras - Português (Bacharelado/Licenciatura),Darcy Ribeiro,Diurno,EP_R2_NPPIQ,1,-39.521,-1.814,0.0,0.0,,,0.0,0.0,,,,
Letras - Português (Bacharelado/Licenciatura) | Darcy Ribeiro | Diurno | EP_R2_PPI | EP=True | R=R2 | GE=PPI | PCD=False | SM=1.5,557,Letras - Português (Bacharelado/Licenciatura),Darcy Ribeiro,Diurno,EP_R2_PPI,4,-42.092,-4.419,27.091,31.111,7.4542,-4.9664,4.04,-5.158,-3.132,26.747,-1.566,13.3735
Letras - Português (Bacharelado/Licenciatura) | Darcy Ribeiro | Diurno | EP_R2_PPIQ | EP=True | R=R2 | GE=PPIQ | PCD=False | SM=1.0,558,Letras - Português (Bacharelado/Licenciatura),Darcy Ribeiro,Diurno,EP_R2_PPIQ,1,-30.58,-30.58,0.0,0.0,,,0.0,0.0,,,,
Letras - Português (Licenciatura) | Darcy Ribeiro | Noturno | AC | EP=False | R=NA | GE=NA | PCD=False | SM=NA,559,Letras - Português (Licenciatura),Darcy Ribeiro,Noturno,AC,5,-60.314,30.339,12.251,33.901,2.89705,-7.63135,1.302,-2.965,1.73267,-14.763,1.380211,-4.28067
Letras - Português (Licenciatura) | Darcy Ribeiro | Noturno | CN | EP=False | R=NA | GE=NEGROS | PCD=False | SM=NA,560,Letras - Português (Licenciatura),Darcy Ribeiro,Noturno,CN,1,-31.96,-31.96,0.0,0.0,,,0.0,0.0,,,,
Letras - Português (Licenciatura) | Darcy Ribeiro | Noturno | EP_R1_NPPI | EP=True | R=R1 | GE=NPPI | PCD=False | SM=1.5,561,Letras - Português (Licenciatura),Darcy Ribeiro,Noturno,EP_R1_NPPI,3,-40.155,-9.53,21.309,31.61,-19.0456,17.0546,-8.717,1.37,71.069,129.431,35.5345,64.7155
Letras - Português (Licenciatura) | Darcy Ribeiro | Noturno | EP_R1_PPI | EP=True | R=R1 | GE=PPI | PCD=False | SM=1.5,562,Letras - Português (Licenciatura),Darcy Ribeiro,Noturno,EP_R1_PPI,1,-39.823,-20.991,0.0,0.0,,,0.0,0.0,,,,
Letras - Português (Licenciatura) | Darcy Ribeiro | Noturno | EP_R2_NPPI | EP=True | R=R2 | GE=NPPI | PCD=False | SM=1.5,563,Letras - Português (Licenciatura),Darcy Ribeiro,Noturno,EP_R2_NPPI,4,-20.594,-9.867,16.493,22.169,7.5144,3.6548,0.755,-1.002,30.0185,28.2975,15.00925,14.14875
Letras - Português (Licenciatura) | Darcy Ribeiro | Noturno | EP_R2_PPI | EP=True | R=R2 | GE=PPI | PCD=False | SM=1.5,564,Letras - Português (Licenciatura),Darcy Ribeiro,Noturno,EP_R2_PPI,3,-15.289,-15.289,3.849,3.849,4.11,4.11,1.718,1.718,-10.425,-10.425,-5.2125,-5.2125
Letras – Português do Brasil como Segunda Língua (Licenciatura) | Darcy Ribeiro | Diurno | AC | EP=False | R=NA | GE=NA | PCD=False | SM=NA,565,Letras – Português do Brasil como Segunda Língua (Licenciatura),Darcy Ribeiro,Diurno,AC,5,-50.566,31.799,22.783,26.325,-10.66665,-11.44118,-3.964,-3.725,-26.895,-25.64567,-5.770328,-6.610319
Letras – Português do Brasil como Segunda Língua (Licenciatura) | Darcy Ribeiro | Diurno | CN | EP=False | R=NA | GE=NEGROS | PCD=False | SM=NA,566,Letras – Português do Brasil como Segunda Língua (Licenciatura),Darcy Ribeiro,Diurno,CN,2,-39.575,-39.575,8.749,8.749,-18.56,-18.56,-3.093,-3.093,,,,
Letras – Português do Brasil como Segunda Língua (Licenciatura) | Darcy Ribeiro | Diurno | EP_R1_NPPI | EP=True | R=R1 | GE=NPPI | PCD=False | SM=1.5,567,Letras – Português do Brasil como Segunda Língua (Licenciatura),Darcy Ribeiro,Diurno,EP_R1_NPPI,3,-35.648,-32.276,8.472,9.664,-6.05587,-7.96455,-3.993,-3.994,12.483,-7.749,5.1175,0.0595
Letras – Português do Brasil como Segunda Língua (Licenciatura) | Darcy Ribeiro | Diurno | EP_R1_PPI | EP=True | R=R1 | GE=PPI | PCD=False | SM=1.5,568,Letras – Português do Brasil como Segunda Língua (Licenciatura),Darcy Ribeiro,Diurno,EP_R1_PPI,3,-48.763,-48.763,6.606,6.606,-3.472,-3.472,-2.063,-2.063,27.18,27.18,13.59,13.59
Letras – Português do Brasil como Segunda Língua (Licenciatura) | Darcy Ribeiro | Diurno | EP_R2_NPPI | EP=True | R=R2 | GE=NPPI | PCD=False | SM=1.5,569,Letras – Português do Brasil como Segunda Língua (Licenciatura),Darcy Ribeiro,Diurno,EP_R2_NPPI,3,-22.202,-7.609,19.11,7.53,16.4228,7.667,3.287,3.287,65.628,-21.93,32.814,-10.965
Letras – Português do Brasil como Segunda Língua (Licenciatura) | Darcy Ribeiro | Diurno | EP_R2_PPI | EP=True | R=R2 | GE=PPI | PCD=False | SM=1.5,570,Letras – Português do Brasil como Segunda Língua (Licenciatura),Darcy Ribeiro,Diurno,EP_R2_PPI,3,-32.29,-19.194,36.958,23.462,47.9358,30.2064,14.569,9.085,42.273,29.514,21.1365,14.757
Letras – Tradução – Espanhol (Bacharelado) | Darcy Ribeiro | Noturno | AC | EP=False | R=NA | GE=NA | PCD=False | SM=NA,571,Letras – Tradução – Espanhol (Bacharelado),Darcy Ribeiro,Noturno,AC,5,-60.423,-48.789,11.345,12.999,0.79722,-6.19788,-2.242,-6.918,7.26667,1.37333,3.636066,2.380052
Letras – Tradução – Espanhol (Bacharelado) | Darcy Ribeiro | Noturno | EP_R1_PPI | EP=True | R=R1 | GE=PPI | PCD=False | SM=1.5,572,Letras – Tradução – Espanhol (Bacharelado),Darcy Ribeiro,Noturno,EP_R1_PPI,1,-45.083,-45.083,0.0,0.0,,,0.0,0.0,,,,
Letras – Tradução – Espanhol (Bacharelado) | Darcy Ribeiro | Noturno | EP_R2_NPPI | EP=True | R=R2 | GE=NPPI | PCD=False | SM=1.5,573,Letras – Tradução – Espanhol (Bacharelado),Darcy Ribeiro,Noturno,EP_R2_NPPI,3,-61.583,-29.074,12.517,9.209,-9.85542,5.52485,-4.081,4.208,-26.109,-22.227,-4.486667,-7.660667
Letras – Tradução – Espanhol (Bacharelado) | Darcy Ribeiro | Noturno | EP_R2_PPI | EP=True | R=R2 | GE=PPI | PCD=False | SM=1.5,574,Letras – Tradução – Espanhol (Bacharelado),Darcy Ribeiro,Noturno,EP_R2_PPI,1,-26.219,-26.219,0.0,0.0,,,0.0,0.0,,,,
Letras – Tradução – Francês (Bacharelado) | Darcy Ribeiro | Diurno | AC | EP=False | R=NA | GE=NA | PCD=False | SM=NA,575,Letras – Tradução – Francês (Bacharelado),Darcy Ribeiro,Diurno,AC,5,-36.883,21.847,22.601,55.719,8.94058,-1.68395,6.585,12.763,-10.03633,-69.35033,0.71989,-17.090918
Letras – Tradução – Francês (Bacharelado) | Darcy Ribeiro | Diurno | EP_R2_PPI | EP=True | R=R2 | GE=PPI | PCD=False | SM=1.5,576,Letras – Tradução – Francês (Bacharelado),Darcy Ribeiro,Diurno,EP_R2_PPI,1,-28.725,-28.725,0.0,0.0,,,0.0,0.0,,,,
Letras – Tradução – Inglês (Bacharelado) | Darcy Ribeiro | Diurno | AC | EP=False | R=NA | GE=NA | PCD=False | SM=NA,577,Letras – Tradução – Inglês (Bacharelado),Darcy Ribeiro,Diurno,AC,6,-37.804,35.352,35.221,43.459,-16.90836,-15.40217,-5.873,-9.527,-27.94475,4.904,-12.326411,-4.961571
Letras – Tradução – Inglês (Bacharelado) | Darcy Ribeiro | Diurno | CN | EP=False | R=NA | GE=NEGROS | PCD=False | SM=NA,578,Letras – Tradução – Inglês (Bacharelado),Darcy Ribeiro,Diurno,CN,4,-12.753,-9.019,25.522,22.246,23.8262,16.3572,11.289,5.687,6.2405,24.913,3.12025,12.4565
Letras – Tradução – Inglês (Bacharelado) | Darcy Ribeiro | Diurno | EP_R1_NPPI | EP=True | R=R1 | GE=NPPI | PCD=False | SM=1.5,579,Letras – Tradução – Inglês (Bacharelado),Darcy Ribeiro,Diurno,EP_R1_NPPI,1,21.242,21.242,0.0,0.0,,,0.0,0.0,,,,
Letras – Tradução – Inglês (Bacharelado) | Darcy Ribeiro | Diurno | EP_R1_PPI | EP=True | R=R1 | GE=PPI | PCD=False | SM=1.5,580,Letras – Tradução – Inglês (Bacharelado),Darcy Ribeiro,Diurno,EP_R1_PPI,3,-56.191,-19.246,6.096,18.52,7.625,23.2028,2.213,6.747,9.865,29.628,4.9325,14.814
Letras – Tradução – Inglês (Bacharelado) | Darcy Ribeiro | Diurno | EP_R2_NPPI | EP=True | R=R2 | GE=NPPI | PCD=False | SM=1.5,581,Letras – Tradução – Inglês (Bacharelado),Darcy Ribeiro,Diurno,EP_R2_NPPI,4,-13.603,3.138,20.888,24.183,4.4802,-20.0472,6.89,-7.343,-46.4965,-26.802,-23.24825,-13.401
Letras – Tradução – Inglês (Bacharelado) | Darcy Ribeiro | Diurno | EP_R2_NPPIQ | EP=True | R=R2 | GE=NPPIQ | PCD=False | SM=1.0,582,Letras – Tradução – Inglês (Bacharelado),Darcy Ribeiro,Diurno,EP_R2_NPPIQ,1,-59.741,-59.741,0.0,0.0,,,0.0,0.0,,,,
Letras – Tradução – Inglês (Bacharelado) | Darcy Ribeiro | Diurno | EP_R2_NPPIQ_PCD | EP=True | R=R2 | GE=NPPIQ | PCD=True | SM=1.0,583,Letras – Tradução – Inglês (Bacharelado),Darcy Ribeiro,Diurno,EP_R2_NPPIQ_PCD,1,-20.506,-20.506,0.0,0.0,,,0.0,0.0,,,,
Letras – Tradução – Inglês (Bacharelado) | Darcy Ribeiro | Diurno | EP_R2_PPI | EP=True | R=R2 | GE=PPI | PCD=False | SM=1.5,584,Letras – Tradução – Inglês (Bacharelado),Darcy Ribeiro,Diurno,EP_R2_PPI,2,-53.016,-7.039,12.822,11.814,-27.199,25.062,-4.533,4.177,,,,
Línguas Estrangeiras Aplicadas (Bacharelado) | Darcy Ribeiro | Diurno | AC | EP=False | R=NA | GE=NA | PCD=False | SM=NA,585,Línguas Estrangeiras Aplicadas (Bacharelado),Darcy Ribeiro,Diurno,AC,5,-50.485,33.31,10.095,24.347,-2.90887,-13.47973,-0.192,-8.148,-3.759,-13.45667,-2.635462,-3.182011
Línguas Estrangeiras Aplicadas (Bacharelado) | Darcy Ribeiro | Diurno | CN | EP=False | R=NA | GE=NEGROS | PCD=False | SM=NA,586,Línguas Estrangeiras Aplicadas (Bacharelado),Darcy Ribeiro,Diurno,CN,2,18.234,18.234,37.266,37.266,79.054,79.054,13.176,13.176,,,,
Línguas Estrangeiras Aplicadas (Bacharelado) | Darcy Ribeiro | Diurno | EP_R1_NPPI | EP=True | R=R1 | GE=NPPI | PCD=False | SM=1.5,587,Línguas Estrangeiras Aplicadas (Bacharelado),Darcy Ribeiro,Diurno,EP_R1_NPPI,2,30.851,30.851,23.772,23.772,50.427,50.427,8.405,8.405,,,,
Línguas Estrangeiras Aplicadas (Bacharelado) | Darcy Ribeiro | Diurno | EP_R1_PPI | EP=True | R=R1 | GE=PPI | PCD=False | SM=1.5,588,Línguas Estrangeiras Aplicadas (Bacharelado),Darcy Ribeiro,Diurno,EP_R1_PPI,2,-39.202,-30.482,9.608,3.442,-6.794,-2.434,-3.397,-1.217,,,,
Línguas Estrangeiras Aplicadas (Bacharelado) | Darcy Ribeiro | Diurno | EP_R2_NPPI | EP=True | R=R2 | GE=NPPI | PCD=False | SM=1.5,589,Línguas Estrangeiras Aplicadas (Bacharelado),Darcy Ribeiro,Diurno,EP_R2_NPPI,3,-14.045,6.159,16.288,10.902,20.6702,14.4458,7.678,4.561,-23.643,7.628,-11.8215,3.814
Línguas Estrangeiras Aplicadas (Bacharelado) | Darcy Ribeiro | Diurno | EP_R2_NPPIQ | EP=True | R=R2 | GE=NPPIQ | PCD=False | SM=1.0,590,Línguas Estrangeiras Aplicadas (Bacharelado),Darcy Ribeiro,Diurno,EP_R2_NPPIQ,1,-67.757,-67.757,0.0,0.0,,,0.0,0.0,,,,
Línguas Estrangeiras Aplicadas (Bacharelado) | Darcy Ribeiro | Diurno | EP_R2_PPI | EP=True | R=R2 | GE=PPI | PCD=False | SM=1.5,591,Línguas Estrangeiras Aplicadas (Bacharelado),Darcy Ribeiro,Diurno,EP_R2_PPI,3,-29.863,-2.352,35.587,14.388,-2.708,-19.2146,-6.199,-6.199,158.895,-6.171,79.4475,-3.0855
Matemática (Bacharelado/Licenciatura) | Darcy Ribeiro | Diurno | AC | EP=False | R=NA | GE=NA | PCD=False | SM=NA,592,Matemática (Bacharelado/Licenciatura),Darcy Ribeiro,Diurno,AC,6,-18.86,73.585,35.085,33.19,-8.63109,-0.42463,-0.659,-2.38,-13.206,19.132,-9.800357,3.039143
Matemática (Bacharelado/Licenciatura) | Darcy Ribeiro | Diurno | CN | EP=False | R=NA | GE=NEGROS | PCD=False | SM=NA,593,Matemática (Bacharelado/Licenciatura),Darcy Ribeiro,Diurno,CN,4,-15.938,-15.938,28.224,28.224,1.01261,1.01261,7.519,7.519,-62.4935,-62.4935,-10.415583,-10.415583
Matemática (Bacharelado/Licenciatura) | Darcy Ribeiro | Diurno | EP_R1_NPPI | EP=True | R=R1 | GE=NPPI | PCD=False | SM=1.5,594,Matemática (Bacharelado/Licenciatura),Darcy Ribeiro,Diurno,EP_R1_NPPI,4,-42.641,-1.657,22.851,32.263,21.571,22.6404,11.644,16.563,-8.586,-52.4295,-4.293,-26.21475
Matemática (Bacharelado/Licenciatura) | Darcy Ribeiro | Diurno | EP_R1_PPI | EP=True | R=R1 | GE=PPI | PCD=False | SM=1.5,595,Matemática (Bacharelado/Licenciatura),Darcy Ribeiro,Diurno,EP_R1_PPI,4,-21.51,2.334,28.355,17.897,-2.603,-1.6062,-4.081,-4.115,27.7925,33.1185,13.89625,16.55925
Matemática (Bacharelado/Licenciatura) | Darcy Ribeiro | Diurno | EP_R2_NPPI | EP=True | R=R2 | GE=NPPI | PCD=False | SM=1.5,596,Matemática (Bacharelado/Licenciatura),Darcy Ribeiro,Diurno,EP_R2_NPPI,5,-7.289,-4.029,36.786,35.673,-16.21291,-21.80194,-2.841,-9.362,-51.38567,-35.08433,-19.918857,-12.932571
Matemática (Bacharelado/Licenciatura) | Darcy Ribeiro | Diurno | EP_R2_NPPIQ | EP=True | R=R2 | GE=NPPIQ | PCD=False | SM=1.0,597,Matemática (Bacharelado/Licenciatura),Darcy Ribeiro,Diurno,EP_R2_NPPIQ,1,-20.656,-20.656,0.0,0.0,,,0.0,0.0,,,,
Matemática (Bacharelado/Licenciatura) | Darcy Ribeiro | Diurno | EP_R2_PPI | EP=True | R=R2 | GE=PPI | PCD=False | SM=1.5,598,Matemática (Bacharelado/Licenciatura),Darcy Ribeiro,Diurno,EP_R2_PPI,4,-53.927,24.253,3.125,10.159,2.143,2.3818,0.765,3.445,3.062,-22.538,1.531,-11.269
Matemática (Bacharelado/Licenciatura) | Darcy Ribeiro | Diurno | EP_R2_PPIQ | EP=True | R=R2 | GE=PPIQ | PCD=False | SM=1.0,599,Matemática (Bacharelado/Licenciatura),Darcy Ribeiro,Diurno,EP_R2_PPIQ,1,-29.962,-29.962,0.0,0.0,,,0.0,0.0,,,,
Matemática (Licenciatura) | Darcy Ribeiro | Noturno | AC | EP=False | R=NA | GE=NA | PCD=False | SM=NA,600,Matemática (Licenciatura),Darcy Ribeiro,Noturno,AC,5,-56.464,23.337,10.405,20.615,-0.85457,7.0418,-2.573,10.994,8.852,-15.21067,2.241886,-6.729533
Matemática (Licenciatura) | Darcy Ribeiro | Noturno | CN | EP=False | R=NA | GE=NEGROS | PCD=False | SM=NA,601,Matemática (Licenciatura),Darcy Ribeiro,Noturno,CN,3,-17.399,-17.399,48.879,48.879,-24.147,-24.147,-11.169,-11.169,-147.88,-147.88,-18.485,-18.485
Matemática (Licenciatura) | Darcy Ribeiro | Noturno | EP_R1_PPI | EP=True | R=R1 | GE=PPI | PCD=False | SM=1.5,602,Matemática (Licenciatura),Darcy Ribeiro,Noturno,EP_R1_PPI,2,2.673,8.509,28.889,20.636,61.283,43.775,10.214,7.296,,,,
Matemática (Licenciatura) | Darcy Ribeiro | Noturno | EP_R2_NPPI | EP=True | R=R2 | GE=NPPI | PCD=False | SM=1.5,603,Matemática (Licenciatura),Darcy Ribeiro,Noturno,EP_R2_NPPI,1,-54.593,1.689,0.0,0.0,,,0.0,0.0,,,,
Matemática (Licenciatura) | Darcy Ribeiro | Noturno | EP_R2_PPI | EP=True | R=R2 | GE=PPI | PCD=False | SM=1.5,604,Matemática (Licenciatura),Darcy Ribeiro,Noturno,EP_R2_PPI,2,-26.162,-2.91,10.385,18.414,-22.03,-39.063,-3.672,-6.51,,,,
Medicina (Bacharelado) | Darcy Ribeiro | Diurno | AC | EP=False | R=NA | GE=NA | PCD=False | SM=NA,605,Medicina (Bacharelado),Darcy Ribeiro,Diurno,AC,5,169.93,192.533,7.57,14.602,-2.49179,-4.31062,-1.153,-2.455,-4.771,-0.35033,-2.221876,-2.722052
Medicina (Bacharelado) | Darcy Ribeiro | Diurno | CN | EP=False | R=NA | GE=NEGROS | PCD=False | SM=NA,606,Medicina (Bacharelado),Darcy Ribeiro,Diurno,CN,5,136.614,136.662,25.026,25.066,-3.483,-3.57045,-1.492,-1.588,11.904,12.14367,0.562898,0.621138
Medicina (Bacharelado) | Darcy Ribeiro | Diurno | EP_R1_NPPI | EP=True | R=R1 | GE=NPPI | PCD=False | SM=1.5,607,Medicina (Bacharelado),Darcy Ribeiro,Diurno,EP_R1_NPPI,4,91.847,114.005,3.239,16.691,-1.9541,-6.11727,-0.972,-3.555,-3.8975,-8.3085,-1.296227,-4.58225
Medicina (Bacharelado) | Darcy Ribeiro | Diurno | EP_R1_NPPIQ | EP=True | R=R1 | GE=NPPIQ | PCD=False | SM=1.0,608,Medicina (Bacharelado),Darcy Ribeiro,Diurno,EP_R1_NPPIQ,1,98.649,98.649,0.0,0.0,,,0.0,0.0,,,,
Medicina (Bacharelado) | Darcy Ribeiro | Diurno | EP_R1_NPPIQ_PCD | EP=True | R=R1 | GE=NPPIQ | PCD=True | SM=1.0,609,Medicina (Bacharelado),Darcy Ribeiro,Diurno,EP_R1_NPPIQ_PCD,1,46.775,46.775,0.0,0.0,,,0.0,0.0,,,,
Medicina (Bacharelado) | Darcy Ribeiro | Diurno | EP_R1_PPI | EP=True | R=R1 | GE=PPI | PCD=False | SM=1.5,610,Medicina (Bacharelado),Darcy Ribeiro,Diurno,EP_R1_PPI,5,57.264,87.83,14.552,27.644,-1.58229,-11.37991,1.819,-3.914,-9.78733,-2.64567,-7.185143,-9.180357
Medicina (Bacharelado) | Darcy Ribeiro | Diurno | EP_R1_PPIQ | EP=True | R=R1 | GE=PPIQ | PCD=False | SM=1.0,611,Medicina (Bacharelado),Darcy Ribeiro,Diurno,EP_R1_PPIQ,1,81.446,96.795,0.0,0.0,,,0.0,0.0,,,,
Medicina (Bacharelado) | Darcy Ribeiro | Diurno | EP_R1_PPI_PCD | EP=True | R=R1 | GE=PPI | PCD=True | SM=1.5,612,Medicina (Bacharelado),Darcy Ribeiro,Diurno,EP_R1_PPI_PCD,2,-17.799,-17.799,15.715,15.715,33.337,33.337,5.556,5.556,,,,
Medicina (Bacharelado) | Darcy Ribeiro | Diurno | EP_R2_NPPI | EP=True | R=R2 | GE=NPPI | PCD=False | SM=1.5,613,Medicina (Bacharelado),Darcy Ribeiro,Diurno,EP_R2_NPPI,4,158.99,168.373,11.829,11.813,4.04758,-8.67941,3.712,-5.208,-17.4575,-1.47,-3.330205,-1.102455
Medicina (Bacharelado) | Darcy Ribeiro | Diurno | EP_R2_NPPIQ | EP=True | R=R2 | GE=NPPIQ | PCD=False | SM=1.0,614,Medicina (Bacharelado),Darcy Ribeiro,Diurno,EP_R2_NPPIQ,1,162.281,162.281,0.0,0.0,,,0.0,0.0,,,,
Medicina (Bacharelado) | Darcy Ribeiro | Diurno | EP_R2_NPPIQ_PCD | EP=True | R=R2 | GE=NPPIQ | PCD=True | SM=1.0,615,Medicina (Bacharelado),Darcy Ribeiro,Diurno,EP_R2_NPPIQ_PCD,1,103.215,103.215,0.0,0.0,,,0.0,0.0,,,,
Medicina (Bacharelado) | Darcy Ribeiro | Diurno | EP_R2_NPPI_PCD | EP=True | R=R2 | GE=NPPI | PCD=True | SM=1.5,616,Medicina (Bacharelado),Darcy Ribeiro,Diurno,EP_R2_NPPI_PCD,1,107.509,107.509,0.0,0.0,,,0.0,0.0,,,,
Medicina (Bacharelado) | Darcy Ribeiro | Diurno | EP_R2_PPI | EP=True | R=R2 | GE=PPI | PCD=False | SM=1.5,617,Medicina (Bacharelado),Darcy Ribeiro,Diurno,EP_R2_PPI,4,94.173,114.74,12.906,15.461,-6.62229,-6.38686,-3.12,-2.998,-14.5,-12.49,-4.19725,-3.068477
Medicina (Bacharelado) | Darcy Ribeiro | Diurno | EP_R2_PPIQ | EP=True | R=R2 | GE=PPIQ | PCD=False | SM=1.0,618,Medicina (Bacharelado),Darcy Ribeiro,Diurno,EP_R2_PPIQ,1,115.802,119.954,0.0,0.0,,,0.0,0.0,,,,
Medicina (Bacharelado) | Darcy Ribeiro | Diurno | EP_R2_PPIQ_PCD | EP=True | R=R2 | GE=PPIQ | PCD=True | SM=1.0,619,Medicina (Bacharelado),Darcy Ribeiro,Diurno,EP_R2_PPIQ_PCD,1,-27.585,-2.377,0.0,0.0,,,0.0,0.0,,,,
Medicina Veterinária (Bacharelado) | Darcy Ribeiro | Diurno | AC | EP=False | R=NA | GE=NA | PCD=False | SM=NA,620,Medicina Veterinária (Bacharelado),Darcy Ribeiro,Diurno,AC,6,69.466,101.484,14.712,26.311,-2.37817,-9.71375,0.399,-7.237,-4.6385,6.51767,-3.57125,-2.669348
Medicina Veterinária (Bacharelado) | Darcy Ribeiro | Diurno | CN | EP=False | R=NA | GE=NEGROS | PCD=False | SM=NA,621,Medicina Veterinária (Bacharelado),Darcy Ribeiro,Diurno,CN,6,51.484,53.33,19.268,20.613,2.11376,-0.6546,0.985,-3.629,-3.00875,6.6805,1.164304,4.62475
Medicina Veterinária (Bacharelado) | Darcy Ribeiro | Diurno | EP_R1_NPPI | EP=True | R=R1 | GE=NPPI | PCD=False | SM=1.5,622,Medicina Veterinária (Bacharelado),Darcy Ribeiro,Diurno,EP_R1_NPPI,5,-4.87,31.798,28.543,16.878,1.8366,-3.65274,-2.454,-2.311,-2.63067,-9.80733,9.1965,-0.310071
Medicina Veterinária (Bacharelado) | Darcy Ribeiro | Diurno | EP_R1_NPPIQ | EP=True | R=R1 | GE=NPPIQ | PCD=False | SM=1.0,623,Medicina Veterinária (Bacharelado),Darcy Ribeiro,Diurno,EP_R1_NPPIQ,1,-18.653,20.35,0.0,0.0,,,0.0,0.0,,,,
Medicina Veterinária (Bacharelado) | Darcy Ribeiro | Diurno | EP_R1_PPI | EP=True | R=R1 | GE=PPI | PCD=False | SM=1.5,624,Medicina Veterinária (Bacharelado),Darcy Ribeiro,Diurno,EP_R1_PPI,4,-25.708,30.652,18.624,6.488,-11.3378,-2.3706,-4.521,-1.769,-11.4825,5.8355,-5.74125,2.91775
Medicina Veterinária (Bacharelado) | Darcy Ribeiro | Diurno | EP_R1_PPIQ | EP=True | R=R1 | GE=PPIQ | PCD=False | SM=1.0,625,Medicina Veterinária (Bacharelado),Darcy Ribeiro,Diurno,EP_R1_PPIQ,1,-40.556,10.004,0.0,0.0,,,0.0,0.0,,,,
Medicina Veterinária (Bacharelado) | Darcy Ribeiro | Diurno | EP_R2_NPPI | EP=True | R=R2 | GE=NPPI | PCD=False | SM=1.5,626,Medicina Veterinária (Bacharelado),Darcy Ribeiro,Diurno,EP_R2_NPPI,5,45.967,54.91,10.864,10.435,-1.3998,-6.29174,2.089,-3.5,-14.02933,-0.223,-7.555,-1.736071
Medicina Veterinária (Bacharelado) | Darcy Ribeiro | Diurno | EP_R2_NPPIQ | EP=True | R=R2 | GE=NPPIQ | PCD=False | SM=1.0,627,Medicina Veterinária (Bacharelado),Darcy Ribeiro,Diurno,EP_R2_NPPIQ,1,53.433,53.433,0.0,0.0,,,0.0,0.0,,,,
Medicina Veterinária (Bacharelado) | Darcy Ribeiro | Diurno | EP_R2_NPPIQ_PCD | EP=True | R=R2 | GE=NPPIQ | PCD=True | SM=1.0,628,Medicina Veterinária (Bacharelado),Darcy Ribeiro,Diurno,EP_R2_NPPIQ_PCD,1,-34.547,-34.547,0.0,0.0,,,0.0,0.0,,,,
Medicina Veterinária (Bacharelado) | Darcy Ribeiro | Diurno | EP_R2_PPI | EP=True | R=R2 | GE=PPI | PCD=False | SM=1.5,629,Medicina Veterinária (Bacharelado),Darcy Ribeiro,Diurno,EP_R2_PPI,5,-0.94,31.258,46.179,45.187,-29.29491,-20.28554,-12.001,-6.442,-45.00833,-49.329,-18.822357,-17.703571
Medicina Veterinária (Bacharelado) | Darcy Ribeiro | Diurno | EP_R2_PPIQ | EP=True | R=R2 | GE=PPIQ | PCD=False | SM=1.0,630,Medicina Veterinária (Bacharelado),Darcy Ribeiro,Diurno,EP_R2_PPIQ,1,11.522,23.973,0.0,0.0,,,0.0,0.0,,,,
Museologia (Bacharelado) | Darcy Ribeiro | Diurno | AC | EP=False | R=NA | GE=NA | PCD=False | SM=NA,631,Museologia (Bacharelado),Darcy Ribeiro,Diurno,AC,5,-65.128,22.857,12.39,10.703,-4.67428,-3.4405,-1.42,-3.741,-4.62,9.364,-2.843853,1.181141
Museologia (Bacharelado) | Darcy Ribeiro | Diurno | CN | EP=False | R=NA | GE=NEGROS | PCD=False | SM=NA,632,Museologia (Bacharelado),Darcy Ribeiro,Diurno,CN,3,-50.57,-50.57,12.056,12.056,9.93357,9.93357,4.901,4.901,11.187,11.187,0.346,0.346
Museologia (Bacharelado) | Darcy Ribeiro | Diurno | EP_R1_NPPI | EP=True | R=R1 | GE=NPPI | PCD=False | SM=1.5,633,Museologia (Bacharelado),Darcy Ribeiro,Diurno,EP_R1_NPPI,1,-54.777,-54.777,0.0,0.0,,,0.0,0.0,,,,
Museologia (Bacharelado) | Darcy Ribeiro | Diurno | EP_R2_NPPI | EP=True | R=R2 | GE=NPPI | PCD=False | SM=1.5,634,Museologia (Bacharelado),Darcy Ribeiro,Diurno,EP_R2_NPPI,2,-84.127,-25.213,1.352,27.265,2.869,57.838,0.478,9.64,,,,
Museologia (Bacharelado) | Darcy Ribeiro | Diurno | EP_R2_PPI | EP=True | R=R2 | GE=PPI | PCD=False | SM=1.5,635,Museologia (Bacharelado),Darcy Ribeiro,Diurno,EP_R2_PPI,2,-67.584,-66.452,11.156,12.756,-23.665,-27.06,-3.944,-4.51,,,,
Música (Bacharelado) | Darcy Ribeiro | Diurno | AC | EP=False | R=NA | GE=NA | PCD=False | SM=NA,636,Música (Bacharelado),Darcy Ribeiro,Diurno,AC,4,-9.517,44.244,13.225,27.35,3.22458,15.74838,2.573,14.858,-7.992,-22.884,-1.332,-3.814
Música (Licenciatura) | Darcy Ribeiro | Diurno | AC | EP=False | R=NA | GE=NA | PCD=False | SM=NA,637,Música (Licenciatura),Darcy Ribeiro,Diurno,AC,5,-40.834,48.854,19.647,67.284,11.14748,34.18172,7.481,24.23,3.98567,-6.19933,1.776484,3.57173
Música (Licenciatura) | Darcy Ribeiro | Diurno | EP_R1_NPPI | EP=True | R=R1 | GE=NPPI | PCD=False | SM=1.5,638,Música (Licenciatura),Darcy Ribeiro,Diurno,EP_R1_NPPI,2,-42.185,-42.185,39.252,39.252,-41.633,-41.633,-13.878,-13.878,,,,
Música (Licenciatura) | Darcy Ribeiro | Diurno | EP_R2_NPPI | EP=True | R=R2 | GE=NPPI | PCD=False | SM=1.5,639,Música (Licenciatura),Darcy Ribeiro,Diurno,EP_R2_NPPI,2,19.988,27.754,14.647,20.139,31.072,42.722,5.179,7.12,,,,
Música (Licenciatura) | Darcy Ribeiro | Noturno | EP_R2_NPPI | EP=True | R=R2 | GE=NPPI | PCD=False | SM=1.5,640,Música (Licenciatura),Darcy Ribeiro,Noturno,EP_R2_NPPI,1,17.12,17.12,0.0,0.0,,,0.0,0.0,,,,
Música (Licenciatura) | Darcy Ribeiro | Diurno | EP_R2_PPI | EP=True | R=R2 | GE=PPI | PCD=False | SM=1.5,641,Música (Licenciatura),Darcy Ribeiro,Diurno,EP_R2_PPI,1,-64.024,-64.024,0.0,0.0,,,0.0,0.0,,,,
Nutrição (Bacharelado) | Darcy Ribeiro | Diurno | AC | EP=False | R=NA | GE=NA | PCD=False | SM=NA,642,Nutrição (Bacharelado),Darcy Ribeiro,Diurno,AC,6,58.422,89.517,12.963,19.868,2.77716,-4.13394,3.82,-6.133,-2.56525,19.802,-2.258446,4.031357
Nutrição (Bacharelado) | Darcy Ribeiro | Diurno | CN | EP=False | R=NA | GE=NEGROS | PCD=False | SM=NA,643,Nutrição (Bacharelado),Darcy Ribeiro,Diurno,CN,6,22.785,23.893,22.957,22.55,5.22741,3.56591,3.441,0.672,9.03125,14.8465,1.372089,3.448964
Nutrição (Bacharelado) | Darcy Ribeiro | Diurno | EP_R1_NPPI | EP=True | R=R1 | GE=NPPI | PCD=False | SM=1.5,644,Nutrição (Bacharelado),Darcy Ribeiro,Diurno,EP_R1_NPPI,5,6.89,7.231,8.669,7.779,-0.51714,-1.1024,1.851,1.168,-11.53633,-9.82933,-5.488571,-4.757
Nutrição (Bacharelado) | Darcy Ribeiro | Diurno | EP_R1_NPPIQ | EP=True | R=R1 | GE=NPPIQ | PCD=False | SM=1.0,645,Nutrição (Bacharelado),Darcy Ribeiro,Diurno,EP_R1_NPPIQ,1,-26.223,13.911,0.0,0.0,,,0.0,0.0,,,,
Nutrição (Bacharelado) | Darcy Ribeiro | Diurno | EP_R1_PPI | EP=True | R=R1 | GE=PPI | PCD=False | SM=1.5,646,Nutrição (Bacharelado),Darcy Ribeiro,Diurno,EP_R1_PPI,4,-35.605,6.104,12.8,8.443,12.357,-3.1226,6.816,-0.444,-6.374,-11.168,-3.187,-5.584
Nutrição (Bacharelado) | Darcy Ribeiro | Diurno | EP_R1_PPIQ | EP=True | R=R1 | GE=PPIQ | PCD=False | SM=1.0,647,Nutrição (Bacharelado),Darcy Ribeiro,Diurno,EP_R1_PPIQ,1,-31.894,-31.894,0.0,0.0,,,0.0,0.0,,,,
Nutrição (Bacharelado) | Darcy Ribeiro | Diurno | EP_R2_NPPI | EP=True | R=R2 | GE=NPPI | PCD=False | SM=1.5,648,Nutrição (Bacharelado),Darcy Ribeiro,Diurno,EP_R2_NPPI,5,33.025,44.969,28.054,19.488,-16.12646,-7.89794,-6.662,-3.759,-9.414,5.65433,-10.222929,-3.765071
Nutrição (Bacharelado) | Darcy Ribeiro | Diurno | EP_R2_NPPIQ | EP=True | R=R2 | GE=NPPIQ | PCD=False | SM=1.0,649,Nutrição (Bacharelado),Darcy Ribeiro,Diurno,EP_R2_NPPIQ,1,31.534,31.534,0.0,0.0,,,0.0,0.0,,,,
Nutrição (Bacharelado) | Darcy Ribeiro | Diurno | EP_R2_PPI | EP=True | R=R2 | GE=PPI | PCD=False | SM=1.5,650,Nutrição (Bacharelado),Darcy Ribeiro,Diurno,EP_R2_PPI,5,-33.974,3.908,25.459,51.723,-17.80623,-27.3462,-9.172,-12.414,-10.29733,-29.201,-6.748214,-14.5415
Nutrição (Bacharelado) | Darcy Ribeiro | Diurno | EP_R2_PPIQ | EP=True | R=R2 | GE=PPIQ | PCD=False | SM=1.0,651,Nutrição (Bacharelado),Darcy Ribeiro,Diurno,EP_R2_PPIQ,1,-7.668,10.936,0.0,0.0,,,0.0,0.0,,,,
Odontologia (Bacharelado) | Darcy Ribeiro | Diurno | AC | EP=False | R=NA | GE=NA | PCD=False | SM=NA,652,Odontologia (Bacharelado),Darcy Ribeiro,Diurno,AC,6,81.566,108.574,15.673,24.611,1.17341,-3.02206,3.219,-5.162,-0.03975,21.15367,-3.361125,3.436264
Odontologia (Bacharelado) | Darcy Ribeiro | Diurno | CN | EP=False | R=NA | GE=NEGROS | PCD=False | SM=NA,653,Odontologia (Bacharelado),Darcy Ribeiro,Diurno,CN,6,38.662,39.623,22.241,24.287,-3.42966,-4.87244,-7.025,-9.43,13.181,18.23075,6.250643,8.054125
Odontologia (Bacharelado) | Darcy Ribeiro | Diurno | EP_R1_NPPI | EP=True | R=R1 | GE=NPPI | PCD=False | SM=1.5,654,Odontologia (Bacharelado),Darcy Ribeiro,Diurno,EP_R1_NPPI,5,35.558,37.961,23.355,23.673,-5.12423,-9.24297,0.717,-4.089,-12.88067,-0.86767,-10.331714,-5.183286
Odontologia (Bacharelado) | Darcy Ribeiro | Diurno | EP_R1_NPPIQ | EP=True | R=R1 | GE=NPPIQ | PCD=False | SM=1.0,655,Odontologia (Bacharelado),Darcy Ribeiro,Diurno,EP_R1_NPPIQ,1,-36.853,-34.533,0.0,0.0,,,0.0,0.0,,,,
Odontologia (Bacharelado) | Darcy Ribeiro | Diurno | EP_R1_PPI | EP=True | R=R1 | GE=PPI | PCD=False | SM=1.5,656,Odontologia (Bacharelado),Darcy Ribeiro,Diurno,EP_R1_PPI,4,-17.634,41.82,27.407,13.491,5.444,0.9782,3.592,-0.341,-8.6995,8.305,-4.34975,4.1525
Odontologia (Bacharelado) | Darcy Ribeiro | Diurno | EP_R1_PPIQ | EP=True | R=R1 | GE=PPIQ | PCD=False | SM=1.0,657,Odontologia (Bacharelado),Darcy Ribeiro,Diurno,EP_R1_PPIQ,1,-62.296,-47.773,0.0,0.0,,,0.0,0.0,,,,
Odontologia (Bacharelado) | Darcy Ribeiro | Diurno | EP_R2_NPPI | EP=True | R=R2 | GE=NPPI | PCD=False | SM=1.5,658,Odontologia (Bacharelado),Darcy Ribeiro,Diurno,EP_R2_NPPI,5,68.548,70.63,31.773,30.032,-3.09226,-6.14763,3.784,0.1,-37.757,-28.14667,-14.614929,-10.496214
Odontologia (Bacharelado) | Darcy Ribeiro | Diurno | EP_R2_NPPIQ | EP=True | R=R2 | GE=NPPIQ | PCD=False | SM=1.0,659,Odontologia (Bacharelado),Darcy Ribeiro,Diurno,EP_R2_NPPIQ,1,84.068,84.068,0.0,0.0,,,0.0,0.0,,,,
Odontologia (Bacharelado) | Darcy Ribeiro | Diurno | EP_R2_PPI | EP=True | R=R2 | GE=PPI | PCD=False | SM=1.5,660,Odontologia (Bacharelado),Darcy Ribeiro,Diurno,EP_R2_PPI,5,-4.992,34.978,41.614,40.925,-29.19309,-27.6562,-14.806,-14.959,-13.84033,-9.34733,-11.640643,-8.6955
Odontologia (Bacharelado) | Darcy Ribeiro | Diurno | EP_R2_PPIQ | EP=True | R=R2 | GE=PPIQ | PCD=False | SM=1.0,661,Odontologia (Bacharelado),Darcy Ribeiro,Diurno,EP_R2_PPIQ,1,-28.308,0.733,0.0,0.0,,,0.0,0.0,,,,
Pedagogia (Licenciatura) | Darcy Ribeiro | Diurno | AC | EP=False | R=NA | GE=NA | PCD=False | SM=NA,662,Pedagogia (Licenciatura),Darcy Ribeiro,Diurno,AC,6,-26.969,38.813,27.937,34.002,1.8396,0.04246,3.63,0.802,5.5385,15.2165,-3.145607,-1.149821
Pedagogia (Licenciatura) | Darcy Ribeiro | Noturno | AC | EP=False | R=NA | GE=NA | PCD=False | SM=NA,663,Pedagogia (Licenciatura),Darcy Ribeiro,Noturno,AC,5,-55.057,-1.207,24.352,8.952,13.28163,-0.7337,9.746,2.468,-1.452,-10.85633,1.018046,-3.779234
Pedagogia (Licenciatura) | Darcy Ribeiro | Diurno | CN | EP=False | R=NA | GE=NEGROS | PCD=False | SM=NA,664,Pedagogia (Licenciatura),Darcy Ribeiro,Diurno,CN,5,-25.202,-2.234,22.77,16.113,4.72143,-6.39825,9.404,-2.647,-33.558,-4.853,-6.927886,-2.973206
Pedagogia (Licenciatura) | Darcy Ribeiro | Noturno | CN | EP=False | R=NA | GE=NEGROS | PCD=False | SM=NA,665,Pedagogia (Licenciatura),Darcy Ribeiro,Noturno,CN,5,-23.419,-22.831,22.112,22.181,-5.58043,-6.2423,-4.712,-5.888,-5.29467,-2.353,0.047345,0.859661
Pedagogia (Licenciatura) | Darcy Ribeiro | Diurno | EP_R1_NPPI | EP=True | R=R1 | GE=NPPI | PCD=False | SM=1.5,666,Pedagogia (Licenciatura),Darcy Ribeiro,Diurno,EP_R1_NPPI,4,-35.466,-0.698,30.017,36.556,21.6464,4.7356,9.804,-0.599,10.1935,29.6635,5.09675,14.83175
Pedagogia (Licenciatura) | Darcy Ribeiro | Noturno | EP_R1_NPPI | EP=True | R=R1 | GE=NPPI | PCD=False | SM=1.5,667,Pedagogia (Licenciatura),Darcy Ribeiro,Noturno,EP_R1_NPPI,3,-53.289,-34.465,14.214,19.801,-8.09906,-12.98343,-1.698,-3.745,-53.242,-65.714,-12.461333,-14.555833
Pedagogia (Licenciatura) | Darcy Ribeiro | Diurno | EP_R1_NPPIQ | EP=True | R=R1 | GE=NPPIQ | PCD=False | SM=1.0,668,Pedagogia (Licenciatura),Darcy Ribeiro,Diurno,EP_R1_NPPIQ,1,-58.937,-19.995,0.0,0.0,,,0.0,0.0,,,,
Pedagogia (Licenciatura) | Darcy Ribeiro | Diurno | EP_R1_PPI | EP=True | R=R1 | GE=PPI | PCD=False | SM=1.5,669,Pedagogia (Licenciatura),Darcy Ribeiro,Diurno,EP_R1_PPI,4,-58.636,2.856,14.609,13.931,-4.1952,-10.2732,1.06,-3.079,-31.576,-20.571,-15.788,-10.2855
Pedagogia (Licenciatura) | Darcy Ribeiro | Noturno | EP_R1_PPI | EP=True | R=R1 | GE=PPI | PCD=False | SM=1.5,670,Pedagogia (Licenciatura),Darcy Ribeiro,Noturno,EP_R1_PPI,3,-87.76,-22.545,15.505,8.537,-17.8524,9.512,-7.137,3.88,35.596,-21.27,17.798,-10.635
Pedagogia (Licenciatura) | Darcy Ribeiro | Diurno | EP_R2_NPPI | EP=True | R=R2 | GE=NPPI | PCD=False | SM=1.5,671,Pedagogia (Licenciatura),Darcy Ribeiro,Diurno,EP_R2_NPPI,5,-35.615,-13.684,29.174,31.398,-8.41471,-16.46446,1.281,-7.427,-40.698,-31.685,-17.226857,-8.873929
Pedagogia (Licenciatura) | Darcy Ribeiro | Noturno | EP_R2_NPPI | EP=True | R=R2 | GE=NPPI | PCD=False | SM=1.5,672,Pedagogia (Licenciatura),Darcy Ribeiro,Noturno,EP_R2_NPPI,4,-56.664,-23.658,12.34,13.42,-1.5872,-6.964,0.599,-1.53,-13.9285,-19.523,-6.96425,-9.7615
Pedagogia (Licenciatura) | Darcy Ribeiro | Diurno | EP_R2_NPPIQ | EP=True | R=R2 | GE=NPPIQ | PCD=False | SM=1.0,673,Pedagogia (Licenciatura),Darcy Ribeiro,Diurno,EP_R2_NPPIQ,1,-39.068,-5.105,0.0,0.0,,,0.0,0.0,,,,
Pedagogia (Licenciatura) | Darcy Ribeiro | Noturno | EP_R2_NPPIQ | EP=True | R=R2 | GE=NPPIQ | PCD=False | SM=1.0,674,Pedagogia (Licenciatura),Darcy Ribeiro,Noturno,EP_R2_NPPIQ,1,-73.336,-46.101,0.0,0.0,,,0.0,0.0,,,,
Pedagogia (Licenciatura) | Darcy Ribeiro | Diurno | EP_R2_PPI | EP=True | R=R2 | GE=PPI | PCD=False | SM=1.5,675,Pedagogia (Licenciatura),Darcy Ribeiro,Diurno,EP_R2_PPI,4,-70.906,6.8,23.897,9.979,-15.2304,7.5818,-3.654,3.546,-39.613,2.4515,-19.8065,1.22575
Pedagogia (Licenciatura) | Darcy Ribeiro | Noturno | EP_R2_PPI | EP=True | R=R2 | GE=PPI | PCD=False | SM=1.5,676,Pedagogia (Licenciatura),Darcy Ribeiro,Noturno,EP_R2_PPI,4,-25.7,-18.498,21.378,5.312,16.5732,2.1688,11.359,0.556,-30.725,5.286,-15.3625,2.643
Pedagogia (Licenciatura) | Darcy Ribeiro | Diurno | EP_R2_PPIQ | EP=True | R=R2 | GE=PPIQ | PCD=False | SM=1.0,677,Pedagogia (Licenciatura),Darcy Ribeiro,Diurno,EP_R2_PPIQ,1,-62.243,-20.304,0.0,0.0,,,0.0,0.0,,,,
Psicologia (Bacharelado / Licenciatura / Psicólogo) | Darcy Ribeiro | Diurno | AC | EP=False | R=NA | GE=NA | PCD=False | SM=NA,678,Psicologia (Bacharelado / Licenciatura / Psicólogo),Darcy Ribeiro,Diurno,AC,5,91.72,130.187,8.388,23.307,-0.84671,1.96743,0.023,0.85,-4.67767,8.90533,-2.19932,-0.494017
Psicologia (Bacharelado / Licenciatura / Psicólogo) | Darcy Ribeiro | Diurno | CN | EP=False | R=NA | GE=NEGROS | PCD=False | SM=NA,679,Psicologia (Bacharelado / Licenciatura / Psicólogo),Darcy Ribeiro,Diurno,CN,6,55.943,57.628,23.422,23.626,3.53869,1.0099,2.094,-2.121,11.389,20.23975,1.282429,4.443411
Psicologia (Bacharelado / Licenciatura / Psicólogo) | Darcy Ribeiro | Diurno | EP_R1_NPPI | EP=True | R=R1 | GE=NPPI | PCD=False | SM=1.5,680,Psicologia (Bacharelado / Licenciatura / Psicólogo),Darcy Ribeiro,Diurno,EP_R1_NPPI,5,22.891,34.365,18.083,20.522,-7.97649,-13.52503,-0.935,-6.064,-23.765,-20.788,-10.956143,-7.381714
Psicologia (Bacharelado / Licenciatura / Psicólogo) | Darcy Ribeiro | Diurno | EP_R1_NPPIQ | EP=True | R=R1 | GE=NPPIQ | PCD=False | SM=1.0,681,Psicologia (Bacharelado / Licenciatura / Psicólogo),Darcy Ribeiro,Diurno,EP_R1_NPPIQ,1,0.742,19.87,0.0,0.0,,,0.0,0.0,,,,
Psicologia (Bacharelado / Licenciatura / Psicólogo) | Darcy Ribeiro | Diurno | EP_R1_NPPI_PCD | EP=True | R=R1 | GE=NPPI | PCD=True | SM=1.5,682,Psicologia (Bacharelado / Licenciatura / Psicólogo),Darcy Ribeiro,Diurno,EP_R1_NPPI_PCD,1,-11.536,-11.536,0.0,0.0,,,0.0,0.0,,,,
Psicologia (Bacharelado / Licenciatura / Psicólogo) | Darcy Ribeiro | Diurno | EP_R1_PPI | EP=True | R=R1 | GE=PPI | PCD=False | SM=1.5,683,Psicologia (Bacharelado / Licenciatura / Psicólogo),Darcy Ribeiro,Diurno,EP_R1_PPI,5,-10.273,19.53,37.879,39.247,-19.84551,-21.96403,-5.606,-9.12,-38.88233,-24.645,-19.060857,-13.805714
Psicologia (Bacharelado / Licenciatura / Psicólogo) | Darcy Ribeiro | Diurno | EP_R1_PPIQ | EP=True | R=R1 | GE=PPIQ | PCD=False | SM=1.0,684,Psicologia (Bacharelado / Licenciatura / Psicólogo),Darcy Ribeiro,Diurno,EP_R1_PPIQ,1,-37.309,2.578,0.0,0.0,,,0.0,0.0,,,,
Psicologia (Bacharelado / Licenciatura / Psicólogo) | Darcy Ribeiro | Diurno | EP_R2_NPPI | EP=True | R=R2 | GE=NPPI | PCD=False | SM=1.5,685,Psicologia (Bacharelado / Licenciatura / Psicólogo),Darcy Ribeiro,Diurno,EP_R2_NPPI,4,77.581,87.898,19.192,14.57,-5.18184,-3.98407,-1.191,-1.496,-35.6025,-19.2925,-11.064455,-6.849614
Psicologia (Bacharelado / Licenciatura / Psicólogo) | Darcy Ribeiro | Diurno | EP_R2_NPPIQ | EP=True | R=R2 | GE=NPPIQ | PCD=False | SM=1.0,686,Psicologia (Bacharelado / Licenciatura / Psicólogo),Darcy Ribeiro,Diurno,EP_R2_NPPIQ,1,75.146,75.146,0.0,0.0,,,0.0,0.0,,,,
Psicologia (Bacharelado / Licenciatura / Psicólogo) | Darcy Ribeiro | Diurno | EP_R2_NPPIQ_PCD | EP=True | R=R2 | GE=NPPIQ | PCD=True | SM=1.0,687,Psicologia (Bacharelado / Licenciatura / Psicólogo),Darcy Ribeiro,Diurno,EP_R2_NPPIQ_PCD,1,-2.927,-2.927,0.0,0.0,,,0.0,0.0,,,,
Psicologia (Bacharelado / Licenciatura / Psicólogo) | Darcy Ribeiro | Diurno | EP_R2_NPPI_PCD | EP=True | R=R2 | GE=NPPI | PCD=True | SM=1.5,688,Psicologia (Bacharelado / Licenciatura / Psicólogo),Darcy Ribeiro,Diurno,EP_R2_NPPI_PCD,1,2.412,2.412,0.0,0.0,,,0.0,0.0,,,,
Psicologia (Bacharelado / Licenciatura / Psicólogo) | Darcy Ribeiro | Diurno | EP_R2_PPI | EP=True | R=R2 | GE=PPI | PCD=False | SM=1.5,689,Psicologia (Bacharelado / Licenciatura / Psicólogo),Darcy Ribeiro,Diurno,EP_R2_PPI,5,16.511,42.576,16.311,26.417,-8.15651,-15.334,-2.464,-9.846,-22.22767,-12.583,-7.434857,-0.942
Psicologia (Bacharelado / Licenciatura / Psicólogo) | Darcy Ribeiro | Diurno | EP_R2_PPIQ | EP=True | R=R2 | GE=PPIQ | PCD=False | SM=1.0,690,Psicologia (Bacharelado / Licenciatura / Psicólogo),Darcy Ribeiro,Diurno,EP_R2_PPIQ,1,29.315,44.612,0.0,0.0,,,0.0,0.0,,,,
Química (Bacharelado) | Darcy Ribeiro | Diurno | AC | EP=False | R=NA | GE=NA | PCD=False | SM=NA,691,Química (Bacharelado),Darcy Ribeiro,Diurno,AC,6,13.698,87.777,21.652,34.886,-0.42903,-0.95204,6.58,2.633,-18.445,8.30575,-10.406214,-5.139946
Química (Bacharelado) | Darcy Ribeiro | Diurno | CN | EP=False | R=NA | GE=NEGROS | PCD=False | SM=NA,692,Química (Bacharelado),Darcy Ribeiro,Diurno,CN,5,-9.009,-9.009,7.218,7.218,-0.16712,-0.16712,-1.362,-1.362,9.66367,9.66367,1.168502,1.168502
Química (Bacharelado) | Darcy Ribeiro | Diurno | EP_R1_NPPI | EP=True | R=R1 | GE=NPPI | PCD=False | SM=1.5,693,Química (Bacharelado),Darcy Ribeiro,Diurno,EP_R1_NPPI,3,-24.485,21.667,38.863,6.114,-27.998,2.2028,-4.445,1.612,-146.62,-26.337,-73.31,-13.1685
Química (Bacharelado) | Darcy Ribeiro | Diurno | EP_R1_PPI | EP=True | R=R1 | GE=PPI | PCD=False | SM=1.5,694,Química (Bacharelado),Darcy Ribeiro,Diurno,EP_R1_PPI,1,22.563,26.649,0.0,0.0,,,0.0,0.0,,,,
Química (Bacharelado) | Darcy Ribeiro | Diurno | EP_R2_NPPI | EP=True | R=R2 | GE=NPPI | PCD=False | SM=1.5,695,Química (Bacharelado),Darcy Ribeiro,Diurno,EP_R2_NPPI,5,-49.622,-4.908,20.117,54.847,-13.96423,-29.35171,-7.544,-13.821,-5.733,-53.23233,-4.414714,-14.366857
Química (Bacharelado) | Darcy Ribeiro | Diurno | EP_R2_NPPIQ | EP=True | R=R2 | GE=NPPIQ | PCD=False | SM=1.0,696,Química (Bacharelado),Darcy Ribeiro,Diurno,EP_R2_NPPIQ,1,-54.782,11.654,0.0,0.0,,,0.0,0.0,,,,
Química (Bacharelado) | Darcy Ribeiro | Diurno | EP_R2_PPI | EP=True | R=R2 | GE=PPI | PCD=False | SM=1.5,697,Química (Bacharelado),Darcy Ribeiro,Diurno,EP_R2_PPI,3,-24.347,-9.63,26.165,34.167,-33.7734,-42.6038,-12.321,-12.321,31.906,-56.398,15.953,-28.199
Química (Bacharelado) | Darcy Ribeiro | Diurno | EP_R2_PPIQ | EP=True | R=R2 | GE=PPIQ | PCD=False | SM=1.0,698,Química (Bacharelado),Darcy Ribeiro,Diurno,EP_R2_PPIQ,1,-12.868,-12.868,0.0,0.0,,,0.0,0.0,,,,
Química (Licenciatura) | Darcy Ribeiro | Noturno | AC | EP=False | R=NA | GE=NA | PCD=False | SM=NA,699,Química (Licenciatura),Darcy Ribeiro,Noturno,AC,5,-29.339,17.763,20.486,28.687,-9.17915,12.48505,-4.323,10.375,-5.71667,19.53833,-3.68523,-0.536638
Química (Licenciatura) | Darcy Ribeiro | Noturno | CN | EP=False | R=NA | GE=NEGROS | PCD=False | SM=NA,700,Química (Licenciatura),Darcy Ribeiro,Noturno,CN,1,-44.645,-44.645,0.0,0.0,,,0.0,0.0,,,,
Química (Licenciatura) | Darcy Ribeiro | Noturno | EP_R1_NPPI | EP=True | R=R1 | GE=NPPI | PCD=False | SM=1.5,701,Química (Licenciatura),Darcy Ribeiro,Noturno,EP_R1_NPPI,2,-16.119,-16.119,20.867,20.867,-22.1325,-22.1325,-7.378,-7.378,,,,
Química (Licenciatura) | Darcy Ribeiro | Noturno | EP_R1_PPI | EP=True | R=R1 | GE=PPI | PCD=False | SM=1.5,702,Química (Licenciatura),Darcy Ribeiro,Noturno,EP_R1_PPI,1,-59.081,-1.061,0.0,0.0,,,0.0,0.0,,,,
Química (Licenciatura) | Darcy Ribeiro | Noturno | EP_R2_NPPI | EP=True | R=R2 | GE=NPPI | PCD=False | SM=1.5,703,Química (Licenciatura),Darcy Ribeiro,Noturno,EP_R2_NPPI,4,-23.196,-17.383,22.573,15.14,3.4302,-8.0252,5.545,-3.068,-38.3015,-9.4485,-19.15075,-4.72425
Química (Licenciatura) | Darcy Ribeiro | Noturno | EP_R2_PPI | EP=True | R=R2 | GE=PPI | PCD=False | SM=1.5,704,Química (Licenciatura),Darcy Ribeiro,Noturno,EP_R2_PPI,2,-31.944,-0.02,5.435,17.139,-11.529,36.357,-1.921,6.06,,,,
Química Tecnológica (Bacharelado) | Darcy Ribeiro | Diurno | AC | EP=False | R=NA | GE=NA | PCD=False | SM=NA,705,Química Tecnológica (Bacharelado),Darcy Ribeiro,Diurno,AC,5,-45.705,71.059,17.385,43.273,2.61453,23.5739,-0.638,18.262,4.54233,-3.26833,3.211179,0.531135
Química Tecnológica (Bacharelado) | Darcy Ribeiro | Diurno | CN | EP=False | R=NA | GE=NEGROS | PCD=False | SM=NA,706,Química Tecnológica (Bacharelado),Darcy Ribeiro,Diurno,CN,2,-12.198,-12.198,14.172,14.172,30.064,30.064,5.011,5.011,,,,
Química Tecnológica (Bacharelado) | Darcy Ribeiro | Diurno | EP_R1_NPPI | EP=True | R=R1 | GE=NPPI | PCD=False | SM=1.5,707,Química Tecnológica (Bacharelado),Darcy Ribeiro,Diurno,EP_R1_NPPI,1,23.339,23.339,0.0,0.0,,,0.0,0.0,,,,
Química Tecnológica (Bacharelado) | Darcy Ribeiro | Diurno | EP_R2_NPPI | EP=True | R=R2 | GE=NPPI | PCD=False | SM=1.5,708,Química Tecnológica (Bacharelado),Darcy Ribeiro,Diurno,EP_R2_NPPI,4,-30.476,-14.681,23.972,17.467,-21.2832,-10.6224,-11.692,-6.838,10.501,15.271,5.2505,7.6355
Química Tecnológica (Bacharelado) | Darcy Ribeiro | Diurno | EP_R2_PPI | EP=True | R=R2 | GE=PPI | PCD=False | SM=1.5,709,Química Tecnológica (Bacharelado),Darcy Ribeiro,Diurno,EP_R2_PPI,2,-35.784,5.726,6.904,36.255,7.3225,38.4545,2.441,12.818,,,,
Relações Internacionais (Bacharelado) | Darcy Ribeiro | Diurno | AC | EP=False | R=NA | GE=NA | PCD=False | SM=NA,710,Relações Internacionais (Bacharelado),Darcy Ribeiro,Diurno,AC,6,90.548,132.426,14.027,32.639,1.57486,1.78109,1.644,-0.857,2.7735,21.58367,-0.497107,1.9769
Relações Internacionais (Bacharelado) | Darcy Ribeiro | Diurno | CN | EP=False | R=NA | GE=NEGROS | PCD=False | SM=NA,711,Relações Internacionais (Bacharelado),Darcy Ribeiro,Diurno,CN,6,76.228,76.373,22.708,22.484,8.56921,8.35179,8.001,7.639,10.33125,11.09225,-1.290125,-1.018339
Relações Internacionais (Bacharelado) | Darcy Ribeiro | Diurno | EP_R1_NPPI | EP=True | R=R1 | GE=NPPI | PCD=False | SM=1.5,712,Relações Internacionais (Bacharelado),Darcy Ribeiro,Diurno,EP_R1_NPPI,5,6.551,30.788,10.338,24.49,-2.69657,-18.64463,0.796,-10.238,-13.22933,-10.83033,-6.484286,-5.478214
Relações Internacionais (Bacharelado) | Darcy Ribeiro | Diurno | EP_R1_NPPIQ | EP=True | R=R1 | GE=NPPIQ | PCD=False | SM=1.0,713,Relações Internacionais (Bacharelado),Darcy Ribeiro,Diurno,EP_R1_NPPIQ,1,-59.284,22.165,0.0,0.0,,,0.0,0.0,,,,
Relações Internacionais (Bacharelado) | Darcy Ribeiro | Diurno | EP_R1_PPI | EP=True | R=R1 | GE=PPI | PCD=False | SM=1.5,714,Relações Internacionais (Bacharelado),Darcy Ribeiro,Diurno,EP_R1_PPI,4,-18.654,42.584,18.321,45.025,-6.1142,24.6456,-0.37,13.532,-26.8715,-12.096,-13.43575,-6.048
Relações Internacionais (Bacharelado) | Darcy Ribeiro | Diurno | EP_R2_NPPI | EP=True | R=R2 | GE=NPPI | PCD=False | SM=1.5,715,Relações Internacionais (Bacharelado),Darcy Ribeiro,Diurno,EP_R2_NPPI,4,48.082,54.707,14.864,19.561,-1.65117,-11.74335,0.646,-6.984,-24.951,-0.9165,-6.046068,-0.477818
Relações Internacionais (Bacharelado) | Darcy Ribeiro | Diurno | EP_R2_NPPIQ | EP=True | R=R2 | GE=NPPIQ | PCD=False | SM=1.0,716,Relações Internacionais (Bacharelado),Darcy Ribeiro,Diurno,EP_R2_NPPIQ,1,72.126,90.752,0.0,0.0,,,0.0,0.0,,,,
Relações Internacionais (Bacharelado) | Darcy Ribeiro | Diurno | EP_R2_NPPI_PCD | EP=True | R=R2 | GE=NPPI | PCD=True | SM=1.5,717,Relações Internacionais (Bacharelado),Darcy Ribeiro,Diurno,EP_R2_NPPI_PCD,1,22.69,22.69,0.0,0.0,,,0.0,0.0,,,,
Relações Internacionais (Bacharelado) | Darcy Ribeiro | Diurno | EP_R2_PPI | EP=True | R=R2 | GE=PPI | PCD=False | SM=1.5,718,Relações Internacionais (Bacharelado),Darcy Ribeiro,Diurno,EP_R2_PPI,5,-6.997,17.334,24.417,22.581,-13.33634,-15.53308,-4.632,-9.113,-29.66567,-11.3445,-10.646071,-6.14
Relações Internacionais (Bacharelado) | Darcy Ribeiro | Diurno | EP_R2_PPIQ | EP=True | R=R2 | GE=PPIQ | PCD=False | SM=1.0,719,Relações Internacionais (Bacharelado),Darcy Ribeiro,Diurno,EP_R2_PPIQ,1,1.225,60.338,0.0,0.0,,,0.0,0.0,,,,
Saúde Coletiva (Bacharelado) | Ceilândia | Diurno | AC | EP=False | R=NA | GE=NA | PCD=False | SM=NA,720,Saúde Coletiva (Bacharelado),Ceilândia,Diurno,AC,5,-77.378,2.086,5.981,14.197,1.40353,0.8498,1.095,2.133,-4.16133,-7.95467,-0.008859,-1.645965
Saúde Coletiva (Bacharelado) | Darcy Ribeiro | Noturno | AC | EP=False | R=NA | GE=NA | PCD=False | SM=NA,721,Saúde Coletiva (Bacharelado),Darcy Ribeiro,Noturno,AC,5,-73.538,-6.697,13.032,17.07,-3.5789,7.35623,-5.738,4.15,8.65667,20.24367,3.464546,2.193023
Saúde Coletiva (Bacharelado) | Ceilândia | Diurno | CN | EP=False | R=NA | GE=NEGROS | PCD=False | SM=NA,722,Saúde Coletiva (Bacharelado),Ceilândia,Diurno,CN,2,-32.792,-25.536,9.857,4.725,-20.909,-10.024,-3.485,-1.671,,,,
Saúde Coletiva (Bacharelado) | Darcy Ribeiro | Noturno | CN | EP=False | R=NA | GE=NEGROS | PCD=False | SM=NA,723,Saúde Coletiva (Bacharelado),Darcy Ribeiro,Noturno,CN,2,-37.913,-37.913,0.576,0.576,0.6105,0.6105,0.203,0.203,,,,
Saúde Coletiva (Bacharelado) | Ceilândia | Diurno | EP_R1_NPPI | EP=True | R=R1 | GE=NPPI | PCD=False | SM=1.5,724,Saúde Coletiva (Bacharelado),Ceilândia,Diurno,EP_R1_NPPI,3,-76.693,-64.188,16.915,28.831,-11.49213,-21.69949,-3.554,-8.16,-53.583,-73.333,-11.618833,-14.253
Saúde Coletiva (Bacharelado) | Darcy Ribeiro | Noturno | EP_R1_NPPI | EP=True | R=R1 | GE=NPPI | PCD=False | SM=1.5,725,Saúde Coletiva (Bacharelado),Darcy Ribeiro,Noturno,EP_R1_NPPI,2,-4.128,-4.128,1.936,1.936,-2.053,-2.053,-0.684,-0.684,,,,
Saúde Coletiva (Bacharelado) | Ceilândia | Diurno | EP_R1_PPI | EP=True | R=R1 | GE=PPI | PCD=False | SM=1.5,726,Saúde Coletiva (Bacharelado),Ceilândia,Diurno,EP_R1_PPI,2,-50.412,-23.612,22.537,15.364,23.9045,-16.2955,7.968,-5.432,,,,
Saúde Coletiva (Bacharelado) | Darcy Ribeiro | Noturno | EP_R1_PPI | EP=True | R=R1 | GE=PPI | PCD=False | SM=1.5,727,Saúde Coletiva (Bacharelado),Darcy Ribeiro,Noturno,EP_R1_PPI,3,-85.409,-78.423,15.055,27.556,-0.3504,-17.1168,-2.361,-9.347,67.316,109.232,33.658,54.616
Saúde Coletiva (Bacharelado) | Ceilândia | Diurno | EP_R2_NPPI | EP=True | R=R2 | GE=NPPI | PCD=False | SM=1.5,728,Saúde Coletiva (Bacharelado),Ceilândia,Diurno,EP_R2_NPPI,4,-62.73,-29.084,19.815,5.844,14.6552,4.799,4.375,2.771,29.5235,-3.712,14.76175,-1.856
Saúde Coletiva (Bacharelado) | Darcy Ribeiro | Noturno | EP_R2_NPPI | EP=True | R=R2 | GE=NPPI | PCD=False | SM=1.5,729,Saúde Coletiva (Bacharelado),Darcy Ribeiro,Noturno,EP_R2_NPPI,3,-68.259,-39.177,26.172,14.048,-17.8466,-10.8794,-12.288,-6.54,46.762,10.24,17.834667,5.829833
Saúde Coletiva (Bacharelado) | Ceilândia | Diurno | EP_R2_PPI | EP=True | R=R2 | GE=PPI | PCD=False | SM=1.5,730,Saúde Coletiva (Bacharelado),Ceilândia,Diurno,EP_R2_PPI,3,-68.202,-25.19,8.156,23.707,-8.6468,7.666,-2.137,-0.874,-22.353,102.895,-11.1765,51.4475
Saúde Coletiva (Bacharelado) | Darcy Ribeiro | Noturno | EP_R2_PPI | EP=True | R=R2 | GE=PPI | PCD=False | SM=1.5,731,Saúde Coletiva (Bacharelado),Darcy Ribeiro,Noturno,EP_R2_PPI,2,-43.059,-28.708,32.13,11.834,68.158,25.104,11.36,4.184,,,,
Serviço Social (Bacharelado) | Darcy Ribeiro | Diurno | AC | EP=False | R=NA | GE=NA | PCD=False | SM=NA,732,Serviço Social (Bacharelado),Darcy Ribeiro,Diurno,AC,5,-34.447,40.95,18.034,17.325,-5.5496,3.93287,-0.838,-0.477,-28.26633,6.70333,-4.529795,4.387447
Serviço Social (Bacharelado) | Darcy Ribeiro | Noturno | AC | EP=False | R=NA | GE=NA | PCD=False | SM=NA,733,Serviço Social (Bacharelado),Darcy Ribeiro,Noturno,AC,5,-62.942,-0.3,8.063,8.506,0.3487,-0.45093,-0.291,-0.385,9.58133,7.50033,0.701007,0.08759
Serviço Social (Bacharelado) | Darcy Ribeiro | Diurno | CN | EP=False | R=NA | GE=NEGROS | PCD=False | SM=NA,734,Serviço Social (Bacharelado),Darcy Ribeiro,Diurno,CN,5,-11.944,-10.372,21.798,23.596,-11.5835,-13.35245,-7.477,-10.622,-7.88933,-0.02733,-2.325351,-0.154327
Serviço Social (Bacharelado) | Darcy Ribeiro | Noturno | CN | EP=False | R=NA | GE=NEGROS | PCD=False | SM=NA,735,Serviço Social (Bacharelado),Darcy Ribeiro,Noturno,CN,3,-25.636,-24.093,15.682,14.566,11.21024,8.27415,5.077,3.534,33.124,42.384,10.819667,12.363
Serviço Social (Bacharelado) | Darcy Ribeiro | Diurno | EP_R1_NPPI | EP=True | R=R1 | GE=NPPI | PCD=False | SM=1.5,736,Serviço Social (Bacharelado),Darcy Ribeiro,Diurno,EP_R1_NPPI,2,-45.173,-29.9,36.144,16.409,25.55733,11.603,12.779,5.802,,,,
Serviço Social (Bacharelado) | Darcy Ribeiro | Noturno | EP_R1_NPPI | EP=True | R=R1 | GE=NPPI | PCD=False | SM=1.5,737,Serviço Social (Bacharelado),Darcy Ribeiro,Noturno,EP_R1_NPPI,3,-39.743,-39.743,10.116,10.116,5.7292,5.7292,0.543,0.543,41.012,41.012,20.506,20.506
Serviço Social (Bacharelado) | Darcy Ribeiro | Diurno | EP_R1_PPI | EP=True | R=R1 | GE=PPI | PCD=False | SM=1.5,738,Serviço Social (Bacharelado),Darcy Ribeiro,Diurno,EP_R1_PPI,3,-22.206,-8.808,12.882,20.229,3.62681,-6.29723,4.585,1.14,-49.591,-88.629,-14.690333,-22.727
Serviço Social (Bacharelado) | Darcy Ribeiro | Noturno | EP_R1_PPI | EP=True | R=R1 | GE=PPI | PCD=False | SM=1.5,739,Serviço Social (Bacharelado),Darcy Ribeiro,Noturno,EP_R1_PPI,3,-43.294,-37.792,4.227,9.326,-3.23972,-6.35425,-1.976,-1.976,3.595,-29.419,1.886667,-6.366833
Serviço Social (Bacharelado) | Darcy Ribeiro | Diurno | EP_R2_NPPI | EP=True | R=R2 | GE=NPPI | PCD=False | SM=1.5,740,Serviço Social (Bacharelado),Darcy Ribeiro,Diurno,EP_R2_NPPI,4,-58.325,-20.882,3.125,14.967,-2.4832,-5.8572,-1.307,-0.237,0.655,-26.915,0.3275,-13.4575
Serviço Social (Bacharelado) | Darcy Ribeiro | Noturno | EP_R2_NPPI | EP=True | R=R2 | GE=NPPI | PCD=False | SM=1.5,741,Serviço Social (Bacharelado),Darcy Ribeiro,Noturno,EP_R2_NPPI,3,-48.984,-37.086,12.707,24.638,-15.9898,-30.8256,-4.673,-8.949,-19.713,-39.781,-9.8565,-19.8905
Serviço Social (Bacharelado) | Darcy Ribeiro | Diurno | EP_R2_NPPIQ | EP=True | R=R2 | GE=NPPIQ | PCD=False | SM=1.0,742,Serviço Social (Bacharelado),Darcy Ribeiro,Diurno,EP_R2_NPPIQ,1,-49.665,-35.419,0.0,0.0,,,0.0,0.0,,,,
Serviço Social (Bacharelado) | Darcy Ribeiro | Diurno | EP_R2_PPI | EP=True | R=R2 | GE=PPI | PCD=False | SM=1.5,743,Serviço Social (Bacharelado),Darcy Ribeiro,Diurno,EP_R2_PPI,3,-45.475,-3.5,10.891,5.038,4.7118,3.5328,3.107,1.818,-46.102,-19.207,-23.051,-9.6035
Serviço Social (Bacharelado) | Darcy Ribeiro | Noturno | EP_R2_PPI | EP=True | R=R2 | GE=PPI | PCD=False | SM=1.5,744,Serviço Social (Bacharelado),Darcy Ribeiro,Noturno,EP_R2_PPI,2,-48.459,-38.076,4.556,10.129,3.22133,-7.16233,1.611,-3.581,,,,
Serviço Social (Bacharelado) | Darcy Ribeiro | Diurno | EP_R2_PPIQ | EP=True | R=R2 | GE=PPIQ | PCD=False | SM=1.0,745,Serviço Social (Bacharelado),Darcy Ribeiro,Diurno,EP_R2_PPIQ,1,-37.837,-37.837,0.0,0.0,,,0.0,0.0,,,,
"Teoria, Crítica e História da Arte (Bacharelado) | Darcy Ribeiro | Noturno | AC | EP=False | R=NA | GE=NA | PCD=False | SM=NA",746,"Teoria, Crítica e História da Arte (Bacharelado)",Darcy Ribeiro,Noturno,AC,5,-40.279,10.005,24.361,28.72,4.95722,3.2312,3.272,9.421,-13.48467,-47.448,0.648756,-8.578651
"Teoria, Crítica e História da Arte (Bacharelado) | Darcy Ribeiro | Noturno | CN | EP=False | R=NA | GE=NEGROS | PCD=False | SM=NA",747,"Teoria, Crítica e História da Arte (Bacharelado)",Darcy Ribeiro,Noturno,CN,1,4.736,4.736,0.0,0.0,,,0.0,0.0,,,,
"Teoria, Crítica e História da Arte (Bacharelado) | Darcy Ribeiro | Noturno | EP_R1_PPI | EP=True | R=R1 | GE=PPI | PCD=False | SM=1.5",748,"Teoria, Crítica e História da Arte (Bacharelado)",Darcy Ribeiro,Noturno,EP_R1_PPI,1,3.161,3.161,0.0,0.0,,,0.0,0.0,,,,
"Teoria, Crítica e História da Arte (Bacharelado) | Darcy Ribeiro | Noturno | EP_R2_NPPI | EP=True | R=R2 | GE=NPPI | PCD=False | SM=1.5",749,"Teoria, Crítica e História da Arte (Bacharelado)",Darcy Ribeiro,Noturno,EP_R2_NPPI,1,-27.615,-13.504,0.0,0.0,,,0.0,0.0,,,,
"Teoria, Crítica e História da Arte (Bacharelado) | Darcy Ribeiro | Noturno | EP_R2_PPI | EP=True | R=R2 | GE=PPI | PCD=False | SM=1.5",750,"Teoria, Crítica e História da Arte (Bacharelado)",Darcy Ribeiro,Noturno,EP_R2_PPI,1,-51.341,-51.341,0.0,0.0,,,0.0,0.0,,,,
Terapia Ocupacional (Bacharelado) | Ceilândia | Diurno | AC | EP=False | R=NA | GE=NA | PCD=False | SM=NA,751,Terapia Ocupacional (Bacharelado),Ceilândia,Diurno,AC,6,-20.353,28.638,20.399,24.972,7.87649,0.10024,8.243,0.65,-2.293,15.12225,-2.518429,-0.849125
Terapia Ocupacional (Bacharelado) | Ceilândia | Diurno | CN | EP=False | R=NA | GE=NEGROS | PCD=False | SM=NA,752,Terapia Ocupacional (Bacharelado),Ceilândia,Diurno,CN,5,-10.874,-10.797,14.792,14.879,-1.81263,-1.89918,-2.019,-2.173,-4.31,-3.92533,0.849585,0.955808
Terapia Ocupacional (Bacharelado) | Ceilândia | Diurno | EP_R1_NPPI | EP=True | R=R1 | GE=NPPI | PCD=False | SM=1.5,753,Terapia Ocupacional (Bacharelado),Ceilândia,Diurno,EP_R1_NPPI,4,-62.167,-18.738,27.474,15.419,-11.0876,4.328,0.123,-0.637,-56.6725,28.0115,-28.33625,14.00575
Terapia Ocupacional (Bacharelado) | Ceilândia | Diurno | EP_R1_NPPIQ | EP=True | R=R1 | GE=NPPIQ | PCD=False | SM=1.0,754,Terapia Ocupacional (Bacharelado),Ceilândia,Diurno,EP_R1_NPPIQ,1,-82.855,-36.853,0.0,0.0,,,0.0,0.0,,,,
Terapia Ocupacional (Bacharelado) | Ceilândia | Diurno | EP_R1_PPI | EP=True | R=R1 | GE=PPI | PCD=False | SM=1.5,755,Terapia Ocupacional (Bacharelado),Ceilândia,Diurno,EP_R1_PPI,3,-44.324,3.737,28.042,37.23,30.2524,-5.8554,7.599,3.56,74.549,-165.349,37.2745,-82.6745
Terapia Ocupacional (Bacharelado) | Ceilândia | Diurno | EP_R2_NPPI | EP=True | R=R2 | GE=NPPI | PCD=False | SM=1.5,756,Terapia Ocupacional (Bacharelado),Ceilândia,Diurno,EP_R2_NPPI,5,-63.76,-9.065,28.596,26.492,-15.05483,-17.36194,-5.257,-11.011,-37.47433,-16.53667,-11.948214,-1.409071
Terapia Ocupacional (Bacharelado) | Ceilândia | Diurno | EP_R2_NPPIQ | EP=True | R=R2 | GE=NPPIQ | PCD=False | SM=1.0,757,Terapia Ocupacional (Bacharelado),Ceilândia,Diurno,EP_R2_NPPIQ,1,-14.671,-6.035,0.0,0.0,,,0.0,0.0,,,,
Terapia Ocupacional (Bacharelado) | Ceilândia | Diurno | EP_R2_PPI | EP=True | R=R2 | GE=PPI | PCD=False | SM=1.5,758,Terapia Ocupacional (Bacharelado),Ceilândia,Diurno,EP_R2_PPI,3,-49.622,-3.274,14.488,11.774,7.60351,1.99674,1.244,3.636,56.706,-48.649,13.554333,-13.980333
Terapia Ocupacional (Bacharelado) | Ceilândia | Diurno | EP_R2_PPIQ | EP=True | R=R2 | GE=PPIQ | PCD=False | SM=1.0,759,Terapia Ocupacional (Bacharelado),Ceilândia,Diurno,EP_R2_PPIQ,1,-72.221,-22.382,0.0,0.0,,,0.0,0.0,,,,
Turismo (Bacharelado) | Darcy Ribeiro | Diurno | AC | EP=False | R=NA | GE=NA | PCD=False | SM=NA,760,Turismo (Bacharelado),Darcy Ribeiro,Diurno,AC,5,-81.555,13.749,14.483,32.927,7.2965,10.6835,4.884,4.944,7.10133,21.032,1.089959,4.160863
Turismo (Bacharelado) | Darcy Ribeiro | Diurno | CN | EP=False | R=NA | GE=NEGROS | PCD=False | SM=NA,761,Turismo (Bacharelado),Darcy Ribeiro,Diurno,CN,4,-42.585,-42.585,13.331,13.331,-8.27559,-8.27559,-6.002,-6.002,-2.3765,-2.3765,1.213,1.213
Turismo (Bacharelado) | Darcy Ribeiro | Diurno | EP_R1_NPPI | EP=True | R=R1 | GE=NPPI | PCD=False | SM=1.5,762,Turismo (Bacharelado),Darcy Ribeiro,Diurno,EP_R1_NPPI,3,-34.072,-30.999,22.843,25.662,14.22951,16.66472,3.691,4.715,79.972,86.118,18.147667,19.172
Turismo (Bacharelado) | Darcy Ribeiro | Diurno | EP_R1_PPI | EP=True | R=R1 | GE=PPI | PCD=False | SM=1.5,763,Turismo (Bacharelado),Darcy Ribeiro,Diurno,EP_R1_PPI,1,-54.814,-54.814,0.0,0.0,,,0.0,0.0,,,,
Turismo (Bacharelado) | Darcy Ribeiro | Diurno | EP_R2_NPPI | EP=True | R=R2 | GE=NPPI | PCD=False | SM=1.5,764,Turismo (Bacharelado),Darcy Ribeiro,Diurno,EP_R2_NPPI,4,-56.709,-24.161,23.898,4.793,0.6214,3.3118,2.028,2.432,-17.1745,-7.7635,-8.58725,-3.88175
Turismo (Bacharelado) | Darcy Ribeiro | Diurno | EP_R2_PPI | EP=True | R=R2 | GE=PPI | PCD=False | SM=1.5,765,Turismo (Bacharelado),Darcy Ribeiro,Diurno,EP_R2_PPI,1,-68.241,-14.636,0.0,0.0,,,0.0,0.0,,,,
