curso,modalidade_normalizada,observacoes,primeira_nota_min,ultima_nota_min,primeira_nota_max,ultima_nota_max,variacao_min,variacao_max,menor_nota_min,maior_nota_min,menor_nota_max,maior_nota_max,media_nota_min,media_nota_max,amplitude_media,amplitude_max,amplitude_min,coef_var_min,coef_var_max
Administração (Bacharelado),AC,12,-5.813,-7.05,69.035,44.901,-1.237,-24.134,-98.9,46.485,-40.646,120.3,-5.569,61.5,67.069,137.886,12.67,-849.169,73.62
Administração (Bacharelado),CN,11,-40.808,-54.846,3.022,-53.83,-14.038,-56.852,-54.846,-1.176,-53.83,44.699,-25.82,-7.046,18.773,67.953,0.0,-90.726,-440.458
Administração (Bacharelado),EP_R1_NPPI,8,-90.624,-45.664,-3.524,6.082,44.96,9.606,-90.624,-15.383,-34.78,16.153,-47.563,-5.38,42.184,87.1,0.0,-49.354,-328.203
Administração (Bacharelado),EP_R1_NPPIQ,1,-67.831,-67.831,-19.227,-19.227,0.0,0.0,-67.831,-67.831,-19.227,-19.227,-67.831,-19.227,48.604,48.604,48.604,,
Administração (Bacharelado),EP_R1_PPI,7,-32.289,-53.789,-1.11,-9.772,-21.5,-8.662,-72.089,2.342,-16.586,23.576,-41.041,0.366,41.407,62.919,0.0,-55.861,4094.216
Administração (Bacharelado),EP_R2_NPPI,9,-80.471,-77.484,-26.835,-34.03,2.987,-7.195,-80.471,13.596,-34.03,85.005,-29.981,19.327,49.307,96.336,16.106,-117.087,193.068
Administração (Bacharelado),EP_R2_NPPIQ,2,-17.433,-55.503,18.394,-4.817,-38.07,-23.211,-55.503,-17.433,-4.817,18.394,-36.468,6.788,43.256,50.686,35.827,-73.817,241.771
Administração (Bacharelado),EP_R2_PPI,7,-66.919,-51.29,-1.149,2.093,15.629,3.242,-84.174,-14.213,-84.174,17.044,-53.701,-10.886,42.815,70.18,0.0,-45.276,-304.899
Administração (Bacharelado),EP_R2_PPIQ,1,-25.422,-25.422,-3.245,-3.245,0.0,0.0,-25.422,-25.422,-3.245,-3.245,-25.422,-3.245,22.177,22.177,22.177,,
Agronomia (Bacharelado),AC,6,-82.562,-5.377,39.359,112.172,77.185,72.813,-95.148,-5.377,-49.448,112.172,-34.375,56.917,91.291,121.921,45.7,-123.361,104.798
Agronomia (Bacharelado),CN,5,-56.023,-22.112,-9.606,-14.127,33.911,-4.521,-86.604,-13.14,-66.324,32.518,-50.545,-9.118,41.427,119.122,7.985,-63.56,-405.773
Agronomia (Bacharelado),EP_R1_NPPI,3,-64.547,-28.599,-64.547,19.269,35.948,83.816,-64.547,-28.599,-64.547,33.84,-47.828,-3.813,44.015,84.177,0.0,-37.854,-1392.717
Agronomia (Bacharelado),EP_R1_NPPIQ,1,-56.39,-56.39,-56.39,-56.39,0.0,0.0,-56.39,-56.39,-56.39,-56.39,-56.39,-56.39,0.0,0.0,0.0,,
Agronomia (Bacharelado),EP_R1_PPI,4,-73.408,-64.647,-29.038,-16.992,8.761,12.046,-82.722,-60.355,-82.722,-16.992,-70.283,-40.531,29.752,47.655,0.0,-14.105,-71.472
Agronomia (Bacharelado),EP_R2_NPPI,4,-58.889,-35.875,21.927,1.054,23.014,-20.873,-94.126,-35.875,1.054,38.297,-58.995,21.669,80.664,119.523,36.929,-42.775,71.267
Agronomia (Bacharelado),EP_R2_NPPIQ,1,-58.036,-58.036,-13.042,-13.042,0.0,0.0,-58.036,-58.036,-13.042,-13.042,-58.036,-13.042,44.994,44.994,44.994,,
Agronomia (Bacharelado),EP_R2_PPI,4,-67.906,-61.917,-36.5,-4.933,5.989,31.567,-81.527,-61.917,-36.5,-4.933,-72.736,-23.405,47.045,56.984,31.406,-12.915,-70.31
Agronomia (Bacharelado),EP_R2_PPIQ,1,-62.778,-62.778,-36.2,-36.2,0.0,0.0,-62.778,-62.778,-36.2,-36.2,-62.778,-36.2,26.578,26.578,26.578,,
Arquitetura e Urbanismo (Bacharelado),AC,12,65.986,48.138,111.643,74.131,-17.848,-37.512,-31.822,98.047,15.316,146.303,51.838,87.872,38.118,94.241,12.717,75.855,41.449
Arquitetura e Urbanismo (Bacharelado),CN,12,46.911,23.271,54.412,23.271,-23.64,-31.141,-66.223,85.859,-56.427,85.859,14.569,16.29,1.721,13.148,0.0,344.733,300.179
Arquitetura e Urbanismo (Bacharelado),EP_R1_NPPI,7,-74.003,-14.415,-50.838,58.507,59.588,109.345,-74.003,36.319,-50.838,58.507,-17.053,14.534,31.588,72.922,0.0,-239.51,279.227
Arquitetura e Urbanismo (Bacharelado),EP_R1_NPPIQ,1,-32.379,-32.379,4.506,4.506,0.0,0.0,-32.379,-32.379,4.506,4.506,-32.379,4.506,36.885,36.885,36.885,,
Arquitetura e Urbanismo (Bacharelado),EP_R1_PPI,7,-44.527,-20.256,18.536,-20.256,24.271,-38.792,-46.6,16.653,-28.781,47.826,-20.138,9.327,29.465,64.239,0.0,-108.36,303.965
Arquitetura e Urbanismo (Bacharelado),EP_R2_NPPI,9,23.187,-33.969,39.321,4.708,-57.156,-34.613,-44.019,74.542,-7.5,108.759,6.652,38.825,32.173,81.851,11.947,683.099,99.017
Arquitetura e Urbanismo (Bacharelado),EP_R2_NPPIQ,2,65.505,-57.497,97.824,11.923,-123.002,-85.901,-57.497,65.505,11.923,97.824,4.004,54.874,50.87,69.42,32.319,2172.216,110.693
Arquitetura e Urbanismo (Bacharelado),EP_R2_PPI,8,-33.644,-39.05,16.99,-39.05,-5.406,-56.04,-81.638,18.42,-39.05,53.972,-19.946,8.252,28.198,75.816,0.0,-160.819,400.235
Arquitetura e Urbanismo (Bacharelado),EP_R2_PPIQ,1,12.661,12.661,61.488,61.488,0.0,0.0,12.661,12.661,61.488,61.488,12.661,61.488,48.827,48.827,48.827,,
Arquivologia (Bacharelado),AC,5,-46.303,-57.868,-10.847,41.329,-11.565,52.176,-82.039,-46.303,-13.001,41.329,-62.403,9.017,71.419,114.94,35.456,-22.257,288.073
Arquivologia (Bacharelado),CN,3,-71.228,10.221,-71.228,10.221,81.449,81.449,-72.96,10.221,-72.96,10.221,-44.656,-44.656,0.0,0.0,0.0,-106.442,-106.442
Arquivologia (Bacharelado),EP_R1_NPPI,2,-47.977,-30.721,-47.977,-19.2,17.256,28.777,-47.977,-30.721,-47.977,-19.2,-39.349,-33.588,5.76,11.521,0.0,-31.009,-60.581
Arquivologia (Bacharelado),EP_R2_NPPI,3,-55.757,-34.645,-55.757,-30.382,21.112,25.375,-59.094,-34.645,-59.094,-30.382,-49.832,-48.411,1.421,4.263,0.0,-26.605,-32.436
Arquivologia (Bacharelado),EP_R2_NPPIQ,1,-70.619,-70.619,-31.332,-31.332,0.0,0.0,-70.619,-70.619,-31.332,-31.332,-70.619,-31.332,39.287,39.287,39.287,,
Arquivologia (Bacharelado),EP_R2_PPI,2,-36.22,-66.41,-34.267,-66.41,-30.19,-32.143,-66.41,-36.22,-66.41,-34.267,-51.315,-50.338,0.976,1.953,0.0,-41.601,-45.151
Artes Cênicas (Bacharelado),AC,6,-35.963,23.679,47.134,42.35,59.642,-4.784,-35.963,27.497,22.845,88.886,-7.114,42.471,49.585,124.411,1.726,-429.767,58.285
Artes Cênicas (Bacharelado),EP_R1_NPPI,1,-64.508,-64.508,-64.508,-64.508,0.0,0.0,-64.508,-64.508,-64.508,-64.508,-64.508,-64.508,0.0,0.0,0.0,,
Artes Cênicas (Bacharelado),EP_R1_PPI,3,-5.726,-42.49,-5.726,-42.49,-36.764,-36.764,-42.49,0.432,-42.49,0.432,-15.928,-15.928,0.0,0.0,0.0,-145.709,-145.709
Artes Cênicas (Bacharelado),EP_R2_NPPI,3,19.746,-19.882,19.746,-1.832,-39.628,-21.578,-19.882,19.746,-6.534,19.746,-2.223,3.793,6.017,18.05,0.0,-906.864,369.438
Artes Cênicas (Bacharelado),EP_R2_NPPIQ,1,-30.791,-30.791,18.165,18.165,0.0,0.0,-30.791,-30.791,18.165,18.165,-30.791,18.165,48.956,48.956,48.956,,
Artes Cênicas (Bacharelado),EP_R2_NPPIQ_PCD,1,-33.372,-33.372,-33.372,-33.372,0.0,0.0,-33.372,-33.372,-33.372,-33.372,-33.372,-33.372,0.0,0.0,0.0,,
Artes Cênicas (Bacharelado),EP_R2_PPI,1,-58.968,-58.968,-58.968,-58.968,0.0,0.0,-58.968,-58.968,-58.968,-58.968,-58.968,-58.968,0.0,0.0,0.0,,
Artes Cênicas (Licenciatura),AC,2,-12.384,-53.375,29.579,16.725,-40.991,-12.854,-53.375,-12.384,16.725,29.579,-32.88,23.152,56.031,70.1,41.963,-88.155,39.259
Artes Cênicas (Licenciatura),EP_R2_NPPIQ,1,-49.808,-49.808,-49.808,-49.808,0.0,0.0,-49.808,-49.808,-49.808,-49.808,-49.808,-49.808,0.0,0.0,0.0,,
Artes Cênicas (Licenciatura),EP_R2_PPIQ,1,-62.337,-62.337,-53.522,-53.522,0.0,0.0,-62.337,-62.337,-53.522,-53.522,-62.337,-53.522,8.815,8.815,8.815,,
Artes Cênicas (Literatura),AC,5,-52.165,-68.863,19.702,25.467,-16.698,5.765,-68.863,18.627,18.627,96.437,-30.55,36.423,66.972,145.707,0.0,-122.178,92.389
Artes Cênicas (Literatura),EP_R1_NPPI,2,14.969,-42.056,14.969,-5.063,-57.025,-20.032,-42.056,14.969,-5.063,14.969,-13.543,4.953,18.496,36.993,0.0,-297.728,285.984
Artes Cênicas (Literatura),EP_R1_PPI,1,-10.798,-10.798,-10.798,-10.798,0.0,0.0,-10.798,-10.798,-10.798,-10.798,-10.798,-10.798,0.0,0.0,0.0,,
Artes Cênicas (Literatura),EP_R2_NPPI,2,-68.553,-21.566,-68.553,-21.566,46.987,46.987,-68.553,-21.566,-68.553,-21.566,-45.06,-45.06,0.0,0.0,0.0,-73.735,-73.735
Artes Cênicas (Literatura),EP_R2_PPI,1,-49.617,-49.617,-49.617,-49.617,0.0,0.0,-49.617,-49.617,-49.617,-49.617,-49.617,-49.617,0.0,0.0,0.0,,
Artes Visuais (Bacharelado),AC,6,-54.583,13.225,41.796,75.062,67.808,33.266,-68.761,29.41,9.382,75.062,-20.002,40.637,60.638,96.379,29.504,-189.563,64.458
Artes Visuais (Bacharelado),CN,1,-21.925,-21.925,-21.925,-21.925,0.0,0.0,-21.925,-21.925,-21.925,-21.925,-21.925,-21.925,0.0,0.0,0.0,,
Artes Visuais (Bacharelado),EP_R2_NPPI,3,-37.278,-73.314,-37.278,-3.219,-36.036,34.059,-73.314,21.489,-37.278,21.489,-29.701,-6.336,23.365,70.095,0.0,-161.118,-465.708
Artes Visuais (Bacharelado),EP_R2_NPPIQ,1,-64.314,-64.314,-16.574,-16.574,0.0,0.0,-64.314,-64.314,-16.574,-16.574,-64.314,-16.574,47.74,47.74,47.74,,
Artes Visuais (Licenciatura),AC,4,-13.502,-7.957,-13.502,70.753,5.545,84.255,-90.01,-7.957,-13.502,70.753,-41.882,34.962,76.844,144.386,0.0,-92.203,105.118
Artes Visuais (Licenciatura),CN,2,-30.845,-33.237,-30.845,-33.237,-2.392,-2.392,-33.237,-30.845,-33.237,-30.845,-32.041,-32.041,0.0,0.0,0.0,-5.279,-5.279
Artes Visuais (Licenciatura),EP_R1_NPPI,1,-23.748,-23.748,-23.748,-23.748,0.0,0.0,-23.748,-23.748,-23.748,-23.748,-23.748,-23.748,0.0,0.0,0.0,,
Artes Visuais (Licenciatura),EP_R1_PPI,1,-23.125,-23.125,-23.125,-23.125,0.0,0.0,-23.125,-23.125,-23.125,-23.125,-23.125,-23.125,0.0,0.0,0.0,,
Artes Visuais (Licenciatura),EP_R2_NPPI,3,29.145,-59.575,29.145,-16.763,-88.72,-45.908,-59.575,29.145,-16.763,34.369,-17.375,15.584,32.959,56.064,0.0,-256.216,180.539
Artes Visuais (Licenciatura),EP_R2_PPI,2,-17.979,-22.141,-17.979,-22.141,-4.162,-4.162,-22.141,-17.979,-22.141,-17.979,-20.06,-20.06,0.0,0.0,0.0,-14.671,-14.671
Biblioteconomia (Bacharelado),AC,5,-37.863,-57.49,15.722,36.282,-19.627,20.56,-82.692,-37.863,15.722,60.65,-65.71,33.842,99.552,141.585,53.585,-28.248,49.332
Biblioteconomia (Bacharelado),CN,4,-13.884,-46.402,-13.884,-46.402,-32.518,-32.518,-46.402,-13.884,-46.402,-13.884,-28.064,-28.064,0.0,0.0,0.0,-53.91,-53.91
Biblioteconomia (Bacharelado),EP_R1_NPPI,3,-36.505,-15.523,-15.885,-15.523,20.982,0.362,-72.447,-15.523,-34.556,-15.523,-41.492,-21.988,19.504,37.891,0.0,-69.382,-49.508
Biblioteconomia (Bacharelado),EP_R1_PPI,2,-41.515,-59.315,-41.515,-59.315,-17.8,-17.8,-59.315,-41.515,-59.315,-41.515,-50.415,-50.415,0.0,0.0,0.0,-24.966,-24.966
Biblioteconomia (Bacharelado),EP_R2_NPPI,4,-18.898,-30.853,-18.898,22.648,-11.955,41.546,-57.03,-10.259,-18.898,46.357,-29.26,14.896,44.156,103.387,0.0,-69.542,182.676
Biblioteconomia (Bacharelado),EP_R2_NPPIQ,1,-54.547,-54.547,-52.729,-52.729,0.0,0.0,-54.547,-54.547,-52.729,-52.729,-54.547,-52.729,1.818,1.818,1.818,,
Biblioteconomia (Bacharelado),EP_R2_PPI,3,-9.93,-45.652,-9.93,-45.652,-35.722,-35.722,-45.652,-9.93,-45.652,-9.93,-33.539,-33.539,0.0,0.0,0.0,-60.969,-60.969
Biologia (Bacharelado),AC,5,47.639,78.793,102.589,119.236,31.154,16.647,47.639,92.094,55.263,174.618,67.391,118.196,50.805,104.365,7.089,28.811,37.439
Biologia (Bacharelado),CN,5,-8.39,29.652,-0.152,29.652,38.042,29.804,-29.292,29.652,-29.292,29.652,7.988,9.636,1.648,8.238,0.0,321.567,255.467
Biologia (Bacharelado),EP_R1_NPPI,4,-58.578,-64.765,-3.085,-36.085,-6.187,-33.0,-64.765,72.752,-36.085,72.752,-9.895,12.014,21.909,55.493,0.0,-656.206,379.521
Biologia (Bacharelado),EP_R1_NPPIQ,1,-78.848,-78.848,-26.937,-26.937,0.0,0.0,-78.848,-78.848,-26.937,-26.937,-78.848,-26.937,51.911,51.911,51.911,,
Biologia (Bacharelado),EP_R1_NPPI_PCD,1,6.759,6.759,6.759,6.759,0.0,0.0,6.759,6.759,6.759,6.759,6.759,6.759,0.0,0.0,0.0,,
Biologia (Bacharelado),EP_R1_PPI,3,-42.429,-4.111,-6.123,3.96,38.318,10.083,-42.429,-2.765,-6.123,89.849,-16.435,29.229,45.664,92.614,8.071,-137.034,180.44
Biologia (Bacharelado),EP_R2_NPPI,4,5.725,5.963,31.993,29.19,0.238,-2.803,5.725,40.429,29.19,40.429,19.414,32.766,13.352,26.268,0.0,86.573,16.062
Biologia (Bacharelado),EP_R2_NPPIQ,1,29.597,29.597,56.051,56.051,0.0,0.0,29.597,29.597,56.051,56.051,29.597,56.051,26.454,26.454,26.454,,
Biologia (Bacharelado),EP_R2_NPPI_PCD,1,-25.671,-25.671,-25.671,-25.671,0.0,0.0,-25.671,-25.671,-25.671,-25.671,-25.671,-25.671,0.0,0.0,0.0,,
Biologia (Bacharelado),EP_R2_PPI,4,-40.62,-80.211,42.573,-58.11,-39.591,-100.683,-80.211,20.011,-58.11,42.573,-37.745,-3.564,34.18,83.193,8.196,-111.373,-1321.842
Biologia (Bacharelado),EP_R2_PPIQ,1,-67.982,-67.982,8.016,8.016,0.0,0.0,-67.982,-67.982,8.016,8.016,-67.982,8.016,75.998,75.998,75.998,,
Biologia (Licenciatura),AC,6,-36.584,-14.729,45.635,54.739,21.855,9.104,-36.584,61.373,45.635,143.74,-2.891,90.666,95.325,176.257,66.314,-1248.497,53.047
Biologia (Licenciatura),CN,4,9.788,-17.183,35.977,-17.183,-26.971,-53.16,-17.183,45.804,-17.183,45.804,19.768,26.315,6.547,26.189,0.0,148.335,111.249
Biologia (Licenciatura),EP_R1_NPPI,4,38.006,-34.27,47.711,-8.304,-72.276,-56.015,-45.443,38.006,-25.456,47.711,-14.96,9.148,24.108,40.776,9.705,-247.64,355.397
Biologia (Licenciatura),EP_R1_PPI,4,-57.415,-32.04,-43.489,-17.529,25.375,25.96,-57.415,-25.71,-43.489,32.075,-38.388,-8.992,28.741,57.785,13.926,-43.708,-348.938
Biologia (Licenciatura),EP_R2_NPPI,5,-20.37,3.563,18.629,3.563,23.933,-15.066,-44.203,51.276,-44.203,55.29,1.994,14.836,12.842,38.999,0.0,1839.26,259.814
Biologia (Licenciatura),EP_R2_NPPIQ,1,-40.608,-40.608,7.61,7.61,0.0,0.0,-40.608,-40.608,7.61,7.61,-40.608,7.61,48.218,48.218,48.218,,
Biologia (Licenciatura),EP_R2_PPI,5,-17.581,-14.417,-17.581,9.672,3.164,27.253,-43.355,21.358,-17.786,36.304,-16.177,4.503,20.68,55.261,0.0,-147.177,506.082
Biotecnologia (Bacharelado),AC,6,13.962,67.536,103.116,157.41,53.574,54.294,-13.439,87.359,20.763,157.41,46.788,119.757,72.969,93.382,34.202,81.938,43.849
Biotecnologia (Bacharelado),CN,5,-40.953,64.205,-1.459,64.205,105.158,65.664,-40.953,72.345,-1.459,72.345,37.907,45.805,7.899,39.494,0.0,124.389,68.273
Biotecnologia (Bacharelado),EP_R1_NPPI,4,-62.356,-32.078,44.477,-32.078,30.278,-76.555,-62.356,-32.078,-50.648,44.477,-45.11,-3.959,41.151,106.833,0.0,-31.168,-1130.824
Biotecnologia (Bacharelado),EP_R1_NPPIQ,1,22.903,22.903,22.903,22.903,0.0,0.0,22.903,22.903,22.903,22.903,22.903,22.903,0.0,0.0,0.0,,
Biotecnologia (Bacharelado),EP_R1_PPI,3,-47.176,-25.889,-47.176,42.794,21.287,89.97,-47.176,-25.889,-47.176,42.794,-34.343,2.838,37.18,68.683,0.0,-32.901,1614.722
Biotecnologia (Bacharelado),EP_R2_NPPI,5,-60.398,-84.167,32.963,-24.822,-23.769,-57.785,-84.167,55.938,-24.822,130.314,-7.042,51.173,58.215,93.361,26.069,-902.894,116.641
Biotecnologia (Bacharelado),EP_R2_NPPIQ,1,-36.957,-36.957,43.54,43.54,0.0,0.0,-36.957,-36.957,43.54,43.54,-36.957,43.54,80.497,80.497,80.497,,
Biotecnologia (Bacharelado),EP_R2_PPI,4,-40.891,-25.817,40.546,-25.817,15.074,-66.363,-53.337,-10.399,-25.817,104.025,-32.611,44.408,77.018,114.424,0.0,-57.03,121.337
Biotecnologia (Bacharelado),EP_R2_PPIQ,1,-47.168,-47.168,-47.168,-47.168,0.0,0.0,-47.168,-47.168,-47.168,-47.168,-47.168,-47.168,0.0,0.0,0.0,,
Ciência Política (Bacharelado),AC,6,-16.226,55.467,118.576,112.083,71.693,-6.493,-16.226,55.467,27.872,128.48,31.669,95.834,64.165,134.802,25.819,99.746,39.194
Ciência Política (Bacharelado),CN,6,-6.36,48.441,63.804,48.441,54.801,-15.363,-6.889,59.772,-6.889,63.804,19.562,31.256,11.694,70.164,0.0,149.594,98.577
Ciência Política (Bacharelado),EP_R1_NPPI,4,-23.763,-21.736,2.994,15.499,2.027,12.505,-44.5,-21.736,-27.935,15.499,-29.484,-7.882,21.601,37.235,0.0,-35.065,-260.914
Ciência Política (Bacharelado),EP_R1_NPPIQ,1,-33.164,-33.164,-3.3,-3.3,0.0,0.0,-33.164,-33.164,-3.3,-3.3,-33.164,-3.3,29.864,29.864,29.864,,
Ciência Política (Bacharelado),EP_R1_PPI,4,-20.735,-15.546,4.398,-3.077,5.189,-7.475,-30.87,-14.082,-18.086,41.919,-20.308,6.288,26.597,56.001,12.469,-37.412,405.937
Ciência Política (Bacharelado),EP_R2_NPPI,4,-48.057,16.428,24.311,22.171,64.485,-2.14,-48.057,16.428,20.572,26.979,-16.566,23.508,40.074,72.368,5.743,-160.279,11.804
Ciência Política (Bacharelado),EP_R2_NPPIQ,1,13.769,13.769,47.698,47.698,0.0,0.0,13.769,13.769,47.698,47.698,13.769,47.698,33.929,33.929,33.929,,
Ciência Política (Bacharelado),EP_R2_NPPIQ_PCD,1,-31.841,-31.841,-24.216,-24.216,0.0,0.0,-31.841,-31.841,-24.216,-24.216,-31.841,-24.216,7.625,7.625,7.625,,
Ciência Política (Bacharelado),EP_R2_PPI,4,-68.378,-30.791,55.251,5.586,37.587,-49.665,-68.378,-30.791,-8.471,55.251,-49.211,11.828,61.039,123.629,36.377,-31.287,249.911
Ciência Política (Bacharelado),EP_R2_PPIQ,1,-37.151,-37.151,-5.97,-5.97,0.0,0.0,-37.151,-37.151,-5.97,-5.97,-37.151,-5.97,31.181,31.181,31.181,,
Ciência da Computação (Bacharelado),AC,6,78.303,135.827,141.416,166.528,57.524,25.112,78.303,143.984,126.56,192.19,120.698,163.997,43.299,77.19,14.921,20.409,15.774
Ciência da Computação (Bacharelado),CN,6,44.904,117.648,57.682,117.648,72.744,59.966,44.904,137.024,57.682,137.024,89.841,91.971,2.13,12.778,0.0,37.577,33.287
Ciência da Computação (Bacharelado),EP_R1_NPPI,5,-75.28,8.647,-0.86,18.344,83.927,19.204,-75.28,46.784,-0.86,86.756,1.768,38.212,36.445,74.42,9.697,2590.027,94.949
Ciência da Computação (Bacharelado),EP_R1_NPPIQ,1,-38.263,-38.263,32.989,32.989,0.0,0.0,-38.263,-38.263,32.989,32.989,-38.263,32.989,71.252,71.252,71.252,,
Ciência da Computação (Bacharelado),EP_R1_PPI,5,-34.939,-18.098,-2.517,-7.693,16.841,-5.176,-34.939,11.4,-7.693,79.464,-8.109,20.86,28.969,70.458,10.405,-238.253,170.404
Ciência da Computação (Bacharelado),EP_R1_PPIQ,1,0.178,0.178,0.178,0.178,0.0,0.0,0.178,0.178,0.178,0.178,0.178,0.178,0.0,0.0,0.0,,
Ciência da Computação (Bacharelado),EP_R2_NPPI,5,9.801,77.535,115.857,77.535,67.734,-38.322,9.801,131.855,77.535,181.985,88.255,128.39,40.134,106.056,0.0,54.458,29.73
Ciência da Computação (Bacharelado),EP_R2_NPPIQ,1,118.288,118.288,118.288,118.288,0.0,0.0,118.288,118.288,118.288,118.288,118.288,118.288,0.0,0.0,0.0,,
Ciência da Computação (Bacharelado),EP_R2_NPPIQ_PCD,1,42.861,42.861,42.861,42.861,0.0,0.0,42.861,42.861,42.861,42.861,42.861,42.861,0.0,0.0,0.0,,
Ciência da Computação (Bacharelado),EP_R2_NPPI_PCD,1,-10.517,-10.517,-10.517,-10.517,0.0,0.0,-10.517,-10.517,-10.517,-10.517,-10.517,-10.517,0.0,0.0,0.0,,
Ciência da Computação (Bacharelado),EP_R2_PPI,5,12.338,-12.086,54.187,22.791,-24.424,-31.396,-12.086,53.97,22.791,91.909,24.249,58.102,33.853,41.849,19.356,104.066,42.62
Ciência da Computação (Bacharelado),EP_R2_PPIQ,1,48.884,48.884,74.724,74.724,0.0,0.0,48.884,48.884,74.724,74.724,48.884,74.724,25.84,25.84,25.84,,
Ciência da Computação (Bacharelado),EP_R2_PPI_PCD,1,-13.051,-13.051,-13.051,-13.051,0.0,0.0,-13.051,-13.051,-13.051,-13.051,-13.051,-13.051,0.0,0.0,0.0,,
Ciências Ambientais (Bacharelado),AC,5,-86.73,-60.711,22.379,-15.392,26.019,-37.771,-88.634,-51.442,-15.392,118.33,-70.227,30.62,100.846,181.946,45.319,-23.596,167.18
Ciências Ambientais (Bacharelado),CN,4,-35.352,-39.988,-30.498,-39.988,-4.636,-9.49,-39.988,-16.032,-39.988,-16.032,-32.329,-31.116,1.213,4.854,0.0,-34.115,-34.874
Ciências Ambientais (Bacharelado),EP_R1_NPPI,1,-6.827,-6.827,-6.827,-6.827,0.0,0.0,-6.827,-6.827,-6.827,-6.827,-6.827,-6.827,0.0,0.0,0.0,,
Ciências Ambientais (Bacharelado),EP_R2_NPPI,3,-49.599,-29.414,-33.542,-13.823,20.185,19.719,-49.599,46.048,-33.542,46.048,-10.988,-0.439,10.549,16.057,0.0,-458.809,-9441.606
Ciências Ambientais (Bacharelado),EP_R2_PPI,4,-59.986,-51.524,-33.277,-51.524,8.462,-18.247,-59.986,-15.686,-51.524,-15.686,-38.595,-31.49,7.105,26.709,0.0,-53.515,-48.178
Ciências Contábeis (Bacharelado),AC,11,-77.991,-27.789,70.338,31.88,50.202,-38.458,-102.261,17.85,-10.335,84.034,-34.767,52.296,87.064,148.329,51.329,-124.813,52.279
Ciências Contábeis (Bacharelado),CN,8,5.872,-40.834,5.872,-24.325,-46.706,-30.197,-70.205,25.609,-24.978,25.609,-17.202,3.679,19.013,45.227,0.0,-176.484,574.699
Ciências Contábeis (Bacharelado),EP_R1_NPPI,7,-33.95,-54.966,-9.24,-29.047,-21.016,-19.807,-62.154,-33.95,-54.029,44.815,-48.39,-1.839,44.206,94.118,0.0,-23.178,-1848.127
Ciências Contábeis (Bacharelado),EP_R1_NPPIQ,1,-24.064,-24.064,-24.064,-24.064,0.0,0.0,-24.064,-24.064,-24.064,-24.064,-24.064,-24.064,0.0,0.0,0.0,,
Ciências Contábeis (Bacharelado),EP_R1_PPI,5,,-59.857,13.346,-59.857,,-73.203,-59.857,1.491,-59.857,13.346,-38.572,-25.77,3.022,12.089,0.0,-70.995,-122.374
Ciências Contábeis (Bacharelado),EP_R2_NPPI,8,-26.025,-75.965,9.416,-49.701,-49.94,-59.117,-76.035,-26.025,-68.678,55.242,-55.369,0.276,54.494,105.416,0.0,-37.487,14924.359
Ciências Contábeis (Bacharelado),EP_R2_NPPIQ,2,-50.333,-36.706,11.211,-21.206,13.627,-32.417,-50.333,-36.706,-21.206,11.211,-43.52,-4.998,38.522,61.544,15.5,-22.141,-458.675
Ciências Contábeis (Bacharelado),EP_R2_PPI,8,-43.271,-29.321,60.116,-6.142,13.95,-66.258,-53.936,-21.687,-21.687,60.116,-39.459,9.32,49.397,103.387,0.0,-29.498,298.766
Ciências Contábeis (Bacharelado),EP_R2_PPIQ,2,-81.153,-72.809,-5.417,-37.134,8.344,-31.717,-81.153,-72.809,-37.134,-5.417,-76.981,-21.276,55.706,75.736,35.675,-7.664,-105.414
Ciências Econômicas (Bacharelado),AC,6,39.606,98.037,170.983,136.512,58.431,-34.471,39.606,105.597,75.802,170.983,79.392,136.687,59.824,131.377,25.489,34.504,26.484
Ciências Econômicas (Bacharelado),CN,6,52.181,83.431,54.601,83.431,31.25,28.83,13.26,83.431,13.26,83.431,45.157,45.56,0.403,2.42,0.0,59.614,59.403
Ciências Econômicas (Bacharelado),EP_R1_NPPI,5,-19.708,-56.632,37.407,-56.632,-36.924,-94.039,-60.912,1.518,-56.632,37.407,-34.657,10.474,45.131,72.619,0.0,-75.141,386.381
Ciências Econômicas (Bacharelado),EP_R1_NPPIQ,1,-30.927,-30.927,-30.927,-30.927,0.0,0.0,-30.927,-30.927,-30.927,-30.927,-30.927,-30.927,0.0,0.0,0.0,,
Ciências Econômicas (Bacharelado),EP_R1_PPI,3,-31.962,-10.898,3.364,67.95,21.064,64.586,-31.962,-10.898,3.364,67.95,-22.817,33.463,56.28,78.848,35.326,-47.344,97.171
Ciências Econômicas (Bacharelado),EP_R2_NPPI,5,-31.155,-64.258,71.256,-22.961,-33.103,-94.217,-64.258,74.425,-22.961,116.541,3.012,58.102,55.09,102.411,6.922,1870.602,87.943
Ciências Econômicas (Bacharelado),EP_R2_NPPIQ,1,18.823,18.823,94.124,94.124,0.0,0.0,18.823,18.823,94.124,94.124,18.823,94.124,75.301,75.301,75.301,,
Ciências Econômicas (Bacharelado),EP_R2_PPI,4,-48.677,-37.254,23.009,59.411,11.423,36.402,-48.677,-23.99,7.712,59.411,-37.674,36.404,74.078,96.665,31.702,-27.333,69.058
Ciências Econômicas (Bacharelado),EP_R2_PPIQ,1,-17.699,-17.699,30.922,30.922,0.0,0.0,-17.699,-17.699,30.922,30.922,-17.699,30.922,48.621,48.621,48.621,,
Ciências Naturais (Licenciatura),AC,8,-78.584,-78.391,-15.361,13.11,0.193,28.471,-85.5,-52.216,-85.5,21.657,-73.836,-13.486,60.35,94.368,0.0,-15.495,-264.352
Ciências Naturais (Licenciatura),CN,1,-90.203,-90.203,-90.203,-90.203,0.0,0.0,-90.203,-90.203,-90.203,-90.203,-90.203,-90.203,0.0,0.0,0.0,,
Ciências Naturais (Licenciatura),EP_R1_PPI,2,-19.534,-49.692,-19.534,-49.692,-30.158,-30.158,-49.692,-19.534,-49.692,-19.534,-34.613,-34.613,0.0,0.0,0.0,-61.61,-61.61
Ciências Naturais (Licenciatura),EP_R2_PPI,3,-38.144,-37.156,-7.442,-37.156,0.988,-29.714,-38.144,-36.562,-37.156,-7.442,-37.287,-27.053,10.234,30.702,0.0,-2.143,-62.789
Ciências Sociais – Antropologia/ Sociologia (Bacharelado/Licenciatura),AC,5,-73.444,-15.532,63.097,69.84,57.912,6.743,-73.444,11.533,63.097,94.463,-16.418,74.396,90.814,136.541,70.082,-204.03,15.923
Ciências Sociais – Antropologia/ Sociologia (Bacharelado/Licenciatura),CN,5,-2.423,-34.923,22.985,-32.091,-32.5,-55.076,-40.831,0.428,-32.091,22.985,-17.392,5.378,22.77,49.279,2.832,-110.047,411.181
Ciências Sociais – Antropologia/ Sociologia (Bacharelado/Licenciatura),EP_R1_NPPI,4,-58.842,-65.302,12.31,-5.054,-6.46,-17.364,-65.302,-32.433,-16.98,12.31,-55.379,0.12,55.5,75.145,15.453,-28.137,11457.633
Ciências Sociais – Antropologia/ Sociologia (Bacharelado/Licenciatura),EP_R1_NPPIQ,1,-30.926,-30.926,-30.926,-30.926,0.0,0.0,-30.926,-30.926,-30.926,-30.926,-30.926,-30.926,0.0,0.0,0.0,,
Ciências Sociais – Antropologia/ Sociologia (Bacharelado/Licenciatura),EP_R1_PPI,4,-79.622,-61.197,13.422,-32.867,18.425,-46.289,-79.622,-35.497,-32.867,13.422,-55.535,-18.897,36.638,93.044,5.982,-34.606,-114.814
Ciências Sociais – Antropologia/ Sociologia (Bacharelado/Licenciatura),EP_R2_NPPI,4,-34.495,-37.615,6.009,33.041,-3.12,27.032,-51.116,-28.663,6.009,62.948,-37.972,33.266,71.238,91.611,40.504,-25.059,70.047
Ciências Sociais – Antropologia/ Sociologia (Bacharelado/Licenciatura),EP_R2_NPPIQ,1,-91.423,-91.423,-6.3,-6.3,0.0,0.0,-91.423,-91.423,-6.3,-6.3,-91.423,-6.3,85.123,85.123,85.123,,
Ciências Sociais – Antropologia/ Sociologia (Bacharelado/Licenciatura),EP_R2_NPPIQ_PCD,1,-32.205,-32.205,-32.205,-32.205,0.0,0.0,-32.205,-32.205,-32.205,-32.205,-32.205,-32.205,0.0,0.0,0.0,,
Ciências Sociais – Antropologia/ Sociologia (Bacharelado/Licenciatura),EP_R2_PPI,4,-62.078,-57.603,-12.864,10.11,4.475,22.974,-80.884,-57.603,-12.864,28.724,-67.767,6.148,73.915,99.226,49.214,-15.126,288.421
Ciências Sociais – Antropologia/ Sociologia (Bacharelado/Licenciatura),EP_R2_PPIQ,1,-70.919,-70.919,-49.487,-49.487,0.0,0.0,-70.919,-70.919,-49.487,-49.487,-70.919,-49.487,21.432,21.432,21.432,,
Computação (Licenciatura),AC,6,-96.333,-22.177,63.42,45.581,74.156,-17.839,-105.03,-2.433,-44.569,74.983,-45.556,40.884,86.44,159.753,55.03,-95.655,109.336
Computação (Licenciatura),CN,4,-3.314,-23.781,-3.314,-23.781,-20.467,-20.467,-63.586,35.66,-63.586,35.66,-13.755,-13.755,0.0,0.0,0.0,-300.76,-300.76
Computação (Licenciatura),EP_R1_NPPI,1,-65.745,-65.745,-51.109,-51.109,0.0,0.0,-65.745,-65.745,-51.109,-51.109,-65.745,-51.109,14.636,14.636,14.636,,
Computação (Licenciatura),EP_R1_PPI,4,36.577,-5.522,36.577,-5.522,-42.099,-42.099,-81.096,36.577,-81.096,36.577,-24.848,-20.584,4.264,17.056,0.0,-206.663,-239.538
Computação (Licenciatura),EP_R2_NPPI,4,-28.675,-50.802,14.464,-11.64,-22.127,-26.104,-57.125,-20.342,-53.651,14.464,-39.236,-14.758,24.478,43.139,3.474,-44.688,-192.417
Computação (Licenciatura),EP_R2_NPPIQ,1,-44.036,-44.036,-4.601,-4.601,0.0,0.0,-44.036,-44.036,-4.601,-4.601,-44.036,-4.601,39.435,39.435,39.435,,
Computação (Licenciatura),EP_R2_NPPI_PCD,1,18.874,18.874,18.874,18.874,0.0,0.0,18.874,18.874,18.874,18.874,18.874,18.874,0.0,0.0,0.0,,
Computação (Licenciatura),EP_R2_PPI,2,-51.231,-85.346,-44.126,-10.124,-34.115,34.002,-85.346,-51.231,-44.126,-10.124,-68.288,-27.125,41.164,75.222,7.105,-35.325,-88.638
Comunicação Organizacional (Bacharelado),AC,6,-60.884,8.45,61.325,66.357,69.334,5.032,-98.302,8.45,-18.384,66.357,-36.423,45.332,81.755,122.209,57.907,-103.248,71.196
Comunicação Organizacional (Bacharelado),CN,5,-41.513,-4.348,4.914,-4.348,37.165,-9.262,-78.071,23.426,-78.071,23.426,-21.931,-12.646,9.285,46.427,0.0,-177.55,-305.527
Comunicação Organizacional (Bacharelado),EP_R2_NPPI,4,-24.715,-56.789,-24.715,-56.789,-32.074,-32.074,-56.789,-24.715,-56.789,-24.715,-41.926,-40.841,1.085,4.34,0.0,-33.678,-33.085
Comunicação Organizacional (Bacharelado),EP_R2_NPPIQ,1,-83.245,-83.245,15.877,15.877,0.0,0.0,-83.245,-83.245,15.877,15.877,-83.245,15.877,99.122,99.122,99.122,,
Comunicação Organizacional (Bacharelado),EP_R2_PPI,2,-76.574,-46.61,-23.424,-14.593,29.964,8.831,-76.574,-46.61,-23.424,-14.593,-61.592,-19.008,42.584,53.15,32.017,-34.4,-32.851
Comunicação Organizacional (Bacharelado),EP_R2_PPIQ,1,-49.545,-49.545,-18.438,-18.438,0.0,0.0,-49.545,-49.545,-18.438,-18.438,-49.545,-18.438,31.107,31.107,31.107,,
Comunicação Social - Publicidade e Propaganda (Bacharelado),AC,6,42.875,56.963,95.093,86.414,14.088,-8.679,40.414,77.921,48.42,120.186,58.324,85.924,31.52,57.702,8.006,25.232,30.27
Comunicação Social - Publicidade e Propaganda (Bacharelado),CN,6,39.163,44.425,52.808,44.425,5.262,-8.383,-45.956,66.561,-45.956,66.561,33.941,36.215,2.274,13.645,0.0,121.428,115.78
Comunicação Social - Publicidade e Propaganda (Bacharelado),EP_R1_NPPI,4,-49.871,28.907,2.367,28.907,78.778,26.54,-49.871,28.907,-26.988,28.907,-10.932,2.127,13.06,52.238,0.0,-316.467,1075.163
Comunicação Social - Publicidade e Propaganda (Bacharelado),EP_R1_NPPIQ,1,-29.329,-29.329,-29.329,-29.329,0.0,0.0,-29.329,-29.329,-29.329,-29.329,-29.329,-29.329,0.0,0.0,0.0,,
Comunicação Social - Publicidade e Propaganda (Bacharelado),EP_R1_PPI,4,-43.64,-11.438,29.027,-1.404,32.202,-30.431,-43.64,1.108,-1.404,29.027,-16.369,13.048,29.417,72.667,10.034,-116.829,124.231
Comunicação Social - Publicidade e Propaganda (Bacharelado),EP_R2_NPPI,5,-27.135,-39.668,-14.554,-12.554,-12.533,2.0,-39.668,73.446,-14.554,73.446,16.704,26.389,9.685,27.114,0.0,295.597,149.186
Comunicação Social - Publicidade e Propaganda (Bacharelado),EP_R2_NPPIQ,1,50.59,50.59,50.59,50.59,0.0,0.0,50.59,50.59,50.59,50.59,50.59,50.59,0.0,0.0,0.0,,
Comunicação Social - Publicidade e Propaganda (Bacharelado),EP_R2_PPI,4,-26.233,-74.578,8.751,-74.578,-48.345,-83.329,-74.578,14.955,-74.578,56.294,-20.72,8.109,28.829,41.339,0.0,-192.351,722.813
Comunicação Social - Publicidade e Propaganda (Bacharelado),EP_R2_PPIQ,1,-41.458,-41.458,-16.426,-16.426,0.0,0.0,-41.458,-41.458,-16.426,-16.426,-41.458,-16.426,25.032,25.032,25.032,,
Comunicação Social – Audiovisual (Bacharelado),AC,6,47.993,69.433,110.494,134.182,21.44,23.688,39.969,86.509,57.784,175.444,62.082,116.203,54.596,88.935,17.815,26.448,37.138
Comunicação Social – Audiovisual (Bacharelado),CN,6,-49.161,-55.674,-49.161,-55.674,-6.513,-6.513,-55.674,48.632,-55.674,48.632,-8.319,-8.319,0.0,0.0,0.0,-465.019,-465.019
Comunicação Social – Audiovisual (Bacharelado),EP_R1_NPPI,2,7.659,-34.127,7.659,-10.753,-41.786,-18.412,-34.127,7.659,-10.753,7.659,-13.234,-1.547,11.687,23.374,0.0,-223.267,-841.58
Comunicação Social – Audiovisual (Bacharelado),EP_R1_PPI,3,-40.091,-17.004,9.785,-14.344,23.087,-24.129,-40.091,-17.004,-36.365,9.785,-31.153,-13.641,17.512,49.876,0.0,-39.785,-169.214
Comunicação Social – Audiovisual (Bacharelado),EP_R2_NPPI,5,-30.985,-42.029,9.153,-0.538,-11.044,-9.691,-42.029,5.234,-0.538,74.452,-18.187,26.977,45.164,90.037,2.205,-102.878,117.415
Comunicação Social – Audiovisual (Bacharelado),EP_R2_NPPIQ,1,41.977,41.977,41.977,41.977,0.0,0.0,41.977,41.977,41.977,41.977,41.977,41.977,0.0,0.0,0.0,,
Comunicação Social – Audiovisual (Bacharelado),EP_R2_PPI,3,-27.235,-63.885,13.364,-63.885,-36.65,-77.249,-63.885,-27.235,-63.885,33.343,-39.839,-5.726,34.113,61.739,0.0,-52.293,-896.756
Comunicação Social – Audiovisual (Bacharelado),EP_R2_PPIQ,1,-32.295,-32.295,26.778,26.778,0.0,0.0,-32.295,-32.295,26.778,26.778,-32.295,26.778,59.073,59.073,59.073,,
Comunicação Social – Audiovisual (Bacharelado),EP_R2_PPI_PCD,1,-6.39,-6.39,-6.39,-6.39,0.0,0.0,-6.39,-6.39,-6.39,-6.39,-6.39,-6.39,0.0,0.0,0.0,,
Design – Programação Visual/Projeto do Produto (Bacharelado),AC,6,79.753,87.407,125.943,110.73,7.654,-15.213,54.836,87.407,69.182,125.943,75.548,103.319,27.771,46.19,14.346,14.866,18.361
Design – Programação Visual/Projeto do Produto (Bacharelado),CN,6,6.632,3.136,32.212,3.136,-3.496,-29.076,-82.226,61.424,-82.226,61.424,8.046,12.309,4.263,25.58,0.0,609.43,406.111
Design – Programação Visual/Projeto do Produto (Bacharelado),EP_R1_NPPI,5,-13.605,-63.935,-0.286,-63.935,-50.33,-63.649,-63.935,38.427,-63.935,38.427,-17.612,-14.948,2.664,13.319,0.0,-225.141,-270.456
Design – Programação Visual/Projeto do Produto (Bacharelado),EP_R1_NPPIQ,1,-55.242,-55.242,-7.149,-7.149,0.0,0.0,-55.242,-55.242,-7.149,-7.149,-55.242,-7.149,48.093,48.093,48.093,,
Design – Programação Visual/Projeto do Produto (Bacharelado),EP_R1_PPI,4,-36.333,-10.378,-11.018,1.203,25.955,12.221,-36.333,-10.378,-12.16,1.203,-25.661,-8.35,17.311,25.315,11.581,-43.831,-76.482
Design – Programação Visual/Projeto do Produto (Bacharelado),EP_R2_NPPI,1,26.07,26.07,26.07,26.07,0.0,0.0,26.07,26.07,26.07,26.07,26.07,26.07,0.0,0.0,0.0,,
Design – Programação Visual/Projeto do Produto (Bacharelado),EP_R2_PPI,5,-22.489,-61.294,9.31,-29.644,-38.805,-38.954,-61.294,47.464,-29.644,47.464,-16.512,3.87,20.383,31.799,0.0,-242.815,819.293
Design – Programação Visual/Projeto do Produto (Bacharelado),EP_R2_PPIQ,1,-44.318,-44.318,-44.259,-44.259,0.0,0.0,-44.318,-44.318,-44.259,-44.259,-44.318,-44.259,0.059,0.059,0.059,,
Direito (Bacharelado),AC,11,101.827,104.746,146.068,126.174,2.919,-19.894,56.835,137.491,82.163,176.907,100.031,137.928,35.596,67.767,6.135,24.398,21.546
Direito (Bacharelado),CN,12,67.814,80.945,109.896,89.34,13.131,-20.556,30.06,101.124,30.572,130.856,63.987,91.394,27.408,57.199,0.512,32.227,26.325
Direito (Bacharelado),EP_R1_NPPI,10,35.037,-23.726,69.129,-20.32,-58.763,-89.449,-30.887,44.672,-20.32,96.173,14.62,41.622,27.002,69.508,3.406,171.21,83.083
Direito (Bacharelado),EP_R1_NPPIQ,2,14.584,-26.945,66.246,36.277,-41.529,-29.969,-26.945,14.584,36.277,66.246,-6.18,51.262,57.442,63.222,51.662,-475.13,41.34
Direito (Bacharelado),EP_R1_NPPI_PCD,1,-22.954,-22.954,-22.954,-22.954,0.0,0.0,-22.954,-22.954,-22.954,-22.954,-22.954,-22.954,0.0,0.0,0.0,,
Direito (Bacharelado),EP_R1_PPI,9,-16.819,-25.544,65.641,-13.238,-8.725,-78.879,-26.837,19.392,-13.238,69.167,-6.889,35.268,42.158,82.46,6.489,-225.875,88.17
Direito (Bacharelado),EP_R1_PPIQ,2,-87.773,-40.663,5.701,-26.586,47.11,-32.287,-87.773,-40.663,-26.586,5.701,-64.218,-10.442,53.775,93.474,14.077,-51.873,-218.629
Direito (Bacharelado),EP_R1_PPI_PCD,1,-15.077,-15.077,-15.077,-15.077,0.0,0.0,-15.077,-15.077,-15.077,-15.077,-15.077,-15.077,0.0,0.0,0.0,,
Direito (Bacharelado),EP_R2_NPPI,9,26.201,34.633,124.283,65.065,8.432,-59.218,20.26,100.598,61.664,133.701,61.412,93.442,32.029,98.082,6.549,48.87,28.159
Direito (Bacharelado),EP_R2_NPPIQ,2,123.845,92.181,123.845,92.842,-31.664,-31.003,92.181,123.845,92.842,123.845,108.013,108.344,0.331,0.661,0.0,20.729,20.234
Direito (Bacharelado),EP_R2_NPPIQ_PCD,1,27.527,27.527,27.527,27.527,0.0,0.0,27.527,27.527,27.527,27.527,27.527,27.527,0.0,0.0,0.0,,
Direito (Bacharelado),EP_R2_PPI,10,16.331,-54.298,49.195,-22.6,-70.629,-71.795,-54.298,48.707,-22.6,114.506,15.413,51.9,36.487,82.774,4.024,207.46,73.143
Direito (Bacharelado),EP_R2_PPIQ,2,61.18,31.885,81.56,58.328,-29.295,-23.232,31.885,61.18,58.328,81.56,46.532,69.944,23.412,26.443,20.38,44.517,23.487
Educação Física (Bacharelado),AC,4,-33.049,15.802,44.232,78.06,48.851,33.828,-33.049,15.802,44.232,78.06,0.64,55.282,54.642,77.281,36.73,3541.599,28.55
Educação Física (Bacharelado),CN,4,-14.695,32.152,27.052,32.152,46.847,5.1,-14.695,32.152,-7.405,32.152,6.536,16.973,10.437,41.747,0.0,329.631,103.57
Educação Física (Bacharelado),EP_R1_NPPI,4,-22.536,-32.422,-22.536,31.837,-9.886,54.373,-54.427,-22.536,-33.945,31.837,-34.362,-3.233,31.129,64.259,0.0,-40.671,-939.884
Educação Física (Bacharelado),EP_R1_PPI,4,-25.052,-62.949,-25.052,11.211,-37.897,36.263,-62.949,-25.052,-26.608,11.211,-43.158,-14.608,28.55,74.16,0.0,-42.306,-120.602
Educação Física (Bacharelado),EP_R2_NPPI,4,-84.571,9.385,3.39,12.097,93.956,8.707,-84.571,9.385,3.39,44.154,-24.54,18.05,42.591,87.961,2.712,-178.603,99.203
Educação Física (Bacharelado),EP_R2_PPI,4,-94.317,-24.98,2.411,-3.544,69.337,-5.955,-94.317,-24.98,-3.544,24.338,-49.06,4.993,54.053,96.728,21.436,-62.939,264.03
Educação Física (Licenciatura),AC,4,-64.096,-13.216,10.409,39.102,50.88,28.693,-64.096,-10.111,10.409,46.723,-27.17,29.305,56.475,74.505,31.096,-92.24,56.611
Educação Física (Licenciatura),CN,4,-20.627,20.087,-2.822,20.087,40.714,22.909,-20.627,20.087,-18.38,20.087,-5.435,-0.984,4.451,17.805,0.0,-345.296,-1610.85
Educação Física (Licenciatura),EP_R1_NPPI,4,-43.227,-50.604,-20.021,-24.864,-7.377,-4.843,-92.355,-43.227,-73.207,-18.279,-60.013,-34.093,25.921,35.589,19.148,-36.684,-76.921
Educação Física (Licenciatura),EP_R1_PPI,4,-101.251,-52.013,-27.83,-31.87,49.238,-4.04,-101.251,-52.013,-31.87,-24.238,-70.712,-28.007,42.706,73.421,20.143,-31.716,-11.133
Educação Física (Licenciatura),EP_R2_NPPI,4,-70.759,-16.337,-0.024,-15.772,54.422,-15.748,-70.759,-14.459,-19.463,13.1,-30.861,-5.54,25.321,70.735,0.565,-86.793,-271.055
Educação Física (Licenciatura),EP_R2_PPI,4,-91.266,-72.467,22.938,-34.575,18.799,-57.513,-91.266,-21.729,-42.643,22.938,-63.982,-15.068,48.914,114.204,15.739,-46.397,-197.912
Educação Física Ciclo Básico (Bacharelado/Licenciatura),AC,2,-27.052,1.609,-13.512,38.076,28.661,51.588,-27.052,1.609,-13.512,38.076,-12.721,12.282,25.004,36.467,13.54,-159.308,297.006
Educação Física Ciclo Básico (Bacharelado/Licenciatura),CN,2,-34.592,-19.322,-33.682,0.653,15.27,34.335,-34.592,-19.322,-33.682,0.653,-26.957,-16.514,10.442,19.975,0.91,-40.055,-147.013
Educação Física Ciclo Básico (Bacharelado/Licenciatura),EP_R1_NPPIQ,1,-69.589,-69.589,-46.355,-46.355,0.0,0.0,-69.589,-69.589,-46.355,-46.355,-69.589,-46.355,23.234,23.234,23.234,,
Educação Física Ciclo Básico (Bacharelado/Licenciatura),EP_R2_NPPI,1,-72.598,-72.598,-29.223,-29.223,0.0,0.0,-72.598,-72.598,-29.223,-29.223,-72.598,-29.223,43.375,43.375,43.375,,
Educação Física Ciclo Básico (Bacharelado/Licenciatura),EP_R2_NPPIQ,1,-16.974,-16.974,0.769,0.769,0.0,0.0,-16.974,-16.974,0.769,0.769,-16.974,0.769,17.743,17.743,17.743,,
Educação Física Ciclo Básico (Bacharelado/Licenciatura),EP_R2_PPIQ,1,-86.267,-86.267,-8.852,-8.852,0.0,0.0,-86.267,-86.267,-8.852,-8.852,-86.267,-8.852,77.415,77.415,77.415,,
Enfermagem (Bacharelado),AC,12,9.2,53.833,70.871,90.752,44.633,19.881,2.383,59.656,9.145,128.899,31.686,73.319,43.657,86.437,6.762,62.16,43.108
Enfermagem (Bacharelado),CN,12,6.016,39.99,17.233,39.99,33.974,22.757,-45.031,49.514,-45.031,61.195,17.978,21.42,3.442,30.084,0.0,138.243,127.506
Enfermagem (Bacharelado),EP_R1_NPPI,10,-16.36,-9.897,12.216,1.734,6.463,-10.482,-49.851,26.39,-32.128,52.752,-4.966,15.399,20.365,47.978,3.013,-447.409,141.481
Enfermagem (Bacharelado),EP_R1_NPPIQ,2,-46.839,-31.522,3.143,17.682,15.317,14.539,-46.839,-31.522,3.143,17.682,-39.18,10.412,49.593,49.982,49.204,-27.643,98.733
Enfermagem (Bacharelado),EP_R1_PPI,8,-50.128,-7.654,18.233,20.717,42.474,2.484,-58.894,17.032,-13.949,48.519,-20.832,23.981,44.813,83.482,21.721,-137.015,75.475
Enfermagem (Bacharelado),EP_R2_NPPI,10,12.11,6.012,43.716,18.469,-6.098,-25.247,-16.271,64.649,-1.68,75.478,16.483,34.622,18.138,35.826,0.765,169.15,72.672
Enfermagem (Bacharelado),EP_R2_NPPIQ,2,8.744,28.885,18.405,42.362,20.141,23.957,8.744,28.885,18.405,42.362,18.815,30.384,11.569,13.477,9.661,75.696,55.754
Enfermagem (Bacharelado),EP_R2_NPPIQ_PCD,1,-43.64,-43.64,-43.64,-43.64,0.0,0.0,-43.64,-43.64,-43.64,-43.64,-43.64,-43.64,0.0,0.0,0.0,,
Enfermagem (Bacharelado),EP_R2_PPI,10,-20.508,-52.781,11.174,-29.624,-32.273,-40.798,-77.474,19.771,-42.493,42.63,-23.912,5.716,29.629,62.236,10.177,-135.578,562.003
Enfermagem (Bacharelado),EP_R2_PPIQ,2,-46.024,-32.977,-16.22,21.488,13.047,37.708,-46.024,-32.977,-16.22,21.488,-39.5,2.634,42.134,54.465,29.804,-23.356,1012.285
Engenharia Ambiental (Bacharelado),AC,5,-48.911,-53.928,18.608,39.353,-5.017,20.745,-53.928,26.947,18.608,139.431,-13.066,71.733,84.8,147.265,48.72,-285.665,66.045
Engenharia Ambiental (Bacharelado),CN,4,72.619,-51.192,72.619,-51.192,-123.811,-123.811,-51.192,72.619,-51.192,72.619,24.706,24.706,0.0,0.0,0.0,238.903,238.903
Engenharia Ambiental (Bacharelado),EP_R1_NPPI,3,-15.863,-53.536,-15.863,-53.536,-37.673,-37.673,-53.536,65.209,-53.536,65.209,-1.397,-1.397,0.0,0.0,0.0,-4344.623,-4344.623
Engenharia Ambiental (Bacharelado),EP_R1_PPI,1,-72.216,-72.216,-72.216,-72.216,0.0,0.0,-72.216,-72.216,-72.216,-72.216,-72.216,-72.216,0.0,0.0,0.0,,
Engenharia Ambiental (Bacharelado),EP_R2_NPPI,3,-14.794,-58.071,1.282,12.011,-43.277,10.729,-58.071,-14.794,-2.954,12.011,-42.634,3.446,46.081,70.082,16.076,-56.663,223.823
Engenharia Ambiental (Bacharelado),EP_R2_NPPIQ,1,-44.993,-44.993,-34.671,-34.671,0.0,0.0,-44.993,-44.993,-34.671,-34.671,-44.993,-34.671,10.322,10.322,10.322,,
Engenharia Ambiental (Bacharelado),EP_R2_PPI,4,-45.951,110.263,-23.355,110.263,156.214,133.618,-56.495,110.263,-23.355,110.263,-10.393,48.584,58.977,125.105,0.0,-775.109,115.679
Engenharia Civil (Bacharelado),AC,6,-10.667,71.072,147.15,110.0,81.739,-37.15,-14.958,96.375,63.663,147.15,40.516,113.618,84.274,157.817,29.159,112.978,27.327
Engenharia Civil (Bacharelado),CN,6,66.75,26.849,101.479,26.849,-39.901,-74.63,-48.61,66.75,-48.61,101.479,19.213,25.001,5.788,34.729,0.0,199.438,193.057
Engenharia Civil (Bacharelado),EP_R1_NPPI,3,-10.46,-19.162,-10.46,28.158,-8.702,38.618,-19.162,-10.46,-10.46,28.158,-14.798,13.766,28.565,47.32,0.0,-29.402,153.301
Engenharia Civil (Bacharelado),EP_R1_NPPIQ,1,-46.606,-46.606,-6.776,-6.776,0.0,0.0,-46.606,-46.606,-6.776,-6.776,-46.606,-6.776,39.83,39.83,39.83,,
Engenharia Civil (Bacharelado),EP_R1_PPI,4,5.858,-33.289,5.858,-33.289,-39.147,-39.147,-39.011,5.858,-33.289,18.511,-23.772,-7.672,16.101,47.159,0.0,-84.986,-312.437
Engenharia Civil (Bacharelado),EP_R2_NPPI,4,-68.924,-29.887,39.037,76.766,39.037,37.729,-68.924,-6.562,39.037,82.763,-30.5,63.041,93.541,107.961,60.158,-89.636,32.286
Engenharia Civil (Bacharelado),EP_R2_NPPIQ,1,19.123,19.123,44.103,44.103,0.0,0.0,19.123,19.123,44.103,44.103,19.123,44.103,24.98,24.98,24.98,,
Engenharia Civil (Bacharelado),EP_R2_PPI,3,-27.977,-43.065,1.668,-7.167,-15.088,-8.835,-43.065,-16.736,-7.167,85.341,-29.259,26.614,55.873,102.077,29.645,-45.152,191.818
Engenharia Civil (Bacharelado),EP_R2_PPIQ,1,-20.258,-20.258,41.376,41.376,0.0,0.0,-20.258,-20.258,41.376,41.376,-20.258,41.376,61.634,61.634,61.634,,
Engenharia Elétrica (Bacharelado),AC,5,-54.46,97.075,165.36,144.38,151.535,-20.98,-54.46,125.478,-11.328,165.36,31.445,123.592,92.147,219.82,30.822,264.102,61.384
Engenharia Elétrica (Bacharelado),CN,4,-12.144,19.288,-12.144,19.288,31.432,31.432,-12.144,85.127,-12.144,85.127,42.557,42.557,0.0,0.0,0.0,110.207,110.207
Engenharia Elétrica (Bacharelado),EP_R1_NPPI,2,-26.903,-22.252,-26.903,6.079,4.651,32.982,-26.903,-22.252,-26.903,6.079,-24.578,-10.412,14.166,28.331,0.0,-13.381,-223.99
Engenharia Elétrica (Bacharelado),EP_R1_PPI,4,-62.725,21.442,10.242,51.5,84.167,41.258,-62.725,21.442,-12.839,51.5,-13.514,12.242,25.756,72.967,0.0,-264.351,227.272
Engenharia Elétrica (Bacharelado),EP_R2_NPPI,4,-45.468,25.261,145.719,75.92,70.729,-69.799,-45.468,25.261,66.75,145.719,-15.286,105.9,121.186,191.187,50.659,-192.916,38.07
Engenharia Elétrica (Bacharelado),EP_R2_NPPIQ,1,-6.585,-6.585,58.012,58.012,0.0,0.0,-6.585,-6.585,58.012,58.012,-6.585,58.012,64.597,64.597,64.597,,
Engenharia Elétrica (Bacharelado),EP_R2_PPI,4,-25.08,51.632,33.134,72.957,76.712,39.823,-38.064,51.632,19.809,72.957,-5.188,39.95,45.138,58.214,21.325,-764.712,57.412
Engenharia Elétrica (Bacharelado),EP_R2_PPIQ,1,-23.359,-23.359,-23.359,-23.359,0.0,0.0,-23.359,-23.359,-23.359,-23.359,-23.359,-23.359,0.0,0.0,0.0,,
Engenharia Florestal (Bacharelado),AC,5,-65.083,-69.015,17.752,65.667,-3.932,47.915,-71.066,-50.298,17.752,65.667,-61.697,42.234,103.93,134.682,82.835,-15.334,44.79
Engenharia Florestal (Bacharelado),CN,5,-27.121,-59.51,8.294,-59.51,-32.389,-67.804,-59.51,-21.139,-59.51,8.294,-34.463,-27.38,7.083,35.415,0.0,-42.755,-89.311
Engenharia Florestal (Bacharelado),EP_R1_NPPI,2,-2.213,-15.457,-2.213,9.613,-13.244,11.826,-15.457,-2.213,-2.213,9.613,-8.835,3.7,12.535,25.07,0.0,-105.998,226.007
Engenharia Florestal (Bacharelado),EP_R1_PPI,2,-72.218,-21.467,20.162,-21.467,50.751,-41.629,-72.218,-21.467,-21.467,20.162,-46.842,-0.652,46.19,92.38,0.0,-76.611,-4511.287
Engenharia Florestal (Bacharelado),EP_R2_NPPI,3,-29.541,-13.984,-29.541,-13.984,15.557,15.557,-52.846,-13.984,-50.215,-13.984,-32.124,-31.247,0.877,2.631,0.0,-60.888,-58.168
Engenharia Florestal (Bacharelado),EP_R2_NPPIQ,1,-27.754,-27.754,-27.754,-27.754,0.0,0.0,-27.754,-27.754,-27.754,-27.754,-27.754,-27.754,0.0,0.0,0.0,,
Engenharia Florestal (Bacharelado),EP_R2_PPI,3,-42.766,-50.84,-42.766,-13.077,-8.074,29.689,-50.84,-5.848,-42.766,-5.848,-33.151,-20.564,12.588,37.763,0.0,-72.358,-95.141
Engenharia Mecatrônica (Bacharelado),AC,5,-40.37,84.017,134.759,170.136,124.387,35.377,-40.37,116.231,37.891,170.136,47.911,132.379,84.468,175.129,29.351,131.404,41.13
Engenharia Mecatrônica (Bacharelado),CN,5,-19.965,25.527,1.525,25.527,45.492,24.002,-19.965,139.153,1.525,139.153,56.383,60.681,4.298,21.49,0.0,106.471,88.374
Engenharia Mecatrônica (Bacharelado),EP_R1_NPPI,3,-32.767,-42.409,-32.767,-41.277,-9.642,-8.51,-42.409,-29.193,-41.277,1.117,-34.79,-24.309,10.481,30.31,0.0,-19.65,-92.258
Engenharia Mecatrônica (Bacharelado),EP_R1_NPPIQ,1,-4.756,-4.756,8.105,8.105,0.0,0.0,-4.756,-4.756,8.105,8.105,-4.756,8.105,12.861,12.861,12.861,,
Engenharia Mecatrônica (Bacharelado),EP_R1_PPI,3,-37.722,-24.504,54.405,59.809,13.218,5.404,-37.722,-24.504,46.608,59.809,-29.963,53.607,83.57,92.127,74.27,-23.038,12.38
Engenharia Mecatrônica (Bacharelado),EP_R2_NPPI,5,19.302,-65.329,65.536,-19.947,-84.631,-85.483,-65.329,49.02,-19.947,79.438,-15.903,48.061,63.964,112.362,30.418,-301.302,83.847
Engenharia Mecatrônica (Bacharelado),EP_R2_NPPIQ,1,-19.193,-19.193,79.642,79.642,0.0,0.0,-19.193,-19.193,79.642,79.642,-19.193,79.642,98.835,98.835,98.835,,
Engenharia Mecatrônica (Bacharelado),EP_R2_PPI,3,-46.573,1.944,42.867,1.944,48.517,-40.923,-46.573,1.944,-20.043,42.867,-27.903,8.256,36.159,89.44,0.0,-93.604,386.706
Engenharia Mecatrônica (Bacharelado),EP_R2_PPIQ,1,-53.086,-53.086,-27.897,-27.897,0.0,0.0,-53.086,-53.086,-27.897,-27.897,-53.086,-27.897,25.189,25.189,25.189,,
Engenharia Mecânica (Bacharelado),AC,6,-102.234,83.117,142.555,151.18,185.351,8.625,-102.234,88.12,27.385,154.863,28.009,122.53,104.949,244.789,48.546,284.823,43.797
Engenharia Mecânica (Bacharelado),CN,6,27.299,68.151,30.337,68.151,40.852,37.814,-47.32,68.151,-47.32,68.151,25.285,25.791,0.506,3.038,0.0,166.484,163.399
Engenharia Mecânica (Bacharelado),EP_R1_NPPI,2,-40.249,-32.365,33.782,-32.365,7.884,-66.147,-40.249,-32.365,-32.365,33.782,-36.307,0.708,37.016,74.031,0.0,-15.355,6601.693
Engenharia Mecânica (Bacharelado),EP_R1_NPPIQ,1,-69.376,-69.376,-69.376,-69.376,0.0,0.0,-69.376,-69.376,-69.376,-69.376,-69.376,-69.376,0.0,0.0,0.0,,
Engenharia Mecânica (Bacharelado),EP_R1_PPI,4,-33.726,22.756,5.966,22.756,56.482,16.79,-34.593,22.756,-30.996,22.756,-16.873,-1.54,15.333,39.692,0.0,-160.276,-1461.542
Engenharia Mecânica (Bacharelado),EP_R2_NPPI,4,-8.237,-22.76,129.024,39.682,-14.523,-89.342,-28.117,-8.237,20.947,129.024,-17.784,65.032,82.816,137.261,49.064,-51.933,72.727
Engenharia Mecânica (Bacharelado),EP_R2_NPPIQ,1,-1.775,-1.775,66.886,66.886,0.0,0.0,-1.775,-1.775,66.886,66.886,-1.775,66.886,68.661,68.661,68.661,,
Engenharia Mecânica (Bacharelado),EP_R2_PPI,3,-5.156,-68.903,32.83,42.09,-63.747,9.26,-84.626,-5.156,-77.546,42.09,-52.895,-0.875,52.02,110.993,7.08,-79.561,-7603.958
Engenharia Mecânica (Bacharelado),EP_R2_PPIQ,1,5.003,5.003,17.361,17.361,0.0,0.0,5.003,5.003,17.361,17.361,5.003,17.361,12.358,12.358,12.358,,
Engenharia Química (Bacharelado),AC,6,-50.087,51.716,134.041,135.786,101.803,1.745,-50.087,70.109,-7.947,136.761,26.86,101.419,83.209,184.128,23.789,197.837,61.388
Engenharia Química (Bacharelado),CN,3,11.144,5.744,11.144,5.744,-5.4,-5.4,5.744,56.973,5.744,56.973,24.62,24.62,0.0,0.0,0.0,114.328,114.328
Engenharia Química (Bacharelado),EP_R1_NPPI,3,-47.162,-55.77,-47.162,-55.77,-8.608,-8.608,-55.77,-43.682,-55.77,-43.682,-48.871,-48.871,0.0,0.0,0.0,-12.733,-12.733
Engenharia Química (Bacharelado),EP_R1_PPI,4,38.999,27.883,38.999,27.883,-11.116,-11.116,-35.915,38.999,5.342,46.146,9.035,29.592,20.558,41.257,0.0,366.457,60.245
Engenharia Química (Bacharelado),EP_R2_NPPI,4,-16.557,-42.449,132.95,125.822,-25.892,-7.128,-42.449,51.7,79.292,132.95,1.547,112.688,115.123,168.271,27.592,2618.575,25.859
Engenharia Química (Bacharelado),EP_R2_NPPIQ,1,-59.302,-59.302,49.093,49.093,0.0,0.0,-59.302,-59.302,49.093,49.093,-59.302,49.093,108.395,108.395,108.395,,
Engenharia Química (Bacharelado),EP_R2_PPI,3,-14.085,30.811,-14.085,59.008,44.896,73.093,-40.025,30.811,-40.025,59.008,-7.766,1.633,9.399,28.197,0.0,-461.456,3145.367
Engenharia Química (Bacharelado),EP_R2_PPIQ,1,-17.786,-17.786,2.511,2.511,0.0,0.0,-17.786,-17.786,2.511,2.511,-17.786,2.511,20.297,20.297,20.297,,
Engenharia de Computação (Bacharelado),AC,5,76.169,120.918,143.359,167.223,44.749,23.864,76.169,120.918,115.572,167.223,108.165,148.586,40.421,67.19,12.6,17.974,13.728
Engenharia de Computação (Bacharelado),CN,6,21.015,70.718,92.852,70.718,49.703,-22.134,21.015,84.173,44.324,92.852,52.603,64.576,11.973,71.837,0.0,41.999,32.502
Engenharia de Computação (Bacharelado),EP_R1_NPPI,4,17.976,-26.48,19.536,-5.042,-44.456,-24.578,-52.218,29.216,-10.159,40.403,-7.877,11.184,19.061,42.059,1.56,-483.808,209.195
Engenharia de Computação (Bacharelado),EP_R1_NPPIQ,1,-33.752,-33.752,-33.752,-33.752,0.0,0.0,-33.752,-33.752,-33.752,-33.752,-33.752,-33.752,0.0,0.0,0.0,,
Engenharia de Computação (Bacharelado),EP_R1_PPI,4,-44.598,16.988,18.4,70.613,61.586,52.213,-44.598,39.279,18.4,96.047,2.806,55.134,52.328,62.998,35.923,1266.773,63.259
Engenharia de Computação (Bacharelado),EP_R2_NPPI,4,-63.631,13.301,29.797,34.706,76.932,4.909,-63.631,132.082,29.797,154.756,38.573,90.448,51.874,93.428,10.449,216.808,74.534
Engenharia de Computação (Bacharelado),EP_R2_NPPIQ,1,82.189,82.189,83.309,83.309,0.0,0.0,82.189,82.189,83.309,83.309,82.189,83.309,1.12,1.12,1.12,,
Engenharia de Computação (Bacharelado),EP_R2_NPPIQ_PCD,1,25.163,25.163,25.163,25.163,0.0,0.0,25.163,25.163,25.163,25.163,25.163,25.163,0.0,0.0,0.0,,
Engenharia de Computação (Bacharelado),EP_R2_PPI,5,-31.837,-62.409,53.774,-51.296,-30.572,-105.07,-62.409,13.355,-51.296,53.774,-12.02,22.485,40.848,85.611,11.113,-281.79,220.105
Engenharia de Computação (Bacharelado),EP_R2_PPIQ,1,-67.012,-67.012,55.801,55.801,0.0,0.0,-67.012,-67.012,55.801,55.801,-67.012,55.801,122.813,122.813,122.813,,
Engenharia de Produção (Bacharelado),AC,6,-45.285,49.032,97.751,130.073,94.317,32.322,-75.158,49.032,14.375,159.558,-9.411,101.171,120.901,179.254,80.528,-623.961,53.681
Engenharia de Produção (Bacharelado),CN,6,13.105,-31.733,18.914,-31.733,-44.838,-50.647,-71.003,27.336,-71.003,27.336,-15.976,-15.007,0.968,5.809,0.0,-217.236,-238.174
Engenharia de Produção (Bacharelado),EP_R1_NPPI,1,-47.974,-47.974,-47.974,-47.974,0.0,0.0,-47.974,-47.974,-47.974,-47.974,-47.974,-47.974,0.0,0.0,0.0,,
Engenharia de Produção (Bacharelado),EP_R1_NPPIQ,1,-20.589,-20.589,-16.273,-16.273,0.0,0.0,-20.589,-20.589,-16.273,-16.273,-20.589,-16.273,4.316,4.316,4.316,,
Engenharia de Produção (Bacharelado),EP_R1_PPI,2,-5.047,11.401,-5.047,11.401,16.448,16.448,-5.047,11.401,-5.047,11.401,3.177,3.177,0.0,0.0,0.0,366.084,366.084
Engenharia de Produção (Bacharelado),EP_R2_NPPI,2,46.816,-30.751,71.428,-18.063,-77.567,-89.491,-30.751,46.816,-18.063,71.428,8.033,26.682,18.65,24.612,12.688,682.828,237.158
Engenharia de Produção (Bacharelado),EP_R2_NPPIQ,1,-30.464,-30.464,60.182,60.182,0.0,0.0,-30.464,-30.464,60.182,60.182,-30.464,60.182,90.646,90.646,90.646,,
Engenharia de Produção (Bacharelado),EP_R2_PPI,1,-86.266,-86.266,14.269,14.269,0.0,0.0,-86.266,-86.266,14.269,14.269,-86.266,14.269,100.535,100.535,100.535,,
Engenharia de Produção (Bacharelado),EP_R2_PPIQ,1,-5.763,-5.763,-5.763,-5.763,0.0,0.0,-5.763,-5.763,-5.763,-5.763,-5.763,-5.763,0.0,0.0,0.0,,
Engenharia de Redes de Comunicação (Bacharelado),AC,6,-31.904,34.703,55.127,63.406,66.607,8.279,-50.195,34.703,-2.835,84.551,-10.826,55.624,66.449,121.62,28.703,-312.787,54.615
Engenharia de Redes de Comunicação (Bacharelado),CN,5,-6.137,-20.38,-4.801,-20.38,-14.243,-15.579,-20.38,67.472,-20.38,67.472,24.95,25.218,0.267,1.336,0.0,155.349,152.655
Engenharia de Redes de Comunicação (Bacharelado),EP_R1_NPPI,2,-43.862,-66.487,-43.862,-9.02,-22.625,34.842,-66.487,-43.862,-43.862,-9.02,-55.174,-26.441,28.734,57.467,0.0,-28.996,-93.177
Engenharia de Redes de Comunicação (Bacharelado),EP_R1_NPPIQ,1,-55.125,-55.125,-55.125,-55.125,0.0,0.0,-55.125,-55.125,-55.125,-55.125,-55.125,-55.125,0.0,0.0,0.0,,
Engenharia de Redes de Comunicação (Bacharelado),EP_R1_PPI,2,-29.883,-22.553,-29.883,-22.553,7.33,7.33,-29.883,-22.553,-29.883,-22.553,-26.218,-26.218,0.0,0.0,0.0,-19.769,-19.769
Engenharia de Redes de Comunicação (Bacharelado),EP_R2_NPPI,4,-66.201,-25.064,-66.201,7.869,41.137,74.07,-67.492,-25.064,-66.201,7.869,-51.939,-32.184,19.756,46.09,0.0,-38.123,-100.851
Engenharia de Redes de Comunicação (Bacharelado),EP_R2_NPPIQ,1,-73.187,-73.187,2.297,2.297,0.0,0.0,-73.187,-73.187,2.297,2.297,-73.187,2.297,75.484,75.484,75.484,,
Engenharia de Redes de Comunicação (Bacharelado),EP_R2_PPI,3,-50.627,-14.191,3.941,13.092,36.436,9.151,-50.627,-14.191,3.941,24.509,-35.396,13.847,49.243,65.878,27.283,-53.504,74.417
Engenharia de Redes de Comunicação (Bacharelado),EP_R2_PPIQ,1,-54.018,-54.018,-24.926,-24.926,0.0,0.0,-54.018,-54.018,-24.926,-24.926,-54.018,-24.926,29.092,29.092,29.092,,
Engenharias (FGA),AC,6,-101.981,61.705,133.817,145.39,163.686,11.573,-101.981,70.386,50.424,178.331,25.899,130.405,109.365,235.798,26.107,249.191,36.609
Engenharias (FGA),CN,6,-57.125,17.209,76.031,55.531,74.334,-20.5,-57.125,33.37,15.846,129.802,2.295,69.661,67.365,133.156,23.149,1416.621,53.191
Engenharias (FGA),EP_R1_NPPI,4,-46.52,-36.993,4.292,53.835,9.527,49.543,-53.711,-35.606,4.292,53.835,-43.207,37.142,80.35,99.332,50.812,-19.716,59.974
Engenharias (FGA),EP_R1_NPPIQ,1,-52.564,-52.564,-11.45,-11.45,0.0,0.0,-52.564,-52.564,-11.45,-11.45,-52.564,-11.45,41.114,41.114,41.114,,
Engenharias (FGA),EP_R1_PPI,4,-56.987,-48.142,-0.878,32.607,8.845,33.485,-67.127,-48.142,-0.878,47.686,-56.554,24.148,80.702,101.645,56.109,-14.052,86.222
Engenharias (FGA),EP_R2_NPPI,5,-100.534,-90.269,41.234,-6.587,10.265,-47.821,-100.534,13.073,-6.587,93.718,-30.697,60.681,91.378,141.768,69.655,-192.792,71.408
Engenharias (FGA),EP_R2_NPPIQ,1,-8.202,-8.202,60.62,60.62,0.0,0.0,-8.202,-8.202,60.62,60.62,-8.202,60.62,68.822,68.822,68.822,,
Engenharias (FGA),EP_R2_NPPIQ_PCD,1,-2.52,-2.52,19.278,19.278,0.0,0.0,-2.52,-2.52,19.278,19.278,-2.52,19.278,21.798,21.798,21.798,,
Engenharias (FGA),EP_R2_PPI,4,-80.254,-44.055,1.161,107.386,36.199,106.225,-80.254,-44.055,1.161,107.386,-60.864,55.948,116.812,151.441,81.415,-25.188,79.84
Engenharias (FGA),EP_R2_PPIQ,1,-63.197,-63.197,17.991,17.991,0.0,0.0,-63.197,-63.197,17.991,17.991,-63.197,17.991,81.188,81.188,81.188,,
Estatística (Bacharelado),AC,6,-72.065,14.483,57.878,111.408,86.548,53.53,-86.083,34.508,-0.406,136.549,-11.436,85.62,106.244,129.943,85.677,-466.563,66.073
Estatística (Bacharelado),CN,4,-42.667,8.239,-5.916,8.239,50.906,14.155,-44.549,8.239,-44.549,8.239,-29.263,-20.075,9.188,36.751,0.0,-85.941,-126.186
Estatística (Bacharelado),EP_R1_NPPI,1,-32.737,-32.737,-32.737,-32.737,0.0,0.0,-32.737,-32.737,-32.737,-32.737,-32.737,-32.737,0.0,0.0,0.0,,
Estatística (Bacharelado),EP_R1_PPI,1,-20.062,-20.062,-12.041,-12.041,0.0,0.0,-20.062,-20.062,-12.041,-12.041,-20.062,-12.041,8.021,8.021,8.021,,
Estatística (Bacharelado),EP_R2_NPPI,4,-0.124,-34.548,-0.124,-13.142,-34.424,-13.018,-49.618,-0.124,-19.116,5.697,-25.852,-6.671,19.18,55.315,0.0,-81.989,-171.474
Estatística (Bacharelado),EP_R2_NPPIQ,1,-27.068,-27.068,22.541,22.541,0.0,0.0,-27.068,-27.068,22.541,22.541,-27.068,22.541,49.609,49.609,49.609,,
Estatística (Bacharelado),EP_R2_PPI,2,0.031,-39.185,0.031,-39.185,-39.216,-39.216,-39.185,0.031,-39.185,0.031,-19.577,-19.577,0.0,0.0,0.0,-141.645,-141.645
Estatística (Bacharelado),EP_R2_PPIQ,1,-34.447,-34.447,-34.447,-34.447,0.0,0.0,-34.447,-34.447,-34.447,-34.447,-34.447,-34.447,0.0,0.0,0.0,,
Farmácia (Bacharelado),AC,18,-85.275,18.047,81.955,45.641,103.322,-36.314,-85.275,76.858,-9.583,148.69,7.955,61.836,56.959,167.23,13.601,584.924,63.962
Farmácia (Bacharelado),CN,14,-26.27,15.902,-25.843,15.902,42.172,41.745,-53.795,51.589,-53.795,51.589,9.709,11.527,1.818,25.022,0.0,300.807,254.54
Farmácia (Bacharelado),EP_R1_NPPI,12,-60.347,-52.228,21.528,-42.092,8.119,-63.62,-60.347,15.342,-42.092,60.896,-25.893,7.386,33.279,107.926,0.0,-88.087,419.09
Farmácia (Bacharelado),EP_R1_NPPIQ,3,-33.173,-32.371,14.394,-7.88,0.802,-22.274,-45.41,-32.371,-7.88,14.394,-36.985,3.294,40.278,48.777,24.491,-19.758,338.139
Farmácia (Bacharelado),EP_R1_PPI,12,-39.519,-4.337,-39.519,-4.337,35.182,35.182,-93.87,2.818,-55.265,40.572,-29.189,-10.535,18.654,53.032,0.0,-94.52,-281.944
Farmácia (Bacharelado),EP_R2_NPPI,14,-76.441,-18.151,-2.832,16.198,58.29,19.03,-86.268,72.441,-84.214,86.786,-11.165,25.065,36.23,88.597,0.0,-416.236,181.94
Farmácia (Bacharelado),EP_R2_NPPIQ,3,14.796,-10.117,18.796,7.338,-24.913,-11.458,-10.117,50.704,7.338,50.704,18.461,25.613,7.152,17.455,0.0,165.623,87.739
Farmácia (Bacharelado),EP_R2_NPPIQ_PCD,1,0.119,0.119,0.119,0.119,0.0,0.0,0.119,0.119,0.119,0.119,0.119,0.119,0.0,0.0,0.0,,
Farmácia (Bacharelado),EP_R2_PPI,11,-83.874,-63.95,19.707,27.148,19.924,7.441,-83.874,-17.25,-15.667,63.724,-51.665,12.805,64.47,103.581,18.415,-43.736,177.426
Farmácia (Bacharelado),EP_R2_PPIQ,3,-83.68,-46.669,-4.707,-21.564,37.011,-16.857,-83.68,-19.971,-21.564,38.952,-50.107,4.227,54.334,78.973,25.105,-63.85,738.858
Filosofia (Bacharelado/Licenciatura),AC,5,-72.833,-100.426,65.201,-3.548,-27.593,-68.749,-100.426,-30.256,-3.548,92.933,-67.838,44.564,112.402,158.711,64.909,-36.91,81.674
Filosofia (Bacharelado/Licenciatura),CN,2,7.704,-23.598,29.933,-23.598,-31.302,-53.531,-23.598,7.704,-23.598,29.933,-7.947,3.168,11.114,22.229,0.0,-278.518,1195.016
Filosofia (Bacharelado/Licenciatura),EP_R1_NPPI,3,-16.795,-17.946,-16.795,-17.946,-1.151,-1.151,-68.136,-16.795,-68.136,-16.795,-34.292,-34.292,0.0,0.0,0.0,-85.486,-85.486
Filosofia (Bacharelado/Licenciatura),EP_R1_PPI,2,-55.356,-37.555,-55.356,-37.555,17.801,17.801,-55.356,-37.555,-55.356,-37.555,-46.456,-46.456,0.0,0.0,0.0,-27.095,-27.095
Filosofia (Bacharelado/Licenciatura),EP_R2_NPPI,3,45.216,-68.186,45.216,-15.966,-113.402,-61.182,-68.186,45.216,-15.966,45.216,-19.943,19.641,39.584,66.533,0.0,-293.647,161.91
Filosofia (Bacharelado/Licenciatura),EP_R2_PPI,3,-8.586,-24.861,-8.586,-18.079,-16.275,-9.493,-86.322,-8.586,-18.079,1.642,-39.923,-8.341,31.582,87.964,0.0,-102.694,-118.245
Filosofia (Bacharelado/Licenciatura),EP_R2_PPI_PCD,1,-48.451,-48.451,-48.451,-48.451,0.0,0.0,-48.451,-48.451,-48.451,-48.451,-48.451,-48.451,0.0,0.0,0.0,,
Filosofia (Licenciatura),AC,4,-52.983,-52.159,37.478,5.216,0.824,-32.262,-52.983,-30.212,-48.29,37.478,-45.911,-0.718,45.193,90.461,0.0,-23.228,-4938.383
Filosofia (Licenciatura),EP_R1_PPI,1,-59.768,-59.768,-59.768,-59.768,0.0,0.0,-59.768,-59.768,-59.768,-59.768,-59.768,-59.768,0.0,0.0,0.0,,
Filosofia (Licenciatura),EP_R2_NPPI,1,-22.521,-22.521,-22.521,-22.521,0.0,0.0,-22.521,-22.521,-22.521,-22.521,-22.521,-22.521,0.0,0.0,0.0,,
Filosofia (Licenciatura),EP_R2_PPI,2,-63.589,-20.759,-63.589,-20.759,42.83,42.83,-63.589,-20.759,-63.589,-20.759,-42.174,-42.174,0.0,0.0,0.0,-71.811,-71.811
Fisioterapia (Bacharelado),AC,6,5.582,30.23,54.666,81.869,24.648,27.203,3.438,33.173,16.934,91.814,22.355,64.9,44.198,58.641,13.496,62.074,46.371
Fisioterapia (Bacharelado),CN,6,10.489,13.637,34.882,13.637,3.148,-21.245,-9.095,23.699,-9.095,34.882,6.309,10.374,4.065,24.393,0.0,192.324,163.348
Fisioterapia (Bacharelado),EP_R1_NPPI,5,-31.032,-65.973,13.229,-65.973,-34.941,-79.202,-65.973,16.592,-65.973,61.01,-19.844,13.303,33.147,80.331,0.0,-159.267,362.844
Fisioterapia (Bacharelado),EP_R1_NPPIQ,1,-35.235,-35.235,-33.078,-33.078,0.0,0.0,-35.235,-35.235,-33.078,-33.078,-35.235,-33.078,2.157,2.157,2.157,,
Fisioterapia (Bacharelado),EP_R1_PPI,4,-16.495,-29.528,13.421,-6.075,-13.033,-19.496,-56.29,-13.417,-6.075,16.447,-28.932,6.823,35.756,72.737,16.916,-67.5,149.839
Fisioterapia (Bacharelado),EP_R1_PPIQ,1,-59.032,-59.032,-59.032,-59.032,0.0,0.0,-59.032,-59.032,-59.032,-59.032,-59.032,-59.032,0.0,0.0,0.0,,
Fisioterapia (Bacharelado),EP_R2_NPPI,5,-1.995,-19.889,27.517,-0.296,-17.894,-27.813,-19.889,43.008,-0.296,45.269,8.696,24.801,16.105,29.512,2.261,264.832,65.718
Fisioterapia (Bacharelado),EP_R2_NPPIQ,1,12.991,12.991,24.746,24.746,0.0,0.0,12.991,12.991,24.746,24.746,12.991,24.746,11.755,11.755,11.755,,
Fisioterapia (Bacharelado),EP_R2_PPI,5,-26.611,-79.757,40.374,-46.126,-53.146,-86.5,-79.757,-1.257,-46.126,40.374,-34.362,-0.263,34.098,66.985,13.014,-96.746,-13570.369
Fisioterapia (Bacharelado),EP_R2_PPIQ,1,-59.558,-59.558,8.862,8.862,0.0,0.0,-59.558,-59.558,8.862,8.862,-59.558,8.862,68.42,68.42,68.42,,
Fonoaudiologia (Bacharelado),AC,6,-40.855,16.721,57.282,40.508,57.576,-16.774,-40.855,19.105,0.53,64.645,-5.29,36.886,42.176,98.137,20.401,-449.668,69.387
Fonoaudiologia (Bacharelado),CN,5,-28.93,5.402,45.132,5.402,34.332,-39.73,-28.93,46.715,-21.229,46.715,0.941,15.754,14.812,74.062,0.0,3143.165,186.844
Fonoaudiologia (Bacharelado),EP_R1_NPPI,4,-33.514,-27.261,0.916,-17.719,6.253,-18.635,-37.896,-8.658,-17.719,18.255,-26.832,-0.812,26.021,34.43,9.542,-47.995,-1838.109
Fonoaudiologia (Bacharelado),EP_R1_NPPIQ,1,-60.121,-60.121,-60.121,-60.121,0.0,0.0,-60.121,-60.121,-60.121,-60.121,-60.121,-60.121,0.0,0.0,0.0,,
Fonoaudiologia (Bacharelado),EP_R1_PPI,4,-5.802,-68.611,-5.802,20.447,-62.809,26.249,-68.611,-5.802,-37.971,20.447,-31.037,-2.174,28.862,89.058,0.0,-92.417,-1213.561
Fonoaudiologia (Bacharelado),EP_R2_NPPI,5,-75.822,-66.134,6.478,-37.894,9.688,-44.372,-75.822,25.151,-37.894,34.443,-33.534,3.523,37.057,82.3,0.0,-122.746,821.098
Fonoaudiologia (Bacharelado),EP_R2_NPPIQ,1,-20.384,-20.384,5.716,5.716,0.0,0.0,-20.384,-20.384,5.716,5.716,-20.384,5.716,26.1,26.1,26.1,,
Fonoaudiologia (Bacharelado),EP_R2_NPPIQ_PCD,1,-43.816,-43.816,-43.816,-43.816,0.0,0.0,-43.816,-43.816,-43.816,-43.816,-43.816,-43.816,0.0,0.0,0.0,,
Fonoaudiologia (Bacharelado),EP_R2_PPI,4,-40.393,-49.838,-16.378,-49.838,-9.445,-33.46,-69.725,-40.393,-49.838,23.483,-52.634,-12.22,40.414,93.208,0.0,-23.372,-247.497
Fonoaudiologia (Bacharelado),EP_R2_PPIQ,1,-48.358,-48.358,-48.358,-48.358,0.0,0.0,-48.358,-48.358,-48.358,-48.358,-48.358,-48.358,0.0,0.0,0.0,,
Física (Bacharelado),AC,5,-49.177,14.167,91.641,97.592,63.344,5.951,-49.177,91.722,91.641,141.578,13.691,115.32,121.137,148.784,83.425,374.33,21.205
Física (Bacharelado),CN,3,-10.52,37.136,128.902,37.136,47.656,-91.766,-10.52,60.143,37.136,128.902,28.92,75.394,46.474,139.422,0.0,124.624,63.329
Física (Bacharelado),EP_R1_NPPI,3,-59.265,-15.349,65.812,7.367,43.916,-58.445,-59.265,-15.349,7.367,65.812,-31.562,38.98,70.542,125.077,22.716,-76.383,75.716
Física (Bacharelado),EP_R1_PPI,3,-74.73,72.767,-74.73,72.767,147.497,147.497,-74.73,72.767,-74.73,72.767,12.421,12.421,0.0,0.0,0.0,622.46,622.46
Física (Bacharelado),EP_R2_NPPI,4,-11.788,-57.411,-11.788,41.027,-45.623,52.815,-72.92,-4.154,-11.788,99.501,-36.568,44.399,80.968,172.421,0.0,-92.339,102.592
Física (Bacharelado),EP_R2_NPPIQ,1,-29.298,-29.298,5.538,5.538,0.0,0.0,-29.298,-29.298,5.538,5.538,-29.298,5.538,34.836,34.836,34.836,,
Física (Bacharelado),EP_R2_PPI,3,-45.931,-19.355,26.603,-19.355,26.576,-45.958,-45.931,20.11,-19.355,26.603,-15.059,9.119,24.178,72.534,0.0,-220.667,272.742
Física (Bacharelado),EP_R2_PPIQ,1,-15.865,-15.865,-15.865,-15.865,0.0,0.0,-15.865,-15.865,-15.865,-15.865,-15.865,-15.865,0.0,0.0,0.0,,
Física (Licenciatura),AC,5,-14.535,-62.273,38.883,125.678,-47.738,86.795,-76.547,55.585,38.883,149.957,-33.182,92.233,125.415,187.951,53.418,-166.274,51.11
Física (Licenciatura),CN,1,-46.226,-46.226,-46.226,-46.226,0.0,0.0,-46.226,-46.226,-46.226,-46.226,-46.226,-46.226,0.0,0.0,0.0,,
Física (Licenciatura),EP_R1_NPPI,1,-59.91,-59.91,26.842,26.842,0.0,0.0,-59.91,-59.91,26.842,26.842,-59.91,26.842,86.752,86.752,86.752,,
Física (Licenciatura),EP_R2_NPPI,1,-30.161,-30.161,26.655,26.655,0.0,0.0,-30.161,-30.161,26.655,26.655,-30.161,26.655,56.816,56.816,56.816,,
Geofísica (Bacharelado),AC,5,-82.398,-47.993,-2.424,45.309,34.405,47.733,-82.398,-30.09,-2.424,113.042,-51.248,34.593,85.841,143.132,56.28,-37.171,137.114
Geofísica (Bacharelado),CN,1,-6.216,-6.216,-6.216,-6.216,0.0,0.0,-6.216,-6.216,-6.216,-6.216,-6.216,-6.216,0.0,0.0,0.0,,
Geofísica (Bacharelado),EP_R1_NPPI,2,-40.118,-50.006,-40.118,-50.006,-9.888,-9.888,-50.006,-40.118,-50.006,-40.118,-45.062,-45.062,0.0,0.0,0.0,-15.516,-15.516
Geofísica (Bacharelado),EP_R1_PPI,1,-16.259,-16.259,-16.259,-16.259,0.0,0.0,-16.259,-16.259,-16.259,-16.259,-16.259,-16.259,0.0,0.0,0.0,,
Geofísica (Bacharelado),EP_R2_NPPI,2,-27.06,-48.561,-27.06,-48.561,-21.501,-21.501,-48.561,-27.06,-48.561,-27.06,-37.81,-37.81,0.0,0.0,0.0,-40.21,-40.21
Geofísica (Bacharelado),EP_R2_PPI,1,-20.904,-20.904,-20.904,-20.904,0.0,0.0,-20.904,-20.904,-20.904,-20.904,-20.904,-20.904,0.0,0.0,0.0,,
Geografia (Bacharelado/Licenciatura),AC,5,-52.004,-90.016,33.9,129.343,-38.012,95.443,-90.016,-11.709,33.9,129.343,-40.624,69.768,110.392,219.359,56.208,-77.002,59.296
Geografia (Bacharelado/Licenciatura),CN,2,-51.632,-8.341,-41.47,-8.341,43.291,33.129,-51.632,-8.341,-41.47,-8.341,-29.986,-24.906,5.081,10.162,0.0,-102.084,-94.059
Geografia (Bacharelado/Licenciatura),EP_R1_NPPI,4,-45.35,7.666,-45.35,7.666,53.016,53.016,-45.35,13.323,-45.35,13.323,-14.928,-9.528,5.4,21.6,0.0,-199.144,-278.939
Geografia (Bacharelado/Licenciatura),EP_R1_PPI,2,-24.912,-53.491,3.902,-53.491,-28.579,-57.393,-53.491,-24.912,-53.491,3.902,-39.201,-24.794,14.407,28.814,0.0,-51.55,-163.677
Geografia (Bacharelado/Licenciatura),EP_R2_NPPI,3,-54.684,-8.19,-14.787,18.368,46.494,33.155,-54.684,-8.19,-14.787,19.938,-23.81,7.84,31.65,39.897,26.558,-112.299,250.151
Geografia (Bacharelado/Licenciatura),EP_R2_NPPIQ,1,-66.839,-66.839,-44.521,-44.521,0.0,0.0,-66.839,-66.839,-44.521,-44.521,-66.839,-44.521,22.318,22.318,22.318,,
Geografia (Bacharelado/Licenciatura),EP_R2_PPI,3,-28.339,-16.387,-20.368,7.067,11.952,27.435,-28.339,-16.387,-20.368,7.067,-20.451,-9.976,10.475,23.454,0.0,-33.41,-149.138
Geologia (Bacharelado),AC,5,-96.644,-63.489,38.599,80.103,33.155,41.504,-96.644,-54.123,38.599,97.846,-67.95,72.563,140.513,154.609,132.047,-25.064,30.005
Geologia (Bacharelado),CN,2,-33.967,-36.67,-33.967,-36.67,-2.703,-2.703,-36.67,-33.967,-36.67,-33.967,-35.318,-35.318,0.0,0.0,0.0,-5.412,-5.412
Geologia (Bacharelado),EP_R1_NPPI,1,-36.351,-36.351,-36.351,-36.351,0.0,0.0,-36.351,-36.351,-36.351,-36.351,-36.351,-36.351,0.0,0.0,0.0,,
Geologia (Bacharelado),EP_R1_PPI,3,-59.404,-3.498,-59.404,-3.498,55.906,55.906,-59.404,-3.498,-59.404,-3.498,-25.839,-25.839,0.0,0.0,0.0,-114.536,-114.536
Geologia (Bacharelado),EP_R2_NPPI,3,-28.409,9.264,-28.409,9.264,37.673,37.673,-28.409,33.859,-28.409,33.859,4.905,4.905,0.0,0.0,0.0,639.433,639.433
Geologia (Bacharelado),EP_R2_PPI,1,-34.358,-34.358,-10.741,-10.741,0.0,0.0,-34.358,-34.358,-10.741,-10.741,-34.358,-10.741,23.617,23.617,23.617,,
Gestão Ambiental (Bacharelado),AC,2,-62.155,-46.76,-62.155,31.975,15.395,94.13,-62.155,-46.76,-62.155,31.975,-54.457,-15.09,39.368,78.735,0.0,-19.99,-441.087
Gestão Ambiental (Bacharelado),EP_R2_NPPI,2,-73.509,-10.728,39.118,-10.728,62.781,-49.846,-73.509,-10.728,-10.728,39.118,-42.118,14.195,56.314,112.627,0.0,-105.4,248.302
Gestão Ambiental (Bacharelado),EP_R2_PPI,1,-34.138,-34.138,-34.138,-34.138,0.0,0.0,-34.138,-34.138,-34.138,-34.138,-34.138,-34.138,0.0,0.0,0.0,,
Gestão de Agronegócio (Bacharelado),AC,5,-93.752,-46.176,-40.181,16.69,47.576,56.871,-93.752,-46.176,-40.181,16.69,-69.012,-12.004,57.008,72.217,40.473,-28.023,-207.021
Gestão de Agronegócio (Bacharelado),CN,2,-25.521,-12.02,-25.521,-12.02,13.501,13.501,-25.521,-12.02,-25.521,-12.02,-18.77,-18.77,0.0,0.0,0.0,-50.86,-50.86
Gestão de Agronegócio (Bacharelado),EP_R1_NPPI,1,-32.966,-32.966,-32.966,-32.966,0.0,0.0,-32.966,-32.966,-32.966,-32.966,-32.966,-32.966,0.0,0.0,0.0,,
Gestão de Agronegócio (Bacharelado),EP_R1_PPI,1,-57.616,-57.616,-57.616,-57.616,0.0,0.0,-57.616,-57.616,-57.616,-57.616,-57.616,-57.616,0.0,0.0,0.0,,
Gestão de Agronegócio (Bacharelado),EP_R2_NPPI,2,-71.314,-48.114,-1.139,-48.114,23.2,-46.975,-71.314,-48.114,-48.114,-1.139,-59.714,-24.626,35.088,70.175,0.0,-27.472,-134.88
Gestão de Agronegócio (Bacharelado),EP_R2_PPI,1,-44.795,-44.795,-33.635,-33.635,0.0,0.0,-44.795,-44.795,-33.635,-33.635,-44.795,-33.635,11.16,11.16,11.16,,
Gestão de Políticas Públicas (Bacharelado),AC,5,-72.389,-2.832,73.386,64.854,69.557,-8.532,-72.389,-2.832,40.755,89.961,-42.388,64.12,106.508,145.775,67.686,-70.975,29.752
Gestão de Políticas Públicas (Bacharelado),CN,5,-20.13,-10.584,24.96,-10.584,9.546,-35.544,-66.75,5.313,-66.75,24.96,-22.165,-13.147,9.018,45.09,0.0,-121.336,-260.815
Gestão de Políticas Públicas (Bacharelado),EP_R1_NPPI,4,-12.548,-58.902,-12.548,-41.161,-46.354,-28.613,-94.961,-12.548,-94.961,-12.548,-51.805,-47.37,4.435,17.741,0.0,-66.633,-72.711
Gestão de Políticas Públicas (Bacharelado),EP_R1_NPPIQ,1,-34.132,-34.132,-29.67,-29.67,0.0,0.0,-34.132,-34.132,-29.67,-29.67,-34.132,-29.67,4.462,4.462,4.462,,
Gestão de Políticas Públicas (Bacharelado),EP_R1_PPI,4,-95.963,-41.061,-57.354,-34.96,54.902,22.394,-95.963,-41.061,-57.354,9.475,-62.333,-31.971,30.362,76.738,0.0,-40.444,-91.047
Gestão de Políticas Públicas (Bacharelado),EP_R2_NPPI,4,-43.785,-64.37,-6.373,20.875,-20.585,27.248,-81.612,-26.029,-11.424,20.875,-53.949,-0.897,53.052,85.245,19.363,-44.854,-1638.588
Gestão de Políticas Públicas (Bacharelado),EP_R2_NPPIQ,1,-39.713,-39.713,-11.757,-11.757,0.0,0.0,-39.713,-39.713,-11.757,-11.757,-39.713,-11.757,27.956,27.956,27.956,,
Gestão de Políticas Públicas (Bacharelado),EP_R2_PPI,3,-60.85,-36.205,-6.58,-36.205,24.645,-29.625,-66.12,-36.205,-36.205,-0.681,-54.392,-14.489,39.903,65.439,0.0,-29.359,-131.391
Gestão de Políticas Públicas (Bacharelado),EP_R2_PPIQ,1,-50.028,-50.028,-41.002,-41.002,0.0,0.0,-50.028,-50.028,-41.002,-41.002,-50.028,-41.002,9.026,9.026,9.026,,
Gestão do Agronegócio (Bacharelado),AC,5,-80.136,-82.791,-49.865,-28.816,-2.655,21.049,-96.675,-56.321,-78.135,4.58,-78.812,-37.787,41.024,101.255,0.0,-18.42,-79.946
Gestão do Agronegócio (Bacharelado),CN,1,-45.106,-45.106,-45.106,-45.106,0.0,0.0,-45.106,-45.106,-45.106,-45.106,-45.106,-45.106,0.0,0.0,0.0,,
Gestão do Agronegócio (Bacharelado),EP_R2_NPPI,1,-54.109,-54.109,-22.499,-22.499,0.0,0.0,-54.109,-54.109,-22.499,-22.499,-54.109,-22.499,31.61,31.61,31.61,,
História (Bacharelado/Licenciatura),AC,6,4.468,47.472,99.466,96.499,43.004,-2.967,-8.561,47.472,17.254,120.935,27.598,82.69,58.382,94.998,25.815,85.556,47.72
História (Bacharelado/Licenciatura),CN,6,25.571,-27.232,48.115,-27.232,-52.803,-75.347,-36.358,25.571,-36.358,48.115,-6.744,-2.987,3.757,22.544,0.0,-393.252,-1100.065
História (Bacharelado/Licenciatura),EP_R1_NPPI,4,-8.107,19.371,18.517,52.742,27.478,34.225,-9.575,19.371,-2.267,53.113,3.342,30.526,27.184,41.432,7.308,431.617,89.18
História (Bacharelado/Licenciatura),EP_R1_NPPIQ,1,-17.032,-17.032,14.503,14.503,0.0,0.0,-17.032,-17.032,14.503,14.503,-17.032,14.503,31.535,31.535,31.535,,
História (Bacharelado/Licenciatura),EP_R1_PPI,4,5.759,-24.22,24.413,10.211,-29.979,-14.202,-24.22,5.759,10.211,38.18,-9.205,22.036,31.241,45.218,18.654,-134.309,55.636
História (Bacharelado/Licenciatura),EP_R2_NPPI,5,6.108,-54.201,45.889,-12.401,-60.309,-58.29,-54.201,32.467,-12.401,45.889,5.641,26.888,21.247,41.8,0.27,616.729,87.156
História (Bacharelado/Licenciatura),EP_R2_NPPIQ,1,21.418,21.418,21.418,21.418,0.0,0.0,21.418,21.418,21.418,21.418,21.418,21.418,0.0,0.0,0.0,,
História (Bacharelado/Licenciatura),EP_R2_NPPIQ_PCD,1,-4.958,-4.958,-4.958,-4.958,0.0,0.0,-4.958,-4.958,-4.958,-4.958,-4.958,-4.958,0.0,0.0,0.0,,
História (Bacharelado/Licenciatura),EP_R2_PPI,4,-17.943,-41.891,11.17,-6.303,-23.948,-17.473,-41.891,0.911,-16.391,44.728,-23.495,8.301,31.796,43.817,18.665,-81.448,323.108
História (Bacharelado/Licenciatura),EP_R2_PPIQ,1,-31.06,-31.06,16.426,16.426,0.0,0.0,-31.06,-31.06,16.426,16.426,-31.06,16.426,47.486,47.486,47.486,,
História (Bacharelado/Licenciatura),EP_R2_PPIQ_PCD,1,-30.955,-30.955,-30.955,-30.955,0.0,0.0,-30.955,-30.955,-30.955,-30.955,-30.955,-30.955,0.0,0.0,0.0,,
História (Licenciatura),AC,5,-56.349,-85.388,60.754,45.426,-29.039,-15.328,-85.388,-38.56,12.295,60.754,-63.348,40.391,103.74,130.814,62.873,-27.334,53.107
História (Licenciatura),CN,3,-59.895,-27.164,-59.895,-27.164,32.731,32.731,-59.895,25.055,-59.895,25.055,-20.668,-20.668,0.0,0.0,0.0,-207.306,-207.306
História (Licenciatura),EP_R1_NPPI,4,-66.834,-47.859,-66.834,4.551,18.975,71.385,-66.834,9.29,-66.834,9.29,-30.764,-17.554,13.21,52.41,0.0,-108.941,-198.378
História (Licenciatura),EP_R1_PPI,4,-48.659,-17.725,-25.066,-17.725,30.934,7.341,-48.659,-9.043,-43.023,32.413,-29.612,-13.35,16.262,41.456,0.0,-64.87,-241.992
História (Licenciatura),EP_R2_NPPI,3,-68.468,-25.475,42.212,-17.183,42.993,-59.395,-68.468,-8.931,-17.183,42.212,-34.291,8.687,42.978,110.68,8.292,-89.62,350.291
História (Licenciatura),EP_R2_NPPIQ,1,-61.207,-61.207,-26.631,-26.631,0.0,0.0,-61.207,-61.207,-26.631,-26.631,-61.207,-26.631,34.576,34.576,34.576,,
História (Licenciatura),EP_R2_PPI,3,-61.065,-24.296,15.096,-9.636,36.769,-24.732,-61.065,-24.296,-9.636,50.644,-39.972,18.701,58.674,85.2,14.66,-47.466,162.027
Japonês (Licenciatura),AC,5,-60.848,-83.555,-60.848,-45.663,-22.707,15.185,-83.555,-5.043,-60.848,18.808,-53.077,-16.442,36.634,81.733,0.0,-54.877,-211.18
Japonês (Licenciatura),CN,2,-70.486,-59.483,-70.486,-59.483,11.003,11.003,-70.486,-59.483,-70.486,-59.483,-64.984,-64.984,0.0,0.0,0.0,-11.973,-11.973
Japonês (Licenciatura),EP_R2_NPPI,3,2.278,-18.525,2.278,-18.525,-20.803,-20.803,-19.674,2.278,-19.674,2.278,-11.974,-11.974,0.0,0.0,0.0,-103.19,-103.19
Japonês (Licenciatura),EP_R2_PPI_PCD,1,5.9,5.9,5.9,5.9,0.0,0.0,5.9,5.9,5.9,5.9,5.9,5.9,0.0,0.0,0.0,,
Jornalismo (Bacharelado),AC,6,81.255,85.895,115.406,103.7,4.64,-11.706,69.365,95.519,78.377,130.233,83.043,106.989,24.338,34.714,9.012,10.236,17.738
Jornalismo (Bacharelado),CN,6,14.706,52.71,26.97,52.71,38.004,25.74,-3.462,76.01,-3.462,76.01,37.246,39.29,2.044,12.264,0.0,78.056,70.153
Jornalismo (Bacharelado),EP_R1_NPPI,5,-9.001,-11.956,-8.705,-11.956,-2.955,-3.251,-11.956,40.539,-11.956,40.539,6.224,6.283,0.059,0.296,0.0,338.254,334.221
Jornalismo (Bacharelado),EP_R1_NPPIQ,1,-37.174,-37.174,-31.769,-31.769,0.0,0.0,-37.174,-37.174,-31.769,-31.769,-37.174,-31.769,5.405,5.405,5.405,,
Jornalismo (Bacharelado),EP_R1_PPI,4,-45.399,18.926,-22.287,19.95,64.325,42.237,-45.399,18.926,-22.287,19.95,-14.316,-2.483,11.834,23.112,1.024,-218.119,-794.654
Jornalismo (Bacharelado),EP_R2_NPPI,5,7.89,16.995,26.716,16.995,9.105,-9.721,7.89,69.465,16.995,69.465,36.54,40.305,3.765,18.826,0.0,80.228,63.768
Jornalismo (Bacharelado),EP_R2_NPPIQ,1,41.607,41.607,41.607,41.607,0.0,0.0,41.607,41.607,41.607,41.607,41.607,41.607,0.0,0.0,0.0,,
Jornalismo (Bacharelado),EP_R2_PPI,5,-5.212,-53.574,13.931,-0.525,-48.362,-14.456,-53.574,23.778,-0.525,44.224,-8.816,21.245,30.061,53.049,17.907,-323.996,100.903
Jornalismo (Bacharelado),EP_R2_PPIQ,1,-49.264,-49.264,20.148,20.148,0.0,0.0,-49.264,-49.264,20.148,20.148,-49.264,20.148,69.412,69.412,69.412,,
Letras - Espanhol (Licenciatura),AC,5,-55.012,-79.029,-5.413,-60.693,-24.017,-55.28,-98.76,-46.586,-60.693,13.701,-70.106,-18.7,51.406,112.461,18.336,-29.257,-148.661
Letras - Espanhol (Licenciatura),EP_R1_NPPI,1,-27.424,-27.424,-27.424,-27.424,0.0,0.0,-27.424,-27.424,-27.424,-27.424,-27.424,-27.424,0.0,0.0,0.0,,
Letras - Espanhol (Licenciatura),EP_R1_PPI,2,-44.303,-54.875,-44.303,-36.401,-10.572,7.902,-54.875,-44.303,-44.303,-36.401,-49.589,-40.352,9.237,18.474,0.0,-15.075,-13.847
Letras - Espanhol (Licenciatura),EP_R2_NPPI,2,-41.243,-47.192,-37.835,21.384,-5.949,59.219,-47.192,-41.243,-37.835,21.384,-44.218,-8.226,35.992,68.576,3.408,-9.513,-509.077
Letras - Espanhol (Licenciatura),EP_R2_PPI,3,-45.262,-14.494,-45.262,-14.494,30.768,30.768,-45.262,-14.494,-45.262,-14.494,-32.78,-32.78,0.0,0.0,0.0,-49.373,-49.373
Letras - Francês (Bacharelado/Licenciatura),AC,4,-55.891,-87.339,5.252,-26.043,-31.448,-31.295,-87.339,-44.511,-26.043,28.361,-62.638,0.875,63.512,72.872,58.739,-28.917,2577.08
Letras - Francês (Bacharelado/Licenciatura),CN,1,-84.371,-84.371,-84.371,-84.371,0.0,0.0,-84.371,-84.371,-84.371,-84.371,-84.371,-84.371,0.0,0.0,0.0,,
Letras - Francês (Bacharelado/Licenciatura),EP_R1_NPPI,2,-2.644,-48.692,-2.644,0.205,-46.048,2.849,-48.692,-2.644,-2.644,0.205,-25.668,-1.22,24.448,48.897,0.0,-126.854,-165.195
Letras - Francês (Bacharelado/Licenciatura),EP_R2_NPPI,3,-20.18,-33.805,-20.18,-33.805,-13.625,-13.625,-43.649,-20.18,-43.649,-20.18,-32.545,-32.545,0.0,0.0,0.0,-36.212,-36.212
Letras - Francês (Bacharelado/Licenciatura),EP_R2_PPI,3,-20.959,-80.307,-20.877,-20.312,-59.348,0.565,-80.307,-20.959,-20.877,-8.908,-49.995,-16.699,33.296,59.995,0.082,-59.396,-40.44
Letras - Inglês (Bacharelado/Licenciatura),AC,6,-10.253,15.306,20.671,83.036,25.559,62.365,-15.468,32.546,4.023,83.036,12.801,48.583,35.782,67.73,18.099,163.77,62.945
Letras - Inglês (Bacharelado/Licenciatura),CN,4,-52.719,-17.014,-40.613,-17.014,35.705,23.599,-52.719,26.727,-40.613,26.727,-17.16,-14.134,3.027,12.106,0.0,-192.166,-204.705
Letras - Inglês (Bacharelado/Licenciatura),EP_R1_NPPI,5,-17.712,-26.435,25.713,-26.435,-8.723,-52.148,-26.435,-3.967,-26.435,25.713,-13.272,-4.587,8.685,43.425,0.0,-69.443,-416.879
Letras - Inglês (Bacharelado/Licenciatura),EP_R1_PPI,4,6.406,-18.631,6.406,-17.678,-25.037,-24.084,-42.015,6.406,-39.516,6.406,-21.213,-12.003,9.21,33.388,0.0,-97.773,-176.496
Letras - Inglês (Bacharelado/Licenciatura),EP_R2_NPPI,5,14.039,-40.908,21.415,-19.451,-54.947,-40.866,-40.908,30.669,-19.451,30.669,6.931,14.494,7.563,21.457,0.0,417.85,139.966
Letras - Inglês (Bacharelado/Licenciatura),EP_R2_NPPIQ,1,-14.226,-14.226,12.035,12.035,0.0,0.0,-14.226,-14.226,12.035,12.035,-14.226,12.035,26.261,26.261,26.261,,
Letras - Inglês (Bacharelado/Licenciatura),EP_R2_PPI,4,-63.889,-77.785,-9.992,-77.785,-13.896,-67.793,-77.785,4.915,-77.785,43.669,-33.727,-6.546,27.181,53.897,0.0,-128.213,-799.026
Letras - Inglês (Bacharelado/Licenciatura),EP_R2_PPIQ,1,-34.486,-34.486,-34.486,-34.486,0.0,0.0,-34.486,-34.486,-34.486,-34.486,-34.486,-34.486,0.0,0.0,0.0,,
Letras - Português (Bacharelado/Licenciatura),AC,6,-25.6,46.683,59.203,88.696,72.283,29.493,-25.6,52.636,-4.114,88.696,20.908,55.983,35.075,84.803,11.599,170.163,58.714
Letras - Português (Bacharelado/Licenciatura),CN,6,-46.766,30.129,-21.415,30.129,76.895,51.544,-60.705,35.734,-60.705,35.734,-4.554,-0.329,4.225,25.351,0.0,-880.397,-10897.712
Letras - Português (Bacharelado/Licenciatura),EP_R1_NPPI,5,-16.876,-26.314,-16.876,-26.314,-9.438,-9.438,-26.314,39.574,-26.314,39.574,-2.272,7.057,9.329,46.646,0.0,-1174.352,406.735
Letras - Português (Bacharelado/Licenciatura),EP_R1_NPPIQ,1,-21.143,-21.143,-21.143,-21.143,0.0,0.0,-21.143,-21.143,-21.143,-21.143,-21.143,-21.143,0.0,0.0,0.0,,
Letras - Português (Bacharelado/Licenciatura),EP_R1_PPI,4,-39.486,-21.582,-31.425,1.737,17.904,33.162,-39.486,-3.737,-31.425,26.323,-18.73,-1.776,16.954,36.436,0.0,-83.741,-1334.73
Letras - Português (Bacharelado/Licenciatura),EP_R2_NPPI,5,-29.217,-53.691,73.365,-27.208,-24.474,-100.573,-53.691,23.426,-27.208,73.365,-4.197,24.996,29.193,102.582,0.0,-837.391,144.0
Letras - Português (Bacharelado/Licenciatura),EP_R2_NPPIQ,1,-39.521,-39.521,-1.814,-1.814,0.0,0.0,-39.521,-39.521,-1.814,-1.814,-39.521,-1.814,37.707,37.707,37.707,,
Letras - Português (Bacharelado/Licenciatura),EP_R2_PPI,4,-71.639,-23.758,18.495,9.729,47.881,-8.766,-75.985,-13.148,-51.065,25.795,-46.132,0.739,46.871,90.134,24.92,-70.021,4760.281
Letras - Português (Bacharelado/Licenciatura),EP_R2_PPIQ,1,-30.58,-30.58,-30.58,-30.58,0.0,0.0,-30.58,-30.58,-30.58,-30.58,-30.58,-30.58,0.0,0.0,0.0,,
Letras - Português (Licenciatura),AC,5,-54.535,-56.955,1.714,23.041,-2.42,21.327,-79.901,-46.157,-9.045,78.089,-61.616,33.304,94.92,152.623,37.112,-21.845,120.631
Letras - Português (Licenciatura),CN,1,-31.96,-31.96,-31.96,-31.96,0.0,0.0,-31.96,-31.96,-31.96,-31.96,-31.96,-31.96,0.0,0.0,0.0,,
Letras - Português (Licenciatura),EP_R1_NPPI,3,6.56,-45.745,6.56,14.783,-52.305,8.223,-55.127,6.56,-54.044,14.783,-31.437,-10.9,20.537,60.528,0.0,-105.732,-344.843
Letras - Português (Licenciatura),EP_R1_PPI,1,-39.823,-39.823,-20.991,-20.991,0.0,0.0,-39.823,-39.823,-20.991,-20.991,-39.823,-20.991,18.832,18.832,18.832,,
Letras - Português (Licenciatura),EP_R2_NPPI,4,-3.889,-8.792,18.043,-7.475,-4.903,-25.518,-51.267,-3.889,-51.267,18.043,-21.35,-8.865,12.485,26.691,0.0,-99.641,-339.848
Letras - Português (Licenciatura),EP_R2_PPI,3,-23.897,-13.592,-23.897,-13.592,10.305,10.305,-23.897,-13.532,-23.897,-13.532,-17.007,-17.007,0.0,0.0,0.0,-35.085,-35.085
Letras – Português do Brasil como Segunda Língua (Licenciatura),AC,5,-65.683,-75.904,30.297,-4.147,-10.221,-34.444,-75.904,-10.942,-4.147,58.052,-46.602,35.524,82.125,108.012,55.977,-56.41,68.44
Letras – Português do Brasil como Segunda Língua (Licenciatura),CN,2,-27.202,-45.762,-27.202,-45.762,-18.56,-18.56,-45.762,-27.202,-45.762,-27.202,-36.482,-36.482,0.0,0.0,0.0,-35.974,-35.974
Letras – Português do Brasil como Segunda Língua (Licenciatura),EP_R1_NPPI,3,-17.594,-41.555,-17.594,-41.555,-23.961,-23.961,-41.555,-17.594,-41.555,-17.594,-31.655,-28.283,3.372,10.116,0.0,-39.522,-43.091
Letras – Português do Brasil como Segunda Língua (Licenciatura),EP_R1_PPI,3,-35.98,-48.36,-35.98,-48.36,-12.38,-12.38,-55.76,-35.98,-55.76,-35.98,-46.7,-46.7,0.0,0.0,0.0,-21.4,-21.4
Letras – Português do Brasil como Segunda Língua (Licenciatura),EP_R2_NPPI,3,-24.411,-4.691,-24.411,-4.691,19.72,19.72,-47.365,-4.691,-24.411,-3.586,-25.489,-10.896,14.593,43.779,0.0,-83.791,-107.538
Letras – Português do Brasil como Segunda Língua (Licenciatura),EP_R2_PPI,3,-83.522,3.895,-50.615,3.895,87.417,54.51,-83.522,3.895,-50.615,3.895,-46.859,-28.279,18.58,32.907,0.0,-96.844,-100.978
Letras – Tradução – Espanhol (Bacharelado),AC,5,-37.809,-56.271,-20.326,-56.271,-18.462,-35.945,-80.944,-37.809,-56.295,-20.326,-58.181,-41.871,16.309,35.163,0.0,-26.381,-42.848
Letras – Tradução – Espanhol (Bacharelado),EP_R1_PPI,1,-45.083,-45.083,-45.083,-45.083,0.0,0.0,-45.083,-45.083,-45.083,-45.083,-45.083,-45.083,0.0,0.0,0.0,,
Letras – Tradução – Espanhol (Bacharelado),EP_R2_NPPI,3,-49.61,-74.097,-49.61,-24.363,-24.487,25.247,-74.097,-48.799,-49.61,-24.363,-57.502,-33.282,24.22,49.734,0.0,-25.003,-42.547
Letras – Tradução – Espanhol (Bacharelado),EP_R2_PPI,1,-26.219,-26.219,-26.219,-26.219,0.0,0.0,-26.219,-26.219,-26.219,-26.219,-26.219,-26.219,0.0,0.0,0.0,,
Letras – Tradução – Francês (Bacharelado),AC,5,-67.216,-18.595,-67.216,-18.595,48.621,48.621,-75.823,-18.595,-67.216,108.22,-43.467,9.084,52.551,135.308,0.0,-59.975,705.726
Letras – Tradução – Francês (Bacharelado),EP_R2_PPI,1,-28.725,-28.725,-28.725,-28.725,0.0,0.0,-28.725,-28.725,-28.725,-28.725,-28.725,-28.725,0.0,0.0,0.0,,
Letras – Tradução – Inglês (Bacharelado),AC,6,-73.348,-75.983,38.784,32.724,-2.635,-6.06,-75.983,14.876,-20.242,119.299,-31.932,44.879,76.81,112.132,32.186,-129.237,104.711
Letras – Tradução – Inglês (Bacharelado),CN,4,-50.511,8.667,-13.166,8.667,59.178,21.833,-51.286,8.667,-51.286,8.667,-24.042,-14.706,9.336,37.345,0.0,-130.514,-176.575
Letras – Tradução – Inglês (Bacharelado),EP_R1_NPPI,1,21.242,21.242,21.242,21.242,0.0,0.0,21.242,21.242,21.242,21.242,21.242,21.242,0.0,0.0,0.0,,
Letras – Tradução – Inglês (Bacharelado),EP_R1_PPI,3,-63.398,-50.121,-41.295,-0.815,13.277,40.48,-63.398,-50.121,-41.295,-0.815,-58.404,-25.993,32.411,49.306,22.103,-12.368,-84.534
Letras – Tradução – Inglês (Bacharelado),EP_R2_NPPI,4,-66.721,-20.761,14.502,-20.341,45.96,-34.843,-66.721,2.798,-20.341,45.052,-20.493,10.482,30.974,81.223,0.0,-159.823,259.63
Letras – Tradução – Inglês (Bacharelado),EP_R2_NPPIQ,1,-59.741,-59.741,-59.741,-59.741,0.0,0.0,-59.741,-59.741,-59.741,-59.741,-59.741,-59.741,0.0,0.0,0.0,,
Letras – Tradução – Inglês (Bacharelado),EP_R2_NPPIQ_PCD,1,-20.506,-20.506,-20.506,-20.506,0.0,0.0,-20.506,-20.506,-20.506,-20.506,-20.506,-20.506,0.0,0.0,0.0,,
Letras – Tradução – Inglês (Bacharelado),EP_R2_PPI,2,-34.883,-62.082,-23.747,1.315,-27.199,25.062,-62.082,-34.883,-23.747,1.315,-48.482,-11.216,37.266,63.397,11.136,-39.669,-158.002
Línguas Estrangeiras Aplicadas (Bacharelado),AC,5,-54.738,-60.26,59.227,-0.938,-5.522,-60.165,-60.26,-32.749,-0.938,59.227,-50.294,41.458,91.752,113.965,59.322,-21.442,58.063
Línguas Estrangeiras Aplicadas (Bacharelado),CN,2,-34.469,44.585,-34.469,44.585,79.054,79.054,-34.469,44.585,-34.469,44.585,5.058,5.058,0.0,0.0,0.0,1105.172,1105.172
Línguas Estrangeiras Aplicadas (Bacharelado),EP_R1_NPPI,2,-2.767,47.66,-2.767,47.66,50.427,50.427,-2.767,47.66,-2.767,47.66,22.446,22.446,0.0,0.0,0.0,158.854,158.854
Línguas Estrangeiras Aplicadas (Bacharelado),EP_R1_PPI,2,-25.614,-45.996,-25.614,-32.916,-20.382,-7.302,-45.996,-25.614,-32.916,-25.614,-35.805,-29.265,6.54,13.08,0.0,-40.252,-17.643
Línguas Estrangeiras Aplicadas (Bacharelado),EP_R2_NPPI,3,-48.698,-2.629,-10.814,16.552,46.069,27.366,-48.698,-2.629,-10.814,16.552,-21.723,1.598,23.321,37.884,12.897,-110.594,867.456
Línguas Estrangeiras Aplicadas (Bacharelado),EP_R2_NPPIQ,1,-67.757,-67.757,-67.757,-67.757,0.0,0.0,-67.757,-67.757,-67.757,-67.757,-67.757,-67.757,0.0,0.0,0.0,,
Línguas Estrangeiras Aplicadas (Bacharelado),EP_R2_PPI,3,21.416,-15.779,21.416,-15.779,-37.195,-37.195,-76.629,21.416,-15.779,21.416,-23.664,3.847,27.511,82.533,0.0,-209.161,485.641
Matemática (Bacharelado/Licenciatura),AC,6,-74.606,-20.737,79.364,105.88,53.869,26.516,-74.606,31.531,17.561,105.88,-18.201,75.965,94.166,153.97,55.261,-242.572,40.215
Matemática (Bacharelado/Licenciatura),CN,4,-78.171,-31.236,-78.171,-31.236,46.935,46.935,-78.171,12.575,-78.171,12.575,-23.457,-23.457,0.0,0.0,0.0,-174.957,-174.957
Matemática (Bacharelado/Licenciatura),EP_R1_NPPI,4,-96.948,-20.208,-96.948,8.078,76.74,105.026,-96.948,-20.208,-96.948,16.087,-54.285,-18.22,36.065,64.748,0.0,-58.464,-290.333
Matemática (Bacharelado/Licenciatura),EP_R1_PPI,4,-1.016,-6.051,32.712,13.305,-5.035,-19.407,-64.581,1.929,-22.149,32.712,-17.43,6.449,23.879,42.432,0.0,-181.336,355.283
Matemática (Bacharelado/Licenciatura),EP_R2_NPPI,5,-42.476,-53.025,6.428,-53.025,-10.549,-59.453,-53.025,40.087,-53.025,40.087,-4.448,5.332,9.781,48.904,0.0,-918.793,654.743
Matemática (Bacharelado/Licenciatura),EP_R2_NPPIQ,1,-20.656,-20.656,-20.656,-20.656,0.0,0.0,-20.656,-20.656,-20.656,-20.656,-20.656,-20.656,0.0,0.0,0.0,,
Matemática (Bacharelado/Licenciatura),EP_R2_PPI,4,-54.452,-51.87,-2.143,21.222,2.582,23.365,-60.003,-51.87,-2.143,32.678,-54.692,20.809,75.5,92.681,52.309,-6.783,77.572
Matemática (Bacharelado/Licenciatura),EP_R2_PPIQ,1,-29.962,-29.962,-29.962,-29.962,0.0,0.0,-29.962,-29.962,-29.962,-29.962,-29.962,-29.962,0.0,0.0,0.0,,
Matemática (Licenciatura),AC,5,-44.481,-51.641,-44.481,31.378,-7.16,75.859,-73.474,-44.481,-44.481,42.289,-53.891,12.343,66.234,96.332,0.0,-20.943,274.916
Matemática (Licenciatura),CN,3,2.629,-64.383,2.629,-64.383,-67.012,-67.012,-64.383,43.063,-64.383,43.063,-6.23,-6.23,0.0,0.0,0.0,-871.03,-871.03
Matemática (Licenciatura),EP_R1_PPI,2,-38.182,23.101,-20.674,23.101,61.283,43.775,-38.182,23.101,-20.674,23.101,-7.541,1.213,8.754,17.508,0.0,-574.678,2550.77
Matemática (Licenciatura),EP_R2_NPPI,1,-54.593,-54.593,1.689,1.689,0.0,0.0,-54.593,-54.593,1.689,1.689,-54.593,1.689,56.282,56.282,56.282,,
Matemática (Licenciatura),EP_R2_PPI,2,-11.475,-33.505,23.132,-15.931,-22.03,-39.063,-33.505,-11.475,-15.931,23.132,-22.49,3.601,26.091,34.607,17.574,-69.264,767.163
Medicina (Bacharelado),AC,5,164.861,166.75,190.742,190.334,1.889,-0.408,162.424,183.5,173.057,211.738,171.083,194.988,23.905,33.857,10.633,5.332,8.107
Medicina (Bacharelado),CN,5,157.264,120.046,157.983,120.046,-37.218,-37.937,94.772,171.622,94.772,171.622,138.106,138.25,0.144,0.719,0.0,22.231,22.29
Medicina (Bacharelado),EP_R1_NPPI,4,93.731,88.009,117.434,109.377,-5.722,-8.057,88.009,95.903,98.249,145.179,92.819,117.56,24.741,49.276,4.617,3.634,17.032
Medicina (Bacharelado),EP_R1_NPPIQ,1,98.649,98.649,98.649,98.649,0.0,0.0,98.649,98.649,98.649,98.649,98.649,98.649,0.0,0.0,0.0,,
Medicina (Bacharelado),EP_R1_NPPIQ_PCD,1,46.775,46.775,46.775,46.775,0.0,0.0,46.775,46.775,46.775,46.775,46.775,46.775,0.0,0.0,0.0,,
Medicina (Bacharelado),EP_R1_PPI,5,28.975,55.923,94.939,61.257,26.948,-33.682,28.975,78.064,61.257,138.392,55.444,91.744,36.3,65.964,5.334,35.757,31.499
Medicina (Bacharelado),EP_R1_PPIQ,1,81.446,81.446,96.795,96.795,0.0,0.0,81.446,81.446,96.795,96.795,81.446,96.795,15.349,15.349,15.349,,
Medicina (Bacharelado),EP_R1_PPI_PCD,2,-40.024,-6.687,-40.024,-6.687,33.337,33.337,-40.024,-6.687,-40.024,-6.687,-23.356,-23.356,0.0,0.0,0.0,-100.93,-100.93
Medicina (Bacharelado),EP_R2_NPPI,4,137.999,155.1,190.592,155.1,17.101,-35.492,137.999,175.472,155.1,190.592,155.278,173.581,18.303,52.593,0.0,9.934,8.379
Medicina (Bacharelado),EP_R2_NPPIQ,1,162.281,162.281,162.281,162.281,0.0,0.0,162.281,162.281,162.281,162.281,162.281,162.281,0.0,0.0,0.0,,
Medicina (Bacharelado),EP_R2_NPPIQ_PCD,1,103.215,103.215,103.215,103.215,0.0,0.0,103.215,103.215,103.215,103.215,103.215,103.215,0.0,0.0,0.0,,
Medicina (Bacharelado),EP_R2_NPPI_PCD,1,107.509,107.509,107.509,107.509,0.0,0.0,107.509,107.509,107.509,107.509,107.509,107.509,0.0,0.0,0.0,,
Medicina (Bacharelado),EP_R2_PPI,4,101.453,78.632,124.97,98.015,-22.821,-26.955,78.632,107.578,98.015,134.438,97.292,117.738,20.445,26.86,12.02,13.123,13.321
Medicina (Bacharelado),EP_R2_PPIQ,1,115.802,115.802,119.954,119.954,0.0,0.0,115.802,115.802,119.954,119.954,115.802,119.954,4.152,4.152,4.152,,
Medicina (Bacharelado),EP_R2_PPIQ_PCD,1,-27.585,-27.585,-2.377,-2.377,0.0,0.0,-27.585,-27.585,-2.377,-2.377,-27.585,-2.377,25.208,25.208,25.208,,
Medicina Veterinária (Bacharelado),AC,6,50.187,66.643,118.151,99.685,16.456,-18.466,50.187,93.664,63.333,134.95,69.067,108.721,42.4,67.964,10.751,24.469,26.301
Medicina Veterinária (Bacharelado),CN,6,47.566,55.857,86.323,55.857,8.291,-30.466,10.471,73.643,10.471,86.323,50.499,56.959,6.459,38.757,0.0,44.297,46.625
Medicina Veterinária (Bacharelado),EP_R1_NPPI,5,22.149,-2.808,44.794,16.671,-24.957,-28.123,-58.651,22.149,16.671,56.233,-2.415,34.109,36.524,76.843,19.479,-1367.78,49.956
Medicina Veterinária (Bacharelado),EP_R1_NPPIQ,1,-18.653,-18.653,20.35,20.35,0.0,0.0,-18.653,-18.653,20.35,20.35,-18.653,20.35,39.003,39.003,39.003,,
Medicina Veterinária (Bacharelado),EP_R1_PPI,4,-20.268,-33.589,43.442,27.235,-13.321,-16.207,-40.671,9.779,22.881,43.442,-21.187,32.421,53.608,76.796,13.102,-105.298,28.33
Medicina Veterinária (Bacharelado),EP_R1_PPIQ,1,-40.556,-40.556,10.004,10.004,0.0,0.0,-40.556,-40.556,10.004,10.004,-40.556,10.004,50.56,50.56,50.56,,
Medicina Veterinária (Bacharelado),EP_R2_NPPI,5,20.855,37.329,70.061,41.765,16.474,-28.296,20.855,60.933,41.765,70.061,43.878,58.41,14.533,49.206,3.258,35.001,19.471
Medicina Veterinária (Bacharelado),EP_R2_NPPIQ,1,53.433,53.433,53.433,53.433,0.0,0.0,53.433,53.433,53.433,53.433,53.433,53.433,0.0,0.0,0.0,,
Medicina Veterinária (Bacharelado),EP_R2_NPPIQ_PCD,1,-34.547,-34.547,-34.547,-34.547,0.0,0.0,-34.547,-34.547,-34.547,-34.547,-34.547,-34.547,0.0,0.0,0.0,,
Medicina Veterinária (Bacharelado),EP_R2_PPI,5,5.198,-62.784,25.608,-29.375,-67.982,-54.983,-62.784,60.745,-29.375,78.776,11.061,37.7,26.639,62.082,4.699,418.786,112.609
Medicina Veterinária (Bacharelado),EP_R2_PPIQ,1,11.522,11.522,23.973,23.973,0.0,0.0,11.522,11.522,23.973,23.973,11.522,23.973,12.451,12.451,12.451,,
Museologia (Bacharelado),AC,5,-63.96,-79.405,42.048,19.145,-15.445,-22.903,-79.405,-45.669,11.393,42.048,-63.708,26.598,90.306,106.008,71.35,-19.543,49.584
Museologia (Bacharelado),CN,3,-68.311,-38.902,-68.311,-38.902,29.409,29.409,-68.311,-38.902,-68.311,-38.902,-55.471,-55.471,0.0,0.0,0.0,-27.14,-27.14
Museologia (Bacharelado),EP_R1_NPPI,1,-54.777,-54.777,-54.777,-54.777,0.0,0.0,-54.777,-54.777,-54.777,-54.777,-54.777,-54.777,0.0,0.0,0.0,,
Museologia (Bacharelado),EP_R2_NPPI,2,-86.04,-83.171,-63.772,-5.934,2.869,57.838,-86.04,-83.171,-63.772,-5.934,-84.606,-34.853,49.753,77.237,22.268,-2.398,-117.343
Museologia (Bacharelado),EP_R2_PPI,2,-51.807,-75.472,-48.412,-75.472,-23.665,-27.06,-75.472,-51.807,-75.472,-48.412,-63.64,-61.942,1.698,3.395,0.0,-26.294,-30.891
Música (Bacharelado),AC,4,-29.764,-2.409,-29.764,65.653,27.355,95.417,-29.764,7.205,-29.764,65.653,-12.09,29.386,41.477,69.676,0.0,-143.747,140.792
Música (Licenciatura),AC,5,-66.315,-15.971,-66.315,132.273,50.344,198.588,-66.315,-15.971,-66.315,132.273,-48.315,24.625,72.939,148.244,0.0,-42.91,312.956
Música (Licenciatura),EP_R1_NPPI,2,13.326,-69.94,13.326,-69.94,-83.266,-83.266,-69.94,13.326,-69.94,13.326,-28.307,-28.307,0.0,0.0,0.0,-207.998,-207.998
Música (Licenciatura),EP_R2_NPPI,3,17.12,30.345,17.12,41.995,13.225,24.875,-0.727,30.345,-0.727,41.995,15.579,19.463,3.883,11.65,0.0,100.089,110.248
Música (Licenciatura),EP_R2_PPI,1,-64.024,-64.024,-64.024,-64.024,0.0,0.0,-64.024,-64.024,-64.024,-64.024,-64.024,-64.024,0.0,0.0,0.0,,
Nutrição (Bacharelado),AC,6,26.002,70.097,130.595,99.32,44.095,-31.275,26.002,70.097,56.753,130.595,54.602,95.65,41.048,104.593,14.764,31.349,24.77
Nutrição (Bacharelado),CN,6,3.338,50.784,26.599,50.784,47.446,24.185,-9.709,50.784,-9.709,50.784,19.344,23.221,3.877,23.261,0.0,112.401,87.624
Nutrição (Bacharelado),EP_R1_NPPI,5,-16.923,4.712,-11.802,4.712,21.635,16.514,-16.923,18.954,-11.802,18.954,5.039,6.064,1.024,5.121,0.0,276.751,197.57
Nutrição (Bacharelado),EP_R1_NPPIQ,1,-26.223,-26.223,13.911,13.911,0.0,0.0,-26.223,-26.223,13.911,13.911,-26.223,13.911,40.134,40.134,40.134,,
Nutrição (Bacharelado),EP_R1_PPI,4,-65.619,-25.597,-1.114,3.043,40.022,4.157,-65.619,-25.597,-1.114,22.813,-42.421,6.548,48.97,70.173,28.64,-42.466,167.632
Nutrição (Bacharelado),EP_R1_PPIQ,1,-31.894,-31.894,-31.894,-31.894,0.0,0.0,-31.894,-31.894,-31.894,-31.894,-31.894,-31.894,0.0,0.0,0.0,,
Nutrição (Bacharelado),EP_R2_NPPI,5,41.689,3.412,53.407,36.899,-38.277,-16.508,3.412,79.99,24.985,79.99,39.687,48.728,9.041,33.487,0.0,71.663,42.345
Nutrição (Bacharelado),EP_R2_NPPIQ,1,31.534,31.534,31.534,31.534,0.0,0.0,31.534,31.534,31.534,31.534,31.534,31.534,0.0,0.0,0.0,,
Nutrição (Bacharelado),EP_R2_PPI,5,-6.959,-67.72,42.128,-67.72,-60.761,-109.848,-67.72,-5.548,-67.72,47.747,-24.803,16.322,41.125,77.666,0.0,-104.298,299.423
Nutrição (Bacharelado),EP_R2_PPIQ,1,-7.668,-7.668,10.936,10.936,0.0,0.0,-7.668,-7.668,10.936,10.936,-7.668,10.936,18.604,18.604,18.604,,
Odontologia (Bacharelado),AC,6,49.534,91.436,136.8,127.254,41.902,-9.546,49.534,97.52,71.127,136.8,78.348,113.736,36.075,87.266,11.775,24.806,23.558
Odontologia (Bacharelado),CN,6,78.514,55.21,98.713,55.21,-23.304,-43.503,9.216,78.514,9.216,98.713,45.687,49.053,3.366,20.199,0.0,59.806,66.989
Odontologia (Bacharelado),EP_R1_NPPI,5,21.849,11.177,57.888,11.177,-10.672,-46.711,11.177,69.514,11.177,69.514,34.842,42.049,7.208,36.039,0.0,71.002,60.051
Odontologia (Bacharelado),EP_R1_NPPIQ,1,-36.853,-36.853,-34.533,-34.533,0.0,0.0,-36.853,-36.853,-34.533,-34.533,-36.853,-34.533,2.32,2.32,2.32,,
Odontologia (Bacharelado),EP_R1_PPI,4,-48.765,-2.387,42.043,50.584,46.378,8.541,-50.524,16.771,21.783,54.234,-21.226,42.161,63.387,90.808,37.463,-158.961,34.426
Odontologia (Bacharelado),EP_R1_PPIQ,1,-62.296,-62.296,-47.773,-47.773,0.0,0.0,-62.296,-62.296,-47.773,-47.773,-62.296,-47.773,14.523,14.523,14.523,,
Odontologia (Bacharelado),EP_R2_NPPI,5,30.482,35.47,58.714,36.069,4.988,-22.645,30.482,113.007,36.069,113.007,64.764,70.53,5.766,28.232,0.0,52.108,40.202
Odontologia (Bacharelado),EP_R2_NPPIQ,1,84.068,84.068,84.068,84.068,0.0,0.0,84.068,84.068,84.068,84.068,84.068,84.068,0.0,0.0,0.0,,
Odontologia (Bacharelado),EP_R2_PPI,5,29.357,-50.627,66.986,2.933,-79.984,-64.053,-50.627,50.089,0.839,97.122,9.814,49.937,40.123,55.937,21.773,443.762,90.406
Odontologia (Bacharelado),EP_R2_PPIQ,1,-28.308,-28.308,0.733,0.733,0.0,0.0,-28.308,-28.308,0.733,0.733,-28.308,0.733,29.041,29.041,29.041,,
Pedagogia (Licenciatura),AC,11,-65.666,-24.607,20.859,-8.018,41.059,-28.877,-98.292,-4.674,-22.179,65.014,-46.147,19.063,65.21,92.024,16.589,-71.191,170.547
Pedagogia (Licenciatura),CN,10,-89.114,-25.37,7.463,-25.37,63.744,-32.833,-89.114,17.691,-52.111,17.691,-26.657,-8.265,18.392,96.577,0.0,-111.379,-266.263
Pedagogia (Licenciatura),EP_R1_NPPI,7,-78.056,-65.559,3.175,-52.908,12.497,-56.083,-78.056,-2.29,-55.588,26.289,-47.979,-13.223,34.756,81.231,10.389,-54.18,-258.918
Pedagogia (Licenciatura),EP_R1_NPPIQ,1,-58.937,-58.937,-19.995,-19.995,0.0,0.0,-58.937,-58.937,-19.995,-19.995,-58.937,-19.995,38.942,38.942,38.942,,
Pedagogia (Licenciatura),EP_R1_PPI,7,-81.497,-96.102,2.447,-18.331,-14.605,-20.778,-96.102,-36.471,-41.609,26.623,-68.665,-7.934,60.731,83.944,11.669,-32.883,-275.842
Pedagogia (Licenciatura),EP_R2_NPPI,9,-76.273,-70.173,-1.675,-54.697,6.1,-53.022,-76.273,-8.669,-54.697,22.02,-45.948,-13.311,32.638,74.598,0.086,-58.963,-184.689
Pedagogia (Licenciatura),EP_R2_NPPIQ,2,-39.068,-73.336,-5.105,-46.101,-34.268,-40.996,-73.336,-39.068,-46.101,-5.105,-56.202,-25.603,30.599,33.963,27.235,-43.114,-113.223
Pedagogia (Licenciatura),EP_R2_PPI,8,-81.223,-16.966,-8.872,-16.966,64.257,-8.094,-92.894,-14.474,-28.92,17.832,-52.156,-7.9,44.256,110.726,0.0,-63.787,-187.332
Pedagogia (Licenciatura),EP_R2_PPIQ,1,-62.243,-62.243,-20.304,-20.304,0.0,0.0,-62.243,-62.243,-20.304,-20.304,-62.243,-20.304,41.939,41.939,41.939,,
Psicologia (Bacharelado / Licenciatura / Psicólogo),AC,5,80.474,92.692,117.229,149.897,12.218,32.668,80.474,105.646,93.909,149.897,91.697,129.337,37.64,57.205,12.356,11.767,18.196
Psicologia (Bacharelado / Licenciatura / Psicólogo),CN,6,41.936,83.135,77.339,83.135,41.199,5.796,19.287,83.135,19.287,83.135,53.849,59.749,5.9,35.403,0.0,39.869,37.466
Psicologia (Bacharelado / Licenciatura / Psicólogo),EP_R1_NPPI,5,-0.561,3.278,39.193,8.523,3.839,-30.67,-0.561,47.859,8.523,69.85,23.827,40.429,16.602,39.754,1.944,92.55,53.916
Psicologia (Bacharelado / Licenciatura / Psicólogo),EP_R1_NPPIQ,1,0.742,0.742,19.87,19.87,0.0,0.0,0.742,0.742,19.87,19.87,0.742,19.87,19.128,19.128,19.128,,
Psicologia (Bacharelado / Licenciatura / Psicólogo),EP_R1_NPPI_PCD,1,-11.536,-11.536,-11.536,-11.536,0.0,0.0,-11.536,-11.536,-11.536,-11.536,-11.536,-11.536,0.0,0.0,0.0,,
Psicologia (Bacharelado / Licenciatura / Psicólogo),EP_R1_PPI,5,-25.958,-60.075,38.511,-34.654,-34.117,-73.165,-60.075,32.086,-34.654,61.601,-4.667,28.65,33.317,64.469,10.899,-815.83,128.787
Psicologia (Bacharelado / Licenciatura / Psicólogo),EP_R1_PPIQ,1,-37.309,-37.309,2.578,2.578,0.0,0.0,-37.309,-37.309,2.578,2.578,-37.309,2.578,39.887,39.887,39.887,,
Psicologia (Bacharelado / Licenciatura / Psicólogo),EP_R2_NPPI,4,59.772,62.168,78.747,80.75,2.396,2.003,59.772,112.073,78.747,117.01,78.771,89.395,10.624,18.975,0.0,30.67,20.626
Psicologia (Bacharelado / Licenciatura / Psicólogo),EP_R2_NPPIQ,1,75.146,75.146,75.146,75.146,0.0,0.0,75.146,75.146,75.146,75.146,75.146,75.146,0.0,0.0,0.0,,
Psicologia (Bacharelado / Licenciatura / Psicólogo),EP_R2_NPPIQ_PCD,1,-2.927,-2.927,-2.927,-2.927,0.0,0.0,-2.927,-2.927,-2.927,-2.927,-2.927,-2.927,0.0,0.0,0.0,,
Psicologia (Bacharelado / Licenciatura / Psicólogo),EP_R2_NPPI_PCD,1,2.412,2.412,2.412,2.412,0.0,0.0,2.412,2.412,2.412,2.412,2.412,2.412,0.0,0.0,0.0,,
Psicologia (Bacharelado / Licenciatura / Psicólogo),EP_R2_PPI,5,7.086,-3.291,84.313,10.344,-10.377,-73.969,-3.291,43.34,10.344,84.313,18.975,52.422,33.448,77.227,13.635,95.012,56.179
Psicologia (Bacharelado / Licenciatura / Psicólogo),EP_R2_PPIQ,1,29.315,29.315,44.612,44.612,0.0,0.0,29.315,29.315,44.612,44.612,29.315,44.612,15.297,15.297,15.297,,
Química (Bacharelado),AC,6,-58.334,5.562,47.376,107.231,63.896,59.855,-58.334,40.202,32.131,126.092,7.118,85.144,78.026,105.71,27.825,495.446,43.873
Química (Bacharelado),CN,5,6.547,-10.181,6.547,-10.181,-16.728,-16.728,-22.823,6.547,-22.823,6.547,-7.646,-7.646,0.0,0.0,0.0,-142.521,-142.521
Química (Bacharelado),EP_R1_NPPI,3,-31.14,-57.812,10.829,20.502,-26.672,9.673,-57.812,28.834,10.829,28.834,-20.039,20.055,40.094,78.314,0.0,-221.449,44.931
Química (Bacharelado),EP_R1_PPI,1,22.563,22.563,26.649,26.649,0.0,0.0,22.563,22.563,26.649,26.649,22.563,26.649,4.086,4.086,4.086,,
Química (Bacharelado),EP_R2_NPPI,5,-23.583,-76.374,22.033,-76.374,-52.791,-98.407,-76.374,-23.583,-76.374,57.929,-42.078,8.913,50.991,95.522,0.0,-49.785,603.371
Química (Bacharelado),EP_R2_NPPIQ,1,-54.782,-54.782,11.654,11.654,0.0,0.0,-54.782,-54.782,11.654,11.654,-54.782,11.654,66.436,66.436,66.436,,
Química (Bacharelado),EP_R2_PPI,3,30.256,-43.672,30.256,-43.672,-73.928,-73.928,-43.672,30.256,-43.672,30.256,-12.026,2.692,14.717,44.152,0.0,-316.774,1500.579
Química (Bacharelado),EP_R2_PPIQ,1,-12.868,-12.868,-12.868,-12.868,0.0,0.0,-12.868,-12.868,-12.868,-12.868,-12.868,-12.868,0.0,0.0,0.0,,
Química (Licenciatura),AC,5,-16.564,-54.702,-16.564,44.043,-38.138,60.607,-54.702,0.306,-32.77,44.043,-25.015,7.389,32.404,98.745,0.0,-81.62,462.258
Química (Licenciatura),CN,1,-44.645,-44.645,-44.645,-44.645,0.0,0.0,-44.645,-44.645,-44.645,-44.645,-44.645,-44.645,0.0,0.0,0.0,,
Química (Licenciatura),EP_R1_NPPI,2,13.391,-30.874,13.391,-30.874,-44.265,-44.265,-30.874,13.391,-30.874,13.391,-8.741,-8.741,0.0,0.0,0.0,-358.063,-358.063
Química (Licenciatura),EP_R1_PPI,1,-59.081,-59.081,-1.061,-1.061,0.0,0.0,-59.081,-59.081,-1.061,-1.061,-59.081,-1.061,58.02,58.02,58.02,,
Química (Licenciatura),EP_R2_NPPI,4,-73.401,-22.384,-15.838,-22.241,51.017,-6.403,-73.401,11.482,-30.664,11.482,-28.742,-14.315,14.426,57.563,0.0,-121.467,-127.405
Química (Licenciatura),EP_R2_PPI,2,-24.258,-35.787,-24.258,12.099,-11.529,36.357,-35.787,-24.258,-24.258,12.099,-30.022,-6.079,23.943,47.886,0.0,-27.154,-422.868
Química Tecnológica (Bacharelado),AC,5,-47.561,-30.086,-17.112,126.278,17.475,143.39,-67.895,-23.379,-17.112,126.278,-45.067,52.796,97.863,156.364,30.449,-40.778,98.173
Química Tecnológica (Bacharelado),CN,2,-32.241,-2.177,-32.241,-2.177,30.064,30.064,-32.241,-2.177,-32.241,-2.177,-17.209,-17.209,0.0,0.0,0.0,-123.531,-123.531
Química Tecnológica (Bacharelado),EP_R1_NPPI,1,23.339,23.339,23.339,23.339,0.0,0.0,23.339,23.339,23.339,23.339,23.339,23.339,0.0,0.0,0.0,,
Química Tecnológica (Bacharelado),EP_R2_NPPI,4,26.655,-53.722,26.655,-27.07,-80.377,-53.725,-53.722,26.655,-27.683,26.655,-18.784,-7.843,10.941,26.652,0.0,-178.353,-327.087
Química Tecnológica (Bacharelado),EP_R2_PPI,2,-45.547,-30.902,-45.547,31.362,14.645,76.909,-45.547,-30.902,-45.547,31.362,-38.224,-7.092,31.132,62.264,0.0,-27.091,-766.766
Relações Internacionais (Bacharelado),AC,6,73.157,105.105,133.87,162.477,31.948,28.607,68.855,105.105,80.765,162.477,88.904,133.283,46.261,60.713,11.91,16.343,23.564
Relações Internacionais (Bacharelado),CN,6,39.989,100.775,43.033,100.775,60.786,57.742,39.989,100.775,43.033,100.775,68.227,68.734,0.507,3.044,0.0,37.481,36.258
Relações Internacionais (Bacharelado),EP_R1_NPPI,5,-9.56,-5.024,59.411,0.805,4.536,-58.606,-9.56,18.254,0.805,64.536,5.755,41.027,35.272,68.971,5.829,213.436,64.475
Relações Internacionais (Bacharelado),EP_R1_NPPIQ,1,-59.284,-59.284,22.165,22.165,0.0,0.0,-59.284,-59.284,22.165,22.165,-59.284,22.165,81.449,81.449,81.449,,
Relações Internacionais (Bacharelado),EP_R1_PPI,4,-37.873,-25.567,-35.003,81.011,12.306,116.014,-37.873,17.31,-35.003,81.011,-18.284,29.052,47.336,106.578,2.87,-133.213,197.443
Relações Internacionais (Bacharelado),EP_R2_NPPI,4,35.713,34.208,88.167,34.299,-1.505,-53.868,34.208,68.634,34.299,88.167,47.436,61.691,14.255,52.454,0.0,33.902,38.496
Relações Internacionais (Bacharelado),EP_R2_NPPIQ,1,72.126,72.126,90.752,90.752,0.0,0.0,72.126,72.126,90.752,90.752,72.126,90.752,18.626,18.626,18.626,,
Relações Internacionais (Bacharelado),EP_R2_NPPI_PCD,1,22.69,22.69,22.69,22.69,0.0,0.0,22.69,22.69,22.69,22.69,22.69,22.69,0.0,0.0,0.0,,
Relações Internacionais (Bacharelado),EP_R2_PPI,5,-23.088,-29.25,43.825,-2.275,-6.162,-46.1,-29.25,46.911,-2.275,54.101,-2.365,26.447,41.131,66.913,20.39,-1282.845,101.403
Relações Internacionais (Bacharelado),EP_R2_PPIQ,1,1.225,1.225,60.338,60.338,0.0,0.0,1.225,1.225,60.338,60.338,1.225,60.338,59.113,59.113,59.113,,
Saúde Coletiva (Bacharelado),AC,10,-87.136,-72.556,-3.078,9.485,14.58,12.563,-90.691,-47.301,-44.554,25.273,-73.137,-5.447,67.69,104.99,10.582,-18.758,-323.435
Saúde Coletiva (Bacharelado),CN,4,-38.727,-37.506,-38.727,-37.506,1.221,1.221,-39.762,-18.853,-38.727,-18.853,-33.712,-30.991,2.721,10.885,0.0,-29.511,-29.696
Saúde Coletiva (Bacharelado),EP_R1_NPPI,5,-71.408,-5.497,-43.768,-5.497,65.911,38.271,-92.731,-1.391,-92.731,-1.391,-45.261,-34.994,10.267,27.64,0.0,-89.359,-105.204
Saúde Coletiva (Bacharelado),EP_R1_PPI,5,-82.285,-78.911,-1.885,-78.911,3.374,-77.026,-105.487,-34.476,-105.487,-1.885,-73.181,-48.718,24.463,80.4,0.0,-35.69,-87.09
Saúde Coletiva (Bacharelado),EP_R2_NPPI,7,-62.249,-85.042,-43.547,-50.55,-22.793,-7.003,-95.903,-11.312,-50.55,-11.312,-62.333,-32.19,30.143,67.707,0.0,-45.172,-40.148
Saúde Coletiva (Bacharelado),EP_R2_PPI,5,-63.379,-76.202,-4.543,-9.79,-12.823,-5.247,-88.498,-20.34,-58.614,-4.543,-61.407,-27.746,33.66,66.412,0.0,-41.924,-84.171
Serviço Social (Bacharelado),AC,10,-58.484,-61.117,45.897,-3.129,-2.633,-49.026,-76.148,3.922,-17.915,58.364,-48.13,20.756,68.886,107.7,52.977,-48.212,125.792
Serviço Social (Bacharelado),CN,8,3.008,-34.475,26.594,-34.475,-37.483,-61.069,-41.755,16.93,-41.755,26.594,-14.31,-10.204,4.106,23.586,0.0,-167.985,-258.898
Serviço Social (Bacharelado),EP_R1_NPPI,5,-96.288,-31.822,-53.106,-31.822,64.466,21.284,-96.288,-19.616,-53.956,-18.297,-47.352,-38.452,8.9,43.182,0.0,-63.351,-39.37
Serviço Social (Bacharelado),EP_R1_PPI,6,-48.812,-46.647,-28.138,-46.647,2.165,-18.509,-48.812,-10.261,-46.647,19.595,-34.055,-22.882,11.173,29.856,0.0,-45.059,-98.709
Serviço Social (Bacharelado),EP_R2_NPPI,7,-51.891,-61.49,-31.824,-36.38,-9.599,-4.556,-61.615,-33.578,-61.615,-2.724,-51.572,-23.856,27.716,53.294,0.0,-22.174,-86.861
Serviço Social (Bacharelado),EP_R2_NPPIQ,1,-49.665,-49.665,-35.419,-35.419,0.0,0.0,-49.665,-49.665,-35.419,-35.419,-49.665,-35.419,14.246,14.246,14.246,,
Serviço Social (Bacharelado),EP_R2_PPI,5,-65.588,-45.238,-13.972,-45.238,20.35,-31.266,-65.588,-33.215,-45.238,1.085,-49.177,-16.988,32.189,51.616,0.0,-24.431,-109.073
Serviço Social (Bacharelado),EP_R2_PPIQ,1,-37.837,-37.837,-37.837,-37.837,0.0,0.0,-37.837,-37.837,-37.837,-37.837,-37.837,-37.837,0.0,0.0,0.0,,
"Teoria, Crítica e História da Arte (Bacharelado)",AC,5,-74.639,-22.04,-74.639,8.621,52.599,83.26,-74.639,-0.054,-74.639,50.763,-43.551,0.583,44.135,81.734,0.0,-72.011,8098.315
"Teoria, Crítica e História da Arte (Bacharelado)",CN,1,4.736,4.736,4.736,4.736,0.0,0.0,4.736,4.736,4.736,4.736,4.736,4.736,0.0,0.0,0.0,,
"Teoria, Crítica e História da Arte (Bacharelado)",EP_R1_PPI,1,3.161,3.161,3.161,3.161,0.0,0.0,3.161,3.161,3.161,3.161,3.161,3.161,0.0,0.0,0.0,,
"Teoria, Crítica e História da Arte (Bacharelado)",EP_R2_NPPI,1,-27.615,-27.615,-13.504,-13.504,0.0,0.0,-27.615,-27.615,-13.504,-13.504,-27.615,-13.504,14.111,14.111,14.111,,
"Teoria, Crítica e História da Arte (Bacharelado)",EP_R2_PPI,1,-51.341,-51.341,-51.341,-51.341,0.0,0.0,-51.341,-51.341,-51.341,-51.341,-51.341,-51.341,0.0,0.0,0.0,,
Terapia Ocupacional (Bacharelado),AC,6,-73.944,2.706,20.377,46.76,76.65,26.383,-73.944,2.706,-12.674,51.395,-28.596,27.989,56.585,94.321,27.707,-93.611,86.116
Terapia Ocupacional (Bacharelado),CN,5,5.337,-18.436,6.491,-18.436,-23.773,-24.927,-31.006,8.543,-31.006,8.543,-8.855,-8.624,0.231,1.154,0.0,-186.133,-194.066
Terapia Ocupacional (Bacharelado),EP_R1_NPPI,4,-92.652,-88.602,-4.201,-3.99,4.05,0.211,-92.652,-29.114,-38.795,-3.99,-62.291,-18.101,44.19,88.451,0.0,-52.976,-94.301
Terapia Ocupacional (Bacharelado),EP_R1_NPPIQ,1,-82.855,-82.855,-36.853,-36.853,0.0,0.0,-82.855,-82.855,-36.853,-36.853,-82.855,-36.853,46.002,46.002,46.002,,
Terapia Ocupacional (Bacharelado),EP_R1_PPI,3,-62.296,-16.701,-38.06,-16.701,45.595,21.359,-76.773,-16.701,-38.06,55.294,-51.923,0.178,52.101,132.067,0.0,-60.378,27530.354
Terapia Ocupacional (Bacharelado),EP_R2_NPPI,5,-74.63,-98.316,27.307,-37.282,-23.686,-64.589,-98.316,-14.518,-37.282,37.811,-58.503,1.946,60.449,101.937,39.118,-53.621,1614.015
Terapia Ocupacional (Bacharelado),EP_R2_NPPIQ,1,-14.671,-14.671,-6.035,-6.035,0.0,0.0,-14.671,-14.671,-6.035,-6.035,-14.671,-6.035,8.636,8.636,8.636,,
Terapia Ocupacional (Bacharelado),EP_R2_PPI,3,-45.148,-37.682,-25.927,-4.11,7.466,21.817,-69.768,-37.682,-25.927,9.306,-50.866,-6.91,43.956,79.074,19.221,-33.008,-257.334
Terapia Ocupacional (Bacharelado),EP_R2_PPIQ,1,-72.221,-72.221,-22.382,-22.382,0.0,0.0,-72.221,-72.221,-22.382,-22.382,-72.221,-22.382,49.839,49.839,49.839,,
Turismo (Bacharelado),AC,5,-101.482,-62.252,-8.137,51.489,39.23,59.626,-101.482,-62.252,-32.42,51.489,-86.439,8.805,95.244,113.741,62.701,-17.429,357.254
Turismo (Bacharelado),CN,4,-21.951,-53.591,-21.951,-53.591,-31.64,-31.64,-53.591,-21.951,-53.591,-21.951,-36.583,-36.583,0.0,0.0,0.0,-45.243,-45.243
Turismo (Bacharelado),EP_R1_NPPI,3,-35.506,-13.362,-35.506,-7.216,22.144,28.29,-64.42,-13.362,-64.42,-7.216,-37.763,-35.714,2.049,6.146,0.0,-67.802,-80.088
Turismo (Bacharelado),EP_R1_PPI,1,-54.814,-54.814,-54.814,-54.814,0.0,0.0,-54.814,-54.814,-54.814,-54.814,-54.814,-54.814,0.0,0.0,0.0,,
Turismo (Bacharelado),EP_R2_NPPI,4,-64.299,-70.349,-37.943,-23.007,-6.05,14.936,-79.506,-20.793,-37.943,-20.793,-58.737,-26.593,32.144,54.876,0.0,-44.362,-29.061
Turismo (Bacharelado),EP_R2_PPI,1,-68.241,-68.241,-14.636,-14.636,0.0,0.0,-68.241,-68.241,-14.636,-14.636,-68.241,-14.636,53.605,53.605,53.605,,
