id_oferta,id_oferta_num,curso,campus,turno,modalidade_normalizada,observacoes,primeira_nota_min,ultima_nota_min,primeira_nota_max,ultima_nota_max,delta_min,delta_max,delta_min_pct,delta_max_pct,velocidade_min,velocidade_max,media_min,media_max,desvio_min,desvio_max,coef_var_min,coef_var_max,amplitude_media,amplitude_min,amplitude_max
Administração (Bacharelado) | Darcy Ribeiro | Diurno | AC | EP=False | R=NA | GE=NA | PCD=False | SM=NA,1,Administração (Bacharelado),Darcy Ribeiro,Diurno,AC,6,-5.813,38.131,69.035,99.156,43.944,30.121,-755.961,43.631,8.789,6.024,26.868,82.398,23.412,37.802,87.136,45.877,55.53,12.67,83.595
Administração (Bacharelado) | Darcy Ribeiro | Noturno | AC | EP=False | R=NA | GE=NA | PCD=False | SM=NA,2,Administração (Bacharelado),Darcy Ribeiro,Noturno,AC,6,-98.9,-7.05,38.986,44.901,91.85,5.915,-92.872,15.172,18.37,1.183,-38.006,40.601,42.97,45.085,-113.06,111.043,78.608,46.121,137.886
Administração (Bacharelado) | Darcy Ribeiro | Diurno | CN | EP=False | R=NA | GE=NEGROS | PCD=False | SM=NA,3,Administração (Bacharelado),Darcy Ribeiro,Diurno,CN,6,-40.808,-12.58,3.022,6.842,28.228,3.82,-69.173,126.406,5.646,0.764,-28.12,-7.373,22.874,36.28,-81.344,-492.069,20.747,0.0,49.68
Administração (Bacharelado) | Darcy Ribeiro | Noturno | CN | EP=False | R=NA | GE=NEGROS | PCD=False | SM=NA,4,Administração (Bacharelado),Darcy Ribeiro,Noturno,CN,5,-3.806,-54.846,1.212,-53.83,-51.04,-55.042,1341.04,-4541.419,-12.76,-13.76,-23.06,-6.654,26.464,27.61,-114.765,-414.944,16.406,1.016,67.953
Administração (Bacharelado) | Darcy Ribeiro | Diurno | EP_R1_NPPI | EP=True | R=R1 | GE=NPPI | PCD=False | SM=1.5,5,Administração (Bacharelado),Darcy Ribeiro,Diurno,EP_R1_NPPI,4,-90.624,-59.221,-3.524,-21.197,31.403,-17.673,-34.652,501.504,10.468,-5.891,-51.749,-2.144,31.566,15.322,-60.997,-714.546,49.605,15.374,87.1
Administração (Bacharelado) | Darcy Ribeiro | Noturno | EP_R1_NPPI | EP=True | R=R1 | GE=NPPI | PCD=False | SM=1.5,6,Administração (Bacharelado),Darcy Ribeiro,Noturno,EP_R1_NPPI,4,-64.264,-45.664,-17.504,6.082,18.6,23.586,-28.943,-134.746,6.2,7.862,-43.377,-8.615,15.577,21.557,-35.91,-250.23,34.762,0.0,51.746
Administração (Bacharelado) | Darcy Ribeiro | Diurno | EP_R1_NPPIQ | EP=True | R=R1 | GE=NPPIQ | PCD=False | SM=1.0,7,Administração (Bacharelado),Darcy Ribeiro,Diurno,EP_R1_NPPIQ,1,-67.831,-67.831,-19.227,-19.227,0.0,0.0,-0.0,-0.0,,,-67.831,-19.227,,,,,48.604,48.604,48.604
Administração (Bacharelado) | Darcy Ribeiro | Diurno | EP_R1_PPI | EP=True | R=R1 | GE=PPI | PCD=False | SM=1.5,8,Administração (Bacharelado),Darcy Ribeiro,Diurno,EP_R1_PPI,4,-32.289,-53.789,-1.11,-9.772,-21.5,-8.662,66.586,780.36,-7.167,-2.887,-42.766,7.238,9.419,15.355,-22.024,212.143,50.004,31.179,62.919
Administração (Bacharelado) | Darcy Ribeiro | Noturno | EP_R1_PPI | EP=True | R=R1 | GE=PPI | PCD=False | SM=1.5,9,Administração (Bacharelado),Darcy Ribeiro,Noturno,EP_R1_PPI,3,2.342,-46.477,2.342,-16.586,-48.819,-18.928,-2084.5,-808.198,-24.409,-9.464,-38.741,-8.798,37.814,9.899,-97.606,-112.519,29.944,0.0,59.94
Administração (Bacharelado) | Darcy Ribeiro | Diurno | EP_R2_NPPI | EP=True | R=R2 | GE=NPPI | PCD=False | SM=1.5,10,Administração (Bacharelado),Darcy Ribeiro,Diurno,EP_R2_NPPI,5,-80.471,-77.484,-26.835,-34.03,2.987,-7.195,-3.712,26.812,0.747,-1.799,-31.063,22.259,44.632,51.531,-143.68,231.504,53.323,20.057,96.336
Administração (Bacharelado) | Darcy Ribeiro | Noturno | EP_R2_NPPI | EP=True | R=R2 | GE=NPPI | PCD=False | SM=1.5,11,Administração (Bacharelado),Darcy Ribeiro,Noturno,EP_R2_NPPI,4,-30.302,-63.326,31.847,12.204,-33.024,-19.643,108.983,-61.679,-11.008,-6.548,-28.627,15.661,25.012,11.83,-87.372,75.538,44.288,16.106,75.53
Administração (Bacharelado) | Darcy Ribeiro | Diurno | EP_R2_NPPIQ | EP=True | R=R2 | GE=NPPIQ | PCD=False | SM=1.0,12,Administração (Bacharelado),Darcy Ribeiro,Diurno,EP_R2_NPPIQ,1,-17.433,-17.433,18.394,18.394,0.0,0.0,-0.0,0.0,,,-17.433,18.394,,,,,35.827,35.827,35.827
Administração (Bacharelado) | Darcy Ribeiro | Noturno | EP_R2_NPPIQ | EP=True | R=R2 | GE=NPPIQ | PCD=False | SM=1.0,13,Administração (Bacharelado),Darcy Ribeiro,Noturno,EP_R2_NPPIQ,1,-55.503,-55.503,-4.817,-4.817,0.0,0.0,-0.0,-0.0,,,-55.503,-4.817,,,,,50.686,50.686,50.686
Administração (Bacharelado) | Darcy Ribeiro | Diurno | EP_R2_PPI | EP=True | R=R2 | GE=PPI | PCD=False | SM=1.5,14,Administração (Bacharelado),Darcy Ribeiro,Diurno,EP_R2_PPI,4,-66.919,-51.29,-1.149,2.093,15.629,3.242,-23.355,-282.158,5.21,1.081,-41.334,4.658,22.805,8.363,-55.171,179.556,45.992,31.257,65.77
Administração (Bacharelado) | Darcy Ribeiro | Noturno | EP_R2_PPI | EP=True | R=R2 | GE=PPI | PCD=False | SM=1.5,15,Administração (Bacharelado),Darcy Ribeiro,Noturno,EP_R2_PPI,3,-74.731,-84.174,-4.551,-84.174,-9.443,-79.623,12.636,1749.572,-4.722,-39.812,-70.191,-31.612,16.722,45.527,-23.824,-144.02,38.579,0.0,70.18
Administração (Bacharelado) | Darcy Ribeiro | Diurno | EP_R2_PPIQ | EP=True | R=R2 | GE=PPIQ | PCD=False | SM=1.0,16,Administração (Bacharelado),Darcy Ribeiro,Diurno,EP_R2_PPIQ,1,-25.422,-25.422,-3.245,-3.245,0.0,0.0,-0.0,-0.0,,,-25.422,-3.245,,,,,22.177,22.177,22.177
Agronomia (Bacharelado) | Darcy Ribeiro | Diurno | AC | EP=False | R=NA | GE=NA | PCD=False | SM=NA,17,Agronomia (Bacharelado),Darcy Ribeiro,Diurno,AC,6,-82.562,-5.377,39.359,112.172,77.185,72.813,-93.487,184.997,15.437,14.563,-34.375,56.917,42.405,59.647,-123.361,104.798,91.291,45.7,121.921
Agronomia (Bacharelado) | Darcy Ribeiro | Diurno | CN | EP=False | R=NA | GE=NEGROS | PCD=False | SM=NA,18,Agronomia (Bacharelado),Darcy Ribeiro,Diurno,CN,5,-56.023,-22.112,-9.606,-14.127,33.911,-4.521,-60.53,47.064,8.478,-1.13,-50.545,-9.118,32.126,36.998,-63.56,-405.773,41.427,7.985,119.122
Agronomia (Bacharelado) | Darcy Ribeiro | Diurno | EP_R1_NPPI | EP=True | R=R1 | GE=NPPI | PCD=False | SM=1.5,19,Agronomia (Bacharelado),Darcy Ribeiro,Diurno,EP_R1_NPPI,3,-64.547,-28.599,-64.547,19.269,35.948,83.816,-55.693,-129.853,17.974,41.908,-47.828,-3.813,18.105,53.1,-37.854,-1392.717,44.015,0.0,84.177
Agronomia (Bacharelado) | Darcy Ribeiro | Diurno | EP_R1_NPPIQ | EP=True | R=R1 | GE=NPPIQ | PCD=False | SM=1.0,20,Agronomia (Bacharelado),Darcy Ribeiro,Diurno,EP_R1_NPPIQ,1,-56.39,-56.39,-56.39,-56.39,0.0,0.0,-0.0,-0.0,,,-56.39,-56.39,,,,,0.0,0.0,0.0
Agronomia (Bacharelado) | Darcy Ribeiro | Diurno | EP_R1_PPI | EP=True | R=R1 | GE=PPI | PCD=False | SM=1.5,21,Agronomia (Bacharelado),Darcy Ribeiro,Diurno,EP_R1_PPI,4,-73.408,-64.647,-29.038,-16.992,8.761,12.046,-11.935,-41.484,2.92,4.015,-70.283,-40.531,9.913,28.968,-14.105,-71.472,29.752,0.0,47.655
Agronomia (Bacharelado) | Darcy Ribeiro | Diurno | EP_R2_NPPI | EP=True | R=R2 | GE=NPPI | PCD=False | SM=1.5,22,Agronomia (Bacharelado),Darcy Ribeiro,Diurno,EP_R2_NPPI,4,-58.889,-35.875,21.927,1.054,23.014,-20.873,-39.08,-95.193,7.671,-6.958,-58.995,21.669,25.235,15.443,-42.775,71.267,80.664,36.929,119.523
Agronomia (Bacharelado) | Darcy Ribeiro | Diurno | EP_R2_NPPIQ | EP=True | R=R2 | GE=NPPIQ | PCD=False | SM=1.0,23,Agronomia (Bacharelado),Darcy Ribeiro,Diurno,EP_R2_NPPIQ,1,-58.036,-58.036,-13.042,-13.042,0.0,0.0,-0.0,-0.0,,,-58.036,-13.042,,,,,44.994,44.994,44.994
Agronomia (Bacharelado) | Darcy Ribeiro | Diurno | EP_R2_PPI | EP=True | R=R2 | GE=PPI | PCD=False | SM=1.5,24,Agronomia (Bacharelado),Darcy Ribeiro,Diurno,EP_R2_PPI,4,-67.906,-61.917,-36.5,-4.933,5.989,31.567,-8.82,-86.485,1.996,10.522,-72.736,,9.394,,-12.915,,,,
Agronomia (Bacharelado) | Darcy Ribeiro | Diurno | EP_R2_PPIQ | EP=True | R=R2 | GE=PPIQ | PCD=False | SM=1.0,25,Agronomia (Bacharelado),Darcy Ribeiro,Diurno,EP_R2_PPIQ,1,-62.778,-62.778,-36.2,-36.2,0.0,0.0,-0.0,-0.0,,,-62.778,-36.2,,,,,26.578,26.578,26.578
Arquitetura e Urbanismo (Bacharelado) | Darcy Ribeiro | Diurno | AC | EP=False | R=NA | GE=NA | PCD=False | SM=NA,26,Arquitetura e Urbanismo (Bacharelado),Darcy Ribeiro,Diurno,AC,6,65.986,98.047,111.643,146.303,32.061,34.66,48.588,31.045,6.412,6.932,79.586,,13.352,,16.777,,,,
Arquitetura e Urbanismo (Bacharelado) | Darcy Ribeiro | Noturno | AC | EP=False | R=NA | GE=NA | PCD=False | SM=NA,27,Arquitetura e Urbanismo (Bacharelado),Darcy Ribeiro,Noturno,AC,6,-31.822,48.138,62.419,74.131,79.96,11.712,-251.273,18.764,15.992,2.342,24.09,63.998,37.087,25.328,153.954,39.576,39.908,14.709,94.241
Arquitetura e Urbanismo (Bacharelado) | Darcy Ribeiro | Diurno | CN | EP=False | R=NA | GE=NEGROS | PCD=False | SM=NA,28,Arquitetura e Urbanismo (Bacharelado),Darcy Ribeiro,Diurno,CN,6,46.911,65.15,54.412,65.15,18.239,10.738,38.88,19.735,3.648,2.148,54.41,55.66,19.643,19.306,36.103,34.687,1.25,0.0,7.501
Arquitetura e Urbanismo (Bacharelado) | Darcy Ribeiro | Noturno | CN | EP=False | R=NA | GE=NEGROS | PCD=False | SM=NA,29,Arquitetura e Urbanismo (Bacharelado),Darcy Ribeiro,Noturno,CN,6,-66.223,23.271,-53.075,23.271,89.494,76.346,-135.14,-143.846,17.899,15.269,-25.271,-23.08,36.803,34.174,-145.634,-148.073,2.191,0.0,13.148
Arquitetura e Urbanismo (Bacharelado) | Darcy Ribeiro | Diurno | EP_R1_NPPI | EP=True | R=R1 | GE=NPPI | PCD=False | SM=1.5,30,Arquitetura e Urbanismo (Bacharelado),Darcy Ribeiro,Diurno,EP_R1_NPPI,4,-74.003,-14.415,-50.838,58.507,59.588,109.345,-80.521,-215.085,19.863,36.448,-7.936,25.838,48.873,51.986,-615.796,201.203,33.774,17.665,72.922
Arquitetura e Urbanismo (Bacharelado) | Darcy Ribeiro | Noturno | EP_R1_NPPI | EP=True | R=R1 | GE=NPPI | PCD=False | SM=1.5,31,Arquitetura e Urbanismo (Bacharelado),Darcy Ribeiro,Noturno,EP_R1_NPPI,3,-65.025,-19.787,5.459,-19.787,45.238,-25.246,-69.57,-462.466,22.619,-12.623,-29.209,-0.537,32.157,17.062,-110.094,-3179.216,28.672,0.0,70.484
Arquitetura e Urbanismo (Bacharelado) | Darcy Ribeiro | Diurno | EP_R1_NPPIQ | EP=True | R=R1 | GE=NPPIQ | PCD=False | SM=1.0,32,Arquitetura e Urbanismo (Bacharelado),Darcy Ribeiro,Diurno,EP_R1_NPPIQ,1,-32.379,-32.379,4.506,4.506,0.0,0.0,-0.0,0.0,,,-32.379,4.506,,,,,36.885,36.885,36.885
Arquitetura e Urbanismo (Bacharelado) | Darcy Ribeiro | Diurno | EP_R1_PPI | EP=True | R=R1 | GE=PPI | PCD=False | SM=1.5,33,Arquitetura e Urbanismo (Bacharelado),Darcy Ribeiro,Diurno,EP_R1_PPI,4,-44.527,-23.28,18.536,23.159,21.247,4.623,-47.717,24.941,7.082,1.541,-16.892,30.218,25.364,12.879,-150.156,42.621,47.11,14.697,64.239
Arquitetura e Urbanismo (Bacharelado) | Darcy Ribeiro | Noturno | EP_R1_PPI | EP=True | R=R1 | GE=PPI | PCD=False | SM=1.5,34,Arquitetura e Urbanismo (Bacharelado),Darcy Ribeiro,Noturno,EP_R1_PPI,3,-46.6,-20.256,-28.781,-20.256,26.344,8.525,-56.532,-29.62,13.172,4.262,-24.467,-18.527,20.357,11.218,-83.201,-60.55,5.94,0.0,17.819
Arquitetura e Urbanismo (Bacharelado) | Darcy Ribeiro | Diurno | EP_R2_NPPI | EP=True | R=R2 | GE=NPPI | PCD=False | SM=1.5,35,Arquitetura e Urbanismo (Bacharelado),Darcy Ribeiro,Diurno,EP_R2_NPPI,5,23.187,-33.969,39.321,4.708,-57.156,-34.613,-246.5,-88.027,-14.289,-8.653,34.598,58.894,42.645,39.547,123.259,67.149,24.296,11.947,38.677
Arquitetura e Urbanismo (Bacharelado) | Darcy Ribeiro | Noturno | EP_R2_NPPI | EP=True | R=R2 | GE=NPPI | PCD=False | SM=1.5,36,Arquitetura e Urbanismo (Bacharelado),Darcy Ribeiro,Noturno,EP_R2_NPPI,4,-25.804,-44.019,12.181,37.832,-18.215,25.651,70.59,210.582,-6.072,8.55,-28.281,13.738,12.333,18.58,-43.607,135.25,42.019,21.719,81.851
Arquitetura e Urbanismo (Bacharelado) | Darcy Ribeiro | Diurno | EP_R2_NPPIQ | EP=True | R=R2 | GE=NPPIQ | PCD=False | SM=1.0,37,Arquitetura e Urbanismo (Bacharelado),Darcy Ribeiro,Diurno,EP_R2_NPPIQ,1,65.505,65.505,97.824,97.824,0.0,0.0,0.0,0.0,,,65.505,97.824,,,,,32.319,32.319,32.319
Arquitetura e Urbanismo (Bacharelado) | Darcy Ribeiro | Noturno | EP_R2_NPPIQ | EP=True | R=R2 | GE=NPPIQ | PCD=False | SM=1.0,38,Arquitetura e Urbanismo (Bacharelado),Darcy Ribeiro,Noturno,EP_R2_NPPIQ,1,-57.497,-57.497,11.923,11.923,0.0,0.0,-0.0,0.0,,,-57.497,11.923,,,,,69.42,69.42,69.42
Arquitetura e Urbanismo (Bacharelado) | Darcy Ribeiro | Diurno | EP_R2_PPI | EP=True | R=R2 | GE=PPI | PCD=False | SM=1.5,39,Arquitetura e Urbanismo (Bacharelado),Darcy Ribeiro,Diurno,EP_R2_PPI,4,-33.644,-10.139,16.99,15.247,23.505,-1.743,-69.864,-10.259,7.835,-0.581,-2.715,34.726,24.186,21.504,-890.733,61.926,37.442,25.386,50.634
Arquitetura e Urbanismo (Bacharelado) | Darcy Ribeiro | Noturno | EP_R2_PPI | EP=True | R=R2 | GE=PPI | PCD=False | SM=1.5,40,Arquitetura e Urbanismo (Bacharelado),Darcy Ribeiro,Noturno,EP_R2_PPI,4,-17.044,-39.05,-17.044,-39.05,-22.006,-22.006,129.113,129.113,-7.335,-7.335,-37.176,-18.222,32.002,14.623,-86.082,-80.25,18.954,0.0,75.816
Arquitetura e Urbanismo (Bacharelado) | Darcy Ribeiro | Diurno | EP_R2_PPIQ | EP=True | R=R2 | GE=PPIQ | PCD=False | SM=1.0,41,Arquitetura e Urbanismo (Bacharelado),Darcy Ribeiro,Diurno,EP_R2_PPIQ,1,12.661,12.661,61.488,61.488,0.0,0.0,0.0,0.0,,,12.661,61.488,,,,,48.827,48.827,48.827
Arquivologia (Bacharelado) | Darcy Ribeiro | Noturno | AC | EP=False | R=NA | GE=NA | PCD=False | SM=NA,42,Arquivologia (Bacharelado),Darcy Ribeiro,Noturno,AC,5,-46.303,-57.868,-10.847,41.329,-11.565,52.176,24.977,-481.018,-2.891,13.044,-62.403,9.017,13.889,25.975,-22.257,288.073,71.419,35.456,114.94
Arquivologia (Bacharelado) | Darcy Ribeiro | Noturno | CN | EP=False | R=NA | GE=NEGROS | PCD=False | SM=NA,43,Arquivologia (Bacharelado),Darcy Ribeiro,Noturno,CN,3,-71.228,10.221,-71.228,10.221,81.449,81.449,-114.35,-114.35,40.724,40.724,-44.656,-44.656,47.532,47.532,-106.442,-106.442,0.0,0.0,0.0
Arquivologia (Bacharelado) | Darcy Ribeiro | Noturno | EP_R1_NPPI | EP=True | R=R1 | GE=NPPI | PCD=False | SM=1.5,44,Arquivologia (Bacharelado),Darcy Ribeiro,Noturno,EP_R1_NPPI,2,-47.977,-30.721,-47.977,-19.2,17.256,28.777,-35.967,-59.981,17.256,28.777,-39.349,-33.588,12.202,20.348,-31.009,-60.581,5.76,0.0,11.521
Arquivologia (Bacharelado) | Darcy Ribeiro | Noturno | EP_R2_NPPI | EP=True | R=R2 | GE=NPPI | PCD=False | SM=1.5,45,Arquivologia (Bacharelado),Darcy Ribeiro,Noturno,EP_R2_NPPI,3,-55.757,-34.645,-55.757,-30.382,21.112,25.375,-37.864,-45.51,10.556,12.687,-49.832,-48.411,13.258,15.702,-26.605,-32.436,1.421,0.0,4.263
Arquivologia (Bacharelado) | Darcy Ribeiro | Noturno | EP_R2_NPPIQ | EP=True | R=R2 | GE=NPPIQ | PCD=False | SM=1.0,46,Arquivologia (Bacharelado),Darcy Ribeiro,Noturno,EP_R2_NPPIQ,1,-70.619,-70.619,-31.332,-31.332,0.0,0.0,-0.0,-0.0,,,-70.619,-31.332,,,,,39.287,39.287,39.287
Arquivologia (Bacharelado) | Darcy Ribeiro | Noturno | EP_R2_PPI | EP=True | R=R2 | GE=PPI | PCD=False | SM=1.5,47,Arquivologia (Bacharelado),Darcy Ribeiro,Noturno,EP_R2_PPI,2,-36.22,-66.41,-34.267,-66.41,-30.19,-32.143,83.352,93.802,-30.19,-32.143,-51.315,-50.338,21.348,22.729,-41.601,-45.151,0.976,0.0,1.953
Artes Cênicas (Bacharelado) | Darcy Ribeiro | Diurno | AC | EP=False | R=NA | GE=NA | PCD=False | SM=NA,48,Artes Cênicas (Bacharelado),Darcy Ribeiro,Diurno,AC,6,-35.963,23.679,47.134,42.35,59.642,-4.784,-165.843,-10.15,11.928,-0.957,-7.114,42.471,30.574,24.754,-429.767,58.285,49.585,1.726,124.411
Artes Cênicas (Bacharelado) | Darcy Ribeiro | Diurno | EP_R1_NPPI | EP=True | R=R1 | GE=NPPI | PCD=False | SM=1.5,49,Artes Cênicas (Bacharelado),Darcy Ribeiro,Diurno,EP_R1_NPPI,1,-64.508,-64.508,-64.508,-64.508,0.0,0.0,-0.0,-0.0,,,-64.508,-64.508,,,,,0.0,0.0,0.0
Artes Cênicas (Bacharelado) | Darcy Ribeiro | Diurno | EP_R1_PPI | EP=True | R=R1 | GE=PPI | PCD=False | SM=1.5,50,Artes Cênicas (Bacharelado),Darcy Ribeiro,Diurno,EP_R1_PPI,3,-5.726,-42.49,-5.726,-42.49,-36.764,-36.764,642.054,642.054,-18.382,-18.382,-15.928,-15.928,23.209,23.209,-145.709,-145.709,0.0,0.0,0.0
Artes Cênicas (Bacharelado) | Darcy Ribeiro | Diurno | EP_R2_NPPI | EP=True | R=R2 | GE=NPPI | PCD=False | SM=1.5,51,Artes Cênicas (Bacharelado),Darcy Ribeiro,Diurno,EP_R2_NPPI,3,19.746,-19.882,19.746,-1.832,-39.628,-21.578,-200.689,-109.278,-19.814,-10.789,-2.223,3.793,20.163,14.014,-906.864,369.438,6.017,0.0,18.05
Artes Cênicas (Bacharelado) | Darcy Ribeiro | Diurno | EP_R2_NPPIQ | EP=True | R=R2 | GE=NPPIQ | PCD=False | SM=1.0,52,Artes Cênicas (Bacharelado),Darcy Ribeiro,Diurno,EP_R2_NPPIQ,1,-30.791,-30.791,18.165,18.165,0.0,0.0,-0.0,0.0,,,-30.791,18.165,,,,,48.956,48.956,48.956
Artes Cênicas (Bacharelado) | Darcy Ribeiro | Diurno | EP_R2_NPPIQ_PCD | EP=True | R=R2 | GE=NPPIQ | PCD=True | SM=1.0,53,Artes Cênicas (Bacharelado),Darcy Ribeiro,Diurno,EP_R2_NPPIQ_PCD,1,-33.372,-33.372,-33.372,-33.372,0.0,0.0,-0.0,-0.0,,,-33.372,-33.372,,,,,0.0,0.0,0.0
Artes Cênicas (Bacharelado) | Darcy Ribeiro | Diurno | EP_R2_PPI | EP=True | R=R2 | GE=PPI | PCD=False | SM=1.5,54,Artes Cênicas (Bacharelado),Darcy Ribeiro,Diurno,EP_R2_PPI,1,-58.968,-58.968,-58.968,-58.968,0.0,0.0,-0.0,-0.0,,,-58.968,-58.968,,,,,0.0,0.0,0.0
Artes Cênicas (Licenciatura) | Darcy Ribeiro | Diurno | AC | EP=False | R=NA | GE=NA | PCD=False | SM=NA,55,Artes Cênicas (Licenciatura),Darcy Ribeiro,Diurno,AC,1,-12.384,-12.384,29.579,29.579,0.0,0.0,-0.0,0.0,,,-12.384,29.579,,,,,41.963,41.963,41.963
Artes Cênicas (Licenciatura) | Darcy Ribeiro | Noturno | AC | EP=False | R=NA | GE=NA | PCD=False | SM=NA,56,Artes Cênicas (Licenciatura),Darcy Ribeiro,Noturno,AC,1,-53.375,-53.375,16.725,16.725,0.0,0.0,-0.0,0.0,,,-53.375,16.725,,,,,70.1,70.1,70.1
Artes Cênicas (Licenciatura) | Darcy Ribeiro | Diurno | EP_R2_NPPIQ | EP=True | R=R2 | GE=NPPIQ | PCD=False | SM=1.0,57,Artes Cênicas (Licenciatura),Darcy Ribeiro,Diurno,EP_R2_NPPIQ,1,-49.808,-49.808,-49.808,-49.808,0.0,0.0,-0.0,-0.0,,,-49.808,-49.808,,,,,0.0,0.0,0.0
Artes Cênicas (Licenciatura) | Darcy Ribeiro | Diurno | EP_R2_PPIQ | EP=True | R=R2 | GE=PPIQ | PCD=False | SM=1.0,58,Artes Cênicas (Licenciatura),Darcy Ribeiro,Diurno,EP_R2_PPIQ,1,-62.337,-62.337,-53.522,-53.522,0.0,0.0,-0.0,-0.0,,,-62.337,-53.522,,,,,8.815,8.815,8.815
Artes Cênicas (Literatura) | Darcy Ribeiro | Diurno | AC | EP=False | R=NA | GE=NA | PCD=False | SM=NA,59,Artes Cênicas (Literatura),Darcy Ribeiro,Diurno,AC,4,-52.165,-1.077,19.702,21.881,51.088,2.179,-97.935,11.06,17.029,0.726,-20.971,39.162,35.297,38.207,-168.312,97.563,60.133,0.0,145.707
Artes Cênicas (Literatura) | Darcy Ribeiro | Noturno | AC | EP=False | R=NA | GE=NA | PCD=False | SM=NA,60,Artes Cênicas (Literatura),Darcy Ribeiro,Noturno,AC,1,-68.863,-68.863,25.467,25.467,0.0,0.0,-0.0,0.0,,,-68.863,25.467,,,,,94.33,94.33,94.33
Artes Cênicas (Literatura) | Darcy Ribeiro | Diurno | EP_R1_NPPI | EP=True | R=R1 | GE=NPPI | PCD=False | SM=1.5,61,Artes Cênicas (Literatura),Darcy Ribeiro,Diurno,EP_R1_NPPI,2,14.969,-42.056,14.969,-5.063,-57.025,-20.032,-380.954,-133.823,-57.025,-20.032,-13.543,4.953,40.323,14.165,-297.728,285.984,18.496,0.0,36.993
Artes Cênicas (Literatura) | Darcy Ribeiro | Noturno | EP_R1_PPI | EP=True | R=R1 | GE=PPI | PCD=False | SM=1.5,62,Artes Cênicas (Literatura),Darcy Ribeiro,Noturno,EP_R1_PPI,1,-10.798,-10.798,-10.798,-10.798,0.0,0.0,-0.0,-0.0,,,-10.798,-10.798,,,,,0.0,0.0,0.0
Artes Cênicas (Literatura) | Darcy Ribeiro | Diurno | EP_R2_NPPI | EP=True | R=R2 | GE=NPPI | PCD=False | SM=1.5,63,Artes Cênicas (Literatura),Darcy Ribeiro,Diurno,EP_R2_NPPI,1,-21.566,-21.566,-21.566,-21.566,0.0,0.0,-0.0,-0.0,,,-21.566,-21.566,,,,,0.0,0.0,0.0
Artes Cênicas (Literatura) | Darcy Ribeiro | Noturno | EP_R2_NPPI | EP=True | R=R2 | GE=NPPI | PCD=False | SM=1.5,64,Artes Cênicas (Literatura),Darcy Ribeiro,Noturno,EP_R2_NPPI,1,-68.553,-68.553,-68.553,-68.553,0.0,0.0,-0.0,-0.0,,,-68.553,-68.553,,,,,0.0,0.0,0.0
Artes Cênicas (Literatura) | Darcy Ribeiro | Diurno | EP_R2_PPI | EP=True | R=R2 | GE=PPI | PCD=False | SM=1.5,65,Artes Cênicas (Literatura),Darcy Ribeiro,Diurno,EP_R2_PPI,1,-49.617,-49.617,-49.617,-49.617,0.0,0.0,-0.0,-0.0,,,-49.617,-49.617,,,,,0.0,0.0,0.0
Artes Visuais (Bacharelado) | Darcy Ribeiro | Diurno | AC | EP=False | R=NA | GE=NA | PCD=False | SM=NA,66,Artes Visuais (Bacharelado),Darcy Ribeiro,Diurno,AC,6,-54.583,13.225,41.796,75.062,67.808,33.266,-124.229,79.591,13.562,6.653,-20.002,40.637,37.916,26.194,-189.563,64.458,60.638,29.504,96.379
Artes Visuais (Bacharelado) | Darcy Ribeiro | Diurno | CN | EP=False | R=NA | GE=NEGROS | PCD=False | SM=NA,67,Artes Visuais (Bacharelado),Darcy Ribeiro,Diurno,CN,1,-21.925,-21.925,-21.925,-21.925,0.0,0.0,-0.0,-0.0,,,-21.925,-21.925,,,,,0.0,0.0,0.0
Artes Visuais (Bacharelado) | Darcy Ribeiro | Diurno | EP_R2_NPPI | EP=True | R=R2 | GE=NPPI | PCD=False | SM=1.5,68,Artes Visuais (Bacharelado),Darcy Ribeiro,Diurno,EP_R2_NPPI,3,-37.278,-73.314,-37.278,-3.219,-36.036,34.059,96.668,-91.365,-18.018,17.03,-29.701,-6.336,47.854,29.507,-161.118,-465.708,23.365,0.0,70.095
Artes Visuais (Bacharelado) | Darcy Ribeiro | Diurno | EP_R2_NPPIQ | EP=True | R=R2 | GE=NPPIQ | PCD=False | SM=1.0,69,Artes Visuais (Bacharelado),Darcy Ribeiro,Diurno,EP_R2_NPPIQ,1,-64.314,-64.314,-16.574,-16.574,0.0,0.0,-0.0,-0.0,,,-64.314,-16.574,,,,,47.74,47.74,47.74
Artes Visuais (Licenciatura) | Darcy Ribeiro | Diurno | AC | EP=False | R=NA | GE=NA | PCD=False | SM=NA,70,Artes Visuais (Licenciatura),Darcy Ribeiro,Diurno,AC,3,-56.057,-7.957,28.223,70.753,48.1,42.53,-85.806,150.693,24.05,21.265,-51.341,51.117,41.229,21.451,-80.304,41.965,102.459,78.71,144.386
Artes Visuais (Licenciatura) | Darcy Ribeiro | Noturno | AC | EP=False | R=NA | GE=NA | PCD=False | SM=NA,71,Artes Visuais (Licenciatura),Darcy Ribeiro,Noturno,AC,1,-13.502,-13.502,-13.502,-13.502,0.0,0.0,-0.0,-0.0,,,-13.502,-13.502,,,,,0.0,0.0,0.0
Artes Visuais (Licenciatura) | Darcy Ribeiro | Diurno | CN | EP=False | R=NA | GE=NEGROS | PCD=False | SM=NA,72,Artes Visuais (Licenciatura),Darcy Ribeiro,Diurno,CN,2,-30.845,-33.237,-30.845,-33.237,-2.392,-2.392,7.755,7.755,-2.392,-2.392,-32.041,-32.041,1.691,1.691,-5.279,-5.279,0.0,0.0,0.0
Artes Visuais (Licenciatura) | Darcy Ribeiro | Diurno | EP_R1_NPPI | EP=True | R=R1 | GE=NPPI | PCD=False | SM=1.5,73,Artes Visuais (Licenciatura),Darcy Ribeiro,Diurno,EP_R1_NPPI,1,-23.748,-23.748,-23.748,-23.748,0.0,0.0,-0.0,-0.0,,,-23.748,-23.748,,,,,0.0,0.0,0.0
Artes Visuais (Licenciatura) | Darcy Ribeiro | Diurno | EP_R1_PPI | EP=True | R=R1 | GE=PPI | PCD=False | SM=1.5,74,Artes Visuais (Licenciatura),Darcy Ribeiro,Diurno,EP_R1_PPI,1,-23.125,-23.125,-23.125,-23.125,0.0,0.0,-0.0,-0.0,,,-23.125,-23.125,,,,,0.0,0.0,0.0
Artes Visuais (Licenciatura) | Darcy Ribeiro | Diurno | EP_R2_NPPI | EP=True | R=R2 | GE=NPPI | PCD=False | SM=1.5,75,Artes Visuais (Licenciatura),Darcy Ribeiro,Diurno,EP_R2_NPPI,3,29.145,-59.575,29.145,-16.763,-88.72,-45.908,-304.409,-157.516,-44.36,-22.954,-17.375,15.584,44.517,28.135,-256.216,180.539,32.959,0.0,56.064
Artes Visuais (Licenciatura) | Darcy Ribeiro | Diurno | EP_R2_PPI | EP=True | R=R2 | GE=PPI | PCD=False | SM=1.5,76,Artes Visuais (Licenciatura),Darcy Ribeiro,Diurno,EP_R2_PPI,2,-17.979,-22.141,-17.979,-22.141,-4.162,-4.162,23.149,23.149,-4.162,-4.162,-20.06,-20.06,2.943,2.943,-14.671,-14.671,0.0,0.0,0.0
Biblioteconomia (Bacharelado) | Darcy Ribeiro | Diurno | AC | EP=False | R=NA | GE=NA | PCD=False | SM=NA,77,Biblioteconomia (Bacharelado),Darcy Ribeiro,Diurno,AC,5,-37.863,-57.49,15.722,36.282,-19.627,20.56,51.837,130.772,-4.907,5.14,-65.71,33.842,18.562,16.695,-28.248,49.332,99.552,53.585,141.585
Biblioteconomia (Bacharelado) | Darcy Ribeiro | Diurno | CN | EP=False | R=NA | GE=NEGROS | PCD=False | SM=NA,78,Biblioteconomia (Bacharelado),Darcy Ribeiro,Diurno,CN,4,-13.884,-46.402,-13.884,-46.402,-32.518,-32.518,234.212,234.212,-10.839,-10.839,-28.064,-28.064,15.129,15.129,-53.91,-53.91,0.0,0.0,0.0
Biblioteconomia (Bacharelado) | Darcy Ribeiro | Diurno | EP_R1_NPPI | EP=True | R=R1 | GE=NPPI | PCD=False | SM=1.5,79,Biblioteconomia (Bacharelado),Darcy Ribeiro,Diurno,EP_R1_NPPI,3,-36.505,-15.523,-15.885,-15.523,20.982,0.362,-57.477,-2.279,10.491,0.181,-41.492,-21.988,28.788,10.886,-69.382,-49.508,19.504,0.0,37.891
Biblioteconomia (Bacharelado) | Darcy Ribeiro | Diurno | EP_R1_PPI | EP=True | R=R1 | GE=PPI | PCD=False | SM=1.5,80,Biblioteconomia (Bacharelado),Darcy Ribeiro,Diurno,EP_R1_PPI,2,-41.515,-59.315,-41.515,-59.315,-17.8,-17.8,42.876,42.876,-17.8,-17.8,-50.415,-50.415,12.587,12.587,-24.966,-24.966,0.0,0.0,0.0
Biblioteconomia (Bacharelado) | Darcy Ribeiro | Diurno | EP_R2_NPPI | EP=True | R=R2 | GE=NPPI | PCD=False | SM=1.5,81,Biblioteconomia (Bacharelado),Darcy Ribeiro,Diurno,EP_R2_NPPI,4,-18.898,-30.853,-18.898,22.648,-11.955,41.546,63.261,-219.843,-3.985,13.849,-29.26,14.896,20.348,27.211,-69.542,182.676,44.156,0.0,103.387
Biblioteconomia (Bacharelado) | Darcy Ribeiro | Diurno | EP_R2_NPPIQ | EP=True | R=R2 | GE=NPPIQ | PCD=False | SM=1.0,82,Biblioteconomia (Bacharelado),Darcy Ribeiro,Diurno,EP_R2_NPPIQ,1,-54.547,-54.547,-52.729,-52.729,0.0,0.0,-0.0,-0.0,,,-54.547,-52.729,,,,,1.818,1.818,1.818
Biblioteconomia (Bacharelado) | Darcy Ribeiro | Diurno | EP_R2_PPI | EP=True | R=R2 | GE=PPI | PCD=False | SM=1.5,83,Biblioteconomia (Bacharelado),Darcy Ribeiro,Diurno,EP_R2_PPI,3,-9.93,-45.652,-9.93,-45.652,-35.722,-35.722,359.738,359.738,-17.861,-17.861,-33.539,-33.539,20.449,20.449,-60.969,-60.969,0.0,0.0,0.0
Biologia (Bacharelado) | Darcy Ribeiro | Diurno | AC | EP=False | R=NA | GE=NA | PCD=False | SM=NA,84,Biologia (Bacharelado),Darcy Ribeiro,Diurno,AC,5,47.639,78.793,102.589,119.236,31.154,16.647,65.396,16.227,7.789,4.162,67.391,118.196,19.416,44.252,28.811,37.439,50.805,7.089,104.365
Biologia (Bacharelado) | Darcy Ribeiro | Diurno | CN | EP=False | R=NA | GE=NEGROS | PCD=False | SM=NA,85,Biologia (Bacharelado),Darcy Ribeiro,Diurno,CN,5,-8.39,29.652,-0.152,29.652,38.042,29.804,-453.421,-19607.895,9.51,7.451,7.988,9.636,25.688,24.617,321.567,255.467,1.648,0.0,8.238
Biologia (Bacharelado) | Darcy Ribeiro | Diurno | EP_R1_NPPI | EP=True | R=R1 | GE=NPPI | PCD=False | SM=1.5,86,Biologia (Bacharelado),Darcy Ribeiro,Diurno,EP_R1_NPPI,4,-58.578,-64.765,-3.085,-36.085,-6.187,-33.0,10.562,1069.692,-2.062,-11.0,-9.895,12.014,64.932,45.595,-656.206,379.521,21.909,0.0,55.493
Biologia (Bacharelado) | Darcy Ribeiro | Diurno | EP_R1_NPPIQ | EP=True | R=R1 | GE=NPPIQ | PCD=False | SM=1.0,87,Biologia (Bacharelado),Darcy Ribeiro,Diurno,EP_R1_NPPIQ,1,-78.848,-78.848,-26.937,-26.937,0.0,0.0,-0.0,-0.0,,,-78.848,-26.937,,,,,51.911,51.911,51.911
Biologia (Bacharelado) | Darcy Ribeiro | Diurno | EP_R1_NPPI_PCD | EP=True | R=R1 | GE=NPPI | PCD=True | SM=1.5,88,Biologia (Bacharelado),Darcy Ribeiro,Diurno,EP_R1_NPPI_PCD,1,6.759,6.759,6.759,6.759,0.0,0.0,0.0,0.0,,,6.759,6.759,,,,,0.0,0.0,0.0
Biologia (Bacharelado) | Darcy Ribeiro | Diurno | EP_R1_PPI | EP=True | R=R1 | GE=PPI | PCD=False | SM=1.5,89,Biologia (Bacharelado),Darcy Ribeiro,Diurno,EP_R1_PPI,3,-42.429,-4.111,-6.123,3.96,38.318,10.083,-90.311,-164.674,19.159,5.042,-16.435,29.229,22.522,52.74,-137.034,180.44,45.664,8.071,92.614
Biologia (Bacharelado) | Darcy Ribeiro | Diurno | EP_R2_NPPI | EP=True | R=R2 | GE=NPPI | PCD=False | SM=1.5,90,Biologia (Bacharelado),Darcy Ribeiro,Diurno,EP_R2_NPPI,4,5.725,5.963,31.993,29.19,0.238,-2.803,4.157,-8.761,0.079,-0.934,19.414,32.766,16.807,5.263,86.573,16.062,13.352,0.0,26.268
Biologia (Bacharelado) | Darcy Ribeiro | Diurno | EP_R2_NPPIQ | EP=True | R=R2 | GE=NPPIQ | PCD=False | SM=1.0,91,Biologia (Bacharelado),Darcy Ribeiro,Diurno,EP_R2_NPPIQ,1,29.597,29.597,56.051,56.051,0.0,0.0,0.0,0.0,,,29.597,56.051,,,,,26.454,26.454,26.454
Biologia (Bacharelado) | Darcy Ribeiro | Diurno | EP_R2_NPPI_PCD | EP=True | R=R2 | GE=NPPI | PCD=True | SM=1.5,92,Biologia (Bacharelado),Darcy Ribeiro,Diurno,EP_R2_NPPI_PCD,1,-25.671,-25.671,-25.671,-25.671,0.0,0.0,-0.0,-0.0,,,-25.671,-25.671,,,,,0.0,0.0,0.0
Biologia (Bacharelado) | Darcy Ribeiro | Diurno | EP_R2_PPI | EP=True | R=R2 | GE=PPI | PCD=False | SM=1.5,93,Biologia (Bacharelado),Darcy Ribeiro,Diurno,EP_R2_PPI,4,-40.62,-80.211,42.573,-58.11,-39.591,-100.683,97.467,-236.495,-13.197,-33.561,-37.745,-3.564,42.038,47.114,-111.373,-1321.842,34.18,8.196,83.193
Biologia (Bacharelado) | Darcy Ribeiro | Diurno | EP_R2_PPIQ | EP=True | R=R2 | GE=PPIQ | PCD=False | SM=1.0,94,Biologia (Bacharelado),Darcy Ribeiro,Diurno,EP_R2_PPIQ,1,-67.982,-67.982,8.016,8.016,0.0,0.0,-0.0,0.0,,,-67.982,8.016,,,,,75.998,75.998,75.998
Biologia (Licenciatura) | Darcy Ribeiro | Diurno | AC | EP=False | R=NA | GE=NA | PCD=False | SM=NA,95,Biologia (Licenciatura),Darcy Ribeiro,Diurno,AC,1,61.373,61.373,143.74,143.74,0.0,0.0,0.0,0.0,,,61.373,143.74,,,,,82.367,82.367,82.367
Biologia (Licenciatura) | Darcy Ribeiro | Noturno | AC | EP=False | R=NA | GE=NA | PCD=False | SM=NA,96,Biologia (Licenciatura),Darcy Ribeiro,Noturno,AC,5,-36.584,-14.729,45.635,54.739,21.855,9.104,-59.739,19.95,5.464,2.276,-15.744,,19.736,,-125.359,,,,
Biologia (Licenciatura) | Darcy Ribeiro | Diurno | CN | EP=False | R=NA | GE=NEGROS | PCD=False | SM=NA,97,Biologia (Licenciatura),Darcy Ribeiro,Diurno,CN,1,45.804,45.804,45.804,45.804,0.0,0.0,0.0,0.0,,,45.804,45.804,,,,,0.0,0.0,0.0
Biologia (Licenciatura) | Darcy Ribeiro | Noturno | CN | EP=False | R=NA | GE=NEGROS | PCD=False | SM=NA,98,Biologia (Licenciatura),Darcy Ribeiro,Noturno,CN,3,9.788,-17.183,35.977,-17.183,-26.971,-53.16,-275.552,-147.761,-13.486,-26.58,11.089,19.819,28.944,32.13,261.019,162.119,8.73,0.0,26.189
Biologia (Licenciatura) | Darcy Ribeiro | Diurno | EP_R1_NPPI | EP=True | R=R1 | GE=NPPI | PCD=False | SM=1.5,99,Biologia (Licenciatura),Darcy Ribeiro,Diurno,EP_R1_NPPI,1,38.006,38.006,47.711,47.711,0.0,0.0,0.0,0.0,,,38.006,47.711,,,,,9.705,9.705,9.705
Biologia (Licenciatura) | Darcy Ribeiro | Noturno | EP_R1_NPPI | EP=True | R=R1 | GE=NPPI | PCD=False | SM=1.5,100,Biologia (Licenciatura),Darcy Ribeiro,Noturno,EP_R1_NPPI,3,-18.134,-34.27,22.642,-8.304,-16.136,-30.946,88.982,-136.675,-8.068,-15.473,-32.616,-3.706,13.729,24.376,-42.095,-657.756,28.91,19.987,40.776
Biologia (Licenciatura) | Darcy Ribeiro | Diurno | EP_R1_PPI | EP=True | R=R1 | GE=PPI | PCD=False | SM=1.5,101,Biologia (Licenciatura),Darcy Ribeiro,Diurno,EP_R1_PPI,1,,,-7.024,-7.024,,0.0,,-0.0,,,,-7.024,,,,,,,
Biologia (Licenciatura) | Darcy Ribeiro | Noturno | EP_R1_PPI | EP=True | R=R1 | GE=PPI | PCD=False | SM=1.5,102,Biologia (Licenciatura),Darcy Ribeiro,Noturno,EP_R1_PPI,3,-57.415,-32.04,-43.489,-17.529,25.375,25.96,-44.196,-59.693,12.688,12.98,-38.388,-9.648,16.779,38.394,-43.708,-397.957,28.741,13.926,57.785
Biologia (Licenciatura) | Darcy Ribeiro | Diurno | EP_R2_NPPI | EP=True | R=R2 | GE=NPPI | PCD=False | SM=1.5,103,Biologia (Licenciatura),Darcy Ribeiro,Diurno,EP_R2_NPPI,1,51.276,51.276,55.29,55.29,0.0,0.0,0.0,0.0,,,51.276,55.29,,,,,4.014,4.014,4.014
Biologia (Licenciatura) | Darcy Ribeiro | Noturno | EP_R2_NPPI | EP=True | R=R2 | GE=NPPI | PCD=False | SM=1.5,104,Biologia (Licenciatura),Darcy Ribeiro,Noturno,EP_R2_NPPI,4,-20.37,3.563,18.629,3.563,23.933,-15.066,-117.491,-80.874,7.978,-5.022,-10.327,4.722,27.947,36.042,-270.632,763.288,15.049,0.0,38.999
Biologia (Licenciatura) | Darcy Ribeiro | Noturno | EP_R2_NPPIQ | EP=True | R=R2 | GE=NPPIQ | PCD=False | SM=1.0,105,Biologia (Licenciatura),Darcy Ribeiro,Noturno,EP_R2_NPPIQ,1,-40.608,-40.608,7.61,7.61,0.0,0.0,-0.0,0.0,,,-40.608,7.61,,,,,48.218,48.218,48.218
Biologia (Licenciatura) | Darcy Ribeiro | Diurno | EP_R2_PPI | EP=True | R=R2 | GE=PPI | PCD=False | SM=1.5,106,Biologia (Licenciatura),Darcy Ribeiro,Diurno,EP_R2_PPI,1,21.358,21.358,36.304,36.304,0.0,0.0,0.0,0.0,,,21.358,36.304,,,,,14.946,14.946,14.946
Biologia (Licenciatura) | Darcy Ribeiro | Noturno | EP_R2_PPI | EP=True | R=R2 | GE=PPI | PCD=False | SM=1.5,107,Biologia (Licenciatura),Darcy Ribeiro,Noturno,EP_R2_PPI,4,-17.581,-14.417,-17.581,9.672,3.164,27.253,-17.997,-155.014,1.055,9.084,-25.56,-3.447,12.99,16.464,-50.823,-477.601,22.113,0.0,55.261
Biotecnologia (Bacharelado) | Darcy Ribeiro | Diurno | AC | EP=False | R=NA | GE=NA | PCD=False | SM=NA,108,Biotecnologia (Bacharelado),Darcy Ribeiro,Diurno,AC,6,13.962,67.536,103.116,157.41,53.574,54.294,383.713,52.653,10.715,10.859,46.788,119.757,38.337,52.513,81.938,43.849,72.969,34.202,93.382
Biotecnologia (Bacharelado) | Darcy Ribeiro | Diurno | CN | EP=False | R=NA | GE=NEGROS | PCD=False | SM=NA,109,Biotecnologia (Bacharelado),Darcy Ribeiro,Diurno,CN,5,-40.953,64.205,-1.459,64.205,105.158,65.664,-256.777,-4500.617,26.29,16.416,37.907,45.805,47.152,31.273,124.389,68.273,7.899,0.0,39.494
Biotecnologia (Bacharelado) | Darcy Ribeiro | Diurno | EP_R1_NPPI | EP=True | R=R1 | GE=NPPI | PCD=False | SM=1.5,110,Biotecnologia (Bacharelado),Darcy Ribeiro,Diurno,EP_R1_NPPI,4,-62.356,-32.078,44.477,-32.078,30.278,-76.555,-48.557,-172.123,10.093,-25.518,-45.11,-3.959,14.06,44.767,-31.168,-1130.824,41.151,0.0,106.833
Biotecnologia (Bacharelado) | Darcy Ribeiro | Diurno | EP_R1_NPPIQ | EP=True | R=R1 | GE=NPPIQ | PCD=False | SM=1.0,111,Biotecnologia (Bacharelado),Darcy Ribeiro,Diurno,EP_R1_NPPIQ,1,22.903,22.903,22.903,22.903,0.0,0.0,0.0,0.0,,,22.903,22.903,,,,,0.0,0.0,0.0
Biotecnologia (Bacharelado) | Darcy Ribeiro | Diurno | EP_R1_PPI | EP=True | R=R1 | GE=PPI | PCD=False | SM=1.5,112,Biotecnologia (Bacharelado),Darcy Ribeiro,Diurno,EP_R1_PPI,3,-47.176,-25.889,-47.176,42.794,21.287,89.97,-45.123,-190.711,10.644,44.985,-34.343,2.838,11.299,45.82,-32.901,1614.722,37.18,0.0,68.683
Biotecnologia (Bacharelado) | Darcy Ribeiro | Diurno | EP_R2_NPPI | EP=True | R=R2 | GE=NPPI | PCD=False | SM=1.5,113,Biotecnologia (Bacharelado),Darcy Ribeiro,Diurno,EP_R2_NPPI,5,-60.398,-84.167,32.963,-24.822,-23.769,-57.785,39.354,-175.303,-5.942,-14.446,-7.042,51.173,63.585,59.689,-902.894,116.641,58.215,26.069,93.361
Biotecnologia (Bacharelado) | Darcy Ribeiro | Diurno | EP_R2_NPPIQ | EP=True | R=R2 | GE=NPPIQ | PCD=False | SM=1.0,114,Biotecnologia (Bacharelado),Darcy Ribeiro,Diurno,EP_R2_NPPIQ,1,-36.957,-36.957,43.54,43.54,0.0,0.0,-0.0,0.0,,,-36.957,43.54,,,,,80.497,80.497,80.497
Biotecnologia (Bacharelado) | Darcy Ribeiro | Diurno | EP_R2_PPI | EP=True | R=R2 | GE=PPI | PCD=False | SM=1.5,115,Biotecnologia (Bacharelado),Darcy Ribeiro,Diurno,EP_R2_PPI,4,-40.891,-25.817,40.546,-25.817,15.074,-66.363,-36.864,-163.673,5.025,-22.121,-32.611,44.408,18.598,53.883,-57.03,121.337,77.018,0.0,114.424
Biotecnologia (Bacharelado) | Darcy Ribeiro | Diurno | EP_R2_PPIQ | EP=True | R=R2 | GE=PPIQ | PCD=False | SM=1.0,116,Biotecnologia (Bacharelado),Darcy Ribeiro,Diurno,EP_R2_PPIQ,1,-47.168,-47.168,-47.168,-47.168,0.0,0.0,-0.0,-0.0,,,-47.168,-47.168,,,,,0.0,0.0,0.0
Ciência Política (Bacharelado) | Darcy Ribeiro | Diurno | AC | EP=False | R=NA | GE=NA | PCD=False | SM=NA,117,Ciência Política (Bacharelado),Darcy Ribeiro,Diurno,AC,6,-16.226,55.467,118.576,112.083,71.693,-6.493,-441.84,-5.476,14.339,-1.299,31.669,95.834,31.588,37.561,99.746,39.194,64.165,25.819,134.802
Ciência Política (Bacharelado) | Darcy Ribeiro | Diurno | CN | EP=False | R=NA | GE=NEGROS | PCD=False | SM=NA,118,Ciência Política (Bacharelado),Darcy Ribeiro,Diurno,CN,6,-6.36,48.441,63.804,48.441,54.801,-15.363,-861.651,-24.078,10.96,-3.073,19.562,31.256,29.263,30.811,149.594,98.577,11.694,0.0,70.164
Ciência Política (Bacharelado) | Darcy Ribeiro | Diurno | EP_R1_NPPI | EP=True | R=R1 | GE=NPPI | PCD=False | SM=1.5,119,Ciência Política (Bacharelado),Darcy Ribeiro,Diurno,EP_R1_NPPI,4,-23.763,-21.736,2.994,15.499,2.027,12.505,-8.53,417.669,0.676,4.168,-29.484,-7.882,10.338,20.566,-35.065,-260.914,21.601,0.0,37.235
Ciência Política (Bacharelado) | Darcy Ribeiro | Diurno | EP_R1_NPPIQ | EP=True | R=R1 | GE=NPPIQ | PCD=False | SM=1.0,120,Ciência Política (Bacharelado),Darcy Ribeiro,Diurno,EP_R1_NPPIQ,1,-33.164,-33.164,-3.3,-3.3,0.0,0.0,-0.0,-0.0,,,-33.164,-3.3,,,,,29.864,29.864,29.864
Ciência Política (Bacharelado) | Darcy Ribeiro | Diurno | EP_R1_PPI | EP=True | R=R1 | GE=PPI | PCD=False | SM=1.5,121,Ciência Política (Bacharelado),Darcy Ribeiro,Diurno,EP_R1_PPI,4,-20.735,-15.546,4.398,-3.077,5.189,-7.475,-25.025,-169.964,1.73,-2.492,-20.308,6.288,7.598,25.527,-37.412,405.937,26.597,12.469,56.001
Ciência Política (Bacharelado) | Darcy Ribeiro | Diurno | EP_R2_NPPI | EP=True | R=R2 | GE=NPPI | PCD=False | SM=1.5,122,Ciência Política (Bacharelado),Darcy Ribeiro,Diurno,EP_R2_NPPI,4,-48.057,16.428,24.311,22.171,64.485,-2.14,-134.184,-8.803,21.495,-0.713,-16.566,23.508,26.551,2.775,-160.279,11.804,40.074,5.743,72.368
Ciência Política (Bacharelado) | Darcy Ribeiro | Diurno | EP_R2_NPPIQ | EP=True | R=R2 | GE=NPPIQ | PCD=False | SM=1.0,123,Ciência Política (Bacharelado),Darcy Ribeiro,Diurno,EP_R2_NPPIQ,1,13.769,13.769,47.698,47.698,0.0,0.0,0.0,0.0,,,13.769,47.698,,,,,33.929,33.929,33.929
Ciência Política (Bacharelado) | Darcy Ribeiro | Diurno | EP_R2_NPPIQ_PCD | EP=True | R=R2 | GE=NPPIQ | PCD=True | SM=1.0,124,Ciência Política (Bacharelado),Darcy Ribeiro,Diurno,EP_R2_NPPIQ_PCD,1,-31.841,-31.841,-24.216,-24.216,0.0,0.0,-0.0,-0.0,,,-31.841,-24.216,,,,,7.625,7.625,7.625
Ciência Política (Bacharelado) | Darcy Ribeiro | Diurno | EP_R2_PPI | EP=True | R=R2 | GE=PPI | PCD=False | SM=1.5,125,Ciência Política (Bacharelado),Darcy Ribeiro,Diurno,EP_R2_PPI,4,-68.378,-30.791,55.251,5.586,37.587,-49.665,-54.969,-89.89,12.529,-16.555,-49.211,11.828,15.397,29.561,-31.287,249.911,61.039,36.377,123.629
Ciência Política (Bacharelado) | Darcy Ribeiro | Diurno | EP_R2_PPIQ | EP=True | R=R2 | GE=PPIQ | PCD=False | SM=1.0,126,Ciência Política (Bacharelado),Darcy Ribeiro,Diurno,EP_R2_PPIQ,1,-37.151,-37.151,-5.97,-5.97,0.0,0.0,-0.0,-0.0,,,-37.151,-5.97,,,,,31.181,31.181,31.181
Ciência da Computação (Bacharelado) | Darcy Ribeiro | Diurno | AC | EP=False | R=NA | GE=NA | PCD=False | SM=NA,127,Ciência da Computação (Bacharelado),Darcy Ribeiro,Diurno,AC,6,78.303,135.827,141.416,166.528,57.524,25.112,73.463,17.758,11.505,5.022,120.698,163.997,24.633,25.869,20.409,15.774,43.299,14.921,77.19
Ciência da Computação (Bacharelado) | Darcy Ribeiro | Diurno | CN | EP=False | R=NA | GE=NEGROS | PCD=False | SM=NA,128,Ciência da Computação (Bacharelado),Darcy Ribeiro,Diurno,CN,6,44.904,117.648,57.682,117.648,72.744,59.966,161.999,103.96,14.549,11.993,89.841,91.971,33.759,30.614,37.577,33.287,2.13,0.0,12.778
Ciência da Computação (Bacharelado) | Darcy Ribeiro | Diurno | EP_R1_NPPI | EP=True | R=R1 | GE=NPPI | PCD=False | SM=1.5,129,Ciência da Computação (Bacharelado),Darcy Ribeiro,Diurno,EP_R1_NPPI,5,-75.28,8.647,-0.86,18.344,83.927,19.204,-111.486,-2233.023,20.982,4.801,1.768,38.212,45.781,36.282,2590.027,94.949,36.445,9.697,74.42
Ciência da Computação (Bacharelado) | Darcy Ribeiro | Diurno | EP_R1_NPPIQ | EP=True | R=R1 | GE=NPPIQ | PCD=False | SM=1.0,130,Ciência da Computação (Bacharelado),Darcy Ribeiro,Diurno,EP_R1_NPPIQ,1,-38.263,-38.263,32.989,32.989,0.0,0.0,-0.0,0.0,,,-38.263,32.989,,,,,71.252,71.252,71.252
Ciência da Computação (Bacharelado) | Darcy Ribeiro | Diurno | EP_R1_PPI | EP=True | R=R1 | GE=PPI | PCD=False | SM=1.5,131,Ciência da Computação (Bacharelado),Darcy Ribeiro,Diurno,EP_R1_PPI,5,-34.939,-18.098,-2.517,-7.693,16.841,-5.176,-48.201,205.642,4.21,-1.294,-8.109,20.86,19.321,35.546,-238.253,170.404,28.969,10.405,70.458
Ciência da Computação (Bacharelado) | Darcy Ribeiro | Diurno | EP_R1_PPIQ | EP=True | R=R1 | GE=PPIQ | PCD=False | SM=1.0,132,Ciência da Computação (Bacharelado),Darcy Ribeiro,Diurno,EP_R1_PPIQ,1,0.178,0.178,0.178,0.178,0.0,0.0,0.0,0.0,,,0.178,0.178,,,,,0.0,0.0,0.0
Ciência da Computação (Bacharelado) | Darcy Ribeiro | Diurno | EP_R2_NPPI | EP=True | R=R2 | GE=NPPI | PCD=False | SM=1.5,133,Ciência da Computação (Bacharelado),Darcy Ribeiro,Diurno,EP_R2_NPPI,5,9.801,77.535,115.857,77.535,67.734,-38.322,691.093,-33.077,16.934,-9.58,88.255,128.39,48.062,38.171,54.458,29.73,40.134,0.0,106.056
Ciência da Computação (Bacharelado) | Darcy Ribeiro | Diurno | EP_R2_NPPIQ | EP=True | R=R2 | GE=NPPIQ | PCD=False | SM=1.0,134,Ciência da Computação (Bacharelado),Darcy Ribeiro,Diurno,EP_R2_NPPIQ,1,118.288,118.288,118.288,118.288,0.0,0.0,0.0,0.0,,,118.288,118.288,,,,,0.0,0.0,0.0
Ciência da Computação (Bacharelado) | Darcy Ribeiro | Diurno | EP_R2_NPPIQ_PCD | EP=True | R=R2 | GE=NPPIQ | PCD=True | SM=1.0,135,Ciência da Computação (Bacharelado),Darcy Ribeiro,Diurno,EP_R2_NPPIQ_PCD,1,42.861,42.861,42.861,42.861,0.0,0.0,0.0,0.0,,,42.861,42.861,,,,,0.0,0.0,0.0
Ciência da Computação (Bacharelado) | Darcy Ribeiro | Diurno | EP_R2_NPPI_PCD | EP=True | R=R2 | GE=NPPI | PCD=True | SM=1.5,136,Ciência da Computação (Bacharelado),Darcy Ribeiro,Diurno,EP_R2_NPPI_PCD,1,-10.517,-10.517,-10.517,-10.517,0.0,0.0,-0.0,-0.0,,,-10.517,-10.517,,,,,0.0,0.0,0.0
Ciência da Computação (Bacharelado) | Darcy Ribeiro | Diurno | EP_R2_PPI | EP=True | R=R2 | GE=PPI | PCD=False | SM=1.5,137,Ciência da Computação (Bacharelado),Darcy Ribeiro,Diurno,EP_R2_PPI,5,12.338,-12.086,54.187,22.791,-24.424,-31.396,-197.958,-57.94,-6.106,-7.849,24.249,58.102,25.235,24.763,104.066,42.62,33.853,19.356,41.849
Ciência da Computação (Bacharelado) | Darcy Ribeiro | Diurno | EP_R2_PPIQ | EP=True | R=R2 | GE=PPIQ | PCD=False | SM=1.0,138,Ciência da Computação (Bacharelado),Darcy Ribeiro,Diurno,EP_R2_PPIQ,1,48.884,48.884,74.724,74.724,0.0,0.0,0.0,0.0,,,48.884,74.724,,,,,25.84,25.84,25.84
Ciência da Computação (Bacharelado) | Darcy Ribeiro | Diurno | EP_R2_PPI_PCD | EP=True | R=R2 | GE=PPI | PCD=True | SM=1.5,139,Ciência da Computação (Bacharelado),Darcy Ribeiro,Diurno,EP_R2_PPI_PCD,1,-13.051,-13.051,-13.051,-13.051,0.0,0.0,-0.0,-0.0,,,-13.051,-13.051,,,,,0.0,0.0,0.0
Ciências Ambientais (Bacharelado) | Darcy Ribeiro | Noturno | AC | EP=False | R=NA | GE=NA | PCD=False | SM=NA,140,Ciências Ambientais (Bacharelado),Darcy Ribeiro,Noturno,AC,5,-86.73,-60.711,22.379,-15.392,26.019,-37.771,-30.0,-168.779,6.505,-9.443,-70.227,30.62,16.57,51.19,-23.596,167.18,100.846,45.319,181.946
Ciências Ambientais (Bacharelado) | Darcy Ribeiro | Noturno | CN | EP=False | R=NA | GE=NEGROS | PCD=False | SM=NA,141,Ciências Ambientais (Bacharelado),Darcy Ribeiro,Noturno,CN,4,-35.352,-39.988,-30.498,-39.988,-4.636,-9.49,13.114,31.117,-1.545,-3.163,-32.329,-31.116,11.029,10.851,-34.115,-34.874,1.213,0.0,4.854
Ciências Ambientais (Bacharelado) | Darcy Ribeiro | Noturno | EP_R1_NPPI | EP=True | R=R1 | GE=NPPI | PCD=False | SM=1.5,142,Ciências Ambientais (Bacharelado),Darcy Ribeiro,Noturno,EP_R1_NPPI,1,-6.827,-6.827,-6.827,-6.827,0.0,0.0,-0.0,-0.0,,,-6.827,-6.827,,,,,0.0,0.0,0.0
Ciências Ambientais (Bacharelado) | Darcy Ribeiro | Noturno | EP_R2_NPPI | EP=True | R=R2 | GE=NPPI | PCD=False | SM=1.5,143,Ciências Ambientais (Bacharelado),Darcy Ribeiro,Noturno,EP_R2_NPPI,3,-49.599,-29.414,-33.542,-13.823,20.185,19.719,-40.696,-58.789,10.092,9.86,-10.988,-0.439,50.415,41.449,-458.809,-9441.606,10.549,0.0,16.057
Ciências Ambientais (Bacharelado) | Darcy Ribeiro | Noturno | EP_R2_PPI | EP=True | R=R2 | GE=PPI | PCD=False | SM=1.5,144,Ciências Ambientais (Bacharelado),Darcy Ribeiro,Noturno,EP_R2_PPI,4,-59.986,-51.524,-33.277,-51.524,8.462,-18.247,-14.107,54.834,2.821,-6.082,-38.595,-31.49,20.654,15.171,-53.515,-48.178,7.105,0.0,26.709
Ciências Contábeis (Bacharelado) | Darcy Ribeiro | Diurno | AC | EP=False | R=NA | GE=NA | PCD=False | SM=NA,145,Ciências Contábeis (Bacharelado),Darcy Ribeiro,Diurno,AC,6,-77.991,17.85,70.338,82.737,95.841,12.399,-122.887,17.628,19.168,2.48,-21.983,60.895,53.5,35.679,-243.374,58.591,82.877,51.329,148.329
Ciências Contábeis (Bacharelado) | Darcy Ribeiro | Noturno | AC | EP=False | R=NA | GE=NA | PCD=False | SM=NA,146,Ciências Contábeis (Bacharelado),Darcy Ribeiro,Noturno,AC,5,-71.302,-27.789,44.077,31.88,43.513,-12.197,-61.026,-27.672,10.878,-3.049,-50.109,41.978,24.299,5.789,-48.493,13.79,92.087,59.669,115.379
Ciências Contábeis (Bacharelado) | Darcy Ribeiro | Diurno | CN | EP=False | R=NA | GE=NEGROS | PCD=False | SM=NA,147,Ciências Contábeis (Bacharelado),Darcy Ribeiro,Diurno,CN,5,5.872,-0.627,5.872,14.496,-6.499,8.624,-110.678,146.866,-1.625,2.156,-4.823,,22.917,,-475.187,,,,
Ciências Contábeis (Bacharelado) | Darcy Ribeiro | Noturno | CN | EP=False | R=NA | GE=NEGROS | PCD=False | SM=NA,148,Ciências Contábeis (Bacharelado),Darcy Ribeiro,Noturno,CN,3,-2.467,-40.834,25.446,-24.325,-38.367,-49.771,1555.209,-195.595,-19.184,-24.886,-37.835,-7.952,33.968,28.926,-89.78,-363.738,29.883,16.509,45.227
Ciências Contábeis (Bacharelado) | Darcy Ribeiro | Diurno | EP_R1_NPPI | EP=True | R=R1 | GE=NPPI | PCD=False | SM=1.5,149,Ciências Contábeis (Bacharelado),Darcy Ribeiro,Diurno,EP_R1_NPPI,4,-33.95,-49.303,-9.24,44.815,-15.353,54.055,45.222,-585.011,-5.118,18.018,,19.409,,23.283,,119.958,,,
Ciências Contábeis (Bacharelado) | Darcy Ribeiro | Noturno | EP_R1_NPPI | EP=True | R=R1 | GE=NPPI | PCD=False | SM=1.5,150,Ciências Contábeis (Bacharelado),Darcy Ribeiro,Noturno,EP_R1_NPPI,3,-54.029,-54.966,-54.029,-29.047,-0.937,24.982,1.734,-46.238,-0.468,12.491,-57.05,-30.169,4.445,23.32,-7.792,-77.298,26.881,0.0,54.724
Ciências Contábeis (Bacharelado) | Darcy Ribeiro | Diurno | EP_R1_NPPIQ | EP=True | R=R1 | GE=NPPIQ | PCD=False | SM=1.0,151,Ciências Contábeis (Bacharelado),Darcy Ribeiro,Diurno,EP_R1_NPPIQ,1,-24.064,-24.064,-24.064,-24.064,0.0,0.0,-0.0,-0.0,,,-24.064,-24.064,,,,,0.0,0.0,0.0
Ciências Contábeis (Bacharelado) | Darcy Ribeiro | Diurno | EP_R1_PPI | EP=True | R=R1 | GE=PPI | PCD=False | SM=1.5,152,Ciências Contábeis (Bacharelado),Darcy Ribeiro,Diurno,EP_R1_PPI,3,,-59.857,13.346,-59.857,,-73.203,,-548.501,,-36.602,,-30.57,,38.732,,-126.7,,,
Ciências Contábeis (Bacharelado) | Darcy Ribeiro | Noturno | EP_R1_PPI | EP=True | R=R1 | GE=PPI | PCD=False | SM=1.5,153,Ciências Contábeis (Bacharelado),Darcy Ribeiro,Noturno,EP_R1_PPI,2,-50.721,1.491,-38.632,1.491,52.212,40.123,-102.94,-103.859,52.212,40.123,-24.615,-18.57,36.919,28.371,-149.988,-152.776,6.044,0.0,12.089
Ciências Contábeis (Bacharelado) | Darcy Ribeiro | Diurno | EP_R2_NPPI | EP=True | R=R2 | GE=NPPI | PCD=False | SM=1.5,154,Ciências Contábeis (Bacharelado),Darcy Ribeiro,Diurno,EP_R2_NPPI,5,-26.025,-75.965,9.416,-49.701,-49.94,-59.117,191.892,-627.836,-12.485,-14.779,,12.111,,39.797,,328.597,,,
Ciências Contábeis (Bacharelado) | Darcy Ribeiro | Noturno | EP_R2_NPPI | EP=True | R=R2 | GE=NPPI | PCD=False | SM=1.5,155,Ciências Contábeis (Bacharelado),Darcy Ribeiro,Noturno,EP_R2_NPPI,3,-68.678,-60.649,-68.678,0.749,8.029,69.427,-11.691,-101.091,4.014,34.713,-68.454,-19.449,7.695,42.861,-11.242,-220.375,49.005,0.0,85.616
Ciências Contábeis (Bacharelado) | Darcy Ribeiro | Diurno | EP_R2_NPPIQ | EP=True | R=R2 | GE=NPPIQ | PCD=False | SM=1.0,156,Ciências Contábeis (Bacharelado),Darcy Ribeiro,Diurno,EP_R2_NPPIQ,1,-50.333,-50.333,11.211,11.211,0.0,0.0,-0.0,0.0,,,-50.333,11.211,,,,,61.544,61.544,61.544
Ciências Contábeis (Bacharelado) | Darcy Ribeiro | Noturno | EP_R2_NPPIQ | EP=True | R=R2 | GE=NPPIQ | PCD=False | SM=1.0,157,Ciências Contábeis (Bacharelado),Darcy Ribeiro,Noturno,EP_R2_NPPIQ,1,-36.706,-36.706,-21.206,-21.206,0.0,0.0,-0.0,-0.0,,,-36.706,-21.206,,,,,15.5,15.5,15.5
Ciências Contábeis (Bacharelado) | Darcy Ribeiro | Diurno | EP_R2_PPI | EP=True | R=R2 | GE=PPI | PCD=False | SM=1.5,158,Ciências Contábeis (Bacharelado),Darcy Ribeiro,Diurno,EP_R2_PPI,4,-43.271,-21.687,60.116,-21.687,21.584,-81.803,-49.881,-136.075,7.195,-27.268,,20.561,,36.172,,175.923,,,
Ciências Contábeis (Bacharelado) | Darcy Ribeiro | Noturno | EP_R2_PPI | EP=True | R=R2 | GE=PPI | PCD=False | SM=1.5,159,Ciências Contábeis (Bacharelado),Darcy Ribeiro,Noturno,EP_R2_PPI,4,-37.932,-29.321,-13.347,-6.142,8.611,7.205,-22.701,-53.982,2.87,2.402,-43.373,-1.921,11.809,12.799,-27.228,-666.26,41.452,23.179,68.709
Ciências Contábeis (Bacharelado) | Darcy Ribeiro | Diurno | EP_R2_PPIQ | EP=True | R=R2 | GE=PPIQ | PCD=False | SM=1.0,160,Ciências Contábeis (Bacharelado),Darcy Ribeiro,Diurno,EP_R2_PPIQ,1,-81.153,-81.153,-5.417,-5.417,0.0,0.0,-0.0,-0.0,,,-81.153,-5.417,,,,,75.736,75.736,75.736
Ciências Contábeis (Bacharelado) | Darcy Ribeiro | Noturno | EP_R2_PPIQ | EP=True | R=R2 | GE=PPIQ | PCD=False | SM=1.0,161,Ciências Contábeis (Bacharelado),Darcy Ribeiro,Noturno,EP_R2_PPIQ,1,-72.809,-72.809,-37.134,-37.134,0.0,0.0,-0.0,-0.0,,,-72.809,-37.134,,,,,35.675,35.675,35.675
Ciências Econômicas (Bacharelado) | Darcy Ribeiro | Diurno | AC | EP=False | R=NA | GE=NA | PCD=False | SM=NA,162,Ciências Econômicas (Bacharelado),Darcy Ribeiro,Diurno,AC,6,39.606,98.037,170.983,136.512,58.431,-34.471,147.531,-20.16,11.686,-6.894,79.392,,27.393,,34.504,,,,
Ciências Econômicas (Bacharelado) | Darcy Ribeiro | Diurno | CN | EP=False | R=NA | GE=NEGROS | PCD=False | SM=NA,163,Ciências Econômicas (Bacharelado),Darcy Ribeiro,Diurno,CN,6,52.181,83.431,54.601,83.431,31.25,28.83,59.888,52.801,6.25,5.766,45.157,45.56,26.92,27.064,59.614,59.403,0.403,0.0,2.42
Ciências Econômicas (Bacharelado) | Darcy Ribeiro | Diurno | EP_R1_NPPI | EP=True | R=R1 | GE=NPPI | PCD=False | SM=1.5,164,Ciências Econômicas (Bacharelado),Darcy Ribeiro,Diurno,EP_R1_NPPI,5,-19.708,-56.632,37.407,-56.632,-36.924,-94.039,187.355,-251.394,-9.231,-23.51,-34.657,10.474,26.042,40.469,-75.141,386.381,45.131,0.0,72.619
Ciências Econômicas (Bacharelado) | Darcy Ribeiro | Diurno | EP_R1_NPPIQ | EP=True | R=R1 | GE=NPPIQ | PCD=False | SM=1.0,165,Ciências Econômicas (Bacharelado),Darcy Ribeiro,Diurno,EP_R1_NPPIQ,1,-30.927,-30.927,-30.927,-30.927,0.0,0.0,-0.0,-0.0,,,-30.927,-30.927,,,,,0.0,0.0,0.0
Ciências Econômicas (Bacharelado) | Darcy Ribeiro | Diurno | EP_R1_PPI | EP=True | R=R1 | GE=PPI | PCD=False | SM=1.5,166,Ciências Econômicas (Bacharelado),Darcy Ribeiro,Diurno,EP_R1_PPI,3,-31.962,-10.898,3.364,67.95,21.064,64.586,-65.903,1919.917,10.532,32.293,-22.817,33.463,10.803,32.516,-47.344,97.171,56.28,35.326,78.848
Ciências Econômicas (Bacharelado) | Darcy Ribeiro | Diurno | EP_R2_NPPI | EP=True | R=R2 | GE=NPPI | PCD=False | SM=1.5,167,Ciências Econômicas (Bacharelado),Darcy Ribeiro,Diurno,EP_R2_NPPI,5,-31.155,-64.258,71.256,-22.961,-33.103,-94.217,106.253,-132.223,-8.276,-23.554,3.012,58.102,56.339,51.097,1870.602,87.943,55.09,6.922,102.411
Ciências Econômicas (Bacharelado) | Darcy Ribeiro | Diurno | EP_R2_NPPIQ | EP=True | R=R2 | GE=NPPIQ | PCD=False | SM=1.0,168,Ciências Econômicas (Bacharelado),Darcy Ribeiro,Diurno,EP_R2_NPPIQ,1,18.823,18.823,94.124,94.124,0.0,0.0,0.0,0.0,,,18.823,94.124,,,,,75.301,75.301,75.301
Ciências Econômicas (Bacharelado) | Darcy Ribeiro | Diurno | EP_R2_PPI | EP=True | R=R2 | GE=PPI | PCD=False | SM=1.5,169,Ciências Econômicas (Bacharelado),Darcy Ribeiro,Diurno,EP_R2_PPI,4,-48.677,-37.254,23.009,59.411,11.423,36.402,-23.467,158.208,3.808,12.134,-37.674,36.404,10.297,25.14,-27.333,69.058,74.078,31.702,96.665
Ciências Econômicas (Bacharelado) | Darcy Ribeiro | Diurno | EP_R2_PPIQ | EP=True | R=R2 | GE=PPIQ | PCD=False | SM=1.0,170,Ciências Econômicas (Bacharelado),Darcy Ribeiro,Diurno,EP_R2_PPIQ,1,-17.699,-17.699,30.922,30.922,0.0,0.0,-0.0,0.0,,,-17.699,30.922,,,,,48.621,48.621,48.621
Ciências Naturais (Licenciatura) | Planaltina | Diurno | AC | EP=False | R=NA | GE=NA | PCD=False | SM=NA,171,Ciências Naturais (Licenciatura),Planaltina,Diurno,AC,5,-78.584,-78.391,-15.361,13.11,0.193,28.471,-0.246,-185.346,0.048,7.118,-79.819,-11.367,5.764,43.666,-7.221,-384.137,68.452,0.0,94.368
Ciências Naturais (Licenciatura) | Planaltina | Noturno | AC | EP=False | R=NA | GE=NA | PCD=False | SM=NA,172,Ciências Naturais (Licenciatura),Planaltina,Noturno,AC,3,-76.854,-52.216,-20.469,9.125,24.638,29.594,-32.058,-144.58,12.319,14.797,-63.865,-17.018,12.373,24.599,-19.374,-144.551,46.848,22.817,61.341
Ciências Naturais (Licenciatura) | Planaltina | Noturno | CN | EP=False | R=NA | GE=NEGROS | PCD=False | SM=NA,173,Ciências Naturais (Licenciatura),Planaltina,Noturno,CN,1,-90.203,-90.203,-90.203,-90.203,0.0,0.0,-0.0,-0.0,,,-90.203,-90.203,,,,,0.0,0.0,0.0
Ciências Naturais (Licenciatura) | Planaltina | Diurno | EP_R1_PPI | EP=True | R=R1 | GE=PPI | PCD=False | SM=1.5,174,Ciências Naturais (Licenciatura),Planaltina,Diurno,EP_R1_PPI,2,-19.534,-49.692,-19.534,-49.692,-30.158,-30.158,154.387,154.387,-30.158,-30.158,-34.613,-34.613,21.325,21.325,-61.61,-61.61,0.0,0.0,0.0
Ciências Naturais (Licenciatura) | Planaltina | Diurno | EP_R2_PPI | EP=True | R=R2 | GE=PPI | PCD=False | SM=1.5,175,Ciências Naturais (Licenciatura),Planaltina,Diurno,EP_R2_PPI,2,-38.144,-36.562,-7.442,-36.562,1.582,-29.12,-4.147,391.293,1.582,-29.12,-37.353,-22.002,1.119,20.591,-2.995,-93.587,15.351,0.0,30.702
Ciências Naturais (Licenciatura) | Planaltina | Noturno | EP_R2_PPI | EP=True | R=R2 | GE=PPI | PCD=False | SM=1.5,176,Ciências Naturais (Licenciatura),Planaltina,Noturno,EP_R2_PPI,1,-37.156,-37.156,-37.156,-37.156,0.0,0.0,-0.0,-0.0,,,-37.156,-37.156,,,,,0.0,0.0,0.0
Ciências Sociais – Antropologia/ Sociologia (Bacharelado/Licenciatura) | Darcy Ribeiro | Diurno | AC | EP=False | R=NA | GE=NA | PCD=False | SM=NA,177,Ciências Sociais – Antropologia/ Sociologia (Bacharelado/Licenciatura),Darcy Ribeiro,Diurno,AC,5,-73.444,-15.532,63.097,69.84,57.912,6.743,-78.852,10.687,14.478,1.686,-16.418,74.396,33.498,11.846,-204.03,15.923,90.814,70.082,136.541
Ciências Sociais – Antropologia/ Sociologia (Bacharelado/Licenciatura) | Darcy Ribeiro | Diurno | CN | EP=False | R=NA | GE=NEGROS | PCD=False | SM=NA,178,Ciências Sociais – Antropologia/ Sociologia (Bacharelado/Licenciatura),Darcy Ribeiro,Diurno,CN,5,-2.423,-34.923,22.985,-32.091,-32.5,-55.076,1341.312,-239.617,-8.125,-13.769,-17.392,5.378,19.139,22.115,-110.047,411.181,22.77,2.832,49.279
Ciências Sociais – Antropologia/ Sociologia (Bacharelado/Licenciatura) | Darcy Ribeiro | Diurno | EP_R1_NPPI | EP=True | R=R1 | GE=NPPI | PCD=False | SM=1.5,179,Ciências Sociais – Antropologia/ Sociologia (Bacharelado/Licenciatura),Darcy Ribeiro,Diurno,EP_R1_NPPI,4,-58.842,-65.302,12.31,-5.054,-6.46,-17.364,10.979,-141.056,-2.153,-5.788,-55.379,0.12,15.582,13.778,-28.137,11457.633,55.5,15.453,75.145
Ciências Sociais – Antropologia/ Sociologia (Bacharelado/Licenciatura) | Darcy Ribeiro | Diurno | EP_R1_NPPIQ | EP=True | R=R1 | GE=NPPIQ | PCD=False | SM=1.0,180,Ciências Sociais – Antropologia/ Sociologia (Bacharelado/Licenciatura),Darcy Ribeiro,Diurno,EP_R1_NPPIQ,1,-30.926,-30.926,-30.926,-30.926,0.0,0.0,-0.0,-0.0,,,-30.926,-30.926,,,,,0.0,0.0,0.0
Ciências Sociais – Antropologia/ Sociologia (Bacharelado/Licenciatura) | Darcy Ribeiro | Diurno | EP_R1_PPI | EP=True | R=R1 | GE=PPI | PCD=False | SM=1.5,181,Ciências Sociais – Antropologia/ Sociologia (Bacharelado/Licenciatura),Darcy Ribeiro,Diurno,EP_R1_PPI,4,-79.622,-61.197,13.422,-32.867,18.425,-46.289,-23.141,-344.874,6.142,-15.43,-55.535,-18.897,19.219,21.696,-34.606,-114.814,36.638,5.982,93.044
Ciências Sociais – Antropologia/ Sociologia (Bacharelado/Licenciatura) | Darcy Ribeiro | Diurno | EP_R2_NPPI | EP=True | R=R2 | GE=NPPI | PCD=False | SM=1.5,182,Ciências Sociais – Antropologia/ Sociologia (Bacharelado/Licenciatura),Darcy Ribeiro,Diurno,EP_R2_NPPI,4,-34.495,-37.615,6.009,33.041,-3.12,27.032,9.045,449.859,-1.04,9.011,-37.972,33.266,9.516,23.301,-25.059,70.047,71.238,40.504,91.611
Ciências Sociais – Antropologia/ Sociologia (Bacharelado/Licenciatura) | Darcy Ribeiro | Diurno | EP_R2_NPPIQ | EP=True | R=R2 | GE=NPPIQ | PCD=False | SM=1.0,183,Ciências Sociais – Antropologia/ Sociologia (Bacharelado/Licenciatura),Darcy Ribeiro,Diurno,EP_R2_NPPIQ,1,-91.423,-91.423,-6.3,-6.3,0.0,0.0,-0.0,-0.0,,,-91.423,-6.3,,,,,85.123,85.123,85.123
Ciências Sociais – Antropologia/ Sociologia (Bacharelado/Licenciatura) | Darcy Ribeiro | Diurno | EP_R2_NPPIQ_PCD | EP=True | R=R2 | GE=NPPIQ | PCD=True | SM=1.0,184,Ciências Sociais – Antropologia/ Sociologia (Bacharelado/Licenciatura),Darcy Ribeiro,Diurno,EP_R2_NPPIQ_PCD,1,-32.205,-32.205,-32.205,-32.205,0.0,0.0,-0.0,-0.0,,,-32.205,-32.205,,,,,0.0,0.0,0.0
Ciências Sociais – Antropologia/ Sociologia (Bacharelado/Licenciatura) | Darcy Ribeiro | Diurno | EP_R2_PPI | EP=True | R=R2 | GE=PPI | PCD=False | SM=1.5,185,Ciências Sociais – Antropologia/ Sociologia (Bacharelado/Licenciatura),Darcy Ribeiro,Diurno,EP_R2_PPI,4,-62.078,-57.603,-12.864,10.11,4.475,22.974,-7.209,-178.591,1.492,7.658,-67.767,6.148,10.25,17.734,-15.126,288.421,73.915,49.214,99.226
Ciências Sociais – Antropologia/ Sociologia (Bacharelado/Licenciatura) | Darcy Ribeiro | Diurno | EP_R2_PPIQ | EP=True | R=R2 | GE=PPIQ | PCD=False | SM=1.0,186,Ciências Sociais – Antropologia/ Sociologia (Bacharelado/Licenciatura),Darcy Ribeiro,Diurno,EP_R2_PPIQ,1,-70.919,-70.919,-49.487,-49.487,0.0,0.0,-0.0,-0.0,,,-70.919,-49.487,,,,,21.432,21.432,21.432
Computação (Licenciatura) | Darcy Ribeiro | Noturno | AC | EP=False | R=NA | GE=NA | PCD=False | SM=NA,187,Computação (Licenciatura),Darcy Ribeiro,Noturno,AC,6,-96.333,-22.177,63.42,45.581,74.156,-17.839,-76.979,-28.128,14.831,-3.568,-45.556,40.884,43.576,44.702,-95.655,109.336,86.44,55.03,159.753
Computação (Licenciatura) | Darcy Ribeiro | Noturno | CN | EP=False | R=NA | GE=NEGROS | PCD=False | SM=NA,188,Computação (Licenciatura),Darcy Ribeiro,Noturno,CN,4,-3.314,-23.781,-3.314,-23.781,-20.467,-20.467,617.592,617.592,-6.822,-6.822,-13.755,-13.755,41.37,41.37,-300.76,-300.76,0.0,0.0,0.0
Computação (Licenciatura) | Darcy Ribeiro | Noturno | EP_R1_NPPI | EP=True | R=R1 | GE=NPPI | PCD=False | SM=1.5,189,Computação (Licenciatura),Darcy Ribeiro,Noturno,EP_R1_NPPI,1,-65.745,-65.745,-51.109,-51.109,0.0,0.0,-0.0,-0.0,,,-65.745,-51.109,,,,,14.636,14.636,14.636
Computação (Licenciatura) | Darcy Ribeiro | Noturno | EP_R1_PPI | EP=True | R=R1 | GE=PPI | PCD=False | SM=1.5,190,Computação (Licenciatura),Darcy Ribeiro,Noturno,EP_R1_PPI,4,36.577,-5.522,36.577,-5.522,-42.099,-42.099,-115.097,-115.097,-14.033,-14.033,-24.848,-20.584,51.351,49.305,-206.663,-239.538,4.264,0.0,17.056
Computação (Licenciatura) | Darcy Ribeiro | Noturno | EP_R2_NPPI | EP=True | R=R2 | GE=NPPI | PCD=False | SM=1.5,191,Computação (Licenciatura),Darcy Ribeiro,Noturno,EP_R2_NPPI,4,-28.675,-50.802,14.464,-11.64,-22.127,-26.104,77.165,-180.476,-7.376,-8.701,-39.236,-14.758,17.534,28.397,-44.688,-192.417,24.478,3.474,43.139
Computação (Licenciatura) | Darcy Ribeiro | Noturno | EP_R2_NPPIQ | EP=True | R=R2 | GE=NPPIQ | PCD=False | SM=1.0,192,Computação (Licenciatura),Darcy Ribeiro,Noturno,EP_R2_NPPIQ,1,-44.036,-44.036,-4.601,-4.601,0.0,0.0,-0.0,-0.0,,,-44.036,-4.601,,,,,39.435,39.435,39.435
Computação (Licenciatura) | Darcy Ribeiro | Noturno | EP_R2_NPPI_PCD | EP=True | R=R2 | GE=NPPI | PCD=True | SM=1.5,193,Computação (Licenciatura),Darcy Ribeiro,Noturno,EP_R2_NPPI_PCD,1,18.874,18.874,18.874,18.874,0.0,0.0,0.0,0.0,,,18.874,18.874,,,,,0.0,0.0,0.0
Computação (Licenciatura) | Darcy Ribeiro | Noturno | EP_R2_PPI | EP=True | R=R2 | GE=PPI | PCD=False | SM=1.5,194,Computação (Licenciatura),Darcy Ribeiro,Noturno,EP_R2_PPI,2,-51.231,-85.346,-44.126,-10.124,-34.115,34.002,66.591,-77.057,-34.115,34.002,-68.288,-27.125,24.123,24.043,-35.325,-88.638,41.164,7.105,75.222
Comunicação Organizacional (Bacharelado) | Darcy Ribeiro | Noturno | AC | EP=False | R=NA | GE=NA | PCD=False | SM=NA,195,Comunicação Organizacional (Bacharelado),Darcy Ribeiro,Noturno,AC,6,-60.884,8.45,61.325,66.357,69.334,5.032,-113.879,8.205,13.867,1.006,-36.423,45.332,37.605,32.275,-103.248,71.196,81.755,57.907,122.209
Comunicação Organizacional (Bacharelado) | Darcy Ribeiro | Noturno | CN | EP=False | R=NA | GE=NEGROS | PCD=False | SM=NA,196,Comunicação Organizacional (Bacharelado),Darcy Ribeiro,Noturno,CN,5,-41.513,-4.348,4.914,-4.348,37.165,-9.262,-89.526,-188.482,9.291,-2.316,-21.931,-12.646,38.939,38.636,-177.55,-305.527,9.285,0.0,46.427
Comunicação Organizacional (Bacharelado) | Darcy Ribeiro | Noturno | EP_R2_NPPI | EP=True | R=R2 | GE=NPPI | PCD=False | SM=1.5,197,Comunicação Organizacional (Bacharelado),Darcy Ribeiro,Noturno,EP_R2_NPPI,4,-24.715,-56.789,-24.715,-56.789,-32.074,-32.074,129.775,129.775,-10.691,-10.691,-41.926,-40.841,14.119,13.512,-33.678,-33.085,1.085,0.0,4.34
Comunicação Organizacional (Bacharelado) | Darcy Ribeiro | Noturno | EP_R2_NPPIQ | EP=True | R=R2 | GE=NPPIQ | PCD=False | SM=1.0,198,Comunicação Organizacional (Bacharelado),Darcy Ribeiro,Noturno,EP_R2_NPPIQ,1,-83.245,-83.245,15.877,15.877,0.0,0.0,-0.0,0.0,,,-83.245,15.877,,,,,99.122,99.122,99.122
Comunicação Organizacional (Bacharelado) | Darcy Ribeiro | Noturno | EP_R2_PPI | EP=True | R=R2 | GE=PPI | PCD=False | SM=1.5,199,Comunicação Organizacional (Bacharelado),Darcy Ribeiro,Noturno,EP_R2_PPI,2,-76.574,-46.61,-23.424,-14.593,29.964,8.831,-39.131,-37.701,29.964,8.831,-61.592,-19.008,21.188,6.244,-34.4,-32.851,42.584,32.017,53.15
Comunicação Organizacional (Bacharelado) | Darcy Ribeiro | Noturno | EP_R2_PPIQ | EP=True | R=R2 | GE=PPIQ | PCD=False | SM=1.0,200,Comunicação Organizacional (Bacharelado),Darcy Ribeiro,Noturno,EP_R2_PPIQ,1,-49.545,-49.545,-18.438,-18.438,0.0,0.0,-0.0,-0.0,,,-49.545,-18.438,,,,,31.107,31.107,31.107
Comunicação Social - Publicidade e Propaganda (Bacharelado) | Darcy Ribeiro | Diurno | AC | EP=False | R=NA | GE=NA | PCD=False | SM=NA,201,Comunicação Social - Publicidade e Propaganda (Bacharelado),Darcy Ribeiro,Diurno,AC,6,42.875,56.963,95.093,86.414,14.088,-8.679,32.858,-9.127,2.818,-1.736,58.324,,14.716,,25.232,,,,
Comunicação Social - Publicidade e Propaganda (Bacharelado) | Darcy Ribeiro | Diurno | CN | EP=False | R=NA | GE=NEGROS | PCD=False | SM=NA,202,Comunicação Social - Publicidade e Propaganda (Bacharelado),Darcy Ribeiro,Diurno,CN,6,39.163,44.425,52.808,44.425,5.262,-8.383,13.436,-15.874,1.052,-1.677,33.941,36.215,41.214,41.93,121.428,115.78,2.274,0.0,13.645
Comunicação Social - Publicidade e Propaganda (Bacharelado) | Darcy Ribeiro | Diurno | EP_R1_NPPI | EP=True | R=R1 | GE=NPPI | PCD=False | SM=1.5,203,Comunicação Social - Publicidade e Propaganda (Bacharelado),Darcy Ribeiro,Diurno,EP_R1_NPPI,4,-49.871,28.907,2.367,28.907,78.778,26.54,-157.964,1121.251,26.259,8.847,-10.932,2.127,34.597,22.871,-316.467,1075.163,13.06,0.0,52.238
Comunicação Social - Publicidade e Propaganda (Bacharelado) | Darcy Ribeiro | Diurno | EP_R1_NPPIQ | EP=True | R=R1 | GE=NPPIQ | PCD=False | SM=1.0,204,Comunicação Social - Publicidade e Propaganda (Bacharelado),Darcy Ribeiro,Diurno,EP_R1_NPPIQ,1,-29.329,-29.329,-29.329,-29.329,0.0,0.0,-0.0,-0.0,,,-29.329,-29.329,,,,,0.0,0.0,0.0
Comunicação Social - Publicidade e Propaganda (Bacharelado) | Darcy Ribeiro | Diurno | EP_R1_PPI | EP=True | R=R1 | GE=PPI | PCD=False | SM=1.5,205,Comunicação Social - Publicidade e Propaganda (Bacharelado),Darcy Ribeiro,Diurno,EP_R1_PPI,4,-43.64,-11.438,29.027,-1.404,32.202,-30.431,-73.79,-104.837,10.734,-10.144,-16.369,13.048,19.124,16.21,-116.829,124.231,29.417,10.034,72.667
Comunicação Social - Publicidade e Propaganda (Bacharelado) | Darcy Ribeiro | Diurno | EP_R2_NPPI | EP=True | R=R2 | GE=NPPI | PCD=False | SM=1.5,206,Comunicação Social - Publicidade e Propaganda (Bacharelado),Darcy Ribeiro,Diurno,EP_R2_NPPI,5,-27.135,-39.668,-14.554,-12.554,-12.533,2.0,46.188,-13.742,-3.133,0.5,16.704,26.389,49.376,39.369,295.597,149.186,9.685,0.0,27.114
Comunicação Social - Publicidade e Propaganda (Bacharelado) | Darcy Ribeiro | Diurno | EP_R2_NPPIQ | EP=True | R=R2 | GE=NPPIQ | PCD=False | SM=1.0,207,Comunicação Social - Publicidade e Propaganda (Bacharelado),Darcy Ribeiro,Diurno,EP_R2_NPPIQ,1,50.59,50.59,50.59,50.59,0.0,0.0,0.0,0.0,,,50.59,50.59,,,,,0.0,0.0,0.0
Comunicação Social - Publicidade e Propaganda (Bacharelado) | Darcy Ribeiro | Diurno | EP_R2_PPI | EP=True | R=R2 | GE=PPI | PCD=False | SM=1.5,208,Comunicação Social - Publicidade e Propaganda (Bacharelado),Darcy Ribeiro,Diurno,EP_R2_PPI,4,-26.233,-74.578,8.751,-74.578,-48.345,-83.329,184.291,-952.223,-16.115,-27.776,-20.72,8.109,39.855,58.611,-192.351,722.813,28.829,0.0,41.339
Comunicação Social - Publicidade e Propaganda (Bacharelado) | Darcy Ribeiro | Diurno | EP_R2_PPIQ | EP=True | R=R2 | GE=PPIQ | PCD=False | SM=1.0,209,Comunicação Social - Publicidade e Propaganda (Bacharelado),Darcy Ribeiro,Diurno,EP_R2_PPIQ,1,-41.458,-41.458,-16.426,-16.426,0.0,0.0,-0.0,-0.0,,,-41.458,-16.426,,,,,25.032,25.032,25.032
Comunicação Social – Audiovisual (Bacharelado) | Darcy Ribeiro | Diurno | AC | EP=False | R=NA | GE=NA | PCD=False | SM=NA,210,Comunicação Social – Audiovisual (Bacharelado),Darcy Ribeiro,Diurno,AC,6,47.993,69.433,110.494,134.182,21.44,23.688,44.673,21.438,4.288,4.738,62.082,,16.42,,26.448,,,,
Comunicação Social – Audiovisual (Bacharelado) | Darcy Ribeiro | Diurno | CN | EP=False | R=NA | GE=NEGROS | PCD=False | SM=NA,211,Comunicação Social – Audiovisual (Bacharelado),Darcy Ribeiro,Diurno,CN,6,-49.161,-55.674,-49.161,-55.674,-6.513,-6.513,13.248,13.248,-1.303,-1.303,-8.319,-8.319,38.686,38.686,-465.019,-465.019,0.0,0.0,0.0
Comunicação Social – Audiovisual (Bacharelado) | Darcy Ribeiro | Diurno | EP_R1_NPPI | EP=True | R=R1 | GE=NPPI | PCD=False | SM=1.5,212,Comunicação Social – Audiovisual (Bacharelado),Darcy Ribeiro,Diurno,EP_R1_NPPI,2,7.659,-34.127,7.659,-10.753,-41.786,-18.412,-545.58,-240.397,-41.786,-18.412,-13.234,-1.547,29.547,13.019,-223.267,-841.58,11.687,0.0,23.374
Comunicação Social – Audiovisual (Bacharelado) | Darcy Ribeiro | Diurno | EP_R1_PPI | EP=True | R=R1 | GE=PPI | PCD=False | SM=1.5,213,Comunicação Social – Audiovisual (Bacharelado),Darcy Ribeiro,Diurno,EP_R1_PPI,3,-40.091,-17.004,9.785,-14.344,23.087,-24.129,-57.586,-246.592,11.544,-12.064,-31.153,-13.641,12.394,23.083,-39.785,-169.214,17.512,0.0,49.876
Comunicação Social – Audiovisual (Bacharelado) | Darcy Ribeiro | Diurno | EP_R2_NPPI | EP=True | R=R2 | GE=NPPI | PCD=False | SM=1.5,214,Comunicação Social – Audiovisual (Bacharelado),Darcy Ribeiro,Diurno,EP_R2_NPPI,5,-30.985,-42.029,9.153,-0.538,-11.044,-9.691,35.643,-105.878,-2.761,-2.423,-18.187,26.977,18.71,31.675,-102.878,117.415,45.164,2.205,90.037
Comunicação Social – Audiovisual (Bacharelado) | Darcy Ribeiro | Diurno | EP_R2_NPPIQ | EP=True | R=R2 | GE=NPPIQ | PCD=False | SM=1.0,215,Comunicação Social – Audiovisual (Bacharelado),Darcy Ribeiro,Diurno,EP_R2_NPPIQ,1,41.977,41.977,41.977,41.977,0.0,0.0,0.0,0.0,,,41.977,41.977,,,,,0.0,0.0,0.0
Comunicação Social – Audiovisual (Bacharelado) | Darcy Ribeiro | Diurno | EP_R2_PPI | EP=True | R=R2 | GE=PPI | PCD=False | SM=1.5,216,Comunicação Social – Audiovisual (Bacharelado),Darcy Ribeiro,Diurno,EP_R2_PPI,3,-27.235,-63.885,13.364,-63.885,-36.65,-77.249,134.569,-578.038,-18.325,-38.624,-39.839,-5.726,20.833,51.348,-52.293,-896.756,34.113,0.0,61.739
Comunicação Social – Audiovisual (Bacharelado) | Darcy Ribeiro | Diurno | EP_R2_PPIQ | EP=True | R=R2 | GE=PPIQ | PCD=False | SM=1.0,217,Comunicação Social – Audiovisual (Bacharelado),Darcy Ribeiro,Diurno,EP_R2_PPIQ,1,-32.295,-32.295,26.778,26.778,0.0,0.0,-0.0,0.0,,,-32.295,26.778,,,,,59.073,59.073,59.073
Comunicação Social – Audiovisual (Bacharelado) | Darcy Ribeiro | Diurno | EP_R2_PPI_PCD | EP=True | R=R2 | GE=PPI | PCD=True | SM=1.5,218,Comunicação Social – Audiovisual (Bacharelado),Darcy Ribeiro,Diurno,EP_R2_PPI_PCD,1,-6.39,-6.39,-6.39,-6.39,0.0,0.0,-0.0,-0.0,,,-6.39,-6.39,,,,,0.0,0.0,0.0
Design – Programação Visual/Projeto do Produto (Bacharelado) | Darcy Ribeiro | Diurno | AC | EP=False | R=NA | GE=NA | PCD=False | SM=NA,219,Design – Programação Visual/Projeto do Produto (Bacharelado),Darcy Ribeiro,Diurno,AC,6,79.753,87.407,125.943,110.73,7.654,-15.213,9.597,-12.079,1.531,-3.043,75.548,103.319,11.231,18.97,14.866,18.361,27.771,14.346,46.19
Design – Programação Visual/Projeto do Produto (Bacharelado) | Darcy Ribeiro | Diurno | CN | EP=False | R=NA | GE=NEGROS | PCD=False | SM=NA,220,Design – Programação Visual/Projeto do Produto (Bacharelado),Darcy Ribeiro,Diurno,CN,6,6.632,3.136,32.212,3.136,-3.496,-29.076,-52.714,-90.264,-0.699,-5.815,8.046,12.309,49.034,49.989,609.43,406.111,4.263,0.0,25.58
Design – Programação Visual/Projeto do Produto (Bacharelado) | Darcy Ribeiro | Diurno | EP_R1_NPPI | EP=True | R=R1 | GE=NPPI | PCD=False | SM=1.5,221,Design – Programação Visual/Projeto do Produto (Bacharelado),Darcy Ribeiro,Diurno,EP_R1_NPPI,5,-13.605,-63.935,-0.286,-63.935,-50.33,-63.649,369.938,22254.895,-12.582,-15.912,-17.612,-14.948,39.651,40.427,-225.141,-270.456,2.664,0.0,13.319
Design – Programação Visual/Projeto do Produto (Bacharelado) | Darcy Ribeiro | Diurno | EP_R1_NPPIQ | EP=True | R=R1 | GE=NPPIQ | PCD=False | SM=1.0,222,Design – Programação Visual/Projeto do Produto (Bacharelado),Darcy Ribeiro,Diurno,EP_R1_NPPIQ,1,-55.242,-55.242,-7.149,-7.149,0.0,0.0,-0.0,-0.0,,,-55.242,-7.149,,,,,48.093,48.093,48.093
Design – Programação Visual/Projeto do Produto (Bacharelado) | Darcy Ribeiro | Diurno | EP_R1_PPI | EP=True | R=R1 | GE=PPI | PCD=False | SM=1.5,223,Design – Programação Visual/Projeto do Produto (Bacharelado),Darcy Ribeiro,Diurno,EP_R1_PPI,4,-36.333,-10.378,-11.018,1.203,25.955,12.221,-71.436,-110.918,8.652,4.074,-25.661,-8.35,11.247,6.386,-43.831,-76.482,17.311,11.581,25.315
Design – Programação Visual/Projeto do Produto (Bacharelado) | Darcy Ribeiro | Diurno | EP_R2_NPPI | EP=True | R=R2 | GE=NPPI | PCD=False | SM=1.5,224,Design – Programação Visual/Projeto do Produto (Bacharelado),Darcy Ribeiro,Diurno,EP_R2_NPPI,1,26.07,26.07,26.07,26.07,0.0,0.0,0.0,0.0,,,26.07,26.07,,,,,0.0,0.0,0.0
Design – Programação Visual/Projeto do Produto (Bacharelado) | Darcy Ribeiro | Diurno | EP_R2_PPI | EP=True | R=R2 | GE=PPI | PCD=False | SM=1.5,225,Design – Programação Visual/Projeto do Produto (Bacharelado),Darcy Ribeiro,Diurno,EP_R2_PPI,5,-22.489,-61.294,9.31,-29.644,-38.805,-38.954,172.551,-418.41,-9.701,-9.738,-16.512,3.87,40.095,31.708,-242.815,819.293,20.383,0.0,31.799
Design – Programação Visual/Projeto do Produto (Bacharelado) | Darcy Ribeiro | Diurno | EP_R2_PPIQ | EP=True | R=R2 | GE=PPIQ | PCD=False | SM=1.0,226,Design – Programação Visual/Projeto do Produto (Bacharelado),Darcy Ribeiro,Diurno,EP_R2_PPIQ,1,-44.318,-44.318,-44.259,-44.259,0.0,0.0,-0.0,-0.0,,,-44.318,-44.259,,,,,0.059,0.059,0.059
Direito (Bacharelado) | Darcy Ribeiro | Diurno | AC | EP=False | R=NA | GE=NA | PCD=False | SM=NA,227,Direito (Bacharelado),Darcy Ribeiro,Diurno,AC,5,101.827,137.491,146.068,172.039,35.664,25.971,35.024,17.78,8.916,6.493,119.53,157.236,14.809,25.159,12.389,16.001,37.706,9.923,52.815
Direito (Bacharelado) | Darcy Ribeiro | Noturno | AC | EP=False | R=NA | GE=NA | PCD=False | SM=NA,228,Direito (Bacharelado),Darcy Ribeiro,Noturno,AC,6,56.835,104.746,124.602,126.174,47.911,1.572,84.298,1.262,9.582,0.314,83.782,,17.854,,21.31,,,,
Direito (Bacharelado) | Darcy Ribeiro | Diurno | CN | EP=False | R=NA | GE=NEGROS | PCD=False | SM=NA,229,Direito (Bacharelado),Darcy Ribeiro,Diurno,CN,6,67.814,85.357,109.896,112.75,17.543,2.854,25.869,2.597,3.509,0.571,74.683,103.064,17.002,18.552,22.765,18.0,28.381,14.196,42.082
Direito (Bacharelado) | Darcy Ribeiro | Noturno | CN | EP=False | R=NA | GE=NEGROS | PCD=False | SM=NA,230,Direito (Bacharelado),Darcy Ribeiro,Noturno,CN,6,54.94,80.945,84.963,89.34,26.005,4.377,47.333,5.152,5.201,0.875,53.291,79.724,19.283,24.546,36.185,30.789,26.434,0.512,57.199
Direito (Bacharelado) | Darcy Ribeiro | Diurno | EP_R1_NPPI | EP=True | R=R1 | GE=NPPI | PCD=False | SM=1.5,231,Direito (Bacharelado),Darcy Ribeiro,Diurno,EP_R1_NPPI,5,35.037,1.715,69.129,12.53,-33.322,-56.599,-95.105,-81.874,-8.33,-14.15,27.642,49.455,15.954,21.521,57.714,43.516,21.813,10.815,34.092
Direito (Bacharelado) | Darcy Ribeiro | Noturno | EP_R1_NPPI | EP=True | R=R1 | GE=NPPI | PCD=False | SM=1.5,232,Direito (Bacharelado),Darcy Ribeiro,Noturno,EP_R1_NPPI,5,-30.887,-23.726,1.416,-20.32,7.161,-21.736,-23.185,-1535.028,1.79,-5.434,1.598,33.788,27.042,45.542,1692.457,134.787,32.19,3.406,69.508
Direito (Bacharelado) | Darcy Ribeiro | Diurno | EP_R1_NPPIQ | EP=True | R=R1 | GE=NPPIQ | PCD=False | SM=1.0,233,Direito (Bacharelado),Darcy Ribeiro,Diurno,EP_R1_NPPIQ,1,14.584,14.584,66.246,66.246,0.0,0.0,0.0,0.0,,,14.584,66.246,,,,,51.662,51.662,51.662
Direito (Bacharelado) | Darcy Ribeiro | Noturno | EP_R1_NPPIQ | EP=True | R=R1 | GE=NPPIQ | PCD=False | SM=1.0,234,Direito (Bacharelado),Darcy Ribeiro,Noturno,EP_R1_NPPIQ,1,-26.945,-26.945,36.277,36.277,0.0,0.0,-0.0,0.0,,,-26.945,36.277,,,,,63.222,63.222,63.222
Direito (Bacharelado) | Darcy Ribeiro | Diurno | EP_R1_NPPI_PCD | EP=True | R=R1 | GE=NPPI | PCD=True | SM=1.5,235,Direito (Bacharelado),Darcy Ribeiro,Diurno,EP_R1_NPPI_PCD,1,-22.954,-22.954,-22.954,-22.954,0.0,0.0,-0.0,-0.0,,,-22.954,-22.954,,,,,0.0,0.0,0.0
Direito (Bacharelado) | Darcy Ribeiro | Diurno | EP_R1_PPI | EP=True | R=R1 | GE=PPI | PCD=False | SM=1.5,236,Direito (Bacharelado),Darcy Ribeiro,Diurno,EP_R1_PPI,5,-16.819,-25.544,65.641,-13.238,-8.725,-78.879,51.876,-120.167,-2.181,-19.72,-3.18,48.397,18.017,34.963,-566.572,72.242,51.577,12.306,82.46
Direito (Bacharelado) | Darcy Ribeiro | Noturno | EP_R1_PPI | EP=True | R=R1 | GE=PPI | PCD=False | SM=1.5,237,Direito (Bacharelado),Darcy Ribeiro,Noturno,EP_R1_PPI,4,-26.837,-5.484,12.579,1.005,21.353,-11.574,-79.566,-92.01,7.118,-3.858,-11.526,18.857,12.702,17.387,-110.203,92.206,30.384,6.489,39.942
Direito (Bacharelado) | Darcy Ribeiro | Diurno | EP_R1_PPIQ | EP=True | R=R1 | GE=PPIQ | PCD=False | SM=1.0,238,Direito (Bacharelado),Darcy Ribeiro,Diurno,EP_R1_PPIQ,1,-87.773,-87.773,5.701,5.701,0.0,0.0,-0.0,0.0,,,-87.773,5.701,,,,,93.474,93.474,93.474
Direito (Bacharelado) | Darcy Ribeiro | Noturno | EP_R1_PPIQ | EP=True | R=R1 | GE=PPIQ | PCD=False | SM=1.0,239,Direito (Bacharelado),Darcy Ribeiro,Noturno,EP_R1_PPIQ,1,-40.663,-40.663,-26.586,-26.586,0.0,0.0,-0.0,-0.0,,,-40.663,-26.586,,,,,14.077,14.077,14.077
Direito (Bacharelado) | Darcy Ribeiro | Diurno | EP_R1_PPI_PCD | EP=True | R=R1 | GE=PPI | PCD=True | SM=1.5,240,Direito (Bacharelado),Darcy Ribeiro,Diurno,EP_R1_PPI_PCD,1,-15.077,-15.077,-15.077,-15.077,0.0,0.0,-0.0,-0.0,,,-15.077,-15.077,,,,,0.0,0.0,0.0
Direito (Bacharelado) | Darcy Ribeiro | Diurno | EP_R2_NPPI | EP=True | R=R2 | GE=NPPI | PCD=False | SM=1.5,241,Direito (Bacharelado),Darcy Ribeiro,Diurno,EP_R2_NPPI,4,26.201,87.931,124.283,94.48,61.73,-29.803,235.602,-23.98,20.577,-9.934,77.338,116.418,34.482,16.854,44.586,14.477,39.08,6.549,98.082
Direito (Bacharelado) | Darcy Ribeiro | Noturno | EP_R2_NPPI | EP=True | R=R2 | GE=NPPI | PCD=False | SM=1.5,242,Direito (Bacharelado),Darcy Ribeiro,Noturno,EP_R2_NPPI,5,20.26,34.633,66.642,65.065,14.373,-1.577,70.943,-2.366,3.593,-0.394,48.672,75.06,21.288,14.876,43.738,19.819,26.388,7.297,46.382
Direito (Bacharelado) | Darcy Ribeiro | Diurno | EP_R2_NPPIQ | EP=True | R=R2 | GE=NPPIQ | PCD=False | SM=1.0,243,Direito (Bacharelado),Darcy Ribeiro,Diurno,EP_R2_NPPIQ,1,123.845,123.845,123.845,123.845,0.0,0.0,0.0,0.0,,,123.845,123.845,,,,,0.0,0.0,0.0
Direito (Bacharelado) | Darcy Ribeiro | Noturno | EP_R2_NPPIQ | EP=True | R=R2 | GE=NPPIQ | PCD=False | SM=1.0,244,Direito (Bacharelado),Darcy Ribeiro,Noturno,EP_R2_NPPIQ,1,92.181,92.181,92.842,92.842,0.0,0.0,0.0,0.0,,,92.181,92.842,,,,,0.661,0.661,0.661
Direito (Bacharelado) | Darcy Ribeiro | Diurno | EP_R2_NPPIQ_PCD | EP=True | R=R2 | GE=NPPIQ | PCD=True | SM=1.0,245,Direito (Bacharelado),Darcy Ribeiro,Diurno,EP_R2_NPPIQ_PCD,1,27.527,27.527,27.527,27.527,0.0,0.0,0.0,0.0,,,27.527,27.527,,,,,0.0,0.0,0.0
Direito (Bacharelado) | Darcy Ribeiro | Diurno | EP_R2_PPI | EP=True | R=R2 | GE=PPI | PCD=False | SM=1.5,246,Direito (Bacharelado),Darcy Ribeiro,Diurno,EP_R2_PPI,5,16.331,19.197,49.195,45.871,2.866,-3.324,17.549,-6.757,0.716,-0.831,32.075,66.878,14.513,28.503,45.248,42.619,34.804,4.024,82.774
Direito (Bacharelado) | Darcy Ribeiro | Noturno | EP_R2_PPI | EP=True | R=R2 | GE=PPI | PCD=False | SM=1.5,247,Direito (Bacharelado),Darcy Ribeiro,Noturno,EP_R2_PPI,5,-10.395,-54.298,45.688,-22.6,-43.903,-68.288,422.347,-149.466,-10.976,-17.072,-1.249,36.922,37.361,43.233,-2991.754,117.093,38.171,19.909,56.083
Direito (Bacharelado) | Darcy Ribeiro | Diurno | EP_R2_PPIQ | EP=True | R=R2 | GE=PPIQ | PCD=False | SM=1.0,248,Direito (Bacharelado),Darcy Ribeiro,Diurno,EP_R2_PPIQ,1,61.18,61.18,81.56,81.56,0.0,0.0,0.0,0.0,,,61.18,81.56,,,,,20.38,20.38,20.38
Direito (Bacharelado) | Darcy Ribeiro | Noturno | EP_R2_PPIQ | EP=True | R=R2 | GE=PPIQ | PCD=False | SM=1.0,249,Direito (Bacharelado),Darcy Ribeiro,Noturno,EP_R2_PPIQ,1,31.885,31.885,58.328,58.328,0.0,0.0,0.0,0.0,,,31.885,58.328,,,,,26.443,26.443,26.443
Educação Física (Bacharelado) | Darcy Ribeiro | Diurno | AC | EP=False | R=NA | GE=NA | PCD=False | SM=NA,250,Educação Física (Bacharelado),Darcy Ribeiro,Diurno,AC,4,-33.049,15.802,44.232,78.06,48.851,33.828,-147.814,76.479,16.284,11.276,0.64,55.282,22.666,15.783,3541.599,28.55,54.642,36.73,77.281
Educação Física (Bacharelado) | Darcy Ribeiro | Diurno | CN | EP=False | R=NA | GE=NEGROS | PCD=False | SM=NA,251,Educação Física (Bacharelado),Darcy Ribeiro,Diurno,CN,4,-14.695,32.152,27.052,32.152,46.847,5.1,-318.796,18.853,15.616,1.7,6.536,16.973,21.545,17.579,329.631,103.57,10.437,0.0,41.747
Educação Física (Bacharelado) | Darcy Ribeiro | Diurno | EP_R1_NPPI | EP=True | R=R1 | GE=NPPI | PCD=False | SM=1.5,252,Educação Física (Bacharelado),Darcy Ribeiro,Diurno,EP_R1_NPPI,4,-22.536,-32.422,-22.536,31.837,-9.886,54.373,43.868,-241.272,-3.295,18.124,-34.362,-3.233,13.975,30.382,-40.671,-939.884,31.129,0.0,64.259
Educação Física (Bacharelado) | Darcy Ribeiro | Diurno | EP_R1_PPI | EP=True | R=R1 | GE=PPI | PCD=False | SM=1.5,253,Educação Física (Bacharelado),Darcy Ribeiro,Diurno,EP_R1_PPI,4,-25.052,-62.949,-25.052,11.211,-37.897,36.263,151.273,-144.751,-12.632,12.088,-43.158,-14.608,18.258,17.617,-42.306,-120.602,28.55,0.0,74.16
Educação Física (Bacharelado) | Darcy Ribeiro | Diurno | EP_R2_NPPI | EP=True | R=R2 | GE=NPPI | PCD=False | SM=1.5,254,Educação Física (Bacharelado),Darcy Ribeiro,Diurno,EP_R2_NPPI,4,-84.571,9.385,3.39,12.097,93.956,8.707,-111.097,256.844,31.319,2.902,-24.54,18.05,43.83,17.906,-178.603,99.203,42.591,2.712,87.961
Educação Física (Bacharelado) | Darcy Ribeiro | Diurno | EP_R2_PPI | EP=True | R=R2 | GE=PPI | PCD=False | SM=1.5,255,Educação Física (Bacharelado),Darcy Ribeiro,Diurno,EP_R2_PPI,4,-94.317,-24.98,2.411,-3.544,69.337,-5.955,-73.515,-246.993,23.112,-1.985,-49.06,4.993,30.878,13.184,-62.939,264.03,54.053,21.436,96.728
Educação Física (Licenciatura) | Darcy Ribeiro | Diurno | AC | EP=False | R=NA | GE=NA | PCD=False | SM=NA,256,Educação Física (Licenciatura),Darcy Ribeiro,Diurno,AC,4,-64.096,-13.216,10.409,39.102,50.88,28.693,-79.381,275.656,16.96,9.564,-27.17,29.305,25.061,16.59,-92.24,56.611,56.475,31.096,74.505
Educação Física (Licenciatura) | Darcy Ribeiro | Diurno | CN | EP=False | R=NA | GE=NEGROS | PCD=False | SM=NA,257,Educação Física (Licenciatura),Darcy Ribeiro,Diurno,CN,4,-20.627,20.087,-2.822,20.087,40.714,22.909,-197.382,-811.8,13.571,7.636,-5.435,-0.984,18.767,15.847,-345.296,-1610.85,4.451,0.0,17.805
Educação Física (Licenciatura) | Darcy Ribeiro | Diurno | EP_R1_NPPI | EP=True | R=R1 | GE=NPPI | PCD=False | SM=1.5,258,Educação Física (Licenciatura),Darcy Ribeiro,Diurno,EP_R1_NPPI,4,-43.227,-50.604,-20.021,-24.864,-7.377,-4.843,17.066,24.19,-2.459,-1.614,-60.013,-34.093,22.016,26.225,-36.684,-76.921,25.921,19.148,35.589
Educação Física (Licenciatura) | Darcy Ribeiro | Diurno | EP_R1_PPI | EP=True | R=R1 | GE=PPI | PCD=False | SM=1.5,259,Educação Física (Licenciatura),Darcy Ribeiro,Diurno,EP_R1_PPI,4,-101.251,-52.013,-27.83,-31.87,49.238,-4.04,-48.63,14.517,16.413,-1.347,-70.712,-28.007,22.427,3.118,-31.716,-11.133,42.706,20.143,73.421
Educação Física (Licenciatura) | Darcy Ribeiro | Diurno | EP_R2_NPPI | EP=True | R=R2 | GE=NPPI | PCD=False | SM=1.5,260,Educação Física (Licenciatura),Darcy Ribeiro,Diurno,EP_R2_NPPI,4,-70.759,-16.337,-0.024,-15.772,54.422,-15.748,-76.912,65616.667,18.141,-5.249,-30.861,-5.54,26.785,15.016,-86.793,-271.055,25.321,0.565,70.735
Educação Física (Licenciatura) | Darcy Ribeiro | Diurno | EP_R2_PPI | EP=True | R=R2 | GE=PPI | PCD=False | SM=1.5,261,Educação Física (Licenciatura),Darcy Ribeiro,Diurno,EP_R2_PPI,4,-91.266,-72.467,22.938,-34.575,18.799,-57.513,-20.598,-250.732,6.266,-19.171,-63.982,-15.068,29.686,29.82,-46.397,-197.912,48.914,15.739,114.204
Educação Física Ciclo Básico (Bacharelado/Licenciatura) | Darcy Ribeiro | Diurno | AC | EP=False | R=NA | GE=NA | PCD=False | SM=NA,262,Educação Física Ciclo Básico (Bacharelado/Licenciatura),Darcy Ribeiro,Diurno,AC,2,-27.052,1.609,-13.512,38.076,28.661,51.588,-105.948,-381.794,28.661,51.588,-12.721,12.282,20.266,36.478,-159.308,297.006,25.004,13.54,36.467
Educação Física Ciclo Básico (Bacharelado/Licenciatura) | Darcy Ribeiro | Diurno | CN | EP=False | R=NA | GE=NEGROS | PCD=False | SM=NA,263,Educação Física Ciclo Básico (Bacharelado/Licenciatura),Darcy Ribeiro,Diurno,CN,2,-34.592,-19.322,-33.682,0.653,15.27,34.335,-44.143,-101.939,15.27,34.335,-26.957,-16.514,10.798,24.279,-40.055,-147.013,10.442,0.91,19.975
Educação Física Ciclo Básico (Bacharelado/Licenciatura) | Darcy Ribeiro | Diurno | EP_R1_NPPIQ | EP=True | R=R1 | GE=NPPIQ | PCD=False | SM=1.0,264,Educação Física Ciclo Básico (Bacharelado/Licenciatura),Darcy Ribeiro,Diurno,EP_R1_NPPIQ,1,-69.589,-69.589,-46.355,-46.355,0.0,0.0,-0.0,-0.0,,,-69.589,-46.355,,,,,23.234,23.234,23.234
Educação Física Ciclo Básico (Bacharelado/Licenciatura) | Darcy Ribeiro | Diurno | EP_R2_NPPI | EP=True | R=R2 | GE=NPPI | PCD=False | SM=1.5,265,Educação Física Ciclo Básico (Bacharelado/Licenciatura),Darcy Ribeiro,Diurno,EP_R2_NPPI,1,-72.598,-72.598,-29.223,-29.223,0.0,0.0,-0.0,-0.0,,,-72.598,-29.223,,,,,43.375,43.375,43.375
Educação Física Ciclo Básico (Bacharelado/Licenciatura) | Darcy Ribeiro | Diurno | EP_R2_NPPIQ | EP=True | R=R2 | GE=NPPIQ | PCD=False | SM=1.0,266,Educação Física Ciclo Básico (Bacharelado/Licenciatura),Darcy Ribeiro,Diurno,EP_R2_NPPIQ,1,-16.974,-16.974,0.769,0.769,0.0,0.0,-0.0,0.0,,,-16.974,0.769,,,,,17.743,17.743,17.743
Educação Física Ciclo Básico (Bacharelado/Licenciatura) | Darcy Ribeiro | Diurno | EP_R2_PPIQ | EP=True | R=R2 | GE=PPIQ | PCD=False | SM=1.0,267,Educação Física Ciclo Básico (Bacharelado/Licenciatura),Darcy Ribeiro,Diurno,EP_R2_PPIQ,1,-86.267,-86.267,-8.852,-8.852,0.0,0.0,-0.0,-0.0,,,-86.267,-8.852,,,,,77.415,77.415,77.415
Enfermagem (Bacharelado) | Ceilândia | Diurno | AC | EP=False | R=NA | GE=NA | PCD=False | SM=NA,268,Enfermagem (Bacharelado),Ceilândia,Diurno,AC,6,9.2,28.045,70.871,92.811,18.845,21.94,204.837,30.958,3.769,4.388,22.712,64.59,14.124,28.713,62.184,44.454,41.877,6.762,64.766
Enfermagem (Bacharelado) | Darcy Ribeiro | Diurno | AC | EP=False | R=NA | GE=NA | PCD=False | SM=NA,269,Enfermagem (Bacharelado),Darcy Ribeiro,Diurno,AC,6,6.734,53.833,93.171,90.752,47.099,-2.419,699.421,-2.596,9.42,-0.484,40.66,,21.464,,52.789,,,,
Enfermagem (Bacharelado) | Ceilândia | Diurno | CN | EP=False | R=NA | GE=NEGROS | PCD=False | SM=NA,270,Enfermagem (Bacharelado),Ceilândia,Diurno,CN,6,6.016,22.701,17.233,22.701,16.685,5.468,277.344,31.73,3.337,1.094,7.341,9.211,28.467,28.729,387.761,311.91,1.87,0.0,11.217
Enfermagem (Bacharelado) | Darcy Ribeiro | Diurno | CN | EP=False | R=NA | GE=NEGROS | PCD=False | SM=NA,271,Enfermagem (Bacharelado),Darcy Ribeiro,Diurno,CN,6,31.111,39.99,61.195,39.99,8.879,-21.205,28.54,-34.652,1.776,-4.241,28.614,33.628,16.643,21.398,58.164,63.632,5.014,0.0,30.084
Enfermagem (Bacharelado) | Ceilândia | Diurno | EP_R1_NPPI | EP=True | R=R1 | GE=NPPI | PCD=False | SM=1.5,272,Enfermagem (Bacharelado),Ceilândia,Diurno,EP_R1_NPPI,5,-16.36,-49.851,12.216,-32.128,-33.491,-44.344,204.713,-362.999,-8.373,-11.086,-11.204,16.625,24.615,31.065,-219.7,186.865,27.828,8.389,47.978
Enfermagem (Bacharelado) | Darcy Ribeiro | Diurno | EP_R1_NPPI | EP=True | R=R1 | GE=NPPI | PCD=False | SM=1.5,273,Enfermagem (Bacharelado),Darcy Ribeiro,Diurno,EP_R1_NPPI,5,-26.556,-9.897,13.018,1.734,16.659,-11.284,-62.732,-86.68,4.165,-2.821,1.271,14.172,20.191,9.954,1588.06,70.237,12.901,3.013,39.574
Enfermagem (Bacharelado) | Ceilândia | Diurno | EP_R1_NPPIQ | EP=True | R=R1 | GE=NPPIQ | PCD=False | SM=1.0,274,Enfermagem (Bacharelado),Ceilândia,Diurno,EP_R1_NPPIQ,1,-46.839,-46.839,3.143,3.143,0.0,0.0,-0.0,0.0,,,-46.839,3.143,,,,,49.982,49.982,49.982
Enfermagem (Bacharelado) | Darcy Ribeiro | Diurno | EP_R1_NPPIQ | EP=True | R=R1 | GE=NPPIQ | PCD=False | SM=1.0,275,Enfermagem (Bacharelado),Darcy Ribeiro,Diurno,EP_R1_NPPIQ,1,-31.522,-31.522,17.682,17.682,0.0,0.0,-0.0,0.0,,,-31.522,17.682,,,,,49.204,49.204,49.204
Enfermagem (Bacharelado) | Ceilândia | Diurno | EP_R1_PPI | EP=True | R=R1 | GE=PPI | PCD=False | SM=1.5,276,Enfermagem (Bacharelado),Ceilândia,Diurno,EP_R1_PPI,4,-50.128,-35.67,18.233,-13.949,14.458,-32.182,-28.842,-176.504,4.819,-10.727,-30.504,16.046,23.179,21.063,-75.988,131.27,46.55,21.721,68.361
Enfermagem (Bacharelado) | Darcy Ribeiro | Diurno | EP_R1_PPI | EP=True | R=R1 | GE=PPI | PCD=False | SM=1.5,277,Enfermagem (Bacharelado),Darcy Ribeiro,Diurno,EP_R1_PPI,4,-58.894,-7.654,24.588,20.717,51.24,-3.871,-87.004,-15.743,17.08,-1.29,-11.16,31.917,33.38,12.362,-299.1,38.733,43.077,28.371,83.482
Enfermagem (Bacharelado) | Ceilândia | Diurno | EP_R2_NPPI | EP=True | R=R2 | GE=NPPI | PCD=False | SM=1.5,278,Enfermagem (Bacharelado),Ceilândia,Diurno,EP_R2_NPPI,5,12.11,-16.271,43.716,-1.68,-28.381,-45.396,-234.36,-103.843,-7.095,-11.349,7.784,25.732,17.134,22.598,220.12,87.822,17.948,7.103,31.606
Enfermagem (Bacharelado) | Darcy Ribeiro | Diurno | EP_R2_NPPI | EP=True | R=R2 | GE=NPPI | PCD=False | SM=1.5,279,Enfermagem (Bacharelado),Darcy Ribeiro,Diurno,EP_R2_NPPI,5,-12.543,6.012,16.446,18.469,18.555,2.023,-147.931,12.301,4.639,0.506,25.183,43.511,35.586,26.76,141.309,61.501,18.329,0.765,35.826
Enfermagem (Bacharelado) | Ceilândia | Diurno | EP_R2_NPPIQ | EP=True | R=R2 | GE=NPPIQ | PCD=False | SM=1.0,280,Enfermagem (Bacharelado),Ceilândia,Diurno,EP_R2_NPPIQ,1,8.744,8.744,18.405,18.405,0.0,0.0,0.0,0.0,,,8.744,18.405,,,,,9.661,9.661,9.661
Enfermagem (Bacharelado) | Darcy Ribeiro | Diurno | EP_R2_NPPIQ | EP=True | R=R2 | GE=NPPIQ | PCD=False | SM=1.0,281,Enfermagem (Bacharelado),Darcy Ribeiro,Diurno,EP_R2_NPPIQ,1,28.885,28.885,42.362,42.362,0.0,0.0,0.0,0.0,,,28.885,42.362,,,,,13.477,13.477,13.477
Enfermagem (Bacharelado) | Ceilândia | Diurno | EP_R2_NPPIQ_PCD | EP=True | R=R2 | GE=NPPIQ | PCD=True | SM=1.0,282,Enfermagem (Bacharelado),Ceilândia,Diurno,EP_R2_NPPIQ_PCD,1,-43.64,-43.64,-43.64,-43.64,0.0,0.0,-0.0,-0.0,,,-43.64,-43.64,,,,,0.0,0.0,0.0
Enfermagem (Bacharelado) | Ceilândia | Diurno | EP_R2_PPI | EP=True | R=R2 | GE=PPI | PCD=False | SM=1.5,283,Enfermagem (Bacharelado),Ceilândia,Diurno,EP_R2_PPI,5,-20.508,-77.474,11.174,-39.613,-56.966,-50.787,277.775,-454.51,-14.242,-12.697,-35.128,-7.291,35.186,32.493,-100.164,-445.633,27.837,19.361,37.861
Enfermagem (Bacharelado) | Darcy Ribeiro | Diurno | EP_R2_PPI | EP=True | R=R2 | GE=PPI | PCD=False | SM=1.5,284,Enfermagem (Bacharelado),Darcy Ribeiro,Diurno,EP_R2_PPI,5,-20.184,-52.781,20.99,-29.624,-32.597,-50.614,161.499,-241.134,-8.149,-12.654,-12.696,18.724,28.502,29.038,-224.485,155.088,31.42,10.177,62.236
Enfermagem (Bacharelado) | Ceilândia | Diurno | EP_R2_PPIQ | EP=True | R=R2 | GE=PPIQ | PCD=False | SM=1.0,285,Enfermagem (Bacharelado),Ceilândia,Diurno,EP_R2_PPIQ,1,-46.024,-46.024,-16.22,-16.22,0.0,0.0,-0.0,-0.0,,,-46.024,-16.22,,,,,29.804,29.804,29.804
Enfermagem (Bacharelado) | Darcy Ribeiro | Diurno | EP_R2_PPIQ | EP=True | R=R2 | GE=PPIQ | PCD=False | SM=1.0,286,Enfermagem (Bacharelado),Darcy Ribeiro,Diurno,EP_R2_PPIQ,1,-32.977,-32.977,21.488,21.488,0.0,0.0,-0.0,0.0,,,-32.977,21.488,,,,,54.465,54.465,54.465
Engenharia Ambiental (Bacharelado) | Darcy Ribeiro | Diurno | AC | EP=False | R=NA | GE=NA | PCD=False | SM=NA,287,Engenharia Ambiental (Bacharelado),Darcy Ribeiro,Diurno,AC,5,-48.911,-53.928,18.608,39.353,-5.017,20.745,10.257,111.484,-1.254,5.186,-13.066,71.733,37.326,47.376,-285.665,66.045,84.8,48.72,147.265
Engenharia Ambiental (Bacharelado) | Darcy Ribeiro | Diurno | CN | EP=False | R=NA | GE=NEGROS | PCD=False | SM=NA,288,Engenharia Ambiental (Bacharelado),Darcy Ribeiro,Diurno,CN,4,72.619,-51.192,72.619,-51.192,-123.811,-123.811,-170.494,-170.494,-41.27,-41.27,24.706,24.706,59.025,59.025,238.903,238.903,0.0,0.0,0.0
Engenharia Ambiental (Bacharelado) | Darcy Ribeiro | Diurno | EP_R1_NPPI | EP=True | R=R1 | GE=NPPI | PCD=False | SM=1.5,289,Engenharia Ambiental (Bacharelado),Darcy Ribeiro,Diurno,EP_R1_NPPI,3,-15.863,-53.536,-15.863,-53.536,-37.673,-37.673,237.49,237.49,-18.836,-18.836,-1.397,-1.397,60.68,60.68,-4344.623,-4344.623,0.0,0.0,0.0
Engenharia Ambiental (Bacharelado) | Darcy Ribeiro | Diurno | EP_R1_PPI | EP=True | R=R1 | GE=PPI | PCD=False | SM=1.5,290,Engenharia Ambiental (Bacharelado),Darcy Ribeiro,Diurno,EP_R1_PPI,1,-72.216,-72.216,-72.216,-72.216,0.0,0.0,-0.0,-0.0,,,-72.216,-72.216,,,,,0.0,0.0,0.0
Engenharia Ambiental (Bacharelado) | Darcy Ribeiro | Diurno | EP_R2_NPPI | EP=True | R=R2 | GE=NPPI | PCD=False | SM=1.5,291,Engenharia Ambiental (Bacharelado),Darcy Ribeiro,Diurno,EP_R2_NPPI,3,-14.794,-58.071,1.282,12.011,-43.277,10.729,292.531,836.895,-21.638,5.364,-42.634,3.446,24.158,7.714,-56.663,223.823,46.081,16.076,70.082
Engenharia Ambiental (Bacharelado) | Darcy Ribeiro | Diurno | EP_R2_NPPIQ | EP=True | R=R2 | GE=NPPIQ | PCD=False | SM=1.0,292,Engenharia Ambiental (Bacharelado),Darcy Ribeiro,Diurno,EP_R2_NPPIQ,1,-44.993,-44.993,-34.671,-34.671,0.0,0.0,-0.0,-0.0,,,-44.993,-34.671,,,,,10.322,10.322,10.322
Engenharia Ambiental (Bacharelado) | Darcy Ribeiro | Diurno | EP_R2_PPI | EP=True | R=R2 | GE=PPI | PCD=False | SM=1.5,293,Engenharia Ambiental (Bacharelado),Darcy Ribeiro,Diurno,EP_R2_PPI,4,-45.951,110.263,-23.355,110.263,156.214,133.618,-339.958,-572.117,52.071,44.539,-10.393,48.584,80.557,56.202,-775.109,115.679,58.977,0.0,125.105
Engenharia Civil (Bacharelado) | Darcy Ribeiro | Diurno | AC | EP=False | R=NA | GE=NA | PCD=False | SM=NA,294,Engenharia Civil (Bacharelado),Darcy Ribeiro,Diurno,AC,6,-10.667,71.072,147.15,110.0,81.739,-37.15,-766.279,-25.246,16.348,-7.43,40.516,,45.774,,112.978,,,,
Engenharia Civil (Bacharelado) | Darcy Ribeiro | Diurno | CN | EP=False | R=NA | GE=NEGROS | PCD=False | SM=NA,295,Engenharia Civil (Bacharelado),Darcy Ribeiro,Diurno,CN,6,66.75,26.849,101.479,26.849,-39.901,-74.63,-59.777,-73.542,-7.98,-14.926,19.213,25.001,38.317,48.266,199.438,193.057,5.788,0.0,34.729
Engenharia Civil (Bacharelado) | Darcy Ribeiro | Diurno | EP_R1_NPPI | EP=True | R=R1 | GE=NPPI | PCD=False | SM=1.5,296,Engenharia Civil (Bacharelado),Darcy Ribeiro,Diurno,EP_R1_NPPI,3,-10.46,-19.162,-10.46,28.158,-8.702,38.618,83.193,-369.197,-4.351,19.309,-14.798,13.766,4.351,21.104,-29.402,153.301,28.565,0.0,47.32
Engenharia Civil (Bacharelado) | Darcy Ribeiro | Diurno | EP_R1_NPPIQ | EP=True | R=R1 | GE=NPPIQ | PCD=False | SM=1.0,297,Engenharia Civil (Bacharelado),Darcy Ribeiro,Diurno,EP_R1_NPPIQ,1,-46.606,-46.606,-6.776,-6.776,0.0,0.0,-0.0,-0.0,,,-46.606,-6.776,,,,,39.83,39.83,39.83
Engenharia Civil (Bacharelado) | Darcy Ribeiro | Diurno | EP_R1_PPI | EP=True | R=R1 | GE=PPI | PCD=False | SM=1.5,298,Engenharia Civil (Bacharelado),Darcy Ribeiro,Diurno,EP_R1_PPI,4,5.858,-33.289,5.858,-33.289,-39.147,-39.147,-668.266,-668.266,-13.049,-13.049,-23.772,-7.672,20.203,23.969,-84.986,-312.437,16.101,0.0,47.159
Engenharia Civil (Bacharelado) | Darcy Ribeiro | Diurno | EP_R2_NPPI | EP=True | R=R2 | GE=NPPI | PCD=False | SM=1.5,299,Engenharia Civil (Bacharelado),Darcy Ribeiro,Diurno,EP_R2_NPPI,4,-68.924,-29.887,39.037,76.766,39.037,37.729,-56.638,96.649,13.012,12.576,-30.5,63.041,27.339,20.353,-89.636,32.286,93.541,60.158,107.961
Engenharia Civil (Bacharelado) | Darcy Ribeiro | Diurno | EP_R2_NPPIQ | EP=True | R=R2 | GE=NPPIQ | PCD=False | SM=1.0,300,Engenharia Civil (Bacharelado),Darcy Ribeiro,Diurno,EP_R2_NPPIQ,1,19.123,19.123,44.103,44.103,0.0,0.0,0.0,0.0,,,19.123,44.103,,,,,24.98,24.98,24.98
Engenharia Civil (Bacharelado) | Darcy Ribeiro | Diurno | EP_R2_PPI | EP=True | R=R2 | GE=PPI | PCD=False | SM=1.5,301,Engenharia Civil (Bacharelado),Darcy Ribeiro,Diurno,EP_R2_PPI,3,-27.977,-43.065,1.668,-7.167,-15.088,-8.835,53.93,-529.676,-7.544,-4.417,-29.259,26.614,13.211,51.051,-45.152,191.818,55.873,29.645,102.077
Engenharia Civil (Bacharelado) | Darcy Ribeiro | Diurno | EP_R2_PPIQ | EP=True | R=R2 | GE=PPIQ | PCD=False | SM=1.0,302,Engenharia Civil (Bacharelado),Darcy Ribeiro,Diurno,EP_R2_PPIQ,1,-20.258,-20.258,41.376,41.376,0.0,0.0,-0.0,0.0,,,-20.258,41.376,,,,,61.634,61.634,61.634
Engenharia Elétrica (Bacharelado) | Darcy Ribeiro | Diurno | AC | EP=False | R=NA | GE=NA | PCD=False | SM=NA,303,Engenharia Elétrica (Bacharelado),Darcy Ribeiro,Diurno,AC,5,-54.46,97.075,165.36,144.38,151.535,-20.98,-278.25,-12.687,37.884,-5.245,31.445,123.592,83.046,75.866,264.102,61.384,92.147,30.822,219.82
Engenharia Elétrica (Bacharelado) | Darcy Ribeiro | Diurno | CN | EP=False | R=NA | GE=NEGROS | PCD=False | SM=NA,304,Engenharia Elétrica (Bacharelado),Darcy Ribeiro,Diurno,CN,4,-12.144,19.288,-12.144,19.288,31.432,31.432,-258.827,-258.827,10.477,10.477,42.557,42.557,46.901,46.901,110.207,110.207,0.0,0.0,0.0
Engenharia Elétrica (Bacharelado) | Darcy Ribeiro | Diurno | EP_R1_NPPI | EP=True | R=R1 | GE=NPPI | PCD=False | SM=1.5,305,Engenharia Elétrica (Bacharelado),Darcy Ribeiro,Diurno,EP_R1_NPPI,2,-26.903,-22.252,-26.903,6.079,4.651,32.982,-17.288,-122.596,4.651,32.982,-24.578,-10.412,3.289,23.322,-13.381,-223.99,14.166,0.0,28.331
Engenharia Elétrica (Bacharelado) | Darcy Ribeiro | Diurno | EP_R1_PPI | EP=True | R=R1 | GE=PPI | PCD=False | SM=1.5,306,Engenharia Elétrica (Bacharelado),Darcy Ribeiro,Diurno,EP_R1_PPI,4,-62.725,21.442,10.242,51.5,84.167,41.258,-134.184,402.831,28.056,13.753,-13.514,12.242,35.724,27.824,-264.351,227.272,25.756,0.0,72.967
Engenharia Elétrica (Bacharelado) | Darcy Ribeiro | Diurno | EP_R2_NPPI | EP=True | R=R2 | GE=NPPI | PCD=False | SM=1.5,307,Engenharia Elétrica (Bacharelado),Darcy Ribeiro,Diurno,EP_R2_NPPI,4,-45.468,25.261,145.719,75.92,70.729,-69.799,-155.558,-47.9,23.576,-23.266,-15.286,105.9,29.489,40.316,-192.916,38.07,121.186,50.659,191.187
Engenharia Elétrica (Bacharelado) | Darcy Ribeiro | Diurno | EP_R2_NPPIQ | EP=True | R=R2 | GE=NPPIQ | PCD=False | SM=1.0,308,Engenharia Elétrica (Bacharelado),Darcy Ribeiro,Diurno,EP_R2_NPPIQ,1,-6.585,-6.585,58.012,58.012,0.0,0.0,-0.0,0.0,,,-6.585,58.012,,,,,64.597,64.597,64.597
Engenharia Elétrica (Bacharelado) | Darcy Ribeiro | Diurno | EP_R2_PPI | EP=True | R=R2 | GE=PPI | PCD=False | SM=1.5,309,Engenharia Elétrica (Bacharelado),Darcy Ribeiro,Diurno,EP_R2_PPI,4,-25.08,51.632,33.134,72.957,76.712,39.823,-305.869,120.188,25.571,13.274,-5.188,39.95,39.671,22.936,-764.712,57.412,45.138,21.325,58.214
Engenharia Elétrica (Bacharelado) | Darcy Ribeiro | Diurno | EP_R2_PPIQ | EP=True | R=R2 | GE=PPIQ | PCD=False | SM=1.0,310,Engenharia Elétrica (Bacharelado),Darcy Ribeiro,Diurno,EP_R2_PPIQ,1,-23.359,-23.359,-23.359,-23.359,0.0,0.0,-0.0,-0.0,,,-23.359,-23.359,,,,,0.0,0.0,0.0
Engenharia Florestal (Bacharelado) | Darcy Ribeiro | Diurno | AC | EP=False | R=NA | GE=NA | PCD=False | SM=NA,311,Engenharia Florestal (Bacharelado),Darcy Ribeiro,Diurno,AC,5,-65.083,-69.015,17.752,65.667,-3.932,47.915,6.042,269.913,-0.983,11.979,-61.697,42.234,9.461,18.916,-15.334,44.79,103.93,82.835,134.682
Engenharia Florestal (Bacharelado) | Darcy Ribeiro | Diurno | CN | EP=False | R=NA | GE=NEGROS | PCD=False | SM=NA,312,Engenharia Florestal (Bacharelado),Darcy Ribeiro,Diurno,CN,5,-27.121,-59.51,8.294,-59.51,-32.389,-67.804,119.424,-817.507,-8.097,-16.951,-34.463,-27.38,14.735,24.453,-42.755,-89.311,7.083,0.0,35.415
Engenharia Florestal (Bacharelado) | Darcy Ribeiro | Diurno | EP_R1_NPPI | EP=True | R=R1 | GE=NPPI | PCD=False | SM=1.5,313,Engenharia Florestal (Bacharelado),Darcy Ribeiro,Diurno,EP_R1_NPPI,2,-2.213,-15.457,-2.213,9.613,-13.244,11.826,598.464,-534.388,-13.244,11.826,-8.835,3.7,9.365,8.362,-105.998,226.007,12.535,0.0,25.07
Engenharia Florestal (Bacharelado) | Darcy Ribeiro | Diurno | EP_R1_PPI | EP=True | R=R1 | GE=PPI | PCD=False | SM=1.5,314,Engenharia Florestal (Bacharelado),Darcy Ribeiro,Diurno,EP_R1_PPI,2,-72.218,-21.467,20.162,-21.467,50.751,-41.629,-70.275,-206.473,50.751,-41.629,-46.842,-0.652,35.886,29.436,-76.611,-4511.287,46.19,0.0,92.38
Engenharia Florestal (Bacharelado) | Darcy Ribeiro | Diurno | EP_R2_NPPI | EP=True | R=R2 | GE=NPPI | PCD=False | SM=1.5,315,Engenharia Florestal (Bacharelado),Darcy Ribeiro,Diurno,EP_R2_NPPI,3,-29.541,-13.984,-29.541,-13.984,15.557,15.557,-52.662,-52.662,7.778,7.778,-32.124,-31.247,19.559,18.176,-60.888,-58.168,0.877,0.0,2.631
Engenharia Florestal (Bacharelado) | Darcy Ribeiro | Diurno | EP_R2_NPPIQ | EP=True | R=R2 | GE=NPPIQ | PCD=False | SM=1.0,316,Engenharia Florestal (Bacharelado),Darcy Ribeiro,Diurno,EP_R2_NPPIQ,1,-27.754,-27.754,-27.754,-27.754,0.0,0.0,-0.0,-0.0,,,-27.754,-27.754,,,,,0.0,0.0,0.0
Engenharia Florestal (Bacharelado) | Darcy Ribeiro | Diurno | EP_R2_PPI | EP=True | R=R2 | GE=PPI | PCD=False | SM=1.5,317,Engenharia Florestal (Bacharelado),Darcy Ribeiro,Diurno,EP_R2_PPI,3,-42.766,-50.84,-42.766,-13.077,-8.074,29.689,18.879,-69.422,-4.037,14.844,-33.151,-20.564,23.988,19.565,-72.358,-95.141,12.588,0.0,37.763
Engenharia Mecatrônica (Bacharelado) | Darcy Ribeiro | Diurno | AC | EP=False | R=NA | GE=NA | PCD=False | SM=NA,318,Engenharia Mecatrônica (Bacharelado),Darcy Ribeiro,Diurno,AC,5,-40.37,84.017,134.759,170.136,124.387,35.377,-308.117,26.252,31.097,8.844,47.911,132.379,62.957,54.447,131.404,41.13,84.468,29.351,175.129
Engenharia Mecatrônica (Bacharelado) | Darcy Ribeiro | Diurno | CN | EP=False | R=NA | GE=NEGROS | PCD=False | SM=NA,319,Engenharia Mecatrônica (Bacharelado),Darcy Ribeiro,Diurno,CN,5,-19.965,25.527,1.525,25.527,45.492,24.002,-227.859,1573.902,11.373,6.001,56.383,60.681,60.031,53.626,106.471,88.374,4.298,0.0,21.49
Engenharia Mecatrônica (Bacharelado) | Darcy Ribeiro | Diurno | EP_R1_NPPI | EP=True | R=R1 | GE=NPPI | PCD=False | SM=1.5,320,Engenharia Mecatrônica (Bacharelado),Darcy Ribeiro,Diurno,EP_R1_NPPI,3,-32.767,-42.409,-32.767,-41.277,-9.642,-8.51,29.426,25.971,-4.821,-4.255,-34.79,-24.309,6.836,22.427,-19.65,-92.258,10.481,0.0,30.31
Engenharia Mecatrônica (Bacharelado) | Darcy Ribeiro | Diurno | EP_R1_NPPIQ | EP=True | R=R1 | GE=NPPIQ | PCD=False | SM=1.0,321,Engenharia Mecatrônica (Bacharelado),Darcy Ribeiro,Diurno,EP_R1_NPPIQ,1,-4.756,-4.756,8.105,8.105,0.0,0.0,-0.0,0.0,,,-4.756,8.105,,,,,12.861,12.861,12.861
Engenharia Mecatrônica (Bacharelado) | Darcy Ribeiro | Diurno | EP_R1_PPI | EP=True | R=R1 | GE=PPI | PCD=False | SM=1.5,322,Engenharia Mecatrônica (Bacharelado),Darcy Ribeiro,Diurno,EP_R1_PPI,3,-37.722,-24.504,54.405,59.809,13.218,5.404,-35.041,9.933,6.609,2.702,-29.963,53.607,6.903,6.637,-23.038,12.38,83.57,74.27,92.127
Engenharia Mecatrônica (Bacharelado) | Darcy Ribeiro | Diurno | EP_R2_NPPI | EP=True | R=R2 | GE=NPPI | PCD=False | SM=1.5,323,Engenharia Mecatrônica (Bacharelado),Darcy Ribeiro,Diurno,EP_R2_NPPI,5,19.302,-65.329,65.536,-19.947,-84.631,-85.483,-438.457,-130.437,-21.158,-21.371,-15.903,48.061,47.915,40.298,-301.302,83.847,63.964,30.418,112.362
Engenharia Mecatrônica (Bacharelado) | Darcy Ribeiro | Diurno | EP_R2_NPPIQ | EP=True | R=R2 | GE=NPPIQ | PCD=False | SM=1.0,324,Engenharia Mecatrônica (Bacharelado),Darcy Ribeiro,Diurno,EP_R2_NPPIQ,1,-19.193,-19.193,79.642,79.642,0.0,0.0,-0.0,0.0,,,-19.193,79.642,,,,,98.835,98.835,98.835
Engenharia Mecatrônica (Bacharelado) | Darcy Ribeiro | Diurno | EP_R2_PPI | EP=True | R=R2 | GE=PPI | PCD=False | SM=1.5,325,Engenharia Mecatrônica (Bacharelado),Darcy Ribeiro,Diurno,EP_R2_PPI,3,-46.573,1.944,42.867,1.944,48.517,-40.923,-104.174,-95.465,24.258,-20.461,-27.903,8.256,26.119,31.926,-93.604,386.706,36.159,0.0,89.44
Engenharia Mecatrônica (Bacharelado) | Darcy Ribeiro | Diurno | EP_R2_PPIQ | EP=True | R=R2 | GE=PPIQ | PCD=False | SM=1.0,326,Engenharia Mecatrônica (Bacharelado),Darcy Ribeiro,Diurno,EP_R2_PPIQ,1,-53.086,-53.086,-27.897,-27.897,0.0,0.0,-0.0,-0.0,,,-53.086,-27.897,,,,,25.189,25.189,25.189
Engenharia Mecânica (Bacharelado) | Darcy Ribeiro | Diurno | AC | EP=False | R=NA | GE=NA | PCD=False | SM=NA,327,Engenharia Mecânica (Bacharelado),Darcy Ribeiro,Diurno,AC,6,-102.234,83.117,142.555,151.18,185.351,8.625,-181.301,6.05,37.07,1.725,28.009,,79.775,,284.823,,,,
Engenharia Mecânica (Bacharelado) | Darcy Ribeiro | Diurno | CN | EP=False | R=NA | GE=NEGROS | PCD=False | SM=NA,328,Engenharia Mecânica (Bacharelado),Darcy Ribeiro,Diurno,CN,6,27.299,68.151,30.337,68.151,40.852,37.814,149.647,124.646,8.17,7.563,25.285,25.791,42.095,42.142,166.484,163.399,0.506,0.0,3.038
Engenharia Mecânica (Bacharelado) | Darcy Ribeiro | Diurno | EP_R1_NPPI | EP=True | R=R1 | GE=NPPI | PCD=False | SM=1.5,329,Engenharia Mecânica (Bacharelado),Darcy Ribeiro,Diurno,EP_R1_NPPI,2,-40.249,-32.365,33.782,-32.365,7.884,-66.147,-19.588,-195.805,7.884,-66.147,-36.307,0.708,5.575,46.773,-15.355,6601.693,37.016,0.0,74.031
Engenharia Mecânica (Bacharelado) | Darcy Ribeiro | Diurno | EP_R1_NPPIQ | EP=True | R=R1 | GE=NPPIQ | PCD=False | SM=1.0,330,Engenharia Mecânica (Bacharelado),Darcy Ribeiro,Diurno,EP_R1_NPPIQ,1,-69.376,-69.376,-69.376,-69.376,0.0,0.0,-0.0,-0.0,,,-69.376,-69.376,,,,,0.0,0.0,0.0
Engenharia Mecânica (Bacharelado) | Darcy Ribeiro | Diurno | EP_R1_PPI | EP=True | R=R1 | GE=PPI | PCD=False | SM=1.5,331,Engenharia Mecânica (Bacharelado),Darcy Ribeiro,Diurno,EP_R1_PPI,4,-33.726,22.756,5.966,22.756,56.482,16.79,-167.473,281.428,18.827,5.597,-16.873,-1.54,27.043,22.508,-160.276,-1461.542,15.333,0.0,39.692
Engenharia Mecânica (Bacharelado) | Darcy Ribeiro | Diurno | EP_R2_NPPI | EP=True | R=R2 | GE=NPPI | PCD=False | SM=1.5,332,Engenharia Mecânica (Bacharelado),Darcy Ribeiro,Diurno,EP_R2_NPPI,4,-8.237,-22.76,129.024,39.682,-14.523,-89.342,176.314,-69.244,-4.841,-29.781,-17.784,65.032,9.236,47.296,-51.933,72.727,82.816,49.064,137.261
Engenharia Mecânica (Bacharelado) | Darcy Ribeiro | Diurno | EP_R2_NPPIQ | EP=True | R=R2 | GE=NPPIQ | PCD=False | SM=1.0,333,Engenharia Mecânica (Bacharelado),Darcy Ribeiro,Diurno,EP_R2_NPPIQ,1,-1.775,-1.775,66.886,66.886,0.0,0.0,-0.0,0.0,,,-1.775,66.886,,,,,68.661,68.661,68.661
Engenharia Mecânica (Bacharelado) | Darcy Ribeiro | Diurno | EP_R2_PPI | EP=True | R=R2 | GE=PPI | PCD=False | SM=1.5,334,Engenharia Mecânica (Bacharelado),Darcy Ribeiro,Diurno,EP_R2_PPI,3,-5.156,-68.903,32.83,42.09,-63.747,9.26,1236.365,28.206,-31.874,4.63,-52.895,-0.875,42.084,66.56,-79.561,-7603.958,52.02,7.08,110.993
Engenharia Mecânica (Bacharelado) | Darcy Ribeiro | Diurno | EP_R2_PPIQ | EP=True | R=R2 | GE=PPIQ | PCD=False | SM=1.0,335,Engenharia Mecânica (Bacharelado),Darcy Ribeiro,Diurno,EP_R2_PPIQ,1,5.003,5.003,17.361,17.361,0.0,0.0,0.0,0.0,,,5.003,17.361,,,,,12.358,12.358,12.358
Engenharia Química (Bacharelado) | Darcy Ribeiro | Diurno | AC | EP=False | R=NA | GE=NA | PCD=False | SM=NA,336,Engenharia Química (Bacharelado),Darcy Ribeiro,Diurno,AC,6,-50.087,51.716,134.041,135.786,101.803,1.745,-203.252,1.302,20.361,0.349,26.86,,53.139,,197.837,,,,
Engenharia Química (Bacharelado) | Darcy Ribeiro | Diurno | CN | EP=False | R=NA | GE=NEGROS | PCD=False | SM=NA,337,Engenharia Química (Bacharelado),Darcy Ribeiro,Diurno,CN,3,11.144,5.744,11.144,5.744,-5.4,-5.4,-48.457,-48.457,-2.7,-2.7,24.62,24.62,28.148,28.148,114.328,114.328,0.0,0.0,0.0
Engenharia Química (Bacharelado) | Darcy Ribeiro | Diurno | EP_R1_NPPI | EP=True | R=R1 | GE=NPPI | PCD=False | SM=1.5,338,Engenharia Química (Bacharelado),Darcy Ribeiro,Diurno,EP_R1_NPPI,3,-47.162,-55.77,-47.162,-55.77,-8.608,-8.608,18.252,18.252,-4.304,-4.304,-48.871,-48.871,6.223,6.223,-12.733,-12.733,0.0,0.0,0.0
Engenharia Química (Bacharelado) | Darcy Ribeiro | Diurno | EP_R1_PPI | EP=True | R=R1 | GE=PPI | PCD=False | SM=1.5,339,Engenharia Química (Bacharelado),Darcy Ribeiro,Diurno,EP_R1_PPI,4,38.999,27.883,38.999,27.883,-11.116,-11.116,-28.503,-28.503,-3.705,-3.705,9.035,29.592,33.108,17.828,366.457,60.245,20.558,0.0,41.257
Engenharia Química (Bacharelado) | Darcy Ribeiro | Diurno | EP_R2_NPPI | EP=True | R=R2 | GE=NPPI | PCD=False | SM=1.5,340,Engenharia Química (Bacharelado),Darcy Ribeiro,Diurno,EP_R2_NPPI,4,-16.557,-42.449,132.95,125.822,-25.892,-7.128,156.381,-5.361,-8.631,-2.376,1.547,,40.503,,2618.575,,,,
Engenharia Química (Bacharelado) | Darcy Ribeiro | Diurno | EP_R2_NPPIQ | EP=True | R=R2 | GE=NPPIQ | PCD=False | SM=1.0,341,Engenharia Química (Bacharelado),Darcy Ribeiro,Diurno,EP_R2_NPPIQ,1,-59.302,-59.302,49.093,49.093,0.0,0.0,-0.0,0.0,,,-59.302,49.093,,,,,108.395,108.395,108.395
Engenharia Química (Bacharelado) | Darcy Ribeiro | Diurno | EP_R2_PPI | EP=True | R=R2 | GE=PPI | PCD=False | SM=1.5,342,Engenharia Química (Bacharelado),Darcy Ribeiro,Diurno,EP_R2_PPI,3,-14.085,30.811,-14.085,59.008,44.896,73.093,-318.75,-518.942,22.448,36.546,-7.766,1.633,35.838,51.353,-461.456,3145.367,9.399,0.0,28.197
Engenharia Química (Bacharelado) | Darcy Ribeiro | Diurno | EP_R2_PPIQ | EP=True | R=R2 | GE=PPIQ | PCD=False | SM=1.0,343,Engenharia Química (Bacharelado),Darcy Ribeiro,Diurno,EP_R2_PPIQ,1,-17.786,-17.786,2.511,2.511,0.0,0.0,-0.0,0.0,,,-17.786,2.511,,,,,20.297,20.297,20.297
Engenharia de Computação (Bacharelado) | Darcy Ribeiro | Diurno | AC | EP=False | R=NA | GE=NA | PCD=False | SM=NA,344,Engenharia de Computação (Bacharelado),Darcy Ribeiro,Diurno,AC,5,76.169,120.918,143.359,167.223,44.749,23.864,58.75,16.646,11.187,5.966,108.165,148.586,19.442,20.397,17.974,13.728,40.421,12.6,67.19
Engenharia de Computação (Bacharelado) | Darcy Ribeiro | Diurno | CN | EP=False | R=NA | GE=NEGROS | PCD=False | SM=NA,345,Engenharia de Computação (Bacharelado),Darcy Ribeiro,Diurno,CN,6,21.015,70.718,92.852,70.718,49.703,-22.134,236.512,-23.838,9.941,-4.427,52.603,64.576,22.093,20.988,41.999,32.502,11.973,0.0,71.837
Engenharia de Computação (Bacharelado) | Darcy Ribeiro | Diurno | EP_R1_NPPI | EP=True | R=R1 | GE=NPPI | PCD=False | SM=1.5,346,Engenharia de Computação (Bacharelado),Darcy Ribeiro,Diurno,EP_R1_NPPI,4,17.976,-26.48,19.536,-5.042,-44.456,-24.578,-247.308,-125.809,-14.819,-8.193,-7.877,11.184,38.107,23.397,-483.808,209.195,19.061,1.56,42.059
Engenharia de Computação (Bacharelado) | Darcy Ribeiro | Diurno | EP_R1_NPPIQ | EP=True | R=R1 | GE=NPPIQ | PCD=False | SM=1.0,347,Engenharia de Computação (Bacharelado),Darcy Ribeiro,Diurno,EP_R1_NPPIQ,1,-33.752,-33.752,-33.752,-33.752,0.0,0.0,-0.0,-0.0,,,-33.752,-33.752,,,,,0.0,0.0,0.0
Engenharia de Computação (Bacharelado) | Darcy Ribeiro | Diurno | EP_R1_PPI | EP=True | R=R1 | GE=PPI | PCD=False | SM=1.5,348,Engenharia de Computação (Bacharelado),Darcy Ribeiro,Diurno,EP_R1_PPI,4,-44.598,16.988,18.4,70.613,61.586,52.213,-138.091,283.766,20.529,17.404,2.806,55.134,35.539,34.877,1266.773,63.259,52.328,35.923,62.998
Engenharia de Computação (Bacharelado) | Darcy Ribeiro | Diurno | EP_R2_NPPI | EP=True | R=R2 | GE=NPPI | PCD=False | SM=1.5,349,Engenharia de Computação (Bacharelado),Darcy Ribeiro,Diurno,EP_R2_NPPI,4,-63.631,13.301,29.797,34.706,76.932,4.909,-120.903,16.475,25.644,1.636,38.573,90.448,83.63,67.414,216.808,74.534,51.874,10.449,93.428
Engenharia de Computação (Bacharelado) | Darcy Ribeiro | Diurno | EP_R2_NPPIQ | EP=True | R=R2 | GE=NPPIQ | PCD=False | SM=1.0,350,Engenharia de Computação (Bacharelado),Darcy Ribeiro,Diurno,EP_R2_NPPIQ,1,82.189,82.189,83.309,83.309,0.0,0.0,0.0,0.0,,,82.189,83.309,,,,,1.12,1.12,1.12
Engenharia de Computação (Bacharelado) | Darcy Ribeiro | Diurno | EP_R2_NPPIQ_PCD | EP=True | R=R2 | GE=NPPIQ | PCD=True | SM=1.0,351,Engenharia de Computação (Bacharelado),Darcy Ribeiro,Diurno,EP_R2_NPPIQ_PCD,1,25.163,25.163,25.163,25.163,0.0,0.0,0.0,0.0,,,25.163,25.163,,,,,0.0,0.0,0.0
Engenharia de Computação (Bacharelado) | Darcy Ribeiro | Diurno | EP_R2_PPI | EP=True | R=R2 | GE=PPI | PCD=False | SM=1.5,352,Engenharia de Computação (Bacharelado),Darcy Ribeiro,Diurno,EP_R2_PPI,5,-31.837,-62.409,53.774,-51.296,-30.572,-105.07,96.027,-195.392,-7.643,-26.268,-12.02,,33.87,,-281.79,,,,
Engenharia de Computação (Bacharelado) | Darcy Ribeiro | Diurno | EP_R2_PPIQ | EP=True | R=R2 | GE=PPIQ | PCD=False | SM=1.0,353,Engenharia de Computação (Bacharelado),Darcy Ribeiro,Diurno,EP_R2_PPIQ,1,-67.012,-67.012,55.801,55.801,0.0,0.0,-0.0,0.0,,,-67.012,55.801,,,,,122.813,122.813,122.813
Engenharia de Produção (Bacharelado) | Darcy Ribeiro | Noturno | AC | EP=False | R=NA | GE=NA | PCD=False | SM=NA,354,Engenharia de Produção (Bacharelado),Darcy Ribeiro,Noturno,AC,6,-45.285,49.032,97.751,130.073,94.317,32.322,-208.274,33.066,18.863,6.464,-9.411,,58.723,,-623.961,,,,
Engenharia de Produção (Bacharelado) | Darcy Ribeiro | Noturno | CN | EP=False | R=NA | GE=NEGROS | PCD=False | SM=NA,355,Engenharia de Produção (Bacharelado),Darcy Ribeiro,Noturno,CN,6,13.105,-31.733,18.914,-31.733,-44.838,-50.647,-342.144,-267.775,-8.968,-10.129,-15.976,-15.007,34.705,35.744,-217.236,-238.174,0.968,0.0,5.809
Engenharia de Produção (Bacharelado) | Darcy Ribeiro | Noturno | EP_R1_NPPI | EP=True | R=R1 | GE=NPPI | PCD=False | SM=1.5,356,Engenharia de Produção (Bacharelado),Darcy Ribeiro,Noturno,EP_R1_NPPI,1,-47.974,-47.974,-47.974,-47.974,0.0,0.0,-0.0,-0.0,,,-47.974,-47.974,,,,,0.0,0.0,0.0
Engenharia de Produção (Bacharelado) | Darcy Ribeiro | Noturno | EP_R1_NPPIQ | EP=True | R=R1 | GE=NPPIQ | PCD=False | SM=1.0,357,Engenharia de Produção (Bacharelado),Darcy Ribeiro,Noturno,EP_R1_NPPIQ,1,-20.589,-20.589,-16.273,-16.273,0.0,0.0,-0.0,-0.0,,,-20.589,-16.273,,,,,4.316,4.316,4.316
Engenharia de Produção (Bacharelado) | Darcy Ribeiro | Noturno | EP_R1_PPI | EP=True | R=R1 | GE=PPI | PCD=False | SM=1.5,358,Engenharia de Produção (Bacharelado),Darcy Ribeiro,Noturno,EP_R1_PPI,2,-5.047,11.401,-5.047,11.401,16.448,16.448,-325.897,-325.897,16.448,16.448,3.177,3.177,11.63,11.63,366.084,366.084,0.0,0.0,0.0
Engenharia de Produção (Bacharelado) | Darcy Ribeiro | Noturno | EP_R2_NPPI | EP=True | R=R2 | GE=NPPI | PCD=False | SM=1.5,359,Engenharia de Produção (Bacharelado),Darcy Ribeiro,Noturno,EP_R2_NPPI,2,46.816,-30.751,71.428,-18.063,-77.567,-89.491,-165.685,-125.288,-77.567,-89.491,8.033,26.682,54.848,63.28,682.828,237.158,18.65,12.688,24.612
Engenharia de Produção (Bacharelado) | Darcy Ribeiro | Noturno | EP_R2_NPPIQ | EP=True | R=R2 | GE=NPPIQ | PCD=False | SM=1.0,360,Engenharia de Produção (Bacharelado),Darcy Ribeiro,Noturno,EP_R2_NPPIQ,1,-30.464,-30.464,60.182,60.182,0.0,0.0,-0.0,0.0,,,-30.464,60.182,,,,,90.646,90.646,90.646
Engenharia de Produção (Bacharelado) | Darcy Ribeiro | Noturno | EP_R2_PPI | EP=True | R=R2 | GE=PPI | PCD=False | SM=1.5,361,Engenharia de Produção (Bacharelado),Darcy Ribeiro,Noturno,EP_R2_PPI,1,-86.266,-86.266,14.269,14.269,0.0,0.0,-0.0,0.0,,,-86.266,14.269,,,,,100.535,100.535,100.535
Engenharia de Produção (Bacharelado) | Darcy Ribeiro | Noturno | EP_R2_PPIQ | EP=True | R=R2 | GE=PPIQ | PCD=False | SM=1.0,362,Engenharia de Produção (Bacharelado),Darcy Ribeiro,Noturno,EP_R2_PPIQ,1,-5.763,-5.763,-5.763,-5.763,0.0,0.0,-0.0,-0.0,,,-5.763,-5.763,,,,,0.0,0.0,0.0
Engenharia de Redes de Comunicação (Bacharelado) | Darcy Ribeiro | Diurno | AC | EP=False | R=NA | GE=NA | PCD=False | SM=NA,363,Engenharia de Redes de Comunicação (Bacharelado),Darcy Ribeiro,Diurno,AC,6,-31.904,34.703,55.127,63.406,66.607,8.279,-208.773,15.018,13.321,1.656,-10.826,55.624,33.861,30.379,-312.787,54.615,66.449,28.703,121.62
Engenharia de Redes de Comunicação (Bacharelado) | Darcy Ribeiro | Diurno | CN | EP=False | R=NA | GE=NEGROS | PCD=False | SM=NA,364,Engenharia de Redes de Comunicação (Bacharelado),Darcy Ribeiro,Diurno,CN,5,-6.137,-20.38,-4.801,-20.38,-14.243,-15.579,232.084,324.495,-3.561,-3.895,24.95,25.218,38.76,38.496,155.349,152.655,0.267,0.0,1.336
Engenharia de Redes de Comunicação (Bacharelado) | Darcy Ribeiro | Diurno | EP_R1_NPPI | EP=True | R=R1 | GE=NPPI | PCD=False | SM=1.5,365,Engenharia de Redes de Comunicação (Bacharelado),Darcy Ribeiro,Diurno,EP_R1_NPPI,2,-43.862,-66.487,-43.862,-9.02,-22.625,34.842,51.582,-79.436,-22.625,34.842,-55.174,-26.441,15.998,24.637,-28.996,-93.177,28.734,0.0,57.467
Engenharia de Redes de Comunicação (Bacharelado) | Darcy Ribeiro | Diurno | EP_R1_NPPIQ | EP=True | R=R1 | GE=NPPIQ | PCD=False | SM=1.0,366,Engenharia de Redes de Comunicação (Bacharelado),Darcy Ribeiro,Diurno,EP_R1_NPPIQ,1,-55.125,-55.125,-55.125,-55.125,0.0,0.0,-0.0,-0.0,,,-55.125,-55.125,,,,,0.0,0.0,0.0
Engenharia de Redes de Comunicação (Bacharelado) | Darcy Ribeiro | Diurno | EP_R1_PPI | EP=True | R=R1 | GE=PPI | PCD=False | SM=1.5,367,Engenharia de Redes de Comunicação (Bacharelado),Darcy Ribeiro,Diurno,EP_R1_PPI,2,-29.883,-22.553,-29.883,-22.553,7.33,7.33,-24.529,-24.529,7.33,7.33,-26.218,-26.218,5.183,5.183,-19.769,-19.769,0.0,0.0,0.0
Engenharia de Redes de Comunicação (Bacharelado) | Darcy Ribeiro | Diurno | EP_R2_NPPI | EP=True | R=R2 | GE=NPPI | PCD=False | SM=1.5,368,Engenharia de Redes de Comunicação (Bacharelado),Darcy Ribeiro,Diurno,EP_R2_NPPI,4,-66.201,-25.064,-66.201,7.869,41.137,74.07,-62.14,-111.887,13.712,24.69,-51.939,-32.184,19.801,32.457,-38.123,-100.851,19.756,0.0,46.09
Engenharia de Redes de Comunicação (Bacharelado) | Darcy Ribeiro | Diurno | EP_R2_NPPIQ | EP=True | R=R2 | GE=NPPIQ | PCD=False | SM=1.0,369,Engenharia de Redes de Comunicação (Bacharelado),Darcy Ribeiro,Diurno,EP_R2_NPPIQ,1,-73.187,-73.187,2.297,2.297,0.0,0.0,-0.0,0.0,,,-73.187,2.297,,,,,75.484,75.484,75.484
Engenharia de Redes de Comunicação (Bacharelado) | Darcy Ribeiro | Diurno | EP_R2_PPI | EP=True | R=R2 | GE=PPI | PCD=False | SM=1.5,370,Engenharia de Redes de Comunicação (Bacharelado),Darcy Ribeiro,Diurno,EP_R2_PPI,3,-50.627,-14.191,3.941,13.092,36.436,9.151,-71.97,232.2,18.218,4.576,-35.396,13.847,18.938,10.305,-53.504,74.417,49.243,27.283,65.878
Engenharia de Redes de Comunicação (Bacharelado) | Darcy Ribeiro | Diurno | EP_R2_PPIQ | EP=True | R=R2 | GE=PPIQ | PCD=False | SM=1.0,371,Engenharia de Redes de Comunicação (Bacharelado),Darcy Ribeiro,Diurno,EP_R2_PPIQ,1,-54.018,-54.018,-24.926,-24.926,0.0,0.0,-0.0,-0.0,,,-54.018,-24.926,,,,,29.092,29.092,29.092
Engenharias (FGA) | Gama | Diurno | AC | EP=False | R=NA | GE=NA | PCD=False | SM=NA,372,Engenharias (FGA),Gama,Diurno,AC,6,-101.981,61.705,133.817,145.39,163.686,11.573,-160.506,8.648,32.737,2.315,25.899,,64.538,,249.191,,,,
Engenharias (FGA) | Gama | Diurno | CN | EP=False | R=NA | GE=NEGROS | PCD=False | SM=NA,373,Engenharias (FGA),Gama,Diurno,CN,6,-57.125,17.209,76.031,55.531,74.334,-20.5,-130.125,-26.963,14.867,-4.1,2.295,69.661,32.516,37.053,1416.621,53.191,67.365,23.149,133.156
Engenharias (FGA) | Gama | Diurno | EP_R1_NPPI | EP=True | R=R1 | GE=NPPI | PCD=False | SM=1.5,374,Engenharias (FGA),Gama,Diurno,EP_R1_NPPI,4,-46.52,-36.993,4.292,53.835,9.527,49.543,-20.479,1154.31,3.176,16.514,-43.207,37.142,8.519,22.276,-19.716,59.974,80.35,50.812,99.332
Engenharias (FGA) | Gama | Diurno | EP_R1_NPPIQ | EP=True | R=R1 | GE=NPPIQ | PCD=False | SM=1.0,375,Engenharias (FGA),Gama,Diurno,EP_R1_NPPIQ,1,-52.564,-52.564,-11.45,-11.45,0.0,0.0,-0.0,-0.0,,,-52.564,-11.45,,,,,41.114,41.114,41.114
Engenharias (FGA) | Gama | Diurno | EP_R1_PPI | EP=True | R=R1 | GE=PPI | PCD=False | SM=1.5,376,Engenharias (FGA),Gama,Diurno,EP_R1_PPI,4,-56.987,-48.142,-0.878,32.607,8.845,33.485,-15.521,-3813.781,2.948,11.162,-56.554,24.148,7.947,20.821,-14.052,86.222,80.702,56.109,101.645
Engenharias (FGA) | Gama | Diurno | EP_R2_NPPI | EP=True | R=R2 | GE=NPPI | PCD=False | SM=1.5,377,Engenharias (FGA),Gama,Diurno,EP_R2_NPPI,5,-100.534,-90.269,41.234,-6.587,10.265,-47.821,-10.21,-115.975,2.566,-11.955,-30.697,60.681,59.18,43.331,-192.792,71.408,91.378,69.655,141.768
Engenharias (FGA) | Gama | Diurno | EP_R2_NPPIQ | EP=True | R=R2 | GE=NPPIQ | PCD=False | SM=1.0,378,Engenharias (FGA),Gama,Diurno,EP_R2_NPPIQ,1,-8.202,-8.202,60.62,60.62,0.0,0.0,-0.0,0.0,,,-8.202,60.62,,,,,68.822,68.822,68.822
Engenharias (FGA) | Gama | Diurno | EP_R2_NPPIQ_PCD | EP=True | R=R2 | GE=NPPIQ | PCD=True | SM=1.0,379,Engenharias (FGA),Gama,Diurno,EP_R2_NPPIQ_PCD,1,-2.52,-2.52,19.278,19.278,0.0,0.0,-0.0,0.0,,,-2.52,19.278,,,,,21.798,21.798,21.798
Engenharias (FGA) | Gama | Diurno | EP_R2_PPI | EP=True | R=R2 | GE=PPI | PCD=False | SM=1.5,380,Engenharias (FGA),Gama,Diurno,EP_R2_PPI,4,-80.254,-44.055,1.161,107.386,36.199,106.225,-45.106,9149.44,12.066,35.408,-60.864,55.948,15.33,44.669,-25.188,79.84,116.812,81.415,151.441
Engenharias (FGA) | Gama | Diurno | EP_R2_PPIQ | EP=True | R=R2 | GE=PPIQ | PCD=False | SM=1.0,381,Engenharias (FGA),Gama,Diurno,EP_R2_PPIQ,1,-63.197,-63.197,17.991,17.991,0.0,0.0,-0.0,0.0,,,-63.197,17.991,,,,,81.188,81.188,81.188
Estatística (Bacharelado) | Darcy Ribeiro | Diurno | AC | EP=False | R=NA | GE=NA | PCD=False | SM=NA,382,Estatística (Bacharelado),Darcy Ribeiro,Diurno,AC,6,-72.065,14.483,57.878,111.408,86.548,53.53,-120.097,92.488,17.31,10.706,-11.436,,53.356,,-466.563,,,,
Estatística (Bacharelado) | Darcy Ribeiro | Diurno | CN | EP=False | R=NA | GE=NEGROS | PCD=False | SM=NA,383,Estatística (Bacharelado),Darcy Ribeiro,Diurno,CN,4,-42.667,8.239,-5.916,8.239,50.906,14.155,-119.31,-239.266,16.969,4.718,-29.263,-20.075,25.149,25.332,-85.941,-126.186,9.188,0.0,36.751
Estatística (Bacharelado) | Darcy Ribeiro | Diurno | EP_R1_NPPI | EP=True | R=R1 | GE=NPPI | PCD=False | SM=1.5,384,Estatística (Bacharelado),Darcy Ribeiro,Diurno,EP_R1_NPPI,1,-32.737,-32.737,-32.737,-32.737,0.0,0.0,-0.0,-0.0,,,-32.737,-32.737,,,,,0.0,0.0,0.0
Estatística (Bacharelado) | Darcy Ribeiro | Diurno | EP_R1_PPI | EP=True | R=R1 | GE=PPI | PCD=False | SM=1.5,385,Estatística (Bacharelado),Darcy Ribeiro,Diurno,EP_R1_PPI,1,-20.062,-20.062,-12.041,-12.041,0.0,0.0,-0.0,-0.0,,,-20.062,-12.041,,,,,8.021,8.021,8.021
Estatística (Bacharelado) | Darcy Ribeiro | Diurno | EP_R2_NPPI | EP=True | R=R2 | GE=NPPI | PCD=False | SM=1.5,386,Estatística (Bacharelado),Darcy Ribeiro,Diurno,EP_R2_NPPI,4,-0.124,-34.548,-0.124,-13.142,-34.424,-13.018,27761.29,10498.387,-11.475,-4.339,-25.852,-6.671,21.195,11.439,-81.989,-171.474,19.18,0.0,55.315
Estatística (Bacharelado) | Darcy Ribeiro | Diurno | EP_R2_NPPIQ | EP=True | R=R2 | GE=NPPIQ | PCD=False | SM=1.0,387,Estatística (Bacharelado),Darcy Ribeiro,Diurno,EP_R2_NPPIQ,1,-27.068,-27.068,22.541,22.541,0.0,0.0,-0.0,0.0,,,-27.068,22.541,,,,,49.609,49.609,49.609
Estatística (Bacharelado) | Darcy Ribeiro | Diurno | EP_R2_PPI | EP=True | R=R2 | GE=PPI | PCD=False | SM=1.5,388,Estatística (Bacharelado),Darcy Ribeiro,Diurno,EP_R2_PPI,2,0.031,-39.185,0.031,-39.185,-39.216,-39.216,-126503.226,-126503.226,-39.216,-39.216,-19.577,-19.577,27.73,27.73,-141.645,-141.645,0.0,0.0,0.0
Estatística (Bacharelado) | Darcy Ribeiro | Diurno | EP_R2_PPIQ | EP=True | R=R2 | GE=PPIQ | PCD=False | SM=1.0,389,Estatística (Bacharelado),Darcy Ribeiro,Diurno,EP_R2_PPIQ,1,-34.447,-34.447,-34.447,-34.447,0.0,0.0,-0.0,-0.0,,,-34.447,-34.447,,,,,0.0,0.0,0.0
Farmácia (Bacharelado) | Ceilândia | Diurno | AC | EP=False | R=NA | GE=NA | PCD=False | SM=NA,390,Farmácia (Bacharelado),Ceilândia,Diurno,AC,6,-85.275,31.936,81.955,92.243,117.211,10.288,-137.451,12.553,23.442,2.058,-4.146,65.631,41.566,26.985,-1002.481,41.116,69.778,14.536,167.23
Farmácia (Bacharelado) | Darcy Ribeiro | Diurno | AC | EP=False | R=NA | GE=NA | PCD=False | SM=NA,391,Farmácia (Bacharelado),Darcy Ribeiro,Diurno,AC,6,13.016,51.18,75.783,93.959,38.164,18.176,293.208,23.984,7.633,3.635,47.687,,23.332,,48.927,,,,
Farmácia (Bacharelado) | Darcy Ribeiro | Noturno | AC | EP=False | R=NA | GE=NA | PCD=False | SM=NA,392,Farmácia (Bacharelado),Darcy Ribeiro,Noturno,AC,6,-81.89,18.047,25.212,45.641,99.937,20.429,-122.038,81.029,19.987,4.086,-19.674,32.477,45.869,33.004,-233.143,101.623,52.151,13.601,107.102
Farmácia (Bacharelado) | Ceilândia | Diurno | CN | EP=False | R=NA | GE=NEGROS | PCD=False | SM=NA,393,Farmácia (Bacharelado),Ceilândia,Diurno,CN,6,-26.27,15.618,-25.843,15.618,41.888,41.461,-159.452,-160.434,8.378,8.292,-2.025,-1.954,32.637,32.574,-1611.592,-1667.062,0.071,0.0,0.427
Farmácia (Bacharelado) | Darcy Ribeiro | Diurno | CN | EP=False | R=NA | GE=NEGROS | PCD=False | SM=NA,394,Farmácia (Bacharelado),Darcy Ribeiro,Diurno,CN,5,0.785,15.902,25.807,15.902,15.117,-9.905,1925.732,-38.381,3.779,-2.476,10.895,15.9,29.26,29.238,268.556,183.892,5.004,0.0,25.022
Farmácia (Bacharelado) | Darcy Ribeiro | Noturno | CN | EP=False | R=NA | GE=NEGROS | PCD=False | SM=NA,395,Farmácia (Bacharelado),Darcy Ribeiro,Noturno,CN,3,39.999,25.623,39.999,25.623,-14.376,-14.376,-35.941,-35.941,-7.188,-7.188,31.2,31.2,7.711,7.711,24.713,24.713,0.0,0.0,0.0
Farmácia (Bacharelado) | Ceilândia | Diurno | EP_R1_NPPI | EP=True | R=R1 | GE=NPPI | PCD=False | SM=1.5,396,Farmácia (Bacharelado),Ceilândia,Diurno,EP_R1_NPPI,5,-60.347,-52.228,21.528,-42.092,8.119,-63.62,-13.454,-295.522,2.03,-15.905,-46.652,3.553,16.558,42.771,-35.492,1203.873,50.204,10.136,107.926
Farmácia (Bacharelado) | Darcy Ribeiro | Diurno | EP_R1_NPPI | EP=True | R=R1 | GE=NPPI | PCD=False | SM=1.5,397,Farmácia (Bacharelado),Darcy Ribeiro,Diurno,EP_R1_NPPI,4,-11.157,-19.548,1.525,56.659,-8.391,55.134,75.208,3615.344,-2.797,18.378,-7.42,16.485,15.564,28.517,-209.755,172.989,23.905,0.454,76.207
Farmácia (Bacharelado) | Darcy Ribeiro | Noturno | EP_R1_NPPI | EP=True | R=R1 | GE=NPPI | PCD=False | SM=1.5,398,Farmácia (Bacharelado),Darcy Ribeiro,Noturno,EP_R1_NPPI,3,-10.711,-14.031,-10.711,2.801,-3.32,13.512,30.996,-126.151,-1.66,6.756,-15.925,1.643,6.376,11.818,-40.035,719.154,17.568,0.0,35.873
Farmácia (Bacharelado) | Ceilândia | Diurno | EP_R1_NPPIQ | EP=True | R=R1 | GE=NPPIQ | PCD=False | SM=1.0,399,Farmácia (Bacharelado),Ceilândia,Diurno,EP_R1_NPPIQ,1,-33.173,-33.173,14.394,14.394,0.0,0.0,-0.0,0.0,,,-33.173,14.394,,,,,47.567,47.567,47.567
Farmácia (Bacharelado) | Darcy Ribeiro | Diurno | EP_R1_NPPIQ | EP=True | R=R1 | GE=NPPIQ | PCD=False | SM=1.0,400,Farmácia (Bacharelado),Darcy Ribeiro,Diurno,EP_R1_NPPIQ,1,-45.41,-45.41,3.367,3.367,0.0,0.0,-0.0,0.0,,,-45.41,3.367,,,,,48.777,48.777,48.777
Farmácia (Bacharelado) | Darcy Ribeiro | Noturno | EP_R1_NPPIQ | EP=True | R=R1 | GE=NPPIQ | PCD=False | SM=1.0,401,Farmácia (Bacharelado),Darcy Ribeiro,Noturno,EP_R1_NPPIQ,1,-32.371,-32.371,-7.88,-7.88,0.0,0.0,-0.0,-0.0,,,-32.371,-7.88,,,,,24.491,24.491,24.491
Farmácia (Bacharelado) | Ceilândia | Diurno | EP_R1_PPI | EP=True | R=R1 | GE=PPI | PCD=False | SM=1.5,402,Farmácia (Bacharelado),Ceilândia,Diurno,EP_R1_PPI,4,-39.519,-42.825,-39.519,-3.477,-3.306,36.042,8.366,-91.202,-1.102,12.014,-27.033,-7.436,20.807,22.132,-76.97,-297.619,19.597,0.0,39.348
Farmácia (Bacharelado) | Darcy Ribeiro | Diurno | EP_R1_PPI | EP=True | R=R1 | GE=PPI | PCD=False | SM=1.5,403,Farmácia (Bacharelado),Darcy Ribeiro,Diurno,EP_R1_PPI,4,-56.072,-30.833,-55.265,-30.833,25.239,24.432,-45.012,-44.209,8.413,8.144,-24.023,-15.101,24.693,35.398,-102.788,-234.404,8.922,0.0,30.987
Farmácia (Bacharelado) | Darcy Ribeiro | Noturno | EP_R1_PPI | EP=True | R=R1 | GE=PPI | PCD=False | SM=1.5,404,Farmácia (Bacharelado),Darcy Ribeiro,Noturno,EP_R1_PPI,4,-93.87,-4.337,-50.055,-4.337,89.533,45.718,-95.38,-91.336,29.844,15.239,-36.51,-9.067,40.435,38.059,-110.751,-419.764,27.443,0.0,53.032
Farmácia (Bacharelado) | Ceilândia | Diurno | EP_R2_NPPI | EP=True | R=R2 | GE=NPPI | PCD=False | SM=1.5,405,Farmácia (Bacharelado),Ceilândia,Diurno,EP_R2_NPPI,5,-76.441,-86.268,-2.832,-18.416,-9.827,-15.584,12.856,550.282,-2.457,-3.896,-29.742,26.529,48.492,40.835,-163.044,153.925,56.271,5.85,88.597
Farmácia (Bacharelado) | Darcy Ribeiro | Diurno | EP_R2_NPPI | EP=True | R=R2 | GE=NPPI | PCD=False | SM=1.5,406,Farmácia (Bacharelado),Darcy Ribeiro,Diurno,EP_R2_NPPI,5,-9.63,-18.151,67.493,16.198,-8.521,-51.295,88.484,-76.0,-2.13,-12.824,19.797,56.462,36.58,24.435,184.776,43.277,36.665,7.092,77.123
Farmácia (Bacharelado) | Darcy Ribeiro | Noturno | EP_R2_NPPI | EP=True | R=R2 | GE=NPPI | PCD=False | SM=1.5,407,Farmácia (Bacharelado),Darcy Ribeiro,Noturno,EP_R2_NPPI,4,-84.214,-37.354,-84.214,5.191,46.86,89.405,-55.644,-106.164,15.62,29.802,-26.648,-16.011,44.128,45.784,-165.599,-285.944,10.636,0.0,42.545
Farmácia (Bacharelado) | Ceilândia | Diurno | EP_R2_NPPIQ | EP=True | R=R2 | GE=NPPIQ | PCD=False | SM=1.0,408,Farmácia (Bacharelado),Ceilândia,Diurno,EP_R2_NPPIQ,1,14.796,14.796,18.796,18.796,0.0,0.0,0.0,0.0,,,14.796,18.796,,,,,4.0,4.0,4.0
Farmácia (Bacharelado) | Darcy Ribeiro | Diurno | EP_R2_NPPIQ | EP=True | R=R2 | GE=NPPIQ | PCD=False | SM=1.0,409,Farmácia (Bacharelado),Darcy Ribeiro,Diurno,EP_R2_NPPIQ,1,50.704,50.704,50.704,50.704,0.0,0.0,0.0,0.0,,,50.704,50.704,,,,,0.0,0.0,0.0
Farmácia (Bacharelado) | Darcy Ribeiro | Noturno | EP_R2_NPPIQ | EP=True | R=R2 | GE=NPPIQ | PCD=False | SM=1.0,410,Farmácia (Bacharelado),Darcy Ribeiro,Noturno,EP_R2_NPPIQ,1,-10.117,-10.117,7.338,7.338,0.0,0.0,-0.0,0.0,,,-10.117,7.338,,,,,17.455,17.455,17.455
Farmácia (Bacharelado) | Darcy Ribeiro | Diurno | EP_R2_NPPIQ_PCD | EP=True | R=R2 | GE=NPPIQ | PCD=True | SM=1.0,411,Farmácia (Bacharelado),Darcy Ribeiro,Diurno,EP_R2_NPPIQ_PCD,1,0.119,0.119,0.119,0.119,0.0,0.0,0.0,0.0,,,0.119,0.119,,,,,0.0,0.0,0.0
Farmácia (Bacharelado) | Ceilândia | Diurno | EP_R2_PPI | EP=True | R=R2 | GE=PPI | PCD=False | SM=1.5,412,Farmácia (Bacharelado),Ceilândia,Diurno,EP_R2_PPI,4,-83.874,-59.032,19.707,1.504,24.842,-18.203,-29.618,-92.368,8.281,-6.068,-52.648,17.582,27.53,33.805,-52.29,192.272,70.23,35.83,103.581
Farmácia (Bacharelado) | Darcy Ribeiro | Diurno | EP_R2_PPI | EP=True | R=R2 | GE=PPI | PCD=False | SM=1.5,413,Farmácia (Bacharelado),Darcy Ribeiro,Diurno,EP_R2_PPI,4,-41.496,-63.95,19.612,27.148,-22.454,7.536,54.111,38.425,-7.485,2.512,-39.454,14.453,18.982,20.375,-48.112,140.977,53.907,18.415,91.098
Farmácia (Bacharelado) | Darcy Ribeiro | Noturno | EP_R2_PPI | EP=True | R=R2 | GE=PPI | PCD=False | SM=1.5,414,Farmácia (Bacharelado),Darcy Ribeiro,Noturno,EP_R2_PPI,3,-77.467,-48.92,14.729,-1.44,28.547,-16.169,-36.851,-109.777,14.273,-8.084,-66.635,4.238,15.468,9.096,-23.213,214.624,70.873,47.48,92.196
Farmácia (Bacharelado) | Ceilândia | Diurno | EP_R2_PPIQ | EP=True | R=R2 | GE=PPIQ | PCD=False | SM=1.0,415,Farmácia (Bacharelado),Ceilândia,Diurno,EP_R2_PPIQ,1,-83.68,-83.68,-4.707,-4.707,0.0,0.0,-0.0,-0.0,,,-83.68,-4.707,,,,,78.973,78.973,78.973
Farmácia (Bacharelado) | Darcy Ribeiro | Diurno | EP_R2_PPIQ | EP=True | R=R2 | GE=PPIQ | PCD=False | SM=1.0,416,Farmácia (Bacharelado),Darcy Ribeiro,Diurno,EP_R2_PPIQ,1,-19.971,-19.971,38.952,38.952,0.0,0.0,-0.0,0.0,,,-19.971,38.952,,,,,58.923,58.923,58.923
Farmácia (Bacharelado) | Darcy Ribeiro | Noturno | EP_R2_PPIQ | EP=True | R=R2 | GE=PPIQ | PCD=False | SM=1.0,417,Farmácia (Bacharelado),Darcy Ribeiro,Noturno,EP_R2_PPIQ,1,-46.669,-46.669,-21.564,-21.564,0.0,0.0,-0.0,-0.0,,,-46.669,-21.564,,,,,25.105,25.105,25.105
Filosofia (Bacharelado/Licenciatura) | Darcy Ribeiro | Diurno | AC | EP=False | R=NA | GE=NA | PCD=False | SM=NA,418,Filosofia (Bacharelado/Licenciatura),Darcy Ribeiro,Diurno,AC,5,-72.833,-100.426,65.201,-3.548,-27.593,-68.749,37.885,-105.442,-6.898,-17.187,-67.838,44.564,25.039,36.397,-36.91,81.674,112.402,64.909,158.711
Filosofia (Bacharelado/Licenciatura) | Darcy Ribeiro | Diurno | CN | EP=False | R=NA | GE=NEGROS | PCD=False | SM=NA,419,Filosofia (Bacharelado/Licenciatura),Darcy Ribeiro,Diurno,CN,2,7.704,-23.598,29.933,-23.598,-31.302,-53.531,-406.308,-178.836,-31.302,-53.531,-7.947,3.168,22.134,37.852,-278.518,1195.016,11.114,0.0,22.229
Filosofia (Bacharelado/Licenciatura) | Darcy Ribeiro | Diurno | EP_R1_NPPI | EP=True | R=R1 | GE=NPPI | PCD=False | SM=1.5,420,Filosofia (Bacharelado/Licenciatura),Darcy Ribeiro,Diurno,EP_R1_NPPI,3,-16.795,-17.946,-16.795,-17.946,-1.151,-1.151,6.853,6.853,-0.575,-0.575,-34.292,-34.292,29.315,29.315,-85.486,-85.486,0.0,0.0,0.0
Filosofia (Bacharelado/Licenciatura) | Darcy Ribeiro | Diurno | EP_R1_PPI | EP=True | R=R1 | GE=PPI | PCD=False | SM=1.5,421,Filosofia (Bacharelado/Licenciatura),Darcy Ribeiro,Diurno,EP_R1_PPI,2,-55.356,-37.555,-55.356,-37.555,17.801,17.801,-32.157,-32.157,17.801,17.801,-46.456,-46.456,12.587,12.587,-27.095,-27.095,0.0,0.0,0.0
Filosofia (Bacharelado/Licenciatura) | Darcy Ribeiro | Diurno | EP_R2_NPPI | EP=True | R=R2 | GE=NPPI | PCD=False | SM=1.5,422,Filosofia (Bacharelado/Licenciatura),Darcy Ribeiro,Diurno,EP_R2_NPPI,3,45.216,-68.186,45.216,-15.966,-113.402,-61.182,-250.801,-135.311,-56.701,-30.591,-19.943,19.641,58.563,31.801,-293.647,161.91,39.584,0.0,66.533
Filosofia (Bacharelado/Licenciatura) | Darcy Ribeiro | Diurno | EP_R2_PPI | EP=True | R=R2 | GE=PPI | PCD=False | SM=1.5,423,Filosofia (Bacharelado/Licenciatura),Darcy Ribeiro,Diurno,EP_R2_PPI,3,-8.586,-24.861,-8.586,-18.079,-16.275,-9.493,189.553,110.564,-8.137,-4.746,-39.923,-8.341,40.998,9.863,-102.694,-118.245,31.582,0.0,87.964
Filosofia (Bacharelado/Licenciatura) | Darcy Ribeiro | Diurno | EP_R2_PPI_PCD | EP=True | R=R2 | GE=PPI | PCD=True | SM=1.5,424,Filosofia (Bacharelado/Licenciatura),Darcy Ribeiro,Diurno,EP_R2_PPI_PCD,1,-48.451,-48.451,-48.451,-48.451,0.0,0.0,-0.0,-0.0,,,-48.451,-48.451,,,,,0.0,0.0,0.0
Filosofia (Licenciatura) | Darcy Ribeiro | Noturno | AC | EP=False | R=NA | GE=NA | PCD=False | SM=NA,425,Filosofia (Licenciatura),Darcy Ribeiro,Noturno,AC,4,-52.983,-52.159,37.478,5.216,0.824,-32.262,-1.555,-86.083,0.275,-10.754,-45.911,-0.718,10.664,35.445,-23.228,-4938.383,45.193,0.0,90.461
Filosofia (Licenciatura) | Darcy Ribeiro | Noturno | EP_R1_PPI | EP=True | R=R1 | GE=PPI | PCD=False | SM=1.5,426,Filosofia (Licenciatura),Darcy Ribeiro,Noturno,EP_R1_PPI,1,-59.768,-59.768,-59.768,-59.768,0.0,0.0,-0.0,-0.0,,,-59.768,-59.768,,,,,0.0,0.0,0.0
Filosofia (Licenciatura) | Darcy Ribeiro | Noturno | EP_R2_NPPI | EP=True | R=R2 | GE=NPPI | PCD=False | SM=1.5,427,Filosofia (Licenciatura),Darcy Ribeiro,Noturno,EP_R2_NPPI,1,-22.521,-22.521,-22.521,-22.521,0.0,0.0,-0.0,-0.0,,,-22.521,-22.521,,,,,0.0,0.0,0.0
Filosofia (Licenciatura) | Darcy Ribeiro | Noturno | EP_R2_PPI | EP=True | R=R2 | GE=PPI | PCD=False | SM=1.5,428,Filosofia (Licenciatura),Darcy Ribeiro,Noturno,EP_R2_PPI,2,-63.589,-20.759,-63.589,-20.759,42.83,42.83,-67.354,-67.354,42.83,42.83,-42.174,-42.174,30.285,30.285,-71.811,-71.811,0.0,0.0,0.0
Fisioterapia (Bacharelado) | Ceilândia | Diurno | AC | EP=False | R=NA | GE=NA | PCD=False | SM=NA,429,Fisioterapia (Bacharelado),Ceilândia,Diurno,AC,6,5.582,30.23,54.666,81.869,24.648,27.203,441.562,49.762,4.93,5.441,22.355,,13.877,,62.074,,,,
Fisioterapia (Bacharelado) | Ceilândia | Diurno | CN | EP=False | R=NA | GE=NEGROS | PCD=False | SM=NA,430,Fisioterapia (Bacharelado),Ceilândia,Diurno,CN,6,10.489,13.637,34.882,13.637,3.148,-21.245,30.012,-60.905,0.63,-4.249,6.309,10.374,12.133,16.946,192.324,163.348,4.065,0.0,24.393
Fisioterapia (Bacharelado) | Ceilândia | Diurno | EP_R1_NPPI | EP=True | R=R1 | GE=NPPI | PCD=False | SM=1.5,431,Fisioterapia (Bacharelado),Ceilândia,Diurno,EP_R1_NPPI,5,-31.032,-65.973,13.229,-65.973,-34.941,-79.202,112.597,-598.7,-8.735,-19.8,-19.844,13.303,31.605,48.271,-159.267,362.844,33.147,0.0,80.331
Fisioterapia (Bacharelado) | Ceilândia | Diurno | EP_R1_NPPIQ | EP=True | R=R1 | GE=NPPIQ | PCD=False | SM=1.0,432,Fisioterapia (Bacharelado),Ceilândia,Diurno,EP_R1_NPPIQ,1,-35.235,-35.235,-33.078,-33.078,0.0,0.0,-0.0,-0.0,,,-35.235,-33.078,,,,,2.157,2.157,2.157
Fisioterapia (Bacharelado) | Ceilândia | Diurno | EP_R1_PPI | EP=True | R=R1 | GE=PPI | PCD=False | SM=1.5,433,Fisioterapia (Bacharelado),Ceilândia,Diurno,EP_R1_PPI,4,-16.495,-29.528,13.421,-6.075,-13.033,-19.496,79.012,-145.265,-4.344,-6.499,-28.932,6.823,19.53,10.224,-67.5,149.839,35.756,16.916,72.737
Fisioterapia (Bacharelado) | Ceilândia | Diurno | EP_R1_PPIQ | EP=True | R=R1 | GE=PPIQ | PCD=False | SM=1.0,434,Fisioterapia (Bacharelado),Ceilândia,Diurno,EP_R1_PPIQ,1,-59.032,-59.032,-59.032,-59.032,0.0,0.0,-0.0,-0.0,,,-59.032,-59.032,,,,,0.0,0.0,0.0
Fisioterapia (Bacharelado) | Ceilândia | Diurno | EP_R2_NPPI | EP=True | R=R2 | GE=NPPI | PCD=False | SM=1.5,435,Fisioterapia (Bacharelado),Ceilândia,Diurno,EP_R2_NPPI,5,-1.995,-19.889,27.517,-0.296,-17.894,-27.813,896.942,-101.076,-4.474,-6.953,8.696,24.801,23.03,16.298,264.832,65.718,16.105,2.261,29.512
Fisioterapia (Bacharelado) | Ceilândia | Diurno | EP_R2_NPPIQ | EP=True | R=R2 | GE=NPPIQ | PCD=False | SM=1.0,436,Fisioterapia (Bacharelado),Ceilândia,Diurno,EP_R2_NPPIQ,1,12.991,12.991,24.746,24.746,0.0,0.0,0.0,0.0,,,12.991,24.746,,,,,11.755,11.755,11.755
Fisioterapia (Bacharelado) | Ceilândia | Diurno | EP_R2_PPI | EP=True | R=R2 | GE=PPI | PCD=False | SM=1.5,437,Fisioterapia (Bacharelado),Ceilândia,Diurno,EP_R2_PPI,5,-26.611,-79.757,40.374,-46.126,-53.146,-86.5,199.714,-214.247,-13.286,-21.625,-34.362,-0.263,33.244,35.744,-96.746,-13570.369,34.098,13.014,66.985
Fisioterapia (Bacharelado) | Ceilândia | Diurno | EP_R2_PPIQ | EP=True | R=R2 | GE=PPIQ | PCD=False | SM=1.0,438,Fisioterapia (Bacharelado),Ceilândia,Diurno,EP_R2_PPIQ,1,-59.558,-59.558,8.862,8.862,0.0,0.0,-0.0,0.0,,,-59.558,8.862,,,,,68.42,68.42,68.42
Fonoaudiologia (Bacharelado) | Ceilândia | Diurno | AC | EP=False | R=NA | GE=NA | PCD=False | SM=NA,439,Fonoaudiologia (Bacharelado),Ceilândia,Diurno,AC,6,-40.855,16.721,57.282,40.508,57.576,-16.774,-140.928,-29.283,11.515,-3.355,-5.29,36.886,23.787,25.594,-449.668,69.387,42.176,20.401,98.137
Fonoaudiologia (Bacharelado) | Ceilândia | Diurno | CN | EP=False | R=NA | GE=NEGROS | PCD=False | SM=NA,440,Fonoaudiologia (Bacharelado),Ceilândia,Diurno,CN,5,-28.93,5.402,45.132,5.402,34.332,-39.73,-118.673,-88.031,8.583,-9.932,0.941,15.754,29.59,29.435,3143.165,186.844,14.812,0.0,74.062
Fonoaudiologia (Bacharelado) | Ceilândia | Diurno | EP_R1_NPPI | EP=True | R=R1 | GE=NPPI | PCD=False | SM=1.5,441,Fonoaudiologia (Bacharelado),Ceilândia,Diurno,EP_R1_NPPI,4,-33.514,-27.261,0.916,-17.719,6.253,-18.635,-18.658,-2034.389,2.084,-6.212,-26.832,-0.812,12.878,14.916,-47.995,-1838.109,26.021,9.542,34.43
Fonoaudiologia (Bacharelado) | Ceilândia | Diurno | EP_R1_NPPIQ | EP=True | R=R1 | GE=NPPIQ | PCD=False | SM=1.0,442,Fonoaudiologia (Bacharelado),Ceilândia,Diurno,EP_R1_NPPIQ,1,-60.121,-60.121,-60.121,-60.121,0.0,0.0,-0.0,-0.0,,,-60.121,-60.121,,,,,0.0,0.0,0.0
Fonoaudiologia (Bacharelado) | Ceilândia | Diurno | EP_R1_PPI | EP=True | R=R1 | GE=PPI | PCD=False | SM=1.5,443,Fonoaudiologia (Bacharelado),Ceilândia,Diurno,EP_R1_PPI,4,-5.802,-68.611,-5.802,20.447,-62.809,26.249,1082.541,-452.413,-20.936,8.75,-31.037,-2.174,28.683,26.386,-92.417,-1213.561,28.862,0.0,89.058
Fonoaudiologia (Bacharelado) | Ceilândia | Diurno | EP_R2_NPPI | EP=True | R=R2 | GE=NPPI | PCD=False | SM=1.5,444,Fonoaudiologia (Bacharelado),Ceilândia,Diurno,EP_R2_NPPI,5,-75.822,-66.134,6.478,-37.894,9.688,-44.372,-12.777,-684.964,2.422,-11.093,-33.534,3.523,41.162,28.924,-122.746,821.098,37.057,0.0,82.3
Fonoaudiologia (Bacharelado) | Ceilândia | Diurno | EP_R2_NPPIQ | EP=True | R=R2 | GE=NPPIQ | PCD=False | SM=1.0,445,Fonoaudiologia (Bacharelado),Ceilândia,Diurno,EP_R2_NPPIQ,1,-20.384,-20.384,5.716,5.716,0.0,0.0,-0.0,0.0,,,-20.384,5.716,,,,,26.1,26.1,26.1
Fonoaudiologia (Bacharelado) | Ceilândia | Diurno | EP_R2_NPPIQ_PCD | EP=True | R=R2 | GE=NPPIQ | PCD=True | SM=1.0,446,Fonoaudiologia (Bacharelado),Ceilândia,Diurno,EP_R2_NPPIQ_PCD,1,-43.816,-43.816,-43.816,-43.816,0.0,0.0,-0.0,-0.0,,,-43.816,-43.816,,,,,0.0,0.0,0.0
Fonoaudiologia (Bacharelado) | Ceilândia | Diurno | EP_R2_PPI | EP=True | R=R2 | GE=PPI | PCD=False | SM=1.5,447,Fonoaudiologia (Bacharelado),Ceilândia,Diurno,EP_R2_PPI,4,-40.393,-49.838,-16.378,-49.838,-9.445,-33.46,23.383,204.298,-3.148,-11.153,-52.634,-12.22,12.302,30.243,-23.372,-247.497,40.414,0.0,93.208
Fonoaudiologia (Bacharelado) | Ceilândia | Diurno | EP_R2_PPIQ | EP=True | R=R2 | GE=PPIQ | PCD=False | SM=1.0,448,Fonoaudiologia (Bacharelado),Ceilândia,Diurno,EP_R2_PPIQ,1,-48.358,-48.358,-48.358,-48.358,0.0,0.0,-0.0,-0.0,,,-48.358,-48.358,,,,,0.0,0.0,0.0
Física (Bacharelado) | Darcy Ribeiro | Diurno | AC | EP=False | R=NA | GE=NA | PCD=False | SM=NA,449,Física (Bacharelado),Darcy Ribeiro,Diurno,AC,5,-49.177,14.167,91.641,97.592,63.344,5.951,-128.808,6.494,15.836,1.488,13.691,,51.249,,374.33,,,,
Física (Bacharelado) | Darcy Ribeiro | Diurno | CN | EP=False | R=NA | GE=NEGROS | PCD=False | SM=NA,450,Física (Bacharelado),Darcy Ribeiro,Diurno,CN,3,-10.52,37.136,128.902,37.136,47.656,-91.766,-453.004,-71.191,23.828,-45.883,28.92,75.394,36.041,47.746,124.624,63.329,46.474,0.0,139.422
Física (Bacharelado) | Darcy Ribeiro | Diurno | EP_R1_NPPI | EP=True | R=R1 | GE=NPPI | PCD=False | SM=1.5,451,Física (Bacharelado),Darcy Ribeiro,Diurno,EP_R1_NPPI,3,-59.265,-15.349,65.812,7.367,43.916,-58.445,-74.101,-88.806,21.958,-29.222,-31.562,38.98,24.108,29.514,-76.383,75.716,70.542,22.716,125.077
Física (Bacharelado) | Darcy Ribeiro | Diurno | EP_R1_PPI | EP=True | R=R1 | GE=PPI | PCD=False | SM=1.5,452,Física (Bacharelado),Darcy Ribeiro,Diurno,EP_R1_PPI,3,-74.73,72.767,-74.73,72.767,147.497,147.497,-197.373,-197.373,73.748,73.748,12.421,12.421,77.316,77.316,622.46,622.46,0.0,0.0,0.0
Física (Bacharelado) | Darcy Ribeiro | Diurno | EP_R2_NPPI | EP=True | R=R2 | GE=NPPI | PCD=False | SM=1.5,453,Física (Bacharelado),Darcy Ribeiro,Diurno,EP_R2_NPPI,4,-11.788,-57.411,-11.788,41.027,-45.623,52.815,387.029,-448.04,-15.208,17.605,-36.568,44.399,33.767,45.55,-92.339,102.592,80.968,0.0,172.421
Física (Bacharelado) | Darcy Ribeiro | Diurno | EP_R2_NPPIQ | EP=True | R=R2 | GE=NPPIQ | PCD=False | SM=1.0,454,Física (Bacharelado),Darcy Ribeiro,Diurno,EP_R2_NPPIQ,1,-29.298,-29.298,5.538,5.538,0.0,0.0,-0.0,0.0,,,-29.298,5.538,,,,,34.836,34.836,34.836
Física (Bacharelado) | Darcy Ribeiro | Diurno | EP_R2_PPI | EP=True | R=R2 | GE=PPI | PCD=False | SM=1.5,455,Física (Bacharelado),Darcy Ribeiro,Diurno,EP_R2_PPI,3,-45.931,-19.355,26.603,-19.355,26.576,-45.958,-57.861,-172.755,13.288,-22.979,-15.059,9.119,33.229,24.872,-220.667,272.742,24.178,0.0,72.534
Física (Bacharelado) | Darcy Ribeiro | Diurno | EP_R2_PPIQ | EP=True | R=R2 | GE=PPIQ | PCD=False | SM=1.0,456,Física (Bacharelado),Darcy Ribeiro,Diurno,EP_R2_PPIQ,1,-15.865,-15.865,-15.865,-15.865,0.0,0.0,-0.0,-0.0,,,-15.865,-15.865,,,,,0.0,0.0,0.0
Física (Licenciatura) | Darcy Ribeiro | Noturno | AC | EP=False | R=NA | GE=NA | PCD=False | SM=NA,457,Física (Licenciatura),Darcy Ribeiro,Noturno,AC,5,-14.535,-62.273,38.883,125.678,-47.738,86.795,328.435,223.221,-11.934,21.699,-33.182,92.233,55.173,47.141,-166.274,51.11,125.415,53.418,187.951
Física (Licenciatura) | Darcy Ribeiro | Noturno | CN | EP=False | R=NA | GE=NEGROS | PCD=False | SM=NA,458,Física (Licenciatura),Darcy Ribeiro,Noturno,CN,1,-46.226,-46.226,-46.226,-46.226,0.0,0.0,-0.0,-0.0,,,-46.226,-46.226,,,,,0.0,0.0,0.0
Física (Licenciatura) | Darcy Ribeiro | Noturno | EP_R1_NPPI | EP=True | R=R1 | GE=NPPI | PCD=False | SM=1.5,459,Física (Licenciatura),Darcy Ribeiro,Noturno,EP_R1_NPPI,1,-59.91,-59.91,26.842,26.842,0.0,0.0,-0.0,0.0,,,-59.91,26.842,,,,,86.752,86.752,86.752
Física (Licenciatura) | Darcy Ribeiro | Noturno | EP_R2_NPPI | EP=True | R=R2 | GE=NPPI | PCD=False | SM=1.5,460,Física (Licenciatura),Darcy Ribeiro,Noturno,EP_R2_NPPI,1,-30.161,-30.161,26.655,26.655,0.0,0.0,-0.0,0.0,,,-30.161,26.655,,,,,56.816,56.816,56.816
Geofísica (Bacharelado) | Darcy Ribeiro | Diurno | AC | EP=False | R=NA | GE=NA | PCD=False | SM=NA,461,Geofísica (Bacharelado),Darcy Ribeiro,Diurno,AC,5,-82.398,-47.993,-2.424,45.309,34.405,47.733,-41.755,-1969.183,8.601,11.933,-51.248,34.593,19.05,47.432,-37.171,137.114,85.841,56.28,143.132
Geofísica (Bacharelado) | Darcy Ribeiro | Diurno | CN | EP=False | R=NA | GE=NEGROS | PCD=False | SM=NA,462,Geofísica (Bacharelado),Darcy Ribeiro,Diurno,CN,1,-6.216,-6.216,-6.216,-6.216,0.0,0.0,-0.0,-0.0,,,-6.216,-6.216,,,,,0.0,0.0,0.0
Geofísica (Bacharelado) | Darcy Ribeiro | Diurno | EP_R1_NPPI | EP=True | R=R1 | GE=NPPI | PCD=False | SM=1.5,463,Geofísica (Bacharelado),Darcy Ribeiro,Diurno,EP_R1_NPPI,2,-40.118,-50.006,-40.118,-50.006,-9.888,-9.888,24.647,24.647,-9.888,-9.888,-45.062,-45.062,6.992,6.992,-15.516,-15.516,0.0,0.0,0.0
Geofísica (Bacharelado) | Darcy Ribeiro | Diurno | EP_R1_PPI | EP=True | R=R1 | GE=PPI | PCD=False | SM=1.5,464,Geofísica (Bacharelado),Darcy Ribeiro,Diurno,EP_R1_PPI,1,-16.259,-16.259,-16.259,-16.259,0.0,0.0,-0.0,-0.0,,,-16.259,-16.259,,,,,0.0,0.0,0.0
Geofísica (Bacharelado) | Darcy Ribeiro | Diurno | EP_R2_NPPI | EP=True | R=R2 | GE=NPPI | PCD=False | SM=1.5,465,Geofísica (Bacharelado),Darcy Ribeiro,Diurno,EP_R2_NPPI,2,-27.06,-48.561,-27.06,-48.561,-21.501,-21.501,79.457,79.457,-21.501,-21.501,-37.81,-37.81,15.204,15.204,-40.21,-40.21,0.0,0.0,0.0
Geofísica (Bacharelado) | Darcy Ribeiro | Diurno | EP_R2_PPI | EP=True | R=R2 | GE=PPI | PCD=False | SM=1.5,466,Geofísica (Bacharelado),Darcy Ribeiro,Diurno,EP_R2_PPI,1,-20.904,-20.904,-20.904,-20.904,0.0,0.0,-0.0,-0.0,,,-20.904,-20.904,,,,,0.0,0.0,0.0
Geografia (Bacharelado/Licenciatura) | Darcy Ribeiro | Diurno | AC | EP=False | R=NA | GE=NA | PCD=False | SM=NA,467,Geografia (Bacharelado/Licenciatura),Darcy Ribeiro,Diurno,AC,5,-52.004,-90.016,33.9,129.343,-38.012,95.443,73.094,281.543,-9.503,23.861,-40.624,69.768,31.281,41.369,-77.002,59.296,110.392,56.208,219.359
Geografia (Bacharelado/Licenciatura) | Darcy Ribeiro | Diurno | CN | EP=False | R=NA | GE=NEGROS | PCD=False | SM=NA,468,Geografia (Bacharelado/Licenciatura),Darcy Ribeiro,Diurno,CN,2,-51.632,-8.341,-41.47,-8.341,43.291,33.129,-83.845,-79.887,43.291,33.129,-29.986,-24.906,30.611,23.426,-102.084,-94.059,5.081,0.0,10.162
Geografia (Bacharelado/Licenciatura) | Darcy Ribeiro | Diurno | EP_R1_NPPI | EP=True | R=R1 | GE=NPPI | PCD=False | SM=1.5,469,Geografia (Bacharelado/Licenciatura),Darcy Ribeiro,Diurno,EP_R1_NPPI,4,-45.35,7.666,-45.35,7.666,53.016,53.016,-116.904,-116.904,17.672,17.672,-14.928,-9.528,29.727,26.576,-199.144,-278.939,5.4,0.0,21.6
Geografia (Bacharelado/Licenciatura) | Darcy Ribeiro | Diurno | EP_R1_PPI | EP=True | R=R1 | GE=PPI | PCD=False | SM=1.5,470,Geografia (Bacharelado/Licenciatura),Darcy Ribeiro,Diurno,EP_R1_PPI,2,-24.912,-53.491,3.902,-53.491,-28.579,-57.393,114.72,-1470.861,-28.579,-57.393,-39.201,-24.794,20.208,40.583,-51.55,-163.677,14.407,0.0,28.814
Geografia (Bacharelado/Licenciatura) | Darcy Ribeiro | Diurno | EP_R2_NPPI | EP=True | R=R2 | GE=NPPI | PCD=False | SM=1.5,471,Geografia (Bacharelado/Licenciatura),Darcy Ribeiro,Diurno,EP_R2_NPPI,3,-54.684,-8.19,-14.787,18.368,46.494,33.155,-85.023,-224.217,23.247,16.578,-23.81,7.84,26.738,19.611,-112.299,250.151,31.65,26.558,39.897
Geografia (Bacharelado/Licenciatura) | Darcy Ribeiro | Diurno | EP_R2_NPPIQ | EP=True | R=R2 | GE=NPPIQ | PCD=False | SM=1.0,472,Geografia (Bacharelado/Licenciatura),Darcy Ribeiro,Diurno,EP_R2_NPPIQ,1,-66.839,-66.839,-44.521,-44.521,0.0,0.0,-0.0,-0.0,,,-66.839,-44.521,,,,,22.318,22.318,22.318
Geografia (Bacharelado/Licenciatura) | Darcy Ribeiro | Diurno | EP_R2_PPI | EP=True | R=R2 | GE=PPI | PCD=False | SM=1.5,473,Geografia (Bacharelado/Licenciatura),Darcy Ribeiro,Diurno,EP_R2_PPI,3,-28.339,-16.387,-20.368,7.067,11.952,27.435,-42.175,-134.697,5.976,13.718,-20.451,-9.976,6.833,14.878,-33.41,-149.138,10.475,0.0,23.454
Geologia (Bacharelado) | Darcy Ribeiro | Diurno | AC | EP=False | R=NA | GE=NA | PCD=False | SM=NA,474,Geologia (Bacharelado),Darcy Ribeiro,Diurno,AC,5,-96.644,-63.489,38.599,80.103,33.155,41.504,-34.306,107.526,8.289,10.376,-67.95,72.563,17.031,21.772,-25.064,30.005,140.513,132.047,154.609
Geologia (Bacharelado) | Darcy Ribeiro | Diurno | CN | EP=False | R=NA | GE=NEGROS | PCD=False | SM=NA,475,Geologia (Bacharelado),Darcy Ribeiro,Diurno,CN,2,-33.967,-36.67,-33.967,-36.67,-2.703,-2.703,7.958,7.958,-2.703,-2.703,-35.318,-35.318,1.911,1.911,-5.412,-5.412,0.0,0.0,0.0
Geologia (Bacharelado) | Darcy Ribeiro | Diurno | EP_R1_NPPI | EP=True | R=R1 | GE=NPPI | PCD=False | SM=1.5,476,Geologia (Bacharelado),Darcy Ribeiro,Diurno,EP_R1_NPPI,1,-36.351,-36.351,-36.351,-36.351,0.0,0.0,-0.0,-0.0,,,-36.351,-36.351,,,,,0.0,0.0,0.0
Geologia (Bacharelado) | Darcy Ribeiro | Diurno | EP_R1_PPI | EP=True | R=R1 | GE=PPI | PCD=False | SM=1.5,477,Geologia (Bacharelado),Darcy Ribeiro,Diurno,EP_R1_PPI,3,-59.404,-3.498,-59.404,-3.498,55.906,55.906,-94.112,-94.112,27.953,27.953,-25.839,-25.839,29.595,29.595,-114.536,-114.536,0.0,0.0,0.0
Geologia (Bacharelado) | Darcy Ribeiro | Diurno | EP_R2_NPPI | EP=True | R=R2 | GE=NPPI | PCD=False | SM=1.5,478,Geologia (Bacharelado),Darcy Ribeiro,Diurno,EP_R2_NPPI,3,-28.409,9.264,-28.409,9.264,37.673,37.673,-132.609,-132.609,18.836,18.836,4.905,4.905,31.362,31.362,639.433,639.433,0.0,0.0,0.0
Geologia (Bacharelado) | Darcy Ribeiro | Diurno | EP_R2_PPI | EP=True | R=R2 | GE=PPI | PCD=False | SM=1.5,479,Geologia (Bacharelado),Darcy Ribeiro,Diurno,EP_R2_PPI,1,-34.358,-34.358,-10.741,-10.741,0.0,0.0,-0.0,-0.0,,,-34.358,-10.741,,,,,23.617,23.617,23.617
Gestão Ambiental (Bacharelado) | Planaltina | Noturno | AC | EP=False | R=NA | GE=NA | PCD=False | SM=NA,480,Gestão Ambiental (Bacharelado),Planaltina,Noturno,AC,2,-62.155,-46.76,-62.155,31.975,15.395,94.13,-24.769,-151.444,15.395,94.13,-54.457,-15.09,10.886,66.56,-19.99,-441.087,39.368,0.0,78.735
Gestão Ambiental (Bacharelado) | Planaltina | Noturno | EP_R2_NPPI | EP=True | R=R2 | GE=NPPI | PCD=False | SM=1.5,481,Gestão Ambiental (Bacharelado),Planaltina,Noturno,EP_R2_NPPI,2,-73.509,-10.728,39.118,-10.728,62.781,-49.846,-85.406,-127.425,62.781,-49.846,-42.118,14.195,44.393,35.246,-105.4,248.302,56.314,0.0,112.627
Gestão Ambiental (Bacharelado) | Planaltina | Noturno | EP_R2_PPI | EP=True | R=R2 | GE=PPI | PCD=False | SM=1.5,482,Gestão Ambiental (Bacharelado),Planaltina,Noturno,EP_R2_PPI,1,-34.138,-34.138,-34.138,-34.138,0.0,0.0,-0.0,-0.0,,,-34.138,-34.138,,,,,0.0,0.0,0.0
Gestão de Agronegócio (Bacharelado) | Darcy Ribeiro | Noturno | AC | EP=False | R=NA | GE=NA | PCD=False | SM=NA,483,Gestão de Agronegócio (Bacharelado),Darcy Ribeiro,Noturno,AC,5,-93.752,-46.176,-40.181,16.69,47.576,56.871,-50.747,-141.537,11.894,14.218,-69.012,-12.004,19.339,24.85,-28.023,-207.021,57.008,40.473,72.217
Gestão de Agronegócio (Bacharelado) | Darcy Ribeiro | Noturno | CN | EP=False | R=NA | GE=NEGROS | PCD=False | SM=NA,484,Gestão de Agronegócio (Bacharelado),Darcy Ribeiro,Noturno,CN,2,-25.521,-12.02,-25.521,-12.02,13.501,13.501,-52.902,-52.902,13.501,13.501,-18.77,-18.77,9.547,9.547,-50.86,-50.86,0.0,0.0,0.0
Gestão de Agronegócio (Bacharelado) | Darcy Ribeiro | Noturno | EP_R1_NPPI | EP=True | R=R1 | GE=NPPI | PCD=False | SM=1.5,485,Gestão de Agronegócio (Bacharelado),Darcy Ribeiro,Noturno,EP_R1_NPPI,1,-32.966,-32.966,-32.966,-32.966,0.0,0.0,-0.0,-0.0,,,-32.966,-32.966,,,,,0.0,0.0,0.0
Gestão de Agronegócio (Bacharelado) | Darcy Ribeiro | Noturno | EP_R1_PPI | EP=True | R=R1 | GE=PPI | PCD=False | SM=1.5,486,Gestão de Agronegócio (Bacharelado),Darcy Ribeiro,Noturno,EP_R1_PPI,1,-57.616,-57.616,-57.616,-57.616,0.0,0.0,-0.0,-0.0,,,-57.616,-57.616,,,,,0.0,0.0,0.0
Gestão de Agronegócio (Bacharelado) | Darcy Ribeiro | Noturno | EP_R2_NPPI | EP=True | R=R2 | GE=NPPI | PCD=False | SM=1.5,487,Gestão de Agronegócio (Bacharelado),Darcy Ribeiro,Noturno,EP_R2_NPPI,2,-71.314,-48.114,-1.139,-48.114,23.2,-46.975,-32.532,4124.232,23.2,-46.975,-59.714,-24.626,16.405,33.216,-27.472,-134.88,35.088,0.0,70.175
Gestão de Agronegócio (Bacharelado) | Darcy Ribeiro | Noturno | EP_R2_PPI | EP=True | R=R2 | GE=PPI | PCD=False | SM=1.5,488,Gestão de Agronegócio (Bacharelado),Darcy Ribeiro,Noturno,EP_R2_PPI,1,-44.795,-44.795,-33.635,-33.635,0.0,0.0,-0.0,-0.0,,,-44.795,-33.635,,,,,11.16,11.16,11.16
Gestão de Políticas Públicas (Bacharelado) | Darcy Ribeiro | Noturno | AC | EP=False | R=NA | GE=NA | PCD=False | SM=NA,489,Gestão de Políticas Públicas (Bacharelado),Darcy Ribeiro,Noturno,AC,5,-72.389,-2.832,73.386,64.854,69.557,-8.532,-96.088,-11.626,17.389,-2.133,-42.388,64.12,30.085,19.077,-70.975,29.752,106.508,67.686,145.775
Gestão de Políticas Públicas (Bacharelado) | Darcy Ribeiro | Noturno | CN | EP=False | R=NA | GE=NEGROS | PCD=False | SM=NA,490,Gestão de Políticas Públicas (Bacharelado),Darcy Ribeiro,Noturno,CN,5,-20.13,-10.584,24.96,-10.584,9.546,-35.544,-47.422,-142.404,2.386,-8.886,-22.165,-13.147,26.895,34.29,-121.336,-260.815,9.018,0.0,45.09
Gestão de Políticas Públicas (Bacharelado) | Darcy Ribeiro | Noturno | EP_R1_NPPI | EP=True | R=R1 | GE=NPPI | PCD=False | SM=1.5,491,Gestão de Políticas Públicas (Bacharelado),Darcy Ribeiro,Noturno,EP_R1_NPPI,4,-12.548,-58.902,-12.548,-41.161,-46.354,-28.613,369.413,228.028,-15.451,-9.538,-51.805,-47.37,34.52,34.443,-66.633,-72.711,4.435,0.0,17.741
Gestão de Políticas Públicas (Bacharelado) | Darcy Ribeiro | Noturno | EP_R1_NPPIQ | EP=True | R=R1 | GE=NPPIQ | PCD=False | SM=1.0,492,Gestão de Políticas Públicas (Bacharelado),Darcy Ribeiro,Noturno,EP_R1_NPPIQ,1,-34.132,-34.132,-29.67,-29.67,0.0,0.0,-0.0,-0.0,,,-34.132,-29.67,,,,,4.462,4.462,4.462
Gestão de Políticas Públicas (Bacharelado) | Darcy Ribeiro | Noturno | EP_R1_PPI | EP=True | R=R1 | GE=PPI | PCD=False | SM=1.5,493,Gestão de Políticas Públicas (Bacharelado),Darcy Ribeiro,Noturno,EP_R1_PPI,4,-95.963,-41.061,-57.354,-34.96,54.902,22.394,-57.212,-39.045,18.301,7.465,-62.333,-31.971,25.21,29.109,-40.444,-91.047,30.362,0.0,76.738
Gestão de Políticas Públicas (Bacharelado) | Darcy Ribeiro | Noturno | EP_R2_NPPI | EP=True | R=R2 | GE=NPPI | PCD=False | SM=1.5,494,Gestão de Políticas Públicas (Bacharelado),Darcy Ribeiro,Noturno,EP_R2_NPPI,4,-43.785,-64.37,-6.373,20.875,-20.585,27.248,47.014,-427.554,-6.862,9.083,-53.949,-0.897,24.198,14.698,-44.854,-1638.588,53.052,19.363,85.245
Gestão de Políticas Públicas (Bacharelado) | Darcy Ribeiro | Noturno | EP_R2_NPPIQ | EP=True | R=R2 | GE=NPPIQ | PCD=False | SM=1.0,495,Gestão de Políticas Públicas (Bacharelado),Darcy Ribeiro,Noturno,EP_R2_NPPIQ,1,-39.713,-39.713,-11.757,-11.757,0.0,0.0,-0.0,-0.0,,,-39.713,-11.757,,,,,27.956,27.956,27.956
Gestão de Políticas Públicas (Bacharelado) | Darcy Ribeiro | Noturno | EP_R2_PPI | EP=True | R=R2 | GE=PPI | PCD=False | SM=1.5,496,Gestão de Políticas Públicas (Bacharelado),Darcy Ribeiro,Noturno,EP_R2_PPI,3,-60.85,-36.205,-6.58,-36.205,24.645,-29.625,-40.501,450.228,12.323,-14.812,-54.392,-14.489,15.969,19.037,-29.359,-131.391,39.903,0.0,65.439
Gestão de Políticas Públicas (Bacharelado) | Darcy Ribeiro | Noturno | EP_R2_PPIQ | EP=True | R=R2 | GE=PPIQ | PCD=False | SM=1.0,497,Gestão de Políticas Públicas (Bacharelado),Darcy Ribeiro,Noturno,EP_R2_PPIQ,1,-50.028,-50.028,-41.002,-41.002,0.0,0.0,-0.0,-0.0,,,-50.028,-41.002,,,,,9.026,9.026,9.026
Gestão do Agronegócio (Bacharelado) | Planaltina | Diurno | AC | EP=False | R=NA | GE=NA | PCD=False | SM=NA,498,Gestão do Agronegócio (Bacharelado),Planaltina,Diurno,AC,5,-80.136,-82.791,-49.865,-28.816,-2.655,21.049,3.313,-42.212,-0.664,5.262,-78.812,-37.787,14.517,30.21,-18.42,-79.946,41.024,0.0,101.255
Gestão do Agronegócio (Bacharelado) | Planaltina | Diurno | CN | EP=False | R=NA | GE=NEGROS | PCD=False | SM=NA,499,Gestão do Agronegócio (Bacharelado),Planaltina,Diurno,CN,1,-45.106,-45.106,-45.106,-45.106,0.0,0.0,-0.0,-0.0,,,-45.106,-45.106,,,,,0.0,0.0,0.0
Gestão do Agronegócio (Bacharelado) | Planaltina | Diurno | EP_R2_NPPI | EP=True | R=R2 | GE=NPPI | PCD=False | SM=1.5,500,Gestão do Agronegócio (Bacharelado),Planaltina,Diurno,EP_R2_NPPI,1,-54.109,-54.109,-22.499,-22.499,0.0,0.0,-0.0,-0.0,,,-54.109,-22.499,,,,,31.61,31.61,31.61
História (Bacharelado/Licenciatura) | Darcy Ribeiro | Diurno | AC | EP=False | R=NA | GE=NA | PCD=False | SM=NA,501,História (Bacharelado/Licenciatura),Darcy Ribeiro,Diurno,AC,6,4.468,47.472,99.466,96.499,43.004,-2.967,962.489,-2.983,8.601,-0.593,27.598,,23.611,,85.556,,,,
História (Bacharelado/Licenciatura) | Darcy Ribeiro | Diurno | CN | EP=False | R=NA | GE=NEGROS | PCD=False | SM=NA,502,História (Bacharelado/Licenciatura),Darcy Ribeiro,Diurno,CN,6,25.571,-27.232,48.115,-27.232,-52.803,-75.347,-206.496,-156.598,-10.561,-15.069,-6.744,-2.987,26.521,32.855,-393.252,-1100.065,3.757,0.0,22.544
História (Bacharelado/Licenciatura) | Darcy Ribeiro | Diurno | EP_R1_NPPI | EP=True | R=R1 | GE=NPPI | PCD=False | SM=1.5,503,História (Bacharelado/Licenciatura),Darcy Ribeiro,Diurno,EP_R1_NPPI,4,-8.107,19.371,18.517,52.742,27.478,34.225,-338.942,184.83,9.159,11.408,3.342,30.526,14.427,27.223,431.617,89.18,27.184,7.308,41.432
História (Bacharelado/Licenciatura) | Darcy Ribeiro | Diurno | EP_R1_NPPIQ | EP=True | R=R1 | GE=NPPIQ | PCD=False | SM=1.0,504,História (Bacharelado/Licenciatura),Darcy Ribeiro,Diurno,EP_R1_NPPIQ,1,-17.032,-17.032,14.503,14.503,0.0,0.0,-0.0,0.0,,,-17.032,14.503,,,,,31.535,31.535,31.535
História (Bacharelado/Licenciatura) | Darcy Ribeiro | Diurno | EP_R1_PPI | EP=True | R=R1 | GE=PPI | PCD=False | SM=1.5,505,História (Bacharelado/Licenciatura),Darcy Ribeiro,Diurno,EP_R1_PPI,4,5.759,-24.22,24.413,10.211,-29.979,-14.202,-520.559,-58.174,-9.993,-4.734,-9.205,22.036,12.363,12.26,-134.309,55.636,31.241,18.654,45.218
História (Bacharelado/Licenciatura) | Darcy Ribeiro | Diurno | EP_R2_NPPI | EP=True | R=R2 | GE=NPPI | PCD=False | SM=1.5,506,História (Bacharelado/Licenciatura),Darcy Ribeiro,Diurno,EP_R2_NPPI,5,6.108,-54.201,45.889,-12.401,-60.309,-58.29,-987.377,-127.024,-15.077,-14.573,5.641,26.888,34.788,23.434,616.729,87.156,21.247,0.27,41.8
História (Bacharelado/Licenciatura) | Darcy Ribeiro | Diurno | EP_R2_NPPIQ | EP=True | R=R2 | GE=NPPIQ | PCD=False | SM=1.0,507,História (Bacharelado/Licenciatura),Darcy Ribeiro,Diurno,EP_R2_NPPIQ,1,21.418,21.418,21.418,21.418,0.0,0.0,0.0,0.0,,,21.418,21.418,,,,,0.0,0.0,0.0
História (Bacharelado/Licenciatura) | Darcy Ribeiro | Diurno | EP_R2_NPPIQ_PCD | EP=True | R=R2 | GE=NPPIQ | PCD=True | SM=1.0,508,História (Bacharelado/Licenciatura),Darcy Ribeiro,Diurno,EP_R2_NPPIQ_PCD,1,-4.958,-4.958,-4.958,-4.958,0.0,0.0,-0.0,-0.0,,,-4.958,-4.958,,,,,0.0,0.0,0.0
História (Bacharelado/Licenciatura) | Darcy Ribeiro | Diurno | EP_R2_PPI | EP=True | R=R2 | GE=PPI | PCD=False | SM=1.5,509,História (Bacharelado/Licenciatura),Darcy Ribeiro,Diurno,EP_R2_PPI,4,-17.943,-41.891,11.17,-6.303,-23.948,-17.473,133.467,-156.428,-7.983,-5.824,-23.495,8.301,19.136,26.821,-81.448,323.108,31.796,18.665,43.817
História (Bacharelado/Licenciatura) | Darcy Ribeiro | Diurno | EP_R2_PPIQ | EP=True | R=R2 | GE=PPIQ | PCD=False | SM=1.0,510,História (Bacharelado/Licenciatura),Darcy Ribeiro,Diurno,EP_R2_PPIQ,1,-31.06,-31.06,16.426,16.426,0.0,0.0,-0.0,0.0,,,-31.06,16.426,,,,,47.486,47.486,47.486
História (Bacharelado/Licenciatura) | Darcy Ribeiro | Diurno | EP_R2_PPIQ_PCD | EP=True | R=R2 | GE=PPIQ | PCD=True | SM=1.0,511,História (Bacharelado/Licenciatura),Darcy Ribeiro,Diurno,EP_R2_PPIQ_PCD,1,-30.955,-30.955,-30.955,-30.955,0.0,0.0,-0.0,-0.0,,,-30.955,-30.955,,,,,0.0,0.0,0.0
História (Licenciatura) | Darcy Ribeiro | Noturno | AC | EP=False | R=NA | GE=NA | PCD=False | SM=NA,512,História (Licenciatura),Darcy Ribeiro,Noturno,AC,5,-56.349,-85.388,60.754,45.426,-29.039,-15.328,51.534,-25.23,-7.26,-3.832,-63.348,40.391,17.315,21.451,-27.334,53.107,103.74,62.873,130.814
História (Licenciatura) | Darcy Ribeiro | Noturno | CN | EP=False | R=NA | GE=NEGROS | PCD=False | SM=NA,513,História (Licenciatura),Darcy Ribeiro,Noturno,CN,3,-59.895,-27.164,-59.895,-27.164,32.731,32.731,-54.647,-54.647,16.366,16.366,-20.668,-20.668,42.846,42.846,-207.306,-207.306,0.0,0.0,0.0
História (Licenciatura) | Darcy Ribeiro | Noturno | EP_R1_NPPI | EP=True | R=R1 | GE=NPPI | PCD=False | SM=1.5,514,História (Licenciatura),Darcy Ribeiro,Noturno,EP_R1_NPPI,4,-66.834,-47.859,-66.834,4.551,18.975,71.385,-28.391,-106.809,6.325,23.795,-30.764,-17.554,33.514,34.823,-108.941,-198.378,13.21,0.0,52.41
História (Licenciatura) | Darcy Ribeiro | Noturno | EP_R1_PPI | EP=True | R=R1 | GE=PPI | PCD=False | SM=1.5,515,História (Licenciatura),Darcy Ribeiro,Noturno,EP_R1_PPI,4,-48.659,-17.725,-25.066,-17.725,30.934,7.341,-63.573,-29.287,10.311,2.447,-29.612,-13.35,19.21,32.307,-64.87,-241.992,16.262,0.0,41.456
História (Licenciatura) | Darcy Ribeiro | Noturno | EP_R2_NPPI | EP=True | R=R2 | GE=NPPI | PCD=False | SM=1.5,516,História (Licenciatura),Darcy Ribeiro,Noturno,EP_R2_NPPI,3,-68.468,-25.475,42.212,-17.183,42.993,-59.395,-62.793,-140.706,21.496,-29.698,-34.291,8.687,30.732,30.429,-89.62,350.291,42.978,8.292,110.68
História (Licenciatura) | Darcy Ribeiro | Noturno | EP_R2_NPPIQ | EP=True | R=R2 | GE=NPPIQ | PCD=False | SM=1.0,517,História (Licenciatura),Darcy Ribeiro,Noturno,EP_R2_NPPIQ,1,-61.207,-61.207,-26.631,-26.631,0.0,0.0,-0.0,-0.0,,,-61.207,-26.631,,,,,34.576,34.576,34.576
História (Licenciatura) | Darcy Ribeiro | Noturno | EP_R2_PPI | EP=True | R=R2 | GE=PPI | PCD=False | SM=1.5,518,História (Licenciatura),Darcy Ribeiro,Noturno,EP_R2_PPI,3,-61.065,-24.296,15.096,-9.636,36.769,-24.732,-60.213,-163.831,18.384,-12.366,-39.972,18.701,18.973,30.301,-47.466,162.027,58.674,14.66,85.2
Japonês (Licenciatura) | Darcy Ribeiro | Noturno | AC | EP=False | R=NA | GE=NA | PCD=False | SM=NA,519,Japonês (Licenciatura),Darcy Ribeiro,Noturno,AC,5,-60.848,-83.555,-60.848,-45.663,-22.707,15.185,37.318,-24.956,-5.677,3.796,-53.077,-16.442,29.127,34.723,-54.877,-211.18,36.634,0.0,81.733
Japonês (Licenciatura) | Darcy Ribeiro | Noturno | CN | EP=False | R=NA | GE=NEGROS | PCD=False | SM=NA,520,Japonês (Licenciatura),Darcy Ribeiro,Noturno,CN,2,-70.486,-59.483,-70.486,-59.483,11.003,11.003,-15.61,-15.61,11.003,11.003,-64.984,-64.984,7.78,7.78,-11.973,-11.973,0.0,0.0,0.0
Japonês (Licenciatura) | Darcy Ribeiro | Noturno | EP_R2_NPPI | EP=True | R=R2 | GE=NPPI | PCD=False | SM=1.5,521,Japonês (Licenciatura),Darcy Ribeiro,Noturno,EP_R2_NPPI,3,2.278,-18.525,2.278,-18.525,-20.803,-20.803,-913.213,-913.213,-10.401,-10.401,-11.974,-11.974,12.356,12.356,-103.19,-103.19,0.0,0.0,0.0
Japonês (Licenciatura) | Darcy Ribeiro | Noturno | EP_R2_PPI_PCD | EP=True | R=R2 | GE=PPI | PCD=True | SM=1.5,522,Japonês (Licenciatura),Darcy Ribeiro,Noturno,EP_R2_PPI_PCD,1,5.9,5.9,5.9,5.9,0.0,0.0,0.0,0.0,,,5.9,5.9,,,,,0.0,0.0,0.0
Jornalismo (Bacharelado) | Darcy Ribeiro | Diurno | AC | EP=False | R=NA | GE=NA | PCD=False | SM=NA,523,Jornalismo (Bacharelado),Darcy Ribeiro,Diurno,AC,6,81.255,85.895,115.406,103.7,4.64,-11.706,5.71,-10.143,0.928,-2.341,83.043,,8.5,,10.236,,,,
Jornalismo (Bacharelado) | Darcy Ribeiro | Diurno | CN | EP=False | R=NA | GE=NEGROS | PCD=False | SM=NA,524,Jornalismo (Bacharelado),Darcy Ribeiro,Diurno,CN,6,14.706,52.71,26.97,52.71,38.004,25.74,258.425,95.439,7.601,5.148,37.246,39.29,29.073,27.563,78.056,70.153,2.044,0.0,12.264
Jornalismo (Bacharelado) | Darcy Ribeiro | Diurno | EP_R1_NPPI | EP=True | R=R1 | GE=NPPI | PCD=False | SM=1.5,525,Jornalismo (Bacharelado),Darcy Ribeiro,Diurno,EP_R1_NPPI,5,-9.001,-11.956,-8.705,-11.956,-2.955,-3.251,32.83,37.346,-0.739,-0.813,6.224,6.283,21.053,21.0,338.254,334.221,0.059,0.0,0.296
Jornalismo (Bacharelado) | Darcy Ribeiro | Diurno | EP_R1_NPPIQ | EP=True | R=R1 | GE=NPPIQ | PCD=False | SM=1.0,526,Jornalismo (Bacharelado),Darcy Ribeiro,Diurno,EP_R1_NPPIQ,1,-37.174,-37.174,-31.769,-31.769,0.0,0.0,-0.0,-0.0,,,-37.174,-31.769,,,,,5.405,5.405,5.405
Jornalismo (Bacharelado) | Darcy Ribeiro | Diurno | EP_R1_PPI | EP=True | R=R1 | GE=PPI | PCD=False | SM=1.5,527,Jornalismo (Bacharelado),Darcy Ribeiro,Diurno,EP_R1_PPI,4,-45.399,18.926,-22.287,19.95,64.325,42.237,-141.688,-189.514,21.442,14.079,-14.316,-2.483,31.227,19.729,-218.119,-794.654,11.834,1.024,23.112
Jornalismo (Bacharelado) | Darcy Ribeiro | Diurno | EP_R2_NPPI | EP=True | R=R2 | GE=NPPI | PCD=False | SM=1.5,528,Jornalismo (Bacharelado),Darcy Ribeiro,Diurno,EP_R2_NPPI,5,7.89,16.995,26.716,16.995,9.105,-9.721,115.399,-36.386,2.276,-2.43,36.54,40.305,29.315,25.702,80.228,63.768,3.765,0.0,18.826
Jornalismo (Bacharelado) | Darcy Ribeiro | Diurno | EP_R2_NPPIQ | EP=True | R=R2 | GE=NPPIQ | PCD=False | SM=1.0,529,Jornalismo (Bacharelado),Darcy Ribeiro,Diurno,EP_R2_NPPIQ,1,41.607,41.607,41.607,41.607,0.0,0.0,0.0,0.0,,,41.607,41.607,,,,,0.0,0.0,0.0
Jornalismo (Bacharelado) | Darcy Ribeiro | Diurno | EP_R2_PPI | EP=True | R=R2 | GE=PPI | PCD=False | SM=1.5,530,Jornalismo (Bacharelado),Darcy Ribeiro,Diurno,EP_R2_PPI,5,-5.212,-53.574,13.931,-0.525,-48.362,-14.456,927.897,-103.769,-12.09,-3.614,-8.816,21.245,28.565,21.437,-323.996,100.903,30.061,17.907,53.049
Jornalismo (Bacharelado) | Darcy Ribeiro | Diurno | EP_R2_PPIQ | EP=True | R=R2 | GE=PPIQ | PCD=False | SM=1.0,531,Jornalismo (Bacharelado),Darcy Ribeiro,Diurno,EP_R2_PPIQ,1,-49.264,-49.264,20.148,20.148,0.0,0.0,-0.0,0.0,,,-49.264,20.148,,,,,69.412,69.412,69.412
Letras - Espanhol (Licenciatura) | Darcy Ribeiro | Noturno | AC | EP=False | R=NA | GE=NA | PCD=False | SM=NA,532,Letras - Espanhol (Licenciatura),Darcy Ribeiro,Noturno,AC,5,-55.012,-79.029,-5.413,-60.693,-24.017,-55.28,43.658,1021.245,-6.004,-13.82,-70.106,-18.7,20.511,27.8,-29.257,-148.661,51.406,18.336,112.461
Letras - Espanhol (Licenciatura) | Darcy Ribeiro | Noturno | EP_R1_NPPI | EP=True | R=R1 | GE=NPPI | PCD=False | SM=1.5,533,Letras - Espanhol (Licenciatura),Darcy Ribeiro,Noturno,EP_R1_NPPI,1,-27.424,-27.424,-27.424,-27.424,0.0,0.0,-0.0,-0.0,,,-27.424,-27.424,,,,,0.0,0.0,0.0
Letras - Espanhol (Licenciatura) | Darcy Ribeiro | Noturno | EP_R1_PPI | EP=True | R=R1 | GE=PPI | PCD=False | SM=1.5,534,Letras - Espanhol (Licenciatura),Darcy Ribeiro,Noturno,EP_R1_PPI,2,-44.303,-54.875,-44.303,-36.401,-10.572,7.902,23.863,-17.836,-10.572,7.902,-49.589,-40.352,7.476,5.588,-15.075,-13.847,9.237,0.0,18.474
Letras - Espanhol (Licenciatura) | Darcy Ribeiro | Noturno | EP_R2_NPPI | EP=True | R=R2 | GE=NPPI | PCD=False | SM=1.5,535,Letras - Espanhol (Licenciatura),Darcy Ribeiro,Noturno,EP_R2_NPPI,2,-41.243,-47.192,-37.835,21.384,-5.949,59.219,14.424,-156.519,-5.949,59.219,-44.218,-8.226,4.207,41.874,-9.513,-509.077,35.992,3.408,68.576
Letras - Espanhol (Licenciatura) | Darcy Ribeiro | Noturno | EP_R2_PPI | EP=True | R=R2 | GE=PPI | PCD=False | SM=1.5,536,Letras - Espanhol (Licenciatura),Darcy Ribeiro,Noturno,EP_R2_PPI,3,-45.262,-14.494,-45.262,-14.494,30.768,30.768,-67.978,-67.978,15.384,15.384,-32.78,-32.78,16.184,16.184,-49.373,-49.373,0.0,0.0,0.0
Letras - Francês (Bacharelado/Licenciatura) | Darcy Ribeiro | Diurno | AC | EP=False | R=NA | GE=NA | PCD=False | SM=NA,537,Letras - Francês (Bacharelado/Licenciatura),Darcy Ribeiro,Diurno,AC,4,-55.891,-87.339,5.252,-26.043,-31.448,-31.295,56.267,-595.868,-10.483,-10.432,-62.638,0.875,18.113,22.537,-28.917,2577.08,63.512,58.739,72.872
Letras - Francês (Bacharelado/Licenciatura) | Darcy Ribeiro | Diurno | CN | EP=False | R=NA | GE=NEGROS | PCD=False | SM=NA,538,Letras - Francês (Bacharelado/Licenciatura),Darcy Ribeiro,Diurno,CN,1,-84.371,-84.371,-84.371,-84.371,0.0,0.0,-0.0,-0.0,,,-84.371,-84.371,,,,,0.0,0.0,0.0
Letras - Francês (Bacharelado/Licenciatura) | Darcy Ribeiro | Diurno | EP_R1_NPPI | EP=True | R=R1 | GE=NPPI | PCD=False | SM=1.5,539,Letras - Francês (Bacharelado/Licenciatura),Darcy Ribeiro,Diurno,EP_R1_NPPI,2,-2.644,-48.692,-2.644,0.205,-46.048,2.849,1741.604,-107.753,-46.048,2.849,-25.668,-1.22,32.561,2.015,-126.854,-165.195,24.448,0.0,48.897
Letras - Francês (Bacharelado/Licenciatura) | Darcy Ribeiro | Diurno | EP_R2_NPPI | EP=True | R=R2 | GE=NPPI | PCD=False | SM=1.5,540,Letras - Francês (Bacharelado/Licenciatura),Darcy Ribeiro,Diurno,EP_R2_NPPI,3,-20.18,-33.805,-20.18,-33.805,-13.625,-13.625,67.517,67.517,-6.812,-6.812,-32.545,-32.545,11.785,11.785,-36.212,-36.212,0.0,0.0,0.0
Letras - Francês (Bacharelado/Licenciatura) | Darcy Ribeiro | Diurno | EP_R2_PPI | EP=True | R=R2 | GE=PPI | PCD=False | SM=1.5,541,Letras - Francês (Bacharelado/Licenciatura),Darcy Ribeiro,Diurno,EP_R2_PPI,3,-20.959,-80.307,-20.877,-20.312,-59.348,0.565,283.162,-2.706,-29.674,0.282,-49.995,-16.699,29.695,6.753,-59.396,-40.44,33.296,0.082,59.995
Letras - Inglês (Bacharelado/Licenciatura) | Darcy Ribeiro | Diurno | AC | EP=False | R=NA | GE=NA | PCD=False | SM=NA,542,Letras - Inglês (Bacharelado/Licenciatura),Darcy Ribeiro,Diurno,AC,6,-10.253,15.306,20.671,83.036,25.559,62.365,-249.283,301.703,5.112,12.473,12.801,48.583,20.965,30.58,163.77,62.945,35.782,18.099,67.73
Letras - Inglês (Bacharelado/Licenciatura) | Darcy Ribeiro | Diurno | CN | EP=False | R=NA | GE=NEGROS | PCD=False | SM=NA,543,Letras - Inglês (Bacharelado/Licenciatura),Darcy Ribeiro,Diurno,CN,4,-52.719,-17.014,-40.613,-17.014,35.705,23.599,-67.727,-58.107,11.902,7.866,-17.16,-14.134,32.977,28.933,-192.166,-204.705,3.027,0.0,12.106
Letras - Inglês (Bacharelado/Licenciatura) | Darcy Ribeiro | Diurno | EP_R1_NPPI | EP=True | R=R1 | GE=NPPI | PCD=False | SM=1.5,544,Letras - Inglês (Bacharelado/Licenciatura),Darcy Ribeiro,Diurno,EP_R1_NPPI,5,-17.712,-26.435,25.713,-26.435,-8.723,-52.148,49.249,-202.808,-2.181,-13.037,-13.272,-4.587,9.217,19.123,-69.443,-416.879,8.685,0.0,43.425
Letras - Inglês (Bacharelado/Licenciatura) | Darcy Ribeiro | Diurno | EP_R1_PPI | EP=True | R=R1 | GE=PPI | PCD=False | SM=1.5,545,Letras - Inglês (Bacharelado/Licenciatura),Darcy Ribeiro,Diurno,EP_R1_PPI,4,6.406,-18.631,6.406,-17.678,-25.037,-24.084,-390.837,-375.96,-8.346,-8.028,-21.213,-12.003,20.741,21.185,-97.773,-176.496,9.21,0.0,33.388
Letras - Inglês (Bacharelado/Licenciatura) | Darcy Ribeiro | Diurno | EP_R2_NPPI | EP=True | R=R2 | GE=NPPI | PCD=False | SM=1.5,546,Letras - Inglês (Bacharelado/Licenciatura),Darcy Ribeiro,Diurno,EP_R2_NPPI,5,14.039,-40.908,21.415,-19.451,-54.947,-40.866,-391.388,-190.829,-13.737,-10.216,6.931,14.494,28.962,20.287,417.85,139.966,7.563,0.0,21.457
Letras - Inglês (Bacharelado/Licenciatura) | Darcy Ribeiro | Diurno | EP_R2_NPPIQ | EP=True | R=R2 | GE=NPPIQ | PCD=False | SM=1.0,547,Letras - Inglês (Bacharelado/Licenciatura),Darcy Ribeiro,Diurno,EP_R2_NPPIQ,1,-14.226,-14.226,12.035,12.035,0.0,0.0,-0.0,0.0,,,-14.226,12.035,,,,,26.261,26.261,26.261
Letras - Inglês (Bacharelado/Licenciatura) | Darcy Ribeiro | Diurno | EP_R2_PPI | EP=True | R=R2 | GE=PPI | PCD=False | SM=1.5,548,Letras - Inglês (Bacharelado/Licenciatura),Darcy Ribeiro,Diurno,EP_R2_PPI,4,-63.889,-77.785,-9.992,-77.785,-13.896,-67.793,21.75,678.473,-4.632,-22.598,-33.727,-6.546,43.243,52.304,-128.213,-799.026,27.181,0.0,53.897
Letras - Inglês (Bacharelado/Licenciatura) | Darcy Ribeiro | Diurno | EP_R2_PPIQ | EP=True | R=R2 | GE=PPIQ | PCD=False | SM=1.0,549,Letras - Inglês (Bacharelado/Licenciatura),Darcy Ribeiro,Diurno,EP_R2_PPIQ,1,-34.486,-34.486,-34.486,-34.486,0.0,0.0,-0.0,-0.0,,,-34.486,-34.486,,,,,0.0,0.0,0.0
Letras - Português (Bacharelado/Licenciatura) | Darcy Ribeiro | Diurno | AC | EP=False | R=NA | GE=NA | PCD=False | SM=NA,550,Letras - Português (Bacharelado/Licenciatura),Darcy Ribeiro,Diurno,AC,6,-25.6,46.683,59.203,88.696,72.283,29.493,-282.355,49.817,14.457,5.899,20.908,55.983,35.578,32.87,170.163,58.714,35.075,11.599,84.803
Letras - Português (Bacharelado/Licenciatura) | Darcy Ribeiro | Diurno | CN | EP=False | R=NA | GE=NEGROS | PCD=False | SM=NA,551,Letras - Português (Bacharelado/Licenciatura),Darcy Ribeiro,Diurno,CN,6,-46.766,30.129,-21.415,30.129,76.895,51.544,-164.425,-240.691,15.379,10.309,-4.554,-0.329,40.096,35.872,-880.397,-10897.712,4.225,0.0,25.351
Letras - Português (Bacharelado/Licenciatura) | Darcy Ribeiro | Diurno | EP_R1_NPPI | EP=True | R=R1 | GE=NPPI | PCD=False | SM=1.5,552,Letras - Português (Bacharelado/Licenciatura),Darcy Ribeiro,Diurno,EP_R1_NPPI,5,-16.876,-26.314,-16.876,-26.314,-9.438,-9.438,55.926,55.926,-2.359,-2.359,-2.272,7.057,26.686,28.702,-1174.352,406.735,9.329,0.0,46.646
Letras - Português (Bacharelado/Licenciatura) | Darcy Ribeiro | Diurno | EP_R1_NPPIQ | EP=True | R=R1 | GE=NPPIQ | PCD=False | SM=1.0,553,Letras - Português (Bacharelado/Licenciatura),Darcy Ribeiro,Diurno,EP_R1_NPPIQ,1,-21.143,-21.143,-21.143,-21.143,0.0,0.0,-0.0,-0.0,,,-21.143,-21.143,,,,,0.0,0.0,0.0
Letras - Português (Bacharelado/Licenciatura) | Darcy Ribeiro | Diurno | EP_R1_PPI | EP=True | R=R1 | GE=PPI | PCD=False | SM=1.5,554,Letras - Português (Bacharelado/Licenciatura),Darcy Ribeiro,Diurno,EP_R1_PPI,4,-39.486,-21.582,-31.425,1.737,17.904,33.162,-45.343,-105.527,5.968,11.054,-18.73,-1.776,15.684,23.698,-83.741,-1334.73,16.954,0.0,36.436
Letras - Português (Bacharelado/Licenciatura) | Darcy Ribeiro | Diurno | EP_R2_NPPI | EP=True | R=R2 | GE=NPPI | PCD=False | SM=1.5,555,Letras - Português (Bacharelado/Licenciatura),Darcy Ribeiro,Diurno,EP_R2_NPPI,5,-29.217,-53.691,73.365,-27.208,-24.474,-100.573,83.766,-137.086,-6.119,-25.143,-4.197,24.996,35.149,35.994,-837.391,144.0,29.193,0.0,102.582
Letras - Português (Bacharelado/Licenciatura) | Darcy Ribeiro | Diurno | EP_R2_NPPIQ | EP=True | R=R2 | GE=NPPIQ | PCD=False | SM=1.0,556,Letras - Português (Bacharelado/Licenciatura),Darcy Ribeiro,Diurno,EP_R2_NPPIQ,1,-39.521,-39.521,-1.814,-1.814,0.0,0.0,-0.0,-0.0,,,-39.521,-1.814,,,,,37.707,37.707,37.707
Letras - Português (Bacharelado/Licenciatura) | Darcy Ribeiro | Diurno | EP_R2_PPI | EP=True | R=R2 | GE=PPI | PCD=False | SM=1.5,557,Letras - Português (Bacharelado/Licenciatura),Darcy Ribeiro,Diurno,EP_R2_PPI,4,-71.639,-23.758,18.495,9.729,47.881,-8.766,-66.836,-47.397,15.96,-2.922,-46.132,0.739,32.302,35.155,-70.021,4760.281,46.871,24.92,90.134
Letras - Português (Bacharelado/Licenciatura) | Darcy Ribeiro | Diurno | EP_R2_PPIQ | EP=True | R=R2 | GE=PPIQ | PCD=False | SM=1.0,558,Letras - Português (Bacharelado/Licenciatura),Darcy Ribeiro,Diurno,EP_R2_PPIQ,1,-30.58,-30.58,-30.58,-30.58,0.0,0.0,-0.0,-0.0,,,-30.58,-30.58,,,,,0.0,0.0,0.0
Letras - Português (Licenciatura) | Darcy Ribeiro | Noturno | AC | EP=False | R=NA | GE=NA | PCD=False | SM=NA,559,Letras - Português (Licenciatura),Darcy Ribeiro,Noturno,AC,5,-54.535,-56.955,1.714,23.041,-2.42,21.327,4.438,1244.282,-0.605,5.332,-61.616,33.304,13.46,40.175,-21.845,120.631,94.92,37.112,152.623
Letras - Português (Licenciatura) | Darcy Ribeiro | Noturno | CN | EP=False | R=NA | GE=NEGROS | PCD=False | SM=NA,560,Letras - Português (Licenciatura),Darcy Ribeiro,Noturno,CN,1,-31.96,-31.96,-31.96,-31.96,0.0,0.0,-0.0,-0.0,,,-31.96,-31.96,,,,,0.0,0.0,0.0
Letras - Português (Licenciatura) | Darcy Ribeiro | Noturno | EP_R1_NPPI | EP=True | R=R1 | GE=NPPI | PCD=False | SM=1.5,561,Letras - Português (Licenciatura),Darcy Ribeiro,Noturno,EP_R1_NPPI,3,6.56,-45.745,6.56,14.783,-52.305,8.223,-797.332,125.351,-26.152,4.111,-31.437,-10.9,33.239,37.589,-105.732,-344.843,20.537,0.0,60.528
Letras - Português (Licenciatura) | Darcy Ribeiro | Noturno | EP_R1_PPI | EP=True | R=R1 | GE=PPI | PCD=False | SM=1.5,562,Letras - Português (Licenciatura),Darcy Ribeiro,Noturno,EP_R1_PPI,1,-39.823,-39.823,-20.991,-20.991,0.0,0.0,-0.0,-0.0,,,-39.823,-20.991,,,,,18.832,18.832,18.832
Letras - Português (Licenciatura) | Darcy Ribeiro | Noturno | EP_R2_NPPI | EP=True | R=R2 | GE=NPPI | PCD=False | SM=1.5,563,Letras - Português (Licenciatura),Darcy Ribeiro,Noturno,EP_R2_NPPI,4,-3.889,-8.792,18.043,-7.475,-4.903,-25.518,126.074,-141.429,-1.634,-8.506,-21.35,-8.865,21.273,30.127,-99.641,-339.848,12.485,0.0,26.691
Letras - Português (Licenciatura) | Darcy Ribeiro | Noturno | EP_R2_PPI | EP=True | R=R2 | GE=PPI | PCD=False | SM=1.5,564,Letras - Português (Licenciatura),Darcy Ribeiro,Noturno,EP_R2_PPI,3,-23.897,-13.592,-23.897,-13.592,10.305,10.305,-43.123,-43.123,5.152,5.152,-17.007,-17.007,5.967,5.967,-35.085,-35.085,0.0,0.0,0.0
Letras – Português do Brasil como Segunda Língua (Licenciatura) | Darcy Ribeiro | Diurno | AC | EP=False | R=NA | GE=NA | PCD=False | SM=NA,565,Letras – Português do Brasil como Segunda Língua (Licenciatura),Darcy Ribeiro,Diurno,AC,5,-65.683,-75.904,30.297,-4.147,-10.221,-34.444,15.561,-113.688,-2.555,-8.611,-46.602,35.524,26.288,24.313,-56.41,68.44,82.125,55.977,108.012
Letras – Português do Brasil como Segunda Língua (Licenciatura) | Darcy Ribeiro | Diurno | CN | EP=False | R=NA | GE=NEGROS | PCD=False | SM=NA,566,Letras – Português do Brasil como Segunda Língua (Licenciatura),Darcy Ribeiro,Diurno,CN,2,-27.202,-45.762,-27.202,-45.762,-18.56,-18.56,68.23,68.23,-18.56,-18.56,-36.482,-36.482,13.124,13.124,-35.974,-35.974,0.0,0.0,0.0
Letras – Português do Brasil como Segunda Língua (Licenciatura) | Darcy Ribeiro | Diurno | EP_R1_NPPI | EP=True | R=R1 | GE=NPPI | PCD=False | SM=1.5,567,Letras – Português do Brasil como Segunda Língua (Licenciatura),Darcy Ribeiro,Diurno,EP_R1_NPPI,3,-17.594,-41.555,-17.594,-41.555,-23.961,-23.961,136.188,136.188,-11.98,-11.98,-31.655,-28.283,12.511,12.188,-39.522,-43.091,3.372,0.0,10.116
Letras – Português do Brasil como Segunda Língua (Licenciatura) | Darcy Ribeiro | Diurno | EP_R1_PPI | EP=True | R=R1 | GE=PPI | PCD=False | SM=1.5,568,Letras – Português do Brasil como Segunda Língua (Licenciatura),Darcy Ribeiro,Diurno,EP_R1_PPI,3,-35.98,-48.36,-35.98,-48.36,-12.38,-12.38,34.408,34.408,-6.19,-6.19,-46.7,-46.7,9.994,9.994,-21.4,-21.4,0.0,0.0,0.0
Letras – Português do Brasil como Segunda Língua (Licenciatura) | Darcy Ribeiro | Diurno | EP_R2_NPPI | EP=True | R=R2 | GE=NPPI | PCD=False | SM=1.5,569,Letras – Português do Brasil como Segunda Língua (Licenciatura),Darcy Ribeiro,Diurno,EP_R2_NPPI,3,-24.411,-4.691,-24.411,-4.691,19.72,19.72,-80.783,-80.783,9.86,9.86,-25.489,-10.896,21.357,11.717,-83.791,-107.538,14.593,0.0,43.779
Letras – Português do Brasil como Segunda Língua (Licenciatura) | Darcy Ribeiro | Diurno | EP_R2_PPI | EP=True | R=R2 | GE=PPI | PCD=False | SM=1.5,570,Letras – Português do Brasil como Segunda Língua (Licenciatura),Darcy Ribeiro,Diurno,EP_R2_PPI,3,-83.522,3.895,-50.615,3.895,87.417,54.51,-104.663,-107.695,43.708,27.255,-46.859,-28.279,45.38,28.556,-96.844,-100.978,18.58,0.0,32.907
Letras – Tradução – Espanhol (Bacharelado) | Darcy Ribeiro | Noturno | AC | EP=False | R=NA | GE=NA | PCD=False | SM=NA,571,Letras – Tradução – Espanhol (Bacharelado),Darcy Ribeiro,Noturno,AC,5,-37.809,-56.271,-20.326,-56.271,-18.462,-35.945,48.83,176.842,-4.616,-8.986,-58.181,-41.871,15.349,17.941,-26.381,-42.848,16.309,0.0,35.163
Letras – Tradução – Espanhol (Bacharelado) | Darcy Ribeiro | Noturno | EP_R1_PPI | EP=True | R=R1 | GE=PPI | PCD=False | SM=1.5,572,Letras – Tradução – Espanhol (Bacharelado),Darcy Ribeiro,Noturno,EP_R1_PPI,1,-45.083,-45.083,-45.083,-45.083,0.0,0.0,-0.0,-0.0,,,-45.083,-45.083,,,,,0.0,0.0,0.0
Letras – Tradução – Espanhol (Bacharelado) | Darcy Ribeiro | Noturno | EP_R2_NPPI | EP=True | R=R2 | GE=NPPI | PCD=False | SM=1.5,573,Letras – Tradução – Espanhol (Bacharelado),Darcy Ribeiro,Noturno,EP_R2_NPPI,3,-49.61,-74.097,-49.61,-24.363,-24.487,25.247,49.359,-50.891,-12.243,12.624,-57.502,-33.282,14.377,14.161,-25.003,-42.547,24.22,0.0,49.734
Letras – Tradução – Espanhol (Bacharelado) | Darcy Ribeiro | Noturno | EP_R2_PPI | EP=True | R=R2 | GE=PPI | PCD=False | SM=1.5,574,Letras – Tradução – Espanhol (Bacharelado),Darcy Ribeiro,Noturno,EP_R2_PPI,1,-26.219,-26.219,-26.219,-26.219,0.0,0.0,-0.0,-0.0,,,-26.219,-26.219,,,,,0.0,0.0,0.0
Letras – Tradução – Francês (Bacharelado) | Darcy Ribeiro | Diurno | AC | EP=False | R=NA | GE=NA | PCD=False | SM=NA,575,Letras – Tradução – Francês (Bacharelado),Darcy Ribeiro,Diurno,AC,5,-67.216,-18.595,-67.216,-18.595,48.621,48.621,-72.335,-72.335,12.155,12.155,-43.467,9.084,26.069,64.11,-59.975,705.726,52.551,0.0,135.308
Letras – Tradução – Francês (Bacharelado) | Darcy Ribeiro | Diurno | EP_R2_PPI | EP=True | R=R2 | GE=PPI | PCD=False | SM=1.5,576,Letras – Tradução – Francês (Bacharelado),Darcy Ribeiro,Diurno,EP_R2_PPI,1,-28.725,-28.725,-28.725,-28.725,0.0,0.0,-0.0,-0.0,,,-28.725,-28.725,,,,,0.0,0.0,0.0
Letras – Tradução – Inglês (Bacharelado) | Darcy Ribeiro | Diurno | AC | EP=False | R=NA | GE=NA | PCD=False | SM=NA,577,Letras – Tradução – Inglês (Bacharelado),Darcy Ribeiro,Diurno,AC,6,-73.348,-75.983,38.784,32.724,-2.635,-6.06,3.592,-15.625,-0.527,-1.212,-31.932,44.879,41.267,46.993,-129.237,104.711,76.81,32.186,112.132
Letras – Tradução – Inglês (Bacharelado) | Darcy Ribeiro | Diurno | CN | EP=False | R=NA | GE=NEGROS | PCD=False | SM=NA,578,Letras – Tradução – Inglês (Bacharelado),Darcy Ribeiro,Diurno,CN,4,-50.511,8.667,-13.166,8.667,59.178,21.833,-117.159,-165.829,19.726,7.278,-24.042,-14.706,31.379,25.967,-130.514,-176.575,9.336,0.0,37.345
Letras – Tradução – Inglês (Bacharelado) | Darcy Ribeiro | Diurno | EP_R1_NPPI | EP=True | R=R1 | GE=NPPI | PCD=False | SM=1.5,579,Letras – Tradução – Inglês (Bacharelado),Darcy Ribeiro,Diurno,EP_R1_NPPI,1,21.242,21.242,21.242,21.242,0.0,0.0,0.0,0.0,,,21.242,21.242,,,,,0.0,0.0,0.0
Letras – Tradução – Inglês (Bacharelado) | Darcy Ribeiro | Diurno | EP_R1_PPI | EP=True | R=R1 | GE=PPI | PCD=False | SM=1.5,580,Letras – Tradução – Inglês (Bacharelado),Darcy Ribeiro,Diurno,EP_R1_PPI,3,-63.398,-50.121,-41.295,-0.815,13.277,40.48,-20.942,-98.026,6.639,20.24,-58.404,-25.993,7.224,21.973,-12.368,-84.534,32.411,22.103,49.306
Letras – Tradução – Inglês (Bacharelado) | Darcy Ribeiro | Diurno | EP_R2_NPPI | EP=True | R=R2 | GE=NPPI | PCD=False | SM=1.5,581,Letras – Tradução – Inglês (Bacharelado),Darcy Ribeiro,Diurno,EP_R2_NPPI,4,-66.721,-20.761,14.502,-20.341,45.96,-34.843,-68.884,-240.263,15.32,-11.614,-20.493,10.482,32.752,27.213,-159.823,259.63,30.974,0.0,81.223
Letras – Tradução – Inglês (Bacharelado) | Darcy Ribeiro | Diurno | EP_R2_NPPIQ | EP=True | R=R2 | GE=NPPIQ | PCD=False | SM=1.0,582,Letras – Tradução – Inglês (Bacharelado),Darcy Ribeiro,Diurno,EP_R2_NPPIQ,1,-59.741,-59.741,-59.741,-59.741,0.0,0.0,-0.0,-0.0,,,-59.741,-59.741,,,,,0.0,0.0,0.0
Letras – Tradução – Inglês (Bacharelado) | Darcy Ribeiro | Diurno | EP_R2_NPPIQ_PCD | EP=True | R=R2 | GE=NPPIQ | PCD=True | SM=1.0,583,Letras – Tradução – Inglês (Bacharelado),Darcy Ribeiro,Diurno,EP_R2_NPPIQ_PCD,1,-20.506,-20.506,-20.506,-20.506,0.0,0.0,-0.0,-0.0,,,-20.506,-20.506,,,,,0.0,0.0,0.0
Letras – Tradução – Inglês (Bacharelado) | Darcy Ribeiro | Diurno | EP_R2_PPI | EP=True | R=R2 | GE=PPI | PCD=False | SM=1.5,584,Letras – Tradução – Inglês (Bacharelado),Darcy Ribeiro,Diurno,EP_R2_PPI,2,-34.883,-62.082,-23.747,1.315,-27.199,25.062,77.972,-105.538,-27.199,25.062,-48.482,-11.216,19.233,17.722,-39.669,-158.002,37.266,11.136,63.397
Línguas Estrangeiras Aplicadas (Bacharelado) | Darcy Ribeiro | Diurno | AC | EP=False | R=NA | GE=NA | PCD=False | SM=NA,585,Línguas Estrangeiras Aplicadas (Bacharelado),Darcy Ribeiro,Diurno,AC,5,-54.738,-60.26,59.227,-0.938,-5.522,-60.165,10.088,-101.584,-1.38,-15.041,-50.294,41.458,10.784,24.072,-21.442,58.063,91.752,59.322,113.965
Línguas Estrangeiras Aplicadas (Bacharelado) | Darcy Ribeiro | Diurno | CN | EP=False | R=NA | GE=NEGROS | PCD=False | SM=NA,586,Línguas Estrangeiras Aplicadas (Bacharelado),Darcy Ribeiro,Diurno,CN,2,-34.469,44.585,-34.469,44.585,79.054,79.054,-229.348,-229.348,79.054,79.054,5.058,5.058,55.9,55.9,1105.172,1105.172,0.0,0.0,0.0
Línguas Estrangeiras Aplicadas (Bacharelado) | Darcy Ribeiro | Diurno | EP_R1_NPPI | EP=True | R=R1 | GE=NPPI | PCD=False | SM=1.5,587,Línguas Estrangeiras Aplicadas (Bacharelado),Darcy Ribeiro,Diurno,EP_R1_NPPI,2,-2.767,47.66,-2.767,47.66,50.427,50.427,-1822.443,-1822.443,50.427,50.427,22.446,22.446,35.657,35.657,158.854,158.854,0.0,0.0,0.0
Línguas Estrangeiras Aplicadas (Bacharelado) | Darcy Ribeiro | Diurno | EP_R1_PPI | EP=True | R=R1 | GE=PPI | PCD=False | SM=1.5,588,Línguas Estrangeiras Aplicadas (Bacharelado),Darcy Ribeiro,Diurno,EP_R1_PPI,2,-25.614,-45.996,-25.614,-32.916,-20.382,-7.302,79.574,28.508,-20.382,-7.302,-35.805,-29.265,14.412,5.163,-40.252,-17.643,6.54,0.0,13.08
Línguas Estrangeiras Aplicadas (Bacharelado) | Darcy Ribeiro | Diurno | EP_R2_NPPI | EP=True | R=R2 | GE=NPPI | PCD=False | SM=1.5,589,Línguas Estrangeiras Aplicadas (Bacharelado),Darcy Ribeiro,Diurno,EP_R2_NPPI,3,-48.698,-2.629,-10.814,16.552,46.069,27.366,-94.601,-253.061,23.034,13.683,-21.723,1.598,24.024,13.859,-110.594,867.456,23.321,12.897,37.884
Línguas Estrangeiras Aplicadas (Bacharelado) | Darcy Ribeiro | Diurno | EP_R2_NPPIQ | EP=True | R=R2 | GE=NPPIQ | PCD=False | SM=1.0,590,Línguas Estrangeiras Aplicadas (Bacharelado),Darcy Ribeiro,Diurno,EP_R2_NPPIQ,1,-67.757,-67.757,-67.757,-67.757,0.0,0.0,-0.0,-0.0,,,-67.757,-67.757,,,,,0.0,0.0,0.0
Línguas Estrangeiras Aplicadas (Bacharelado) | Darcy Ribeiro | Diurno | EP_R2_PPI | EP=True | R=R2 | GE=PPI | PCD=False | SM=1.5,591,Línguas Estrangeiras Aplicadas (Bacharelado),Darcy Ribeiro,Diurno,EP_R2_PPI,3,21.416,-15.779,21.416,-15.779,-37.195,-37.195,-173.679,-173.679,-18.598,-18.598,-23.664,3.847,49.496,18.683,-209.161,485.641,27.511,0.0,82.533
Matemática (Bacharelado/Licenciatura) | Darcy Ribeiro | Diurno | AC | EP=False | R=NA | GE=NA | PCD=False | SM=NA,592,Matemática (Bacharelado/Licenciatura),Darcy Ribeiro,Diurno,AC,6,-74.606,-20.737,79.364,105.88,53.869,26.516,-72.205,33.411,10.774,5.303,-18.201,75.965,44.151,30.549,-242.572,40.215,94.166,55.261,153.97
Matemática (Bacharelado/Licenciatura) | Darcy Ribeiro | Diurno | CN | EP=False | R=NA | GE=NEGROS | PCD=False | SM=NA,593,Matemática (Bacharelado/Licenciatura),Darcy Ribeiro,Diurno,CN,4,-78.171,-31.236,-78.171,-31.236,46.935,46.935,-60.041,-60.041,15.645,15.645,-23.457,-23.457,41.039,41.039,-174.957,-174.957,0.0,0.0,0.0
Matemática (Bacharelado/Licenciatura) | Darcy Ribeiro | Diurno | EP_R1_NPPI | EP=True | R=R1 | GE=NPPI | PCD=False | SM=1.5,594,Matemática (Bacharelado/Licenciatura),Darcy Ribeiro,Diurno,EP_R1_NPPI,4,-96.948,-20.208,-96.948,8.078,76.74,105.026,-79.156,-108.332,25.58,35.009,-54.285,-18.22,31.737,52.899,-58.464,-290.333,36.065,0.0,64.748
Matemática (Bacharelado/Licenciatura) | Darcy Ribeiro | Diurno | EP_R1_PPI | EP=True | R=R1 | GE=PPI | PCD=False | SM=1.5,595,Matemática (Bacharelado/Licenciatura),Darcy Ribeiro,Diurno,EP_R1_PPI,4,-1.016,-6.051,32.712,13.305,-5.035,-19.407,495.571,-59.327,-1.678,-6.469,-17.43,6.449,31.606,22.913,-181.336,355.283,23.879,0.0,42.432
Matemática (Bacharelado/Licenciatura) | Darcy Ribeiro | Diurno | EP_R2_NPPI | EP=True | R=R2 | GE=NPPI | PCD=False | SM=1.5,596,Matemática (Bacharelado/Licenciatura),Darcy Ribeiro,Diurno,EP_R2_NPPI,5,-42.476,-53.025,6.428,-53.025,-10.549,-59.453,24.835,-924.907,-2.637,-14.863,-4.448,5.332,40.872,34.914,-918.793,654.743,9.781,0.0,48.904
Matemática (Bacharelado/Licenciatura) | Darcy Ribeiro | Diurno | EP_R2_NPPIQ | EP=True | R=R2 | GE=NPPIQ | PCD=False | SM=1.0,597,Matemática (Bacharelado/Licenciatura),Darcy Ribeiro,Diurno,EP_R2_NPPIQ,1,-20.656,-20.656,-20.656,-20.656,0.0,0.0,-0.0,-0.0,,,-20.656,-20.656,,,,,0.0,0.0,0.0
Matemática (Bacharelado/Licenciatura) | Darcy Ribeiro | Diurno | EP_R2_PPI | EP=True | R=R2 | GE=PPI | PCD=False | SM=1.5,598,Matemática (Bacharelado/Licenciatura),Darcy Ribeiro,Diurno,EP_R2_PPI,4,-54.452,-51.87,-2.143,21.222,2.582,23.365,-4.742,-1090.294,0.861,7.788,-54.692,20.809,3.71,16.142,-6.783,77.572,75.5,52.309,92.681
Matemática (Bacharelado/Licenciatura) | Darcy Ribeiro | Diurno | EP_R2_PPIQ | EP=True | R=R2 | GE=PPIQ | PCD=False | SM=1.0,599,Matemática (Bacharelado/Licenciatura),Darcy Ribeiro,Diurno,EP_R2_PPIQ,1,-29.962,-29.962,-29.962,-29.962,0.0,0.0,-0.0,-0.0,,,-29.962,-29.962,,,,,0.0,0.0,0.0
Matemática (Licenciatura) | Darcy Ribeiro | Noturno | AC | EP=False | R=NA | GE=NA | PCD=False | SM=NA,600,Matemática (Licenciatura),Darcy Ribeiro,Noturno,AC,5,-44.481,-51.641,-44.481,31.378,-7.16,75.859,16.097,-170.542,-1.79,18.965,-53.891,12.343,11.286,33.933,-20.943,274.916,66.234,0.0,96.332
Matemática (Licenciatura) | Darcy Ribeiro | Noturno | CN | EP=False | R=NA | GE=NEGROS | PCD=False | SM=NA,601,Matemática (Licenciatura),Darcy Ribeiro,Noturno,CN,3,2.629,-64.383,2.629,-64.383,-67.012,-67.012,-2548.954,-2548.954,-33.506,-33.506,-6.23,-6.23,54.268,54.268,-871.03,-871.03,0.0,0.0,0.0
Matemática (Licenciatura) | Darcy Ribeiro | Noturno | EP_R1_PPI | EP=True | R=R1 | GE=PPI | PCD=False | SM=1.5,602,Matemática (Licenciatura),Darcy Ribeiro,Noturno,EP_R1_PPI,2,-38.182,23.101,-20.674,23.101,61.283,43.775,-160.502,-211.739,61.283,43.775,-7.541,1.213,43.334,30.954,-574.678,2550.77,8.754,0.0,17.508
Matemática (Licenciatura) | Darcy Ribeiro | Noturno | EP_R2_NPPI | EP=True | R=R2 | GE=NPPI | PCD=False | SM=1.5,603,Matemática (Licenciatura),Darcy Ribeiro,Noturno,EP_R2_NPPI,1,-54.593,-54.593,1.689,1.689,0.0,0.0,-0.0,0.0,,,-54.593,1.689,,,,,56.282,56.282,56.282
Matemática (Licenciatura) | Darcy Ribeiro | Noturno | EP_R2_PPI | EP=True | R=R2 | GE=PPI | PCD=False | SM=1.5,604,Matemática (Licenciatura),Darcy Ribeiro,Noturno,EP_R2_PPI,2,-11.475,-33.505,23.132,-15.931,-22.03,-39.063,191.983,-168.87,-22.03,-39.063,-22.49,3.601,15.578,27.622,-69.264,767.163,26.091,17.574,34.607
Medicina (Bacharelado) | Darcy Ribeiro | Diurno | AC | EP=False | R=NA | GE=NA | PCD=False | SM=NA,605,Medicina (Bacharelado),Darcy Ribeiro,Diurno,AC,5,164.861,166.75,190.742,190.334,1.889,-0.408,1.146,-0.214,0.472,-0.102,171.083,194.988,9.122,15.808,5.332,8.107,23.905,10.633,33.857
Medicina (Bacharelado) | Darcy Ribeiro | Diurno | CN | EP=False | R=NA | GE=NEGROS | PCD=False | SM=NA,606,Medicina (Bacharelado),Darcy Ribeiro,Diurno,CN,5,157.264,120.046,157.983,120.046,-37.218,-37.937,-23.666,-24.013,-9.304,-9.484,138.106,138.25,30.702,30.815,22.231,22.29,0.144,0.0,0.719
Medicina (Bacharelado) | Darcy Ribeiro | Diurno | EP_R1_NPPI | EP=True | R=R1 | GE=NPPI | PCD=False | SM=1.5,607,Medicina (Bacharelado),Darcy Ribeiro,Diurno,EP_R1_NPPI,4,93.731,88.009,117.434,109.377,-5.722,-8.057,-6.105,-6.861,-1.907,-2.686,92.819,117.56,3.373,20.022,3.634,17.032,24.741,4.617,49.276
Medicina (Bacharelado) | Darcy Ribeiro | Diurno | EP_R1_NPPIQ | EP=True | R=R1 | GE=NPPIQ | PCD=False | SM=1.0,608,Medicina (Bacharelado),Darcy Ribeiro,Diurno,EP_R1_NPPIQ,1,98.649,98.649,98.649,98.649,0.0,0.0,0.0,0.0,,,98.649,98.649,,,,,0.0,0.0,0.0
Medicina (Bacharelado) | Darcy Ribeiro | Diurno | EP_R1_NPPIQ_PCD | EP=True | R=R1 | GE=NPPIQ | PCD=True | SM=1.0,609,Medicina (Bacharelado),Darcy Ribeiro,Diurno,EP_R1_NPPIQ_PCD,1,46.775,46.775,46.775,46.775,0.0,0.0,0.0,0.0,,,46.775,46.775,,,,,0.0,0.0,0.0
Medicina (Bacharelado) | Darcy Ribeiro | Diurno | EP_R1_PPI | EP=True | R=R1 | GE=PPI | PCD=False | SM=1.5,610,Medicina (Bacharelado),Darcy Ribeiro,Diurno,EP_R1_PPI,5,28.975,55.923,94.939,61.257,26.948,-33.682,93.004,-35.478,6.737,-8.42,55.444,91.744,19.825,28.898,35.757,31.499,36.3,5.334,65.964
Medicina (Bacharelado) | Darcy Ribeiro | Diurno | EP_R1_PPIQ | EP=True | R=R1 | GE=PPIQ | PCD=False | SM=1.0,611,Medicina (Bacharelado),Darcy Ribeiro,Diurno,EP_R1_PPIQ,1,81.446,81.446,96.795,96.795,0.0,0.0,0.0,0.0,,,81.446,96.795,,,,,15.349,15.349,15.349
Medicina (Bacharelado) | Darcy Ribeiro | Diurno | EP_R1_PPI_PCD | EP=True | R=R1 | GE=PPI | PCD=True | SM=1.5,612,Medicina (Bacharelado),Darcy Ribeiro,Diurno,EP_R1_PPI_PCD,2,-40.024,-6.687,-40.024,-6.687,33.337,33.337,-83.293,-83.293,33.337,33.337,-23.356,-23.356,23.573,23.573,-100.93,-100.93,0.0,0.0,0.0
Medicina (Bacharelado) | Darcy Ribeiro | Diurno | EP_R2_NPPI | EP=True | R=R2 | GE=NPPI | PCD=False | SM=1.5,613,Medicina (Bacharelado),Darcy Ribeiro,Diurno,EP_R2_NPPI,4,137.999,155.1,190.592,155.1,17.101,-35.492,12.392,-18.622,5.7,-11.831,155.278,173.581,15.426,14.545,9.934,8.379,18.303,0.0,52.593
Medicina (Bacharelado) | Darcy Ribeiro | Diurno | EP_R2_NPPIQ | EP=True | R=R2 | GE=NPPIQ | PCD=False | SM=1.0,614,Medicina (Bacharelado),Darcy Ribeiro,Diurno,EP_R2_NPPIQ,1,162.281,162.281,162.281,162.281,0.0,0.0,0.0,0.0,,,162.281,162.281,,,,,0.0,0.0,0.0
Medicina (Bacharelado) | Darcy Ribeiro | Diurno | EP_R2_NPPIQ_PCD | EP=True | R=R2 | GE=NPPIQ | PCD=True | SM=1.0,615,Medicina (Bacharelado),Darcy Ribeiro,Diurno,EP_R2_NPPIQ_PCD,1,103.215,103.215,103.215,103.215,0.0,0.0,0.0,0.0,,,103.215,103.215,,,,,0.0,0.0,0.0
Medicina (Bacharelado) | Darcy Ribeiro | Diurno | EP_R2_NPPI_PCD | EP=True | R=R2 | GE=NPPI | PCD=True | SM=1.5,616,Medicina (Bacharelado),Darcy Ribeiro,Diurno,EP_R2_NPPI_PCD,1,107.509,107.509,107.509,107.509,0.0,0.0,0.0,0.0,,,107.509,107.509,,,,,0.0,0.0,0.0
Medicina (Bacharelado) | Darcy Ribeiro | Diurno | EP_R2_PPI | EP=True | R=R2 | GE=PPI | PCD=False | SM=1.5,617,Medicina (Bacharelado),Darcy Ribeiro,Diurno,EP_R2_PPI,4,101.453,78.632,124.97,98.015,-22.821,-26.955,-22.494,-21.569,-7.607,-8.985,97.292,117.738,12.768,15.684,13.123,13.321,20.445,12.02,26.86
Medicina (Bacharelado) | Darcy Ribeiro | Diurno | EP_R2_PPIQ | EP=True | R=R2 | GE=PPIQ | PCD=False | SM=1.0,618,Medicina (Bacharelado),Darcy Ribeiro,Diurno,EP_R2_PPIQ,1,115.802,115.802,119.954,119.954,0.0,0.0,0.0,0.0,,,115.802,119.954,,,,,4.152,4.152,4.152
Medicina (Bacharelado) | Darcy Ribeiro | Diurno | EP_R2_PPIQ_PCD | EP=True | R=R2 | GE=PPIQ | PCD=True | SM=1.0,619,Medicina (Bacharelado),Darcy Ribeiro,Diurno,EP_R2_PPIQ_PCD,1,-27.585,-27.585,-2.377,-2.377,0.0,0.0,-0.0,-0.0,,,-27.585,-2.377,,,,,25.208,25.208,25.208
Medicina Veterinária (Bacharelado) | Darcy Ribeiro | Diurno | AC | EP=False | R=NA | GE=NA | PCD=False | SM=NA,620,Medicina Veterinária (Bacharelado),Darcy Ribeiro,Diurno,AC,6,50.187,66.643,118.151,99.685,16.456,-18.466,32.789,-15.629,3.291,-3.693,69.067,,16.9,,24.469,,,,
Medicina Veterinária (Bacharelado) | Darcy Ribeiro | Diurno | CN | EP=False | R=NA | GE=NEGROS | PCD=False | SM=NA,621,Medicina Veterinária (Bacharelado),Darcy Ribeiro,Diurno,CN,6,47.566,55.857,86.323,55.857,8.291,-30.466,17.431,-35.293,1.658,-6.093,50.499,56.959,22.369,26.557,44.297,46.625,6.459,0.0,38.757
Medicina Veterinária (Bacharelado) | Darcy Ribeiro | Diurno | EP_R1_NPPI | EP=True | R=R1 | GE=NPPI | PCD=False | SM=1.5,622,Medicina Veterinária (Bacharelado),Darcy Ribeiro,Diurno,EP_R1_NPPI,5,22.149,-2.808,44.794,16.671,-24.957,-28.123,-112.678,-62.783,-6.239,-7.031,-2.415,34.109,33.037,17.039,-1367.78,49.956,36.524,19.479,76.843
Medicina Veterinária (Bacharelado) | Darcy Ribeiro | Diurno | EP_R1_NPPIQ | EP=True | R=R1 | GE=NPPIQ | PCD=False | SM=1.0,623,Medicina Veterinária (Bacharelado),Darcy Ribeiro,Diurno,EP_R1_NPPIQ,1,-18.653,-18.653,20.35,20.35,0.0,0.0,-0.0,0.0,,,-18.653,20.35,,,,,39.003,39.003,39.003
Medicina Veterinária (Bacharelado) | Darcy Ribeiro | Diurno | EP_R1_PPI | EP=True | R=R1 | GE=PPI | PCD=False | SM=1.5,624,Medicina Veterinária (Bacharelado),Darcy Ribeiro,Diurno,EP_R1_PPI,4,-20.268,-33.589,43.442,27.235,-13.321,-16.207,65.724,-37.307,-4.44,-5.402,-21.187,32.421,22.31,9.185,-105.298,28.33,53.608,13.102,76.796
Medicina Veterinária (Bacharelado) | Darcy Ribeiro | Diurno | EP_R1_PPIQ | EP=True | R=R1 | GE=PPIQ | PCD=False | SM=1.0,625,Medicina Veterinária (Bacharelado),Darcy Ribeiro,Diurno,EP_R1_PPIQ,1,-40.556,-40.556,10.004,10.004,0.0,0.0,-0.0,0.0,,,-40.556,10.004,,,,,50.56,50.56,50.56
Medicina Veterinária (Bacharelado) | Darcy Ribeiro | Diurno | EP_R2_NPPI | EP=True | R=R2 | GE=NPPI | PCD=False | SM=1.5,626,Medicina Veterinária (Bacharelado),Darcy Ribeiro,Diurno,EP_R2_NPPI,5,20.855,37.329,70.061,41.765,16.474,-28.296,78.993,-40.388,4.118,-7.074,43.878,58.41,15.358,11.373,35.001,19.471,14.533,3.258,49.206
Medicina Veterinária (Bacharelado) | Darcy Ribeiro | Diurno | EP_R2_NPPIQ | EP=True | R=R2 | GE=NPPIQ | PCD=False | SM=1.0,627,Medicina Veterinária (Bacharelado),Darcy Ribeiro,Diurno,EP_R2_NPPIQ,1,53.433,53.433,53.433,53.433,0.0,0.0,0.0,0.0,,,53.433,53.433,,,,,0.0,0.0,0.0
Medicina Veterinária (Bacharelado) | Darcy Ribeiro | Diurno | EP_R2_NPPIQ_PCD | EP=True | R=R2 | GE=NPPIQ | PCD=True | SM=1.0,628,Medicina Veterinária (Bacharelado),Darcy Ribeiro,Diurno,EP_R2_NPPIQ_PCD,1,-34.547,-34.547,-34.547,-34.547,0.0,0.0,-0.0,-0.0,,,-34.547,-34.547,,,,,0.0,0.0,0.0
Medicina Veterinária (Bacharelado) | Darcy Ribeiro | Diurno | EP_R2_PPI | EP=True | R=R2 | GE=PPI | PCD=False | SM=1.5,629,Medicina Veterinária (Bacharelado),Darcy Ribeiro,Diurno,EP_R2_PPI,5,5.198,-62.784,25.608,-29.375,-67.982,-54.983,-1307.849,-214.71,-16.996,-13.746,11.061,37.7,46.321,42.454,418.786,112.609,26.639,4.699,62.082
Medicina Veterinária (Bacharelado) | Darcy Ribeiro | Diurno | EP_R2_PPIQ | EP=True | R=R2 | GE=PPIQ | PCD=False | SM=1.0,630,Medicina Veterinária (Bacharelado),Darcy Ribeiro,Diurno,EP_R2_PPIQ,1,11.522,11.522,23.973,23.973,0.0,0.0,0.0,0.0,,,11.522,23.973,,,,,12.451,12.451,12.451
Museologia (Bacharelado) | Darcy Ribeiro | Diurno | AC | EP=False | R=NA | GE=NA | PCD=False | SM=NA,631,Museologia (Bacharelado),Darcy Ribeiro,Diurno,AC,5,-63.96,-79.405,42.048,19.145,-15.445,-22.903,24.148,-54.469,-3.861,-5.726,-63.708,26.598,12.45,13.189,-19.543,49.584,90.306,71.35,106.008
Museologia (Bacharelado) | Darcy Ribeiro | Diurno | CN | EP=False | R=NA | GE=NEGROS | PCD=False | SM=NA,632,Museologia (Bacharelado),Darcy Ribeiro,Diurno,CN,3,-68.311,-38.902,-68.311,-38.902,29.409,29.409,-43.052,-43.052,14.705,14.705,-55.471,-55.471,15.055,15.055,-27.14,-27.14,0.0,0.0,0.0
Museologia (Bacharelado) | Darcy Ribeiro | Diurno | EP_R1_NPPI | EP=True | R=R1 | GE=NPPI | PCD=False | SM=1.5,633,Museologia (Bacharelado),Darcy Ribeiro,Diurno,EP_R1_NPPI,1,-54.777,-54.777,-54.777,-54.777,0.0,0.0,-0.0,-0.0,,,-54.777,-54.777,,,,,0.0,0.0,0.0
Museologia (Bacharelado) | Darcy Ribeiro | Diurno | EP_R2_NPPI | EP=True | R=R2 | GE=NPPI | PCD=False | SM=1.5,634,Museologia (Bacharelado),Darcy Ribeiro,Diurno,EP_R2_NPPI,2,-86.04,-83.171,-63.772,-5.934,2.869,57.838,-3.334,-90.695,2.869,57.838,-84.606,-34.853,2.029,40.898,-2.398,-117.343,49.753,22.268,77.237
Museologia (Bacharelado) | Darcy Ribeiro | Diurno | EP_R2_PPI | EP=True | R=R2 | GE=PPI | PCD=False | SM=1.5,635,Museologia (Bacharelado),Darcy Ribeiro,Diurno,EP_R2_PPI,2,-51.807,-75.472,-48.412,-75.472,-23.665,-27.06,45.679,55.895,-23.665,-27.06,-63.64,-61.942,16.734,19.134,-26.294,-30.891,1.698,0.0,3.395
Música (Bacharelado) | Darcy Ribeiro | Diurno | AC | EP=False | R=NA | GE=NA | PCD=False | SM=NA,636,Música (Bacharelado),Darcy Ribeiro,Diurno,AC,4,-29.764,-2.409,-29.764,65.653,27.355,95.417,-91.906,-320.579,9.118,31.806,-12.09,29.386,17.38,41.374,-143.747,140.792,41.477,0.0,69.676
Música (Licenciatura) | Darcy Ribeiro | Diurno | AC | EP=False | R=NA | GE=NA | PCD=False | SM=NA,637,Música (Licenciatura),Darcy Ribeiro,Diurno,AC,5,-66.315,-15.971,-66.315,132.273,50.344,198.588,-75.916,-299.462,12.586,49.647,-48.315,24.625,20.732,77.065,-42.91,312.956,72.939,0.0,148.244
Música (Licenciatura) | Darcy Ribeiro | Diurno | EP_R1_NPPI | EP=True | R=R1 | GE=NPPI | PCD=False | SM=1.5,638,Música (Licenciatura),Darcy Ribeiro,Diurno,EP_R1_NPPI,2,13.326,-69.94,13.326,-69.94,-83.266,-83.266,-624.839,-624.839,-83.266,-83.266,-28.307,-28.307,58.878,58.878,-207.998,-207.998,0.0,0.0,0.0
Música (Licenciatura) | Darcy Ribeiro | Diurno | EP_R2_NPPI | EP=True | R=R2 | GE=NPPI | PCD=False | SM=1.5,639,Música (Licenciatura),Darcy Ribeiro,Diurno,EP_R2_NPPI,2,-0.727,30.345,-0.727,41.995,31.072,42.722,-4274.003,-5876.479,31.072,42.722,14.809,20.634,21.971,30.209,148.364,146.404,5.825,0.0,11.65
Música (Licenciatura) | Darcy Ribeiro | Noturno | EP_R2_NPPI | EP=True | R=R2 | GE=NPPI | PCD=False | SM=1.5,640,Música (Licenciatura),Darcy Ribeiro,Noturno,EP_R2_NPPI,1,17.12,17.12,17.12,17.12,0.0,0.0,0.0,0.0,,,17.12,17.12,,,,,0.0,0.0,0.0
Música (Licenciatura) | Darcy Ribeiro | Diurno | EP_R2_PPI | EP=True | R=R2 | GE=PPI | PCD=False | SM=1.5,641,Música (Licenciatura),Darcy Ribeiro,Diurno,EP_R2_PPI,1,-64.024,-64.024,-64.024,-64.024,0.0,0.0,-0.0,-0.0,,,-64.024,-64.024,,,,,0.0,0.0,0.0
Nutrição (Bacharelado) | Darcy Ribeiro | Diurno | AC | EP=False | R=NA | GE=NA | PCD=False | SM=NA,642,Nutrição (Bacharelado),Darcy Ribeiro,Diurno,AC,6,26.002,70.097,130.595,99.32,44.095,-31.275,169.583,-23.948,8.819,-6.255,54.602,95.65,17.117,23.692,31.349,24.77,41.048,14.764,104.593
Nutrição (Bacharelado) | Darcy Ribeiro | Diurno | CN | EP=False | R=NA | GE=NEGROS | PCD=False | SM=NA,643,Nutrição (Bacharelado),Darcy Ribeiro,Diurno,CN,6,3.338,50.784,26.599,50.784,47.446,24.185,1421.39,90.924,9.489,4.837,19.344,23.221,21.743,20.347,112.401,87.624,3.877,0.0,23.261
Nutrição (Bacharelado) | Darcy Ribeiro | Diurno | EP_R1_NPPI | EP=True | R=R1 | GE=NPPI | PCD=False | SM=1.5,644,Nutrição (Bacharelado),Darcy Ribeiro,Diurno,EP_R1_NPPI,5,-16.923,4.712,-11.802,4.712,21.635,16.514,-127.844,-139.925,5.409,4.128,5.039,6.064,13.947,11.98,276.751,197.57,1.024,0.0,5.121
Nutrição (Bacharelado) | Darcy Ribeiro | Diurno | EP_R1_NPPIQ | EP=True | R=R1 | GE=NPPIQ | PCD=False | SM=1.0,645,Nutrição (Bacharelado),Darcy Ribeiro,Diurno,EP_R1_NPPIQ,1,-26.223,-26.223,13.911,13.911,0.0,0.0,-0.0,0.0,,,-26.223,13.911,,,,,40.134,40.134,40.134
Nutrição (Bacharelado) | Darcy Ribeiro | Diurno | EP_R1_PPI | EP=True | R=R1 | GE=PPI | PCD=False | SM=1.5,646,Nutrição (Bacharelado),Darcy Ribeiro,Diurno,EP_R1_PPI,4,-65.619,-25.597,-1.114,3.043,40.022,4.157,-60.991,-373.16,13.341,1.386,-42.421,6.548,18.015,10.977,-42.466,167.632,48.97,28.64,70.173
Nutrição (Bacharelado) | Darcy Ribeiro | Diurno | EP_R1_PPIQ | EP=True | R=R1 | GE=PPIQ | PCD=False | SM=1.0,647,Nutrição (Bacharelado),Darcy Ribeiro,Diurno,EP_R1_PPIQ,1,-31.894,-31.894,-31.894,-31.894,0.0,0.0,-0.0,-0.0,,,-31.894,-31.894,,,,,0.0,0.0,0.0
Nutrição (Bacharelado) | Darcy Ribeiro | Diurno | EP_R2_NPPI | EP=True | R=R2 | GE=NPPI | PCD=False | SM=1.5,648,Nutrição (Bacharelado),Darcy Ribeiro,Diurno,EP_R2_NPPI,5,41.689,3.412,53.407,36.899,-38.277,-16.508,-91.816,-30.91,-9.569,-4.127,39.687,48.728,28.441,20.634,71.663,42.345,9.041,0.0,33.487
Nutrição (Bacharelado) | Darcy Ribeiro | Diurno | EP_R2_NPPIQ | EP=True | R=R2 | GE=NPPIQ | PCD=False | SM=1.0,649,Nutrição (Bacharelado),Darcy Ribeiro,Diurno,EP_R2_NPPIQ,1,31.534,31.534,31.534,31.534,0.0,0.0,0.0,0.0,,,31.534,31.534,,,,,0.0,0.0,0.0
Nutrição (Bacharelado) | Darcy Ribeiro | Diurno | EP_R2_PPI | EP=True | R=R2 | GE=PPI | PCD=False | SM=1.5,650,Nutrição (Bacharelado),Darcy Ribeiro,Diurno,EP_R2_PPI,5,-6.959,-67.72,42.128,-67.72,-60.761,-109.848,873.128,-260.748,-15.19,-27.462,-24.803,16.322,25.869,48.873,-104.298,299.423,41.125,0.0,77.666
Nutrição (Bacharelado) | Darcy Ribeiro | Diurno | EP_R2_PPIQ | EP=True | R=R2 | GE=PPIQ | PCD=False | SM=1.0,651,Nutrição (Bacharelado),Darcy Ribeiro,Diurno,EP_R2_PPIQ,1,-7.668,-7.668,10.936,10.936,0.0,0.0,-0.0,0.0,,,-7.668,10.936,,,,,18.604,18.604,18.604
Odontologia (Bacharelado) | Darcy Ribeiro | Diurno | AC | EP=False | R=NA | GE=NA | PCD=False | SM=NA,652,Odontologia (Bacharelado),Darcy Ribeiro,Diurno,AC,6,49.534,91.436,136.8,127.254,41.902,-9.546,84.592,-6.978,8.38,-1.909,78.348,,19.435,,24.806,,,,
Odontologia (Bacharelado) | Darcy Ribeiro | Diurno | CN | EP=False | R=NA | GE=NEGROS | PCD=False | SM=NA,653,Odontologia (Bacharelado),Darcy Ribeiro,Diurno,CN,6,78.514,55.21,98.713,55.21,-23.304,-43.503,-29.681,-44.07,-4.661,-8.701,45.687,49.053,27.323,32.86,59.806,66.989,3.366,0.0,20.199
Odontologia (Bacharelado) | Darcy Ribeiro | Diurno | EP_R1_NPPI | EP=True | R=R1 | GE=NPPI | PCD=False | SM=1.5,654,Odontologia (Bacharelado),Darcy Ribeiro,Diurno,EP_R1_NPPI,5,21.849,11.177,57.888,11.177,-10.672,-46.711,-48.844,-80.692,-2.668,-11.678,34.842,42.049,24.738,25.251,71.002,60.051,7.208,0.0,36.039
Odontologia (Bacharelado) | Darcy Ribeiro | Diurno | EP_R1_NPPIQ | EP=True | R=R1 | GE=NPPIQ | PCD=False | SM=1.0,655,Odontologia (Bacharelado),Darcy Ribeiro,Diurno,EP_R1_NPPIQ,1,-36.853,-36.853,-34.533,-34.533,0.0,0.0,-0.0,-0.0,,,-36.853,-34.533,,,,,2.32,2.32,2.32
Odontologia (Bacharelado) | Darcy Ribeiro | Diurno | EP_R1_PPI | EP=True | R=R1 | GE=PPI | PCD=False | SM=1.5,656,Odontologia (Bacharelado),Darcy Ribeiro,Diurno,EP_R1_PPI,4,-48.765,-2.387,42.043,50.584,46.378,8.541,-95.105,20.315,15.459,2.847,-21.226,42.161,33.741,14.514,-158.961,34.426,63.387,37.463,90.808
Odontologia (Bacharelado) | Darcy Ribeiro | Diurno | EP_R1_PPIQ | EP=True | R=R1 | GE=PPIQ | PCD=False | SM=1.0,657,Odontologia (Bacharelado),Darcy Ribeiro,Diurno,EP_R1_PPIQ,1,-62.296,-62.296,-47.773,-47.773,0.0,0.0,-0.0,-0.0,,,-62.296,-47.773,,,,,14.523,14.523,14.523
Odontologia (Bacharelado) | Darcy Ribeiro | Diurno | EP_R2_NPPI | EP=True | R=R2 | GE=NPPI | PCD=False | SM=1.5,658,Odontologia (Bacharelado),Darcy Ribeiro,Diurno,EP_R2_NPPI,5,30.482,35.47,58.714,36.069,4.988,-22.645,16.364,-38.568,1.247,-5.661,64.764,70.53,33.747,28.355,52.108,40.202,5.766,0.0,28.232
Odontologia (Bacharelado) | Darcy Ribeiro | Diurno | EP_R2_NPPIQ | EP=True | R=R2 | GE=NPPIQ | PCD=False | SM=1.0,659,Odontologia (Bacharelado),Darcy Ribeiro,Diurno,EP_R2_NPPIQ,1,84.068,84.068,84.068,84.068,0.0,0.0,0.0,0.0,,,84.068,84.068,,,,,0.0,0.0,0.0
Odontologia (Bacharelado) | Darcy Ribeiro | Diurno | EP_R2_PPI | EP=True | R=R2 | GE=PPI | PCD=False | SM=1.5,660,Odontologia (Bacharelado),Darcy Ribeiro,Diurno,EP_R2_PPI,5,29.357,-50.627,66.986,2.933,-79.984,-64.053,-272.453,-95.621,-19.996,-16.013,9.814,49.937,43.551,45.146,443.762,90.406,40.123,21.773,55.937
Odontologia (Bacharelado) | Darcy Ribeiro | Diurno | EP_R2_PPIQ | EP=True | R=R2 | GE=PPIQ | PCD=False | SM=1.0,661,Odontologia (Bacharelado),Darcy Ribeiro,Diurno,EP_R2_PPIQ,1,-28.308,-28.308,0.733,0.733,0.0,0.0,-0.0,0.0,,,-28.308,0.733,,,,,29.041,29.041,29.041
Pedagogia (Licenciatura) | Darcy Ribeiro | Diurno | AC | EP=False | R=NA | GE=NA | PCD=False | SM=NA,662,Pedagogia (Licenciatura),Darcy Ribeiro,Diurno,AC,6,-65.666,-4.674,20.859,65.014,60.992,44.155,-92.882,211.683,12.198,8.831,-30.6,38.011,29.957,32.286,-97.9,84.939,68.611,52.155,86.525
Pedagogia (Licenciatura) | Darcy Ribeiro | Noturno | AC | EP=False | R=NA | GE=NA | PCD=False | SM=NA,663,Pedagogia (Licenciatura),Darcy Ribeiro,Noturno,AC,5,-98.292,-24.607,-22.179,-8.018,73.685,14.161,-74.965,-63.849,18.421,3.54,-64.803,-3.675,27.906,12.436,-43.062,-338.414,61.128,16.589,92.024
Pedagogia (Licenciatura) | Darcy Ribeiro | Diurno | CN | EP=False | R=NA | GE=NEGROS | PCD=False | SM=NA,664,Pedagogia (Licenciatura),Darcy Ribeiro,Diurno,CN,5,-89.114,-26.747,7.463,-22.22,62.367,-29.683,-69.986,-397.735,15.592,-7.421,-34.606,0.413,34.205,16.058,-98.842,3890.131,35.019,4.527,96.577
Pedagogia (Licenciatura) | Darcy Ribeiro | Noturno | CN | EP=False | R=NA | GE=NEGROS | PCD=False | SM=NA,665,Pedagogia (Licenciatura),Darcy Ribeiro,Noturno,CN,5,-24.934,-25.37,-16.109,-25.37,-0.436,-9.261,1.749,57.49,-0.109,-2.315,-18.708,-16.943,25.601,25.368,-136.847,-149.725,1.765,0.0,8.825
Pedagogia (Licenciatura) | Darcy Ribeiro | Diurno | EP_R1_NPPI | EP=True | R=R1 | GE=NPPI | PCD=False | SM=1.5,666,Pedagogia (Licenciatura),Darcy Ribeiro,Diurno,EP_R1_NPPI,4,-78.056,-2.29,3.175,26.289,75.766,23.114,-97.066,728.0,25.255,7.705,-45.27,-0.1,33.968,38.527,-75.035,-38623.405,45.17,10.389,81.231
Pedagogia (Licenciatura) | Darcy Ribeiro | Noturno | EP_R1_NPPI | EP=True | R=R1 | GE=NPPI | PCD=False | SM=1.5,667,Pedagogia (Licenciatura),Darcy Ribeiro,Noturno,EP_R1_NPPI,3,-55.369,-65.559,-30.436,-52.908,-10.19,-22.472,18.404,73.834,-5.095,-11.236,-51.59,-30.72,16.192,22.048,-31.386,-71.771,20.871,12.651,25.028
Pedagogia (Licenciatura) | Darcy Ribeiro | Diurno | EP_R1_NPPIQ | EP=True | R=R1 | GE=NPPIQ | PCD=False | SM=1.0,668,Pedagogia (Licenciatura),Darcy Ribeiro,Diurno,EP_R1_NPPIQ,1,-58.937,-58.937,-19.995,-19.995,0.0,0.0,-0.0,-0.0,,,-58.937,-19.995,,,,,38.942,38.942,38.942
Pedagogia (Licenciatura) | Darcy Ribeiro | Diurno | EP_R1_PPI | EP=True | R=R1 | GE=PPI | PCD=False | SM=1.5,669,Pedagogia (Licenciatura),Darcy Ribeiro,Diurno,EP_R1_PPI,4,-81.497,-69.472,2.447,-11.148,12.025,-13.595,-14.755,-555.578,4.008,-4.532,-59.696,5.935,19.832,15.621,-33.222,263.193,65.632,57.164,83.944
Pedagogia (Licenciatura) | Darcy Ribeiro | Noturno | EP_R1_PPI | EP=True | R=R1 | GE=PPI | PCD=False | SM=1.5,670,Pedagogia (Licenciatura),Darcy Ribeiro,Noturno,EP_R1_PPI,3,-53.278,-96.102,-41.609,-18.331,-42.824,23.278,80.378,-55.945,-21.412,11.639,-80.623,-26.425,23.75,13.159,-29.458,-49.799,54.198,11.669,77.771
Pedagogia (Licenciatura) | Darcy Ribeiro | Diurno | EP_R2_NPPI | EP=True | R=R2 | GE=NPPI | PCD=False | SM=1.5,671,Pedagogia (Licenciatura),Darcy Ribeiro,Diurno,EP_R2_NPPI,5,-76.273,-70.173,-1.675,-54.697,6.1,-53.022,-7.998,3165.493,1.525,-13.256,-36.896,-6.257,33.33,30.603,-90.335,-489.102,30.639,0.086,74.598
Pedagogia (Licenciatura) | Darcy Ribeiro | Noturno | EP_R2_NPPI | EP=True | R=R2 | GE=NPPI | PCD=False | SM=1.5,672,Pedagogia (Licenciatura),Darcy Ribeiro,Noturno,EP_R2_NPPI,4,-62.118,-66.338,-25.054,-38.725,-4.22,-13.671,6.794,54.566,-1.407,-4.557,-57.264,-22.128,12.995,13.277,-22.693,-60.003,35.136,27.613,45.046
Pedagogia (Licenciatura) | Darcy Ribeiro | Diurno | EP_R2_NPPIQ | EP=True | R=R2 | GE=NPPIQ | PCD=False | SM=1.0,673,Pedagogia (Licenciatura),Darcy Ribeiro,Diurno,EP_R2_NPPIQ,1,-39.068,-39.068,-5.105,-5.105,0.0,0.0,-0.0,-0.0,,,-39.068,-5.105,,,,,33.963,33.963,33.963
Pedagogia (Licenciatura) | Darcy Ribeiro | Noturno | EP_R2_NPPIQ | EP=True | R=R2 | GE=NPPIQ | PCD=False | SM=1.0,674,Pedagogia (Licenciatura),Darcy Ribeiro,Noturno,EP_R2_NPPIQ,1,-73.336,-73.336,-46.101,-46.101,0.0,0.0,-0.0,-0.0,,,-73.336,-46.101,,,,,27.235,27.235,27.235
Pedagogia (Licenciatura) | Darcy Ribeiro | Diurno | EP_R2_PPI | EP=True | R=R2 | GE=PPI | PCD=False | SM=1.5,675,Pedagogia (Licenciatura),Darcy Ribeiro,Diurno,EP_R2_PPI,4,-81.223,-92.894,-8.872,17.832,-11.671,26.704,14.369,-300.992,-3.89,8.901,-67.252,3.254,28.058,11.617,-41.721,356.975,70.506,35.04,110.726
Pedagogia (Licenciatura) | Darcy Ribeiro | Noturno | EP_R2_PPI | EP=True | R=R2 | GE=PPI | PCD=False | SM=1.5,676,Pedagogia (Licenciatura),Darcy Ribeiro,Noturno,EP_R2_PPI,4,-87.878,-16.966,-15.856,-16.966,70.912,-1.11,-80.694,7.001,23.637,-0.37,-37.06,-19.054,34.461,6.656,-92.988,-34.932,18.006,0.0,72.022
Pedagogia (Licenciatura) | Darcy Ribeiro | Diurno | EP_R2_PPIQ | EP=True | R=R2 | GE=PPIQ | PCD=False | SM=1.0,677,Pedagogia (Licenciatura),Darcy Ribeiro,Diurno,EP_R2_PPIQ,1,-62.243,-62.243,-20.304,-20.304,0.0,0.0,-0.0,-0.0,,,-62.243,-20.304,,,,,41.939,41.939,41.939
Psicologia (Bacharelado / Licenciatura / Psicólogo) | Darcy Ribeiro | Diurno | AC | EP=False | R=NA | GE=NA | PCD=False | SM=NA,678,Psicologia (Bacharelado / Licenciatura / Psicólogo),Darcy Ribeiro,Diurno,AC,5,80.474,92.692,117.229,149.897,12.218,32.668,15.183,27.867,3.054,8.167,91.697,129.337,10.79,23.534,11.767,18.196,37.64,12.356,57.205
Psicologia (Bacharelado / Licenciatura / Psicólogo) | Darcy Ribeiro | Diurno | CN | EP=False | R=NA | GE=NEGROS | PCD=False | SM=NA,679,Psicologia (Bacharelado / Licenciatura / Psicólogo),Darcy Ribeiro,Diurno,CN,6,41.936,83.135,77.339,83.135,41.199,5.796,98.243,7.494,8.24,1.159,53.849,59.749,21.469,22.386,39.869,37.466,5.9,0.0,35.403
Psicologia (Bacharelado / Licenciatura / Psicólogo) | Darcy Ribeiro | Diurno | EP_R1_NPPI | EP=True | R=R1 | GE=NPPI | PCD=False | SM=1.5,680,Psicologia (Bacharelado / Licenciatura / Psicólogo),Darcy Ribeiro,Diurno,EP_R1_NPPI,5,-0.561,3.278,39.193,8.523,3.839,-30.67,-684.314,-78.254,0.96,-7.667,23.827,40.429,22.052,21.797,92.55,53.916,16.602,1.944,39.754
Psicologia (Bacharelado / Licenciatura / Psicólogo) | Darcy Ribeiro | Diurno | EP_R1_NPPIQ | EP=True | R=R1 | GE=NPPIQ | PCD=False | SM=1.0,681,Psicologia (Bacharelado / Licenciatura / Psicólogo),Darcy Ribeiro,Diurno,EP_R1_NPPIQ,1,0.742,0.742,19.87,19.87,0.0,0.0,0.0,0.0,,,0.742,19.87,,,,,19.128,19.128,19.128
Psicologia (Bacharelado / Licenciatura / Psicólogo) | Darcy Ribeiro | Diurno | EP_R1_NPPI_PCD | EP=True | R=R1 | GE=NPPI | PCD=True | SM=1.5,682,Psicologia (Bacharelado / Licenciatura / Psicólogo),Darcy Ribeiro,Diurno,EP_R1_NPPI_PCD,1,-11.536,-11.536,-11.536,-11.536,0.0,0.0,-0.0,-0.0,,,-11.536,-11.536,,,,,0.0,0.0,0.0
Psicologia (Bacharelado / Licenciatura / Psicólogo) | Darcy Ribeiro | Diurno | EP_R1_PPI | EP=True | R=R1 | GE=PPI | PCD=False | SM=1.5,683,Psicologia (Bacharelado / Licenciatura / Psicólogo),Darcy Ribeiro,Diurno,EP_R1_PPI,5,-25.958,-60.075,38.511,-34.654,-34.117,-73.165,131.432,-189.985,-8.529,-18.291,-4.667,28.65,38.072,36.898,-815.83,128.787,33.317,10.899,64.469
Psicologia (Bacharelado / Licenciatura / Psicólogo) | Darcy Ribeiro | Diurno | EP_R1_PPIQ | EP=True | R=R1 | GE=PPIQ | PCD=False | SM=1.0,684,Psicologia (Bacharelado / Licenciatura / Psicólogo),Darcy Ribeiro,Diurno,EP_R1_PPIQ,1,-37.309,-37.309,2.578,2.578,0.0,0.0,-0.0,0.0,,,-37.309,2.578,,,,,39.887,39.887,39.887
Psicologia (Bacharelado / Licenciatura / Psicólogo) | Darcy Ribeiro | Diurno | EP_R2_NPPI | EP=True | R=R2 | GE=NPPI | PCD=False | SM=1.5,685,Psicologia (Bacharelado / Licenciatura / Psicólogo),Darcy Ribeiro,Diurno,EP_R2_NPPI,4,59.772,62.168,78.747,80.75,2.396,2.003,4.009,2.544,0.799,0.668,78.771,89.395,24.159,18.439,30.67,20.626,10.624,0.0,18.975
Psicologia (Bacharelado / Licenciatura / Psicólogo) | Darcy Ribeiro | Diurno | EP_R2_NPPIQ | EP=True | R=R2 | GE=NPPIQ | PCD=False | SM=1.0,686,Psicologia (Bacharelado / Licenciatura / Psicólogo),Darcy Ribeiro,Diurno,EP_R2_NPPIQ,1,75.146,75.146,75.146,75.146,0.0,0.0,0.0,0.0,,,75.146,75.146,,,,,0.0,0.0,0.0
Psicologia (Bacharelado / Licenciatura / Psicólogo) | Darcy Ribeiro | Diurno | EP_R2_NPPIQ_PCD | EP=True | R=R2 | GE=NPPIQ | PCD=True | SM=1.0,687,Psicologia (Bacharelado / Licenciatura / Psicólogo),Darcy Ribeiro,Diurno,EP_R2_NPPIQ_PCD,1,-2.927,-2.927,-2.927,-2.927,0.0,0.0,-0.0,-0.0,,,-2.927,-2.927,,,,,0.0,0.0,0.0
Psicologia (Bacharelado / Licenciatura / Psicólogo) | Darcy Ribeiro | Diurno | EP_R2_NPPI_PCD | EP=True | R=R2 | GE=NPPI | PCD=True | SM=1.5,688,Psicologia (Bacharelado / Licenciatura / Psicólogo),Darcy Ribeiro,Diurno,EP_R2_NPPI_PCD,1,2.412,2.412,2.412,2.412,0.0,0.0,0.0,0.0,,,2.412,2.412,,,,,0.0,0.0,0.0
Psicologia (Bacharelado / Licenciatura / Psicólogo) | Darcy Ribeiro | Diurno | EP_R2_PPI | EP=True | R=R2 | GE=PPI | PCD=False | SM=1.5,689,Psicologia (Bacharelado / Licenciatura / Psicólogo),Darcy Ribeiro,Diurno,EP_R2_PPI,5,7.086,-3.291,84.313,10.344,-10.377,-73.969,-146.444,-87.731,-2.594,-18.492,18.975,52.422,18.028,29.45,95.012,56.179,33.448,13.635,77.227
Psicologia (Bacharelado / Licenciatura / Psicólogo) | Darcy Ribeiro | Diurno | EP_R2_PPIQ | EP=True | R=R2 | GE=PPIQ | PCD=False | SM=1.0,690,Psicologia (Bacharelado / Licenciatura / Psicólogo),Darcy Ribeiro,Diurno,EP_R2_PPIQ,1,29.315,29.315,44.612,44.612,0.0,0.0,0.0,0.0,,,29.315,44.612,,,,,15.297,15.297,15.297
Química (Bacharelado) | Darcy Ribeiro | Diurno | AC | EP=False | R=NA | GE=NA | PCD=False | SM=NA,691,Química (Bacharelado),Darcy Ribeiro,Diurno,AC,6,-58.334,5.562,47.376,107.231,63.896,59.855,-109.535,126.34,12.779,11.971,7.118,85.144,35.264,37.355,495.446,43.873,78.026,27.825,105.71
Química (Bacharelado) | Darcy Ribeiro | Diurno | CN | EP=False | R=NA | GE=NEGROS | PCD=False | SM=NA,692,Química (Bacharelado),Darcy Ribeiro,Diurno,CN,5,6.547,-10.181,6.547,-10.181,-16.728,-16.728,-255.506,-255.506,-4.182,-4.182,-7.646,-7.646,10.898,10.898,-142.521,-142.521,0.0,0.0,0.0
Química (Bacharelado) | Darcy Ribeiro | Diurno | EP_R1_NPPI | EP=True | R=R1 | GE=NPPI | PCD=False | SM=1.5,693,Química (Bacharelado),Darcy Ribeiro,Diurno,EP_R1_NPPI,3,-31.14,-57.812,10.829,20.502,-26.672,9.673,85.652,89.325,-13.336,4.836,-20.039,20.055,44.377,9.011,-221.449,44.931,40.094,0.0,78.314
Química (Bacharelado) | Darcy Ribeiro | Diurno | EP_R1_PPI | EP=True | R=R1 | GE=PPI | PCD=False | SM=1.5,694,Química (Bacharelado),Darcy Ribeiro,Diurno,EP_R1_PPI,1,22.563,22.563,26.649,26.649,0.0,0.0,0.0,0.0,,,22.563,26.649,,,,,4.086,4.086,4.086
Química (Bacharelado) | Darcy Ribeiro | Diurno | EP_R2_NPPI | EP=True | R=R2 | GE=NPPI | PCD=False | SM=1.5,695,Química (Bacharelado),Darcy Ribeiro,Diurno,EP_R2_NPPI,5,-23.583,-76.374,22.033,-76.374,-52.791,-98.407,223.852,-446.635,-13.198,-24.602,-42.078,8.913,20.949,53.777,-49.785,603.371,50.991,0.0,95.522
Química (Bacharelado) | Darcy Ribeiro | Diurno | EP_R2_NPPIQ | EP=True | R=R2 | GE=NPPIQ | PCD=False | SM=1.0,696,Química (Bacharelado),Darcy Ribeiro,Diurno,EP_R2_NPPIQ,1,-54.782,-54.782,11.654,11.654,0.0,0.0,-0.0,0.0,,,-54.782,11.654,,,,,66.436,66.436,66.436
Química (Bacharelado) | Darcy Ribeiro | Diurno | EP_R2_PPI | EP=True | R=R2 | GE=PPI | PCD=False | SM=1.5,697,Química (Bacharelado),Darcy Ribeiro,Diurno,EP_R2_PPI,3,30.256,-43.672,30.256,-43.672,-73.928,-73.928,-244.342,-244.342,-36.964,-36.964,-12.026,2.692,38.094,40.391,-316.774,1500.579,14.717,0.0,44.152
Química (Bacharelado) | Darcy Ribeiro | Diurno | EP_R2_PPIQ | EP=True | R=R2 | GE=PPIQ | PCD=False | SM=1.0,698,Química (Bacharelado),Darcy Ribeiro,Diurno,EP_R2_PPIQ,1,-12.868,-12.868,-12.868,-12.868,0.0,0.0,-0.0,-0.0,,,-12.868,-12.868,,,,,0.0,0.0,0.0
Química (Licenciatura) | Darcy Ribeiro | Noturno | AC | EP=False | R=NA | GE=NA | PCD=False | SM=NA,699,Química (Licenciatura),Darcy Ribeiro,Noturno,AC,5,-16.564,-54.702,-16.564,44.043,-38.138,60.607,230.246,-365.896,-9.534,15.152,-25.015,7.389,20.417,34.154,-81.62,462.258,32.404,0.0,98.745
Química (Licenciatura) | Darcy Ribeiro | Noturno | CN | EP=False | R=NA | GE=NEGROS | PCD=False | SM=NA,700,Química (Licenciatura),Darcy Ribeiro,Noturno,CN,1,-44.645,-44.645,-44.645,-44.645,0.0,0.0,-0.0,-0.0,,,-44.645,-44.645,,,,,0.0,0.0,0.0
Química (Licenciatura) | Darcy Ribeiro | Noturno | EP_R1_NPPI | EP=True | R=R1 | GE=NPPI | PCD=False | SM=1.5,701,Química (Licenciatura),Darcy Ribeiro,Noturno,EP_R1_NPPI,2,13.391,-30.874,13.391,-30.874,-44.265,-44.265,-330.558,-330.558,-44.265,-44.265,-8.741,-8.741,31.3,31.3,-358.063,-358.063,0.0,0.0,0.0
Química (Licenciatura) | Darcy Ribeiro | Noturno | EP_R1_PPI | EP=True | R=R1 | GE=PPI | PCD=False | SM=1.5,702,Química (Licenciatura),Darcy Ribeiro,Noturno,EP_R1_PPI,1,-59.081,-59.081,-1.061,-1.061,0.0,0.0,-0.0,-0.0,,,-59.081,-1.061,,,,,58.02,58.02,58.02
Química (Licenciatura) | Darcy Ribeiro | Noturno | EP_R2_NPPI | EP=True | R=R2 | GE=NPPI | PCD=False | SM=1.5,703,Química (Licenciatura),Darcy Ribeiro,Noturno,EP_R2_NPPI,4,-73.401,-22.384,-15.838,-22.241,51.017,-6.403,-69.505,40.428,17.006,-2.134,-28.742,-14.315,34.912,18.238,-121.467,-127.405,14.426,0.0,57.563
Química (Licenciatura) | Darcy Ribeiro | Noturno | EP_R2_PPI | EP=True | R=R2 | GE=PPI | PCD=False | SM=1.5,704,Química (Licenciatura),Darcy Ribeiro,Noturno,EP_R2_PPI,2,-24.258,-35.787,-24.258,12.099,-11.529,36.357,47.527,-149.876,-11.529,36.357,-30.022,-6.079,8.152,25.708,-27.154,-422.868,23.943,0.0,47.886
Química Tecnológica (Bacharelado) | Darcy Ribeiro | Diurno | AC | EP=False | R=NA | GE=NA | PCD=False | SM=NA,705,Química Tecnológica (Bacharelado),Darcy Ribeiro,Diurno,AC,5,-47.561,-30.086,-17.112,126.278,17.475,143.39,-36.742,-837.95,4.369,35.848,-45.067,52.796,18.377,51.832,-40.778,98.173,97.863,30.449,156.364
Química Tecnológica (Bacharelado) | Darcy Ribeiro | Diurno | CN | EP=False | R=NA | GE=NEGROS | PCD=False | SM=NA,706,Química Tecnológica (Bacharelado),Darcy Ribeiro,Diurno,CN,2,-32.241,-2.177,-32.241,-2.177,30.064,30.064,-93.248,-93.248,30.064,30.064,-17.209,-17.209,21.258,21.258,-123.531,-123.531,0.0,0.0,0.0
Química Tecnológica (Bacharelado) | Darcy Ribeiro | Diurno | EP_R1_NPPI | EP=True | R=R1 | GE=NPPI | PCD=False | SM=1.5,707,Química Tecnológica (Bacharelado),Darcy Ribeiro,Diurno,EP_R1_NPPI,1,23.339,23.339,23.339,23.339,0.0,0.0,0.0,0.0,,,23.339,23.339,,,,,0.0,0.0,0.0
Química Tecnológica (Bacharelado) | Darcy Ribeiro | Diurno | EP_R2_NPPI | EP=True | R=R2 | GE=NPPI | PCD=False | SM=1.5,708,Química Tecnológica (Bacharelado),Darcy Ribeiro,Diurno,EP_R2_NPPI,4,26.655,-53.722,26.655,-27.07,-80.377,-53.725,-301.546,-201.557,-26.792,-17.908,-18.784,-7.843,33.502,25.653,-178.353,-327.087,10.941,0.0,26.652
Química Tecnológica (Bacharelado) | Darcy Ribeiro | Diurno | EP_R2_PPI | EP=True | R=R2 | GE=PPI | PCD=False | SM=1.5,709,Química Tecnológica (Bacharelado),Darcy Ribeiro,Diurno,EP_R2_PPI,2,-45.547,-30.902,-45.547,31.362,14.645,76.909,-32.154,-168.856,14.645,76.909,-38.224,-7.092,10.356,54.383,-27.091,-766.766,31.132,0.0,62.264
Relações Internacionais (Bacharelado) | Darcy Ribeiro | Diurno | AC | EP=False | R=NA | GE=NA | PCD=False | SM=NA,710,Relações Internacionais (Bacharelado),Darcy Ribeiro,Diurno,AC,6,73.157,105.105,133.87,162.477,31.948,28.607,43.67,21.369,6.39,5.721,88.904,,14.529,,16.343,,,,
Relações Internacionais (Bacharelado) | Darcy Ribeiro | Diurno | CN | EP=False | R=NA | GE=NEGROS | PCD=False | SM=NA,711,Relações Internacionais (Bacharelado),Darcy Ribeiro,Diurno,CN,6,39.989,100.775,43.033,100.775,60.786,57.742,152.007,134.181,12.157,11.548,68.227,68.734,25.572,24.922,37.481,36.258,0.507,0.0,3.044
Relações Internacionais (Bacharelado) | Darcy Ribeiro | Diurno | EP_R1_NPPI | EP=True | R=R1 | GE=NPPI | PCD=False | SM=1.5,712,Relações Internacionais (Bacharelado),Darcy Ribeiro,Diurno,EP_R1_NPPI,5,-9.56,-5.024,59.411,0.805,4.536,-58.606,-47.448,-98.645,1.134,-14.652,5.755,41.027,12.283,26.452,213.436,64.475,35.272,5.829,68.971
Relações Internacionais (Bacharelado) | Darcy Ribeiro | Diurno | EP_R1_NPPIQ | EP=True | R=R1 | GE=NPPIQ | PCD=False | SM=1.0,713,Relações Internacionais (Bacharelado),Darcy Ribeiro,Diurno,EP_R1_NPPIQ,1,-59.284,-59.284,22.165,22.165,0.0,0.0,-0.0,0.0,,,-59.284,22.165,,,,,81.449,81.449,81.449
Relações Internacionais (Bacharelado) | Darcy Ribeiro | Diurno | EP_R1_PPI | EP=True | R=R1 | GE=PPI | PCD=False | SM=1.5,714,Relações Internacionais (Bacharelado),Darcy Ribeiro,Diurno,EP_R1_PPI,4,-37.873,-25.567,-35.003,81.011,12.306,116.014,-32.493,-331.44,4.102,38.671,-18.284,29.052,24.357,57.361,-133.213,197.443,47.336,2.87,106.578
Relações Internacionais (Bacharelado) | Darcy Ribeiro | Diurno | EP_R2_NPPI | EP=True | R=R2 | GE=NPPI | PCD=False | SM=1.5,715,Relações Internacionais (Bacharelado),Darcy Ribeiro,Diurno,EP_R2_NPPI,4,35.713,34.208,88.167,34.299,-1.505,-53.868,-4.214,-61.098,-0.502,-17.956,47.436,61.691,16.082,23.749,33.902,38.496,14.255,0.0,52.454
Relações Internacionais (Bacharelado) | Darcy Ribeiro | Diurno | EP_R2_NPPIQ | EP=True | R=R2 | GE=NPPIQ | PCD=False | SM=1.0,716,Relações Internacionais (Bacharelado),Darcy Ribeiro,Diurno,EP_R2_NPPIQ,1,72.126,72.126,90.752,90.752,0.0,0.0,0.0,0.0,,,72.126,90.752,,,,,18.626,18.626,18.626
Relações Internacionais (Bacharelado) | Darcy Ribeiro | Diurno | EP_R2_NPPI_PCD | EP=True | R=R2 | GE=NPPI | PCD=True | SM=1.5,717,Relações Internacionais (Bacharelado),Darcy Ribeiro,Diurno,EP_R2_NPPI_PCD,1,22.69,22.69,22.69,22.69,0.0,0.0,0.0,0.0,,,22.69,22.69,,,,,0.0,0.0,0.0
Relações Internacionais (Bacharelado) | Darcy Ribeiro | Diurno | EP_R2_PPI | EP=True | R=R2 | GE=PPI | PCD=False | SM=1.5,718,Relações Internacionais (Bacharelado),Darcy Ribeiro,Diurno,EP_R2_PPI,5,-23.088,-29.25,43.825,-2.275,-6.162,-46.1,26.689,-105.191,-1.54,-11.525,-2.365,,30.337,,-1282.845,,,,
Relações Internacionais (Bacharelado) | Darcy Ribeiro | Diurno | EP_R2_PPIQ | EP=True | R=R2 | GE=PPIQ | PCD=False | SM=1.0,719,Relações Internacionais (Bacharelado),Darcy Ribeiro,Diurno,EP_R2_PPIQ,1,1.225,1.225,60.338,60.338,0.0,0.0,0.0,0.0,,,1.225,60.338,,,,,59.113,59.113,59.113
Saúde Coletiva (Bacharelado) | Ceilândia | Diurno | AC | EP=False | R=NA | GE=NA | PCD=False | SM=NA,720,Saúde Coletiva (Bacharelado),Ceilândia,Diurno,AC,5,-87.136,-73.062,-3.078,-3.918,14.074,-0.84,-16.152,27.29,3.518,-0.21,-78.473,-0.047,7.928,14.46,-10.103,-30896.461,78.427,59.592,104.99
Saúde Coletiva (Bacharelado) | Darcy Ribeiro | Noturno | AC | EP=False | R=NA | GE=NA | PCD=False | SM=NA,721,Saúde Coletiva (Bacharelado),Darcy Ribeiro,Noturno,AC,5,-47.301,-72.556,-5.412,9.485,-25.255,14.897,53.392,-275.259,-6.314,3.724,-67.801,-10.847,17.012,20.404,-25.092,-188.11,56.954,10.582,82.041
Saúde Coletiva (Bacharelado) | Ceilândia | Diurno | CN | EP=False | R=NA | GE=NEGROS | PCD=False | SM=NA,722,Saúde Coletiva (Bacharelado),Ceilândia,Diurno,CN,2,-18.853,-39.762,-18.853,-28.877,-20.909,-10.024,110.905,53.169,-20.909,-10.024,-29.308,-23.865,14.785,7.088,-50.447,-29.701,5.443,0.0,10.885
Saúde Coletiva (Bacharelado) | Darcy Ribeiro | Noturno | CN | EP=False | R=NA | GE=NEGROS | PCD=False | SM=NA,723,Saúde Coletiva (Bacharelado),Darcy Ribeiro,Noturno,CN,2,-38.727,-37.506,-38.727,-37.506,1.221,1.221,-3.153,-3.153,1.221,1.221,-38.116,-38.116,0.863,0.863,-2.265,-2.265,0.0,0.0,0.0
Saúde Coletiva (Bacharelado) | Ceilândia | Diurno | EP_R1_NPPI | EP=True | R=R1 | GE=NPPI | PCD=False | SM=1.5,724,Saúde Coletiva (Bacharelado),Ceilândia,Diurno,EP_R1_NPPI,3,-71.408,-92.731,-43.768,-92.731,-21.323,-48.963,29.861,111.869,-10.661,-24.481,-73.139,-56.027,18.786,32.365,-25.686,-57.766,17.112,0.0,27.64
Saúde Coletiva (Bacharelado) | Darcy Ribeiro | Noturno | EP_R1_NPPI | EP=True | R=R1 | GE=NPPI | PCD=False | SM=1.5,725,Saúde Coletiva (Bacharelado),Darcy Ribeiro,Noturno,EP_R1_NPPI,2,-1.391,-5.497,-1.391,-5.497,-4.106,-4.106,295.183,295.183,-4.106,-4.106,-3.444,-3.444,2.903,2.903,-84.303,-84.303,0.0,0.0,0.0
Saúde Coletiva (Bacharelado) | Ceilândia | Diurno | EP_R1_PPI | EP=True | R=R1 | GE=PPI | PCD=False | SM=1.5,726,Saúde Coletiva (Bacharelado),Ceilândia,Diurno,EP_R1_PPI,2,-82.285,-34.476,-1.885,-34.476,47.809,-32.591,-58.102,1728.966,47.809,-32.591,-58.38,-18.18,33.806,23.045,-57.906,-126.758,40.2,0.0,80.4
Saúde Coletiva (Bacharelado) | Darcy Ribeiro | Noturno | EP_R1_PPI | EP=True | R=R1 | GE=PPI | PCD=False | SM=1.5,727,Saúde Coletiva (Bacharelado),Darcy Ribeiro,Noturno,EP_R1_PPI,3,-64.747,-78.911,-22.831,-78.911,-14.164,-56.08,21.876,245.631,-7.082,-28.04,-83.048,-69.076,20.683,42.196,-24.904,-61.087,13.972,0.0,41.916
Saúde Coletiva (Bacharelado) | Ceilândia | Diurno | EP_R2_NPPI | EP=True | R=R2 | GE=NPPI | PCD=False | SM=1.5,728,Saúde Coletiva (Bacharelado),Ceilândia,Diurno,EP_R2_NPPI,4,-62.249,-42.438,-43.547,-23.874,19.811,19.673,-31.825,-45.176,6.604,6.558,-67.105,-31.854,22.075,8.442,-32.896,-26.501,35.251,18.564,67.707
Saúde Coletiva (Bacharelado) | Darcy Ribeiro | Noturno | EP_R2_NPPI | EP=True | R=R2 | GE=NPPI | PCD=False | SM=1.5,729,Saúde Coletiva (Bacharelado),Darcy Ribeiro,Noturno,EP_R2_NPPI,3,-11.312,-85.042,-11.312,-50.55,-73.73,-39.238,651.786,346.871,-36.865,-19.619,-55.971,-32.638,39.259,19.84,-70.142,-60.79,23.333,0.0,35.507
Saúde Coletiva (Bacharelado) | Ceilândia | Diurno | EP_R2_PPI | EP=True | R=R2 | GE=PPI | PCD=False | SM=1.5,730,Saúde Coletiva (Bacharelado),Ceilândia,Diurno,EP_R2_PPI,3,-63.379,-76.202,-4.543,-9.79,-12.823,-5.247,20.232,115.496,-6.412,-2.623,-66.065,-24.316,9.096,29.819,-13.769,-122.632,41.749,0.0,66.412
Saúde Coletiva (Bacharelado) | Darcy Ribeiro | Noturno | EP_R2_PPI | EP=True | R=R2 | GE=PPI | PCD=False | SM=1.5,731,Saúde Coletiva (Bacharelado),Darcy Ribeiro,Noturno,EP_R2_PPI,2,-88.498,-20.34,-45.444,-20.34,68.158,25.104,-77.016,-55.242,68.158,25.104,-54.419,-32.892,48.195,17.751,-88.563,-53.968,21.527,0.0,43.054
Serviço Social (Bacharelado) | Darcy Ribeiro | Diurno | AC | EP=False | R=NA | GE=NA | PCD=False | SM=NA,732,Serviço Social (Bacharelado),Darcy Ribeiro,Diurno,AC,5,-58.484,-49.336,45.897,58.364,9.148,12.467,-15.642,27.163,2.287,3.117,-33.609,41.427,24.146,18.288,-71.843,44.146,75.036,52.977,107.7
Serviço Social (Bacharelado) | Darcy Ribeiro | Noturno | AC | EP=False | R=NA | GE=NA | PCD=False | SM=NA,733,Serviço Social (Bacharelado),Darcy Ribeiro,Noturno,AC,5,-55.437,-61.117,9.712,-3.129,-5.68,-12.841,10.246,-132.218,-1.42,-3.21,-62.651,0.084,10.066,11.448,-16.066,13563.793,62.736,57.988,71.147
Serviço Social (Bacharelado) | Darcy Ribeiro | Diurno | CN | EP=False | R=NA | GE=NEGROS | PCD=False | SM=NA,734,Serviço Social (Bacharelado),Darcy Ribeiro,Diurno,CN,5,3.008,-34.475,26.594,-34.475,-37.483,-61.069,-1246.11,-229.635,-9.371,-15.267,-4.467,0.25,22.947,26.944,-513.679,10777.62,4.717,0.0,23.586
Serviço Social (Bacharelado) | Darcy Ribeiro | Noturno | CN | EP=False | R=NA | GE=NEGROS | PCD=False | SM=NA,735,Serviço Social (Bacharelado),Darcy Ribeiro,Noturno,CN,3,-40.425,-9.961,-31.165,-9.961,30.464,21.204,-75.359,-68.038,15.232,10.602,-30.714,-27.627,17.985,16.19,-58.556,-58.601,3.087,0.0,9.26
Serviço Social (Bacharelado) | Darcy Ribeiro | Diurno | EP_R1_NPPI | EP=True | R=R1 | GE=NPPI | PCD=False | SM=1.5,736,Serviço Social (Bacharelado),Darcy Ribeiro,Diurno,EP_R1_NPPI,2,-96.288,-19.616,-53.106,-18.297,76.672,34.809,-79.628,-65.546,76.672,34.809,-57.952,-35.702,54.215,24.614,-93.552,-68.943,22.25,1.319,43.182
Serviço Social (Bacharelado) | Darcy Ribeiro | Noturno | EP_R1_NPPI | EP=True | R=R1 | GE=NPPI | PCD=False | SM=1.5,737,Serviço Social (Bacharelado),Darcy Ribeiro,Noturno,EP_R1_NPPI,3,-35.078,-31.822,-35.078,-31.822,3.256,3.256,-9.282,-9.282,1.628,1.628,-40.285,-40.285,11.951,11.951,-29.665,-29.665,0.0,0.0,0.0
Serviço Social (Bacharelado) | Darcy Ribeiro | Diurno | EP_R1_PPI | EP=True | R=R1 | GE=PPI | PCD=False | SM=1.5,738,Serviço Social (Bacharelado),Darcy Ribeiro,Diurno,EP_R1_PPI,3,-48.812,-21.301,-28.138,-21.301,27.511,6.837,-56.361,-24.298,13.756,3.419,-26.791,-9.948,19.853,25.812,-74.103,-259.473,16.843,0.0,29.856
Serviço Social (Bacharelado) | Darcy Ribeiro | Noturno | EP_R1_PPI | EP=True | R=R1 | GE=PPI | PCD=False | SM=1.5,739,Serviço Social (Bacharelado),Darcy Ribeiro,Noturno,EP_R1_PPI,3,-34.792,-46.647,-34.792,-46.647,-11.855,-11.855,34.074,34.074,-5.927,-5.927,-41.319,-35.816,6.018,10.357,-14.564,-28.916,5.502,0.0,16.507
Serviço Social (Bacharelado) | Darcy Ribeiro | Diurno | EP_R2_NPPI | EP=True | R=R2 | GE=NPPI | PCD=False | SM=1.5,740,Serviço Social (Bacharelado),Darcy Ribeiro,Diurno,EP_R2_NPPI,4,-51.891,-61.49,-31.824,-36.38,-9.599,-4.556,18.498,14.316,-3.2,-1.519,-57.018,-20.644,4.083,16.069,-7.162,-77.836,36.374,20.067,53.294
Serviço Social (Bacharelado) | Darcy Ribeiro | Noturno | EP_R2_NPPI | EP=True | R=R2 | GE=NPPI | PCD=False | SM=1.5,741,Serviço Social (Bacharelado),Darcy Ribeiro,Noturno,EP_R2_NPPI,3,-33.578,-61.615,-7.92,-61.615,-28.037,-53.695,83.498,677.967,-14.018,-26.848,-44.311,-28.137,15.13,29.2,-34.144,-103.778,16.174,0.0,25.658
Serviço Social (Bacharelado) | Darcy Ribeiro | Diurno | EP_R2_NPPIQ | EP=True | R=R2 | GE=NPPIQ | PCD=False | SM=1.0,742,Serviço Social (Bacharelado),Darcy Ribeiro,Diurno,EP_R2_NPPIQ,1,-49.665,-49.665,-35.419,-35.419,0.0,0.0,-0.0,-0.0,,,-49.665,-35.419,,,,,14.246,14.246,14.246
Serviço Social (Bacharelado) | Darcy Ribeiro | Diurno | EP_R2_PPI | EP=True | R=R2 | GE=PPI | PCD=False | SM=1.5,743,Serviço Social (Bacharelado),Darcy Ribeiro,Diurno,EP_R2_PPI,3,-65.588,-46.944,-13.972,-3.065,18.644,10.907,-28.426,-78.063,9.322,5.454,-48.582,-5.317,16.249,7.777,-33.445,-146.259,43.265,34.3,51.616
Serviço Social (Bacharelado) | Darcy Ribeiro | Noturno | EP_R2_PPI | EP=True | R=R2 | GE=PPI | PCD=False | SM=1.5,744,Serviço Social (Bacharelado),Darcy Ribeiro,Noturno,EP_R2_PPI,2,-54.902,-45.238,-23.751,-45.238,9.664,-21.487,-17.602,90.468,9.664,-21.487,-50.07,-34.494,6.833,15.194,-13.648,-44.046,15.576,0.0,31.151
Serviço Social (Bacharelado) | Darcy Ribeiro | Diurno | EP_R2_PPIQ | EP=True | R=R2 | GE=PPIQ | PCD=False | SM=1.0,745,Serviço Social (Bacharelado),Darcy Ribeiro,Diurno,EP_R2_PPIQ,1,-37.837,-37.837,-37.837,-37.837,0.0,0.0,-0.0,-0.0,,,-37.837,-37.837,,,,,0.0,0.0,0.0
"Teoria, Crítica e História da Arte (Bacharelado) | Darcy Ribeiro | Noturno | AC | EP=False | R=NA | GE=NA | PCD=False | SM=NA",746,"Teoria, Crítica e História da Arte (Bacharelado)",Darcy Ribeiro,Noturno,AC,5,-74.639,-22.04,-74.639,8.621,52.599,83.26,-70.471,-111.55,13.15,20.815,-43.551,0.583,31.361,47.246,-72.011,8098.315,44.135,0.0,81.734
"Teoria, Crítica e História da Arte (Bacharelado) | Darcy Ribeiro | Noturno | CN | EP=False | R=NA | GE=NEGROS | PCD=False | SM=NA",747,"Teoria, Crítica e História da Arte (Bacharelado)",Darcy Ribeiro,Noturno,CN,1,4.736,4.736,4.736,4.736,0.0,0.0,0.0,0.0,,,4.736,4.736,,,,,0.0,0.0,0.0
"Teoria, Crítica e História da Arte (Bacharelado) | Darcy Ribeiro | Noturno | EP_R1_PPI | EP=True | R=R1 | GE=PPI | PCD=False | SM=1.5",748,"Teoria, Crítica e História da Arte (Bacharelado)",Darcy Ribeiro,Noturno,EP_R1_PPI,1,3.161,3.161,3.161,3.161,0.0,0.0,0.0,0.0,,,3.161,3.161,,,,,0.0,0.0,0.0
"Teoria, Crítica e História da Arte (Bacharelado) | Darcy Ribeiro | Noturno | EP_R2_NPPI | EP=True | R=R2 | GE=NPPI | PCD=False | SM=1.5",749,"Teoria, Crítica e História da Arte (Bacharelado)",Darcy Ribeiro,Noturno,EP_R2_NPPI,1,-27.615,-27.615,-13.504,-13.504,0.0,0.0,-0.0,-0.0,,,-27.615,-13.504,,,,,14.111,14.111,14.111
"Teoria, Crítica e História da Arte (Bacharelado) | Darcy Ribeiro | Noturno | EP_R2_PPI | EP=True | R=R2 | GE=PPI | PCD=False | SM=1.5",750,"Teoria, Crítica e História da Arte (Bacharelado)",Darcy Ribeiro,Noturno,EP_R2_PPI,1,-51.341,-51.341,-51.341,-51.341,0.0,0.0,-0.0,-0.0,,,-51.341,-51.341,,,,,0.0,0.0,0.0
Terapia Ocupacional (Bacharelado) | Ceilândia | Diurno | AC | EP=False | R=NA | GE=NA | PCD=False | SM=NA,751,Terapia Ocupacional (Bacharelado),Ceilândia,Diurno,AC,6,-73.944,2.706,20.377,46.76,76.65,26.383,-103.66,129.474,15.33,5.277,-28.596,27.989,26.769,24.103,-93.611,86.116,56.585,27.707,94.321
Terapia Ocupacional (Bacharelado) | Ceilândia | Diurno | CN | EP=False | R=NA | GE=NEGROS | PCD=False | SM=NA,752,Terapia Ocupacional (Bacharelado),Ceilândia,Diurno,CN,5,5.337,-18.436,6.491,-18.436,-23.773,-24.927,-445.438,-384.024,-5.943,-6.232,-8.855,-8.624,16.482,16.736,-186.133,-194.066,0.231,0.0,1.154
Terapia Ocupacional (Bacharelado) | Ceilândia | Diurno | EP_R1_NPPI | EP=True | R=R1 | GE=NPPI | PCD=False | SM=1.5,753,Terapia Ocupacional (Bacharelado),Ceilândia,Diurno,EP_R1_NPPI,4,-92.652,-88.602,-4.201,-3.99,4.05,0.211,-4.371,-5.023,1.35,0.07,-62.291,-18.101,32.999,17.07,-52.976,-94.301,44.19,0.0,88.451
Terapia Ocupacional (Bacharelado) | Ceilândia | Diurno | EP_R1_NPPIQ | EP=True | R=R1 | GE=NPPIQ | PCD=False | SM=1.0,754,Terapia Ocupacional (Bacharelado),Ceilândia,Diurno,EP_R1_NPPIQ,1,-82.855,-82.855,-36.853,-36.853,0.0,0.0,-0.0,-0.0,,,-82.855,-36.853,,,,,46.002,46.002,46.002
Terapia Ocupacional (Bacharelado) | Ceilândia | Diurno | EP_R1_PPI | EP=True | R=R1 | GE=PPI | PCD=False | SM=1.5,755,Terapia Ocupacional (Bacharelado),Ceilândia,Diurno,EP_R1_PPI,3,-62.296,-16.701,-38.06,-16.701,45.595,21.359,-73.191,-56.119,22.798,10.68,-51.923,0.178,31.351,48.912,-60.378,27530.354,52.101,0.0,132.067
Terapia Ocupacional (Bacharelado) | Ceilândia | Diurno | EP_R2_NPPI | EP=True | R=R2 | GE=NPPI | PCD=False | SM=1.5,756,Terapia Ocupacional (Bacharelado),Ceilândia,Diurno,EP_R2_NPPI,5,-74.63,-98.316,27.307,-37.282,-23.686,-64.589,31.738,-236.529,-5.922,-16.147,-58.503,1.946,31.37,31.412,-53.621,1614.015,60.449,39.118,101.937
Terapia Ocupacional (Bacharelado) | Ceilândia | Diurno | EP_R2_NPPIQ | EP=True | R=R2 | GE=NPPIQ | PCD=False | SM=1.0,757,Terapia Ocupacional (Bacharelado),Ceilândia,Diurno,EP_R2_NPPIQ,1,-14.671,-14.671,-6.035,-6.035,0.0,0.0,-0.0,-0.0,,,-14.671,-6.035,,,,,8.636,8.636,8.636
Terapia Ocupacional (Bacharelado) | Ceilândia | Diurno | EP_R2_PPI | EP=True | R=R2 | GE=PPI | PCD=False | SM=1.5,758,Terapia Ocupacional (Bacharelado),Ceilândia,Diurno,EP_R2_PPI,3,-45.148,-37.682,-25.927,-4.11,7.466,21.817,-16.537,-84.148,3.733,10.908,-50.866,-6.91,16.79,17.783,-33.008,-257.334,43.956,19.221,79.074
Terapia Ocupacional (Bacharelado) | Ceilândia | Diurno | EP_R2_PPIQ | EP=True | R=R2 | GE=PPIQ | PCD=False | SM=1.0,759,Terapia Ocupacional (Bacharelado),Ceilândia,Diurno,EP_R2_PPIQ,1,-72.221,-72.221,-22.382,-22.382,0.0,0.0,-0.0,-0.0,,,-72.221,-22.382,,,,,49.839,49.839,49.839
Turismo (Bacharelado) | Darcy Ribeiro | Diurno | AC | EP=False | R=NA | GE=NA | PCD=False | SM=NA,760,Turismo (Bacharelado),Darcy Ribeiro,Diurno,AC,5,-101.482,-62.252,-8.137,51.489,39.23,59.626,-38.657,-732.776,9.808,14.906,-86.439,8.805,15.066,31.458,-17.429,357.254,95.244,62.701,113.741
Turismo (Bacharelado) | Darcy Ribeiro | Diurno | CN | EP=False | R=NA | GE=NEGROS | PCD=False | SM=NA,761,Turismo (Bacharelado),Darcy Ribeiro,Diurno,CN,4,-21.951,-53.591,-21.951,-53.591,-31.64,-31.64,144.139,144.139,-10.547,-10.547,-36.583,-36.583,16.551,16.551,-45.243,-45.243,0.0,0.0,0.0
Turismo (Bacharelado) | Darcy Ribeiro | Diurno | EP_R1_NPPI | EP=True | R=R1 | GE=NPPI | PCD=False | SM=1.5,762,Turismo (Bacharelado),Darcy Ribeiro,Diurno,EP_R1_NPPI,3,-35.506,-13.362,-35.506,-7.216,22.144,28.29,-62.367,-79.677,11.072,14.145,-37.763,-35.714,25.604,28.603,-67.802,-80.088,2.049,0.0,6.146
Turismo (Bacharelado) | Darcy Ribeiro | Diurno | EP_R1_PPI | EP=True | R=R1 | GE=PPI | PCD=False | SM=1.5,763,Turismo (Bacharelado),Darcy Ribeiro,Diurno,EP_R1_PPI,1,-54.814,-54.814,-54.814,-54.814,0.0,0.0,-0.0,-0.0,,,-54.814,-54.814,,,,,0.0,0.0,0.0
Turismo (Bacharelado) | Darcy Ribeiro | Diurno | EP_R2_NPPI | EP=True | R=R2 | GE=NPPI | PCD=False | SM=1.5,764,Turismo (Bacharelado),Darcy Ribeiro,Diurno,EP_R2_NPPI,4,-64.299,-70.349,-37.943,-23.007,-6.05,14.936,9.409,-39.364,-2.017,4.979,-58.737,-26.593,26.057,7.728,-44.362,-29.061,32.144,0.0,54.876
Turismo (Bacharelado) | Darcy Ribeiro | Diurno | EP_R2_PPI | EP=True | R=R2 | GE=PPI | PCD=False | SM=1.5,765,Turismo (Bacharelado),Darcy Ribeiro,Diurno,EP_R2_PPI,1,-68.241,-68.241,-14.636,-14.636,0.0,0.0,-0.0,-0.0,,,-68.241,-14.636,,,,,53.605,53.605,53.605
