Curso,Campus,Turno,Modalidade,Triênios,Primeira Nota,Última Nota,Média Histórica,Mediana Histórica,Mínimo Histórico,Máximo Histórico,Previsão,Δ Média,Δ Última,Índice de Estabilidade,Estabilidade,CV (%),Desvio,Amplitude,Volatilidade,Mudanças
Administração (Bacharelado),Darcy Ribeiro,Diurno,AC,6,-5.81,38.13,26.87,37.42,-5.81,46.48,33.57,6.7,-4.56,36.22,Baixa,87.14,23.41,52.3,35.68,2.0
Administração (Bacharelado),Darcy Ribeiro,Diurno,CN,6,-40.81,-12.58,-28.12,-26.69,-54.71,-4.98,-21.92,6.2,-9.34,45.41,Moderada,-81.34,22.87,49.73,48.14,4.0
Administração (Bacharelado),Darcy Ribeiro,Diurno,EP_R1_NPPI,4,-90.62,-59.22,-51.75,-50.5,-90.62,-15.38,-48.93,2.82,10.3,41.21,Moderada,-61.0,31.57,75.24,56.27,1.0
Administração (Bacharelado),Darcy Ribeiro,Diurno,EP_R1_NPPIQ,1,-67.83,-67.83,-67.83,-67.83,-67.83,-67.83,-67.83,0.0,0.0,57.25,Moderada,0.0,0.0,0.0,0.0,0.0
Administração (Bacharelado),Darcy Ribeiro,Diurno,EP_R1_PPI,4,-32.29,-53.79,-42.77,-42.49,-53.79,-32.29,-55.59,-12.82,-1.8,61.91,Alta,-22.02,9.42,21.5,1.15,0.0
Administração (Bacharelado),Darcy Ribeiro,Diurno,EP_R2_NPPI,5,-80.47,-77.48,-31.06,-11.33,-80.47,13.6,-45.49,-14.43,31.99,44.63,Moderada,-143.68,44.63,94.07,66.8,1.0
Administração (Bacharelado),Darcy Ribeiro,Diurno,EP_R2_NPPIQ,1,-17.43,-17.43,-17.43,-17.43,-17.43,-17.43,-17.43,0.0,0.0,57.25,Moderada,0.0,0.0,0.0,0.0,0.0
Administração (Bacharelado),Darcy Ribeiro,Diurno,EP_R2_PPI,4,-66.92,-51.29,-41.33,-42.1,-66.92,-14.21,-38.36,2.98,12.93,46.45,Moderada,-55.17,22.8,52.71,37.41,1.0
Administração (Bacharelado),Darcy Ribeiro,Diurno,EP_R2_PPIQ,1,-25.42,-25.42,-25.42,-25.42,-25.42,-25.42,-25.42,0.0,0.0,57.25,Moderada,0.0,0.0,0.0,0.0,0.0
Administração (Bacharelado),Darcy Ribeiro,Noturno,AC,6,-98.9,-7.05,-38.01,-16.27,-98.9,-2.78,-21.73,16.27,-14.68,42.21,Moderada,-113.06,42.97,96.12,68.73,2.0
Administração (Bacharelado),Darcy Ribeiro,Noturno,CN,5,-3.81,-54.85,-23.06,-6.55,-54.85,-1.18,-50.76,-27.7,4.09,44.91,Moderada,-114.76,26.46,53.67,43.83,3.0
Administração (Bacharelado),Darcy Ribeiro,Noturno,EP_R1_NPPI,4,-64.26,-45.66,-43.38,-40.22,-64.26,-28.8,-39.42,3.96,6.25,50.38,Moderada,-35.91,15.58,35.46,25.46,1.0
Administração (Bacharelado),Darcy Ribeiro,Noturno,EP_R1_PPI,3,2.34,-46.48,-38.74,-46.48,-72.09,2.34,-62.95,-24.21,-16.47,38.38,Baixa,-97.61,37.81,74.43,70.74,1.0
Administração (Bacharelado),Darcy Ribeiro,Noturno,EP_R2_NPPI,4,-30.3,-63.33,-28.63,-21.4,-63.33,-8.38,-55.13,-26.5,8.2,47.72,Moderada,-87.37,25.01,54.95,36.86,1.0
Administração (Bacharelado),Darcy Ribeiro,Noturno,EP_R2_NPPIQ,1,-55.5,-55.5,-55.5,-55.5,-55.5,-55.5,-55.5,0.0,0.0,57.25,Moderada,0.0,0.0,0.0,0.0,0.0
Administração (Bacharelado),Darcy Ribeiro,Noturno,EP_R2_PPI,3,-74.73,-84.17,-70.19,-74.73,-84.17,-51.67,-81.12,-10.93,3.06,43.51,Moderada,-23.82,16.72,32.51,39.3,1.0
Agronomia (Bacharelado),Darcy Ribeiro,Diurno,AC,6,-82.56,-5.38,-34.38,-8.27,-95.15,-5.38,-22.68,11.7,-17.3,42.76,Moderada,-123.36,42.4,89.77,70.64,2.0
Agronomia (Bacharelado),Darcy Ribeiro,Diurno,CN,5,-56.02,-22.11,-50.54,-56.02,-86.6,-13.14,-37.96,12.58,-15.85,40.84,Moderada,-63.56,32.13,73.46,56.74,2.0
Agronomia (Bacharelado),Darcy Ribeiro,Diurno,EP_R1_NPPI,3,-64.55,-28.6,-47.83,-50.34,-64.55,-28.6,-25.88,21.95,2.72,58.1,Moderada,-37.85,18.1,35.95,5.32,0.0
Agronomia (Bacharelado),Darcy Ribeiro,Diurno,EP_R1_NPPIQ,1,-56.39,-56.39,-56.39,-56.39,-56.39,-56.39,-56.39,0.0,0.0,57.25,Moderada,0.0,0.0,0.0,0.0,0.0
Agronomia (Bacharelado),Darcy Ribeiro,Diurno,EP_R1_PPI,4,-73.41,-64.65,-70.28,-69.03,-82.72,-60.36,-68.08,2.2,-3.44,46.91,Moderada,-14.1,9.91,22.37,22.04,2.0
Agronomia (Bacharelado),Darcy Ribeiro,Diurno,EP_R2_NPPI,4,-58.89,-35.88,-59.0,-52.99,-94.13,-35.88,-47.87,11.13,-11.99,38.61,Baixa,-42.78,25.24,58.25,52.76,2.0
Agronomia (Bacharelado),Darcy Ribeiro,Diurno,EP_R2_NPPIQ,1,-58.04,-58.04,-58.04,-58.04,-58.04,-58.04,-58.04,0.0,0.0,57.25,Moderada,0.0,0.0,0.0,0.0,0.0
Agronomia (Bacharelado),Darcy Ribeiro,Diurno,EP_R2_PPI,4,-67.91,-61.92,-72.74,-73.75,-81.53,-61.92,-66.26,6.47,-4.34,52.52,Moderada,-12.92,9.39,19.61,16.02,1.0
Agronomia (Bacharelado),Darcy Ribeiro,Diurno,EP_R2_PPIQ,1,-62.78,-62.78,-62.78,-62.78,-62.78,-62.78,-62.78,0.0,0.0,57.25,Moderada,0.0,0.0,0.0,0.0,0.0
Arquitetura e Urbanismo (Bacharelado),Darcy Ribeiro,Diurno,AC,6,65.99,98.05,79.59,79.45,64.82,98.05,91.67,12.09,-6.37,43.68,Moderada,16.78,13.35,33.23,20.72,2.0
Arquitetura e Urbanismo (Bacharelado),Darcy Ribeiro,Diurno,CN,6,46.91,65.15,54.41,50.52,27.5,85.86,58.25,3.84,-6.9,32.45,Baixa,36.1,19.64,58.36,38.22,4.0
Arquitetura e Urbanismo (Bacharelado),Darcy Ribeiro,Diurno,EP_R1_NPPI,4,-74.0,-14.42,-7.94,2.97,-74.0,36.32,9.96,17.9,24.38,41.95,Moderada,-615.8,48.87,110.32,72.62,1.0
Arquitetura e Urbanismo (Bacharelado),Darcy Ribeiro,Diurno,EP_R1_NPPIQ,1,-32.38,-32.38,-32.38,-32.38,-32.38,-32.38,-32.38,0.0,0.0,57.25,Moderada,0.0,0.0,0.0,0.0,0.0
Arquitetura e Urbanismo (Bacharelado),Darcy Ribeiro,Diurno,EP_R1_PPI,4,-44.53,-23.28,-16.89,-19.85,-44.53,16.65,-17.67,-0.78,5.61,47.05,Moderada,-150.16,25.36,61.18,48.65,1.0
Arquitetura e Urbanismo (Bacharelado),Darcy Ribeiro,Diurno,EP_R2_NPPI,5,23.19,-33.97,34.6,49.82,-33.97,74.54,-7.0,-41.59,26.97,28.97,Baixa,123.26,42.64,108.51,56.13,1.0
Arquitetura e Urbanismo (Bacharelado),Darcy Ribeiro,Diurno,EP_R2_NPPIQ,1,65.5,65.5,65.5,65.5,65.5,65.5,65.5,0.0,0.0,57.25,Moderada,0.0,0.0,0.0,0.0,0.0
Arquitetura e Urbanismo (Bacharelado),Darcy Ribeiro,Diurno,EP_R2_PPI,4,-33.64,-10.14,-2.72,2.18,-33.64,18.42,0.75,3.47,10.89,51.4,Moderada,-890.73,24.19,52.06,39.68,1.0
Arquitetura e Urbanismo (Bacharelado),Darcy Ribeiro,Diurno,EP_R2_PPIQ,1,12.66,12.66,12.66,12.66,12.66,12.66,12.66,0.0,0.0,57.25,Moderada,0.0,0.0,0.0,0.0,0.0
Arquitetura e Urbanismo (Bacharelado),Darcy Ribeiro,Noturno,AC,6,-31.82,48.14,24.09,33.66,-31.82,61.62,45.03,20.94,-3.11,28.84,Baixa,153.95,37.09,93.44,50.01,2.0
Arquitetura e Urbanismo (Bacharelado),Darcy Ribeiro,Noturno,CN,6,-66.22,23.27,-25.27,-26.27,-66.22,23.27,14.8,40.07,-8.47,46.14,Moderada,-145.63,36.8,89.49,45.85,2.0
Arquitetura e Urbanismo (Bacharelado),Darcy Ribeiro,Noturno,EP_R1_NPPI,3,-65.03,-19.79,-29.21,-19.79,-65.03,-2.82,-5.65,23.56,14.14,41.94,Moderada,-110.09,32.16,62.21,55.99,1.0
Arquitetura e Urbanismo (Bacharelado),Darcy Ribeiro,Noturno,EP_R1_PPI,3,-46.6,-20.26,-24.47,-20.26,-46.6,-6.54,-11.38,13.08,8.87,46.81,Moderada,-83.2,20.36,40.06,38.02,1.0
Arquitetura e Urbanismo (Bacharelado),Darcy Ribeiro,Noturno,EP_R2_NPPI,4,-25.8,-44.02,-28.28,-27.51,-44.02,-14.08,-43.14,-14.86,0.88,54.17,Moderada,-43.61,12.33,29.94,15.41,1.0
Arquitetura e Urbanismo (Bacharelado),Darcy Ribeiro,Noturno,EP_R2_NPPIQ,1,-57.5,-57.5,-57.5,-57.5,-57.5,-57.5,-57.5,0.0,0.0,57.25,Moderada,0.0,0.0,0.0,0.0,0.0
Arquitetura e Urbanismo (Bacharelado),Darcy Ribeiro,Noturno,EP_R2_PPI,4,-17.04,-39.05,-37.18,-28.05,-81.64,-10.97,-54.61,-17.44,-15.56,38.5,Baixa,-86.08,32.0,70.67,57.8,2.0
Arquivologia (Bacharelado),Darcy Ribeiro,Noturno,AC,5,-46.3,-57.87,-62.4,-57.87,-82.04,-46.3,-60.18,2.22,-2.32,49.11,Moderada,-22.26,13.89,35.74,21.44,2.0
Arquivologia (Bacharelado),Darcy Ribeiro,Noturno,CN,3,-71.23,10.22,-44.66,-71.23,-72.96,10.22,16.72,61.38,6.5,38.85,Baixa,-106.44,47.53,83.18,60.04,1.0
Arquivologia (Bacharelado),Darcy Ribeiro,Noturno,EP_R1_NPPI,2,-47.98,-30.72,-39.35,-39.35,-47.98,-30.72,-23.53,15.82,7.19,62.63,Alta,-31.01,12.2,17.26,0.0,0.0
Arquivologia (Bacharelado),Darcy Ribeiro,Noturno,EP_R2_NPPI,3,-55.76,-34.65,-49.83,-55.76,-59.09,-34.65,-34.22,15.61,0.43,49.27,Moderada,-26.6,13.26,24.45,19.65,1.0
Arquivologia (Bacharelado),Darcy Ribeiro,Noturno,EP_R2_NPPIQ,1,-70.62,-70.62,-70.62,-70.62,-70.62,-70.62,-70.62,0.0,0.0,57.25,Moderada,0.0,0.0,0.0,0.0,0.0
Arquivologia (Bacharelado),Darcy Ribeiro,Noturno,EP_R2_PPI,2,-36.22,-66.41,-51.32,-51.32,-66.41,-36.22,-71.44,-20.13,-5.03,61.82,Alta,-41.6,21.35,30.19,0.0,0.0
Artes Cênicas (Bacharelado),Darcy Ribeiro,Diurno,AC,6,-35.96,23.68,-7.11,-11.19,-35.96,27.5,30.2,37.32,6.52,52.99,Moderada,-429.77,30.57,63.46,20.52,3.0
Artes Cênicas (Bacharelado),Darcy Ribeiro,Diurno,EP_R1_NPPI,1,-64.51,-64.51,-64.51,-64.51,-64.51,-64.51,-64.51,0.0,0.0,57.25,Moderada,0.0,0.0,0.0,0.0,0.0
Artes Cênicas (Bacharelado),Darcy Ribeiro,Diurno,EP_R1_PPI,3,-5.73,-42.49,-15.93,-5.73,-42.49,0.43,-43.2,-27.27,-0.71,48.93,Moderada,-145.71,23.21,42.92,34.7,1.0
Artes Cênicas (Bacharelado),Darcy Ribeiro,Diurno,EP_R2_NPPI,3,19.75,-19.88,-2.22,-6.53,-19.88,19.75,-21.32,-19.1,-1.44,63.81,Alta,-906.86,20.16,39.63,9.14,0.0
Artes Cênicas (Bacharelado),Darcy Ribeiro,Diurno,EP_R2_NPPIQ,1,-30.79,-30.79,-30.79,-30.79,-30.79,-30.79,-30.79,0.0,0.0,57.25,Moderada,0.0,0.0,0.0,0.0,0.0
Artes Cênicas (Bacharelado),Darcy Ribeiro,Diurno,EP_R2_NPPIQ_PCD,1,-33.37,-33.37,-33.37,-33.37,-33.37,-33.37,-33.37,0.0,0.0,57.25,Moderada,0.0,0.0,0.0,0.0,0.0
Artes Cênicas (Bacharelado),Darcy Ribeiro,Diurno,EP_R2_PPI,1,-58.97,-58.97,-58.97,-58.97,-58.97,-58.97,-58.97,0.0,0.0,57.25,Moderada,0.0,0.0,0.0,0.0,0.0
Artes Cênicas (Licenciatura),Darcy Ribeiro,Diurno,AC,1,-12.38,-12.38,-12.38,-12.38,-12.38,-12.38,-12.38,0.0,0.0,57.25,Moderada,0.0,0.0,0.0,0.0,0.0
Artes Cênicas (Licenciatura),Darcy Ribeiro,Diurno,EP_R2_NPPIQ,1,-49.81,-49.81,-49.81,-49.81,-49.81,-49.81,-49.81,0.0,0.0,57.25,Moderada,0.0,0.0,0.0,0.0,0.0
Artes Cênicas (Licenciatura),Darcy Ribeiro,Diurno,EP_R2_PPIQ,1,-62.34,-62.34,-62.34,-62.34,-62.34,-62.34,-62.34,0.0,0.0,57.25,Moderada,0.0,0.0,0.0,0.0,0.0
Artes Cênicas (Licenciatura),Darcy Ribeiro,Noturno,AC,1,-53.38,-53.38,-53.38,-53.38,-53.38,-53.38,-53.38,0.0,0.0,57.25,Moderada,0.0,0.0,0.0,0.0,0.0
Artes Cênicas (Literatura),Darcy Ribeiro,Diurno,AC,4,-52.16,-1.08,-20.97,-25.17,-52.16,18.63,-5.39,15.58,-4.31,39.05,Baixa,-168.31,35.3,70.79,74.41,2.0
Artes Cênicas (Literatura),Darcy Ribeiro,Diurno,EP_R1_NPPI,2,14.97,-42.06,-13.54,-13.54,-42.06,14.97,-65.82,-52.27,-23.76,63.0,Alta,-297.73,40.32,57.02,0.0,0.0
Artes Cênicas (Literatura),Darcy Ribeiro,Diurno,EP_R2_NPPI,1,-21.57,-21.57,-21.57,-21.57,-21.57,-21.57,-21.57,0.0,0.0,57.25,Moderada,0.0,0.0,0.0,0.0,0.0
Artes Cênicas (Literatura),Darcy Ribeiro,Diurno,EP_R2_PPI,1,-49.62,-49.62,-49.62,-49.62,-49.62,-49.62,-49.62,0.0,0.0,57.25,Moderada,0.0,0.0,0.0,0.0,0.0
Artes Cênicas (Literatura),Darcy Ribeiro,Noturno,AC,1,-68.86,-68.86,-68.86,-68.86,-68.86,-68.86,-68.86,0.0,0.0,57.25,Moderada,0.0,0.0,0.0,0.0,0.0
Artes Cênicas (Literatura),Darcy Ribeiro,Noturno,EP_R1_PPI,1,-10.8,-10.8,-10.8,-10.8,-10.8,-10.8,-10.8,0.0,0.0,57.25,Moderada,0.0,0.0,0.0,0.0,0.0
Artes Cênicas (Literatura),Darcy Ribeiro,Noturno,EP_R2_NPPI,1,-68.55,-68.55,-68.55,-68.55,-68.55,-68.55,-68.55,0.0,0.0,57.25,Moderada,0.0,0.0,0.0,0.0,0.0
Artes Visuais (Bacharelado),Darcy Ribeiro,Diurno,AC,6,-54.58,13.22,-20.0,-19.65,-68.76,29.41,10.45,30.45,-2.78,42.38,Moderada,-189.56,37.92,98.17,55.73,3.0
Artes Visuais (Bacharelado),Darcy Ribeiro,Diurno,CN,1,-21.92,-21.92,-21.92,-21.92,-21.92,-21.92,-21.92,0.0,0.0,57.25,Moderada,0.0,0.0,0.0,0.0,0.0
Artes Visuais (Bacharelado),Darcy Ribeiro,Diurno,EP_R2_NPPI,3,-37.28,-73.31,-29.7,-37.28,-73.31,21.49,-54.52,-24.82,18.79,36.99,Baixa,-161.12,47.85,94.8,108.59,1.0
Artes Visuais (Bacharelado),Darcy Ribeiro,Diurno,EP_R2_NPPIQ,1,-64.31,-64.31,-64.31,-64.31,-64.31,-64.31,-64.31,0.0,0.0,57.25,Moderada,0.0,0.0,0.0,0.0,0.0
Artes Visuais (Licenciatura),Darcy Ribeiro,Diurno,AC,3,-56.06,-7.96,-51.34,-56.06,-90.01,-7.96,-17.07,34.27,-9.11,36.28,Baixa,-80.3,41.23,82.05,82.03,1.0
Artes Visuais (Licenciatura),Darcy Ribeiro,Diurno,CN,2,-30.84,-33.24,-32.04,-32.04,-33.24,-30.84,-33.34,-1.3,-0.1,61.61,Alta,-5.28,1.69,2.39,0.0,0.0
Artes Visuais (Licenciatura),Darcy Ribeiro,Diurno,EP_R1_NPPI,1,-23.75,-23.75,-23.75,-23.75,-23.75,-23.75,-23.75,0.0,0.0,57.25,Moderada,0.0,0.0,0.0,0.0,0.0
Artes Visuais (Licenciatura),Darcy Ribeiro,Diurno,EP_R1_PPI,1,-23.12,-23.12,-23.12,-23.12,-23.12,-23.12,-23.12,0.0,0.0,57.25,Moderada,0.0,0.0,0.0,0.0,0.0
Artes Visuais (Licenciatura),Darcy Ribeiro,Diurno,EP_R2_NPPI,3,29.14,-59.58,-17.38,-21.7,-59.58,29.14,-64.51,-47.14,-4.94,56.27,Moderada,-256.22,44.52,88.72,9.16,0.0
Artes Visuais (Licenciatura),Darcy Ribeiro,Diurno,EP_R2_PPI,2,-17.98,-22.14,-20.06,-20.06,-22.14,-17.98,-22.84,-2.78,-0.69,62.01,Alta,-14.67,2.94,4.16,0.0,0.0
Artes Visuais (Licenciatura),Darcy Ribeiro,Noturno,AC,1,-13.5,-13.5,-13.5,-13.5,-13.5,-13.5,-13.5,0.0,0.0,57.25,Moderada,0.0,0.0,0.0,0.0,0.0
Biblioteconomia (Bacharelado),Darcy Ribeiro,Diurno,AC,5,-37.86,-57.49,-65.71,-69.57,-82.69,-37.86,-65.79,-0.08,-8.3,44.0,Moderada,-28.25,18.56,44.83,29.97,3.0
Biblioteconomia (Bacharelado),Darcy Ribeiro,Diurno,CN,4,-13.88,-46.4,-28.06,-25.98,-46.4,-13.88,-48.03,-19.97,-1.63,62.8,Alta,-53.91,15.13,32.52,6.61,0.0
Biblioteconomia (Bacharelado),Darcy Ribeiro,Diurno,EP_R1_NPPI,3,-36.51,-15.52,-41.49,-36.51,-72.45,-15.52,-19.76,21.73,-4.24,39.76,Baixa,-69.38,28.79,56.92,65.67,1.0
Biblioteconomia (Bacharelado),Darcy Ribeiro,Diurno,EP_R1_PPI,2,-41.52,-59.32,-50.42,-50.42,-59.32,-41.52,-66.73,-16.32,-7.42,61.85,Alta,-24.97,12.59,17.8,0.0,0.0
Biblioteconomia (Bacharelado),Darcy Ribeiro,Diurno,EP_R2_NPPI,4,-18.9,-30.85,-29.26,-24.88,-57.03,-10.26,-40.14,-10.88,-9.29,43.87,Moderada,-69.54,20.35,46.77,38.08,2.0
Biblioteconomia (Bacharelado),Darcy Ribeiro,Diurno,EP_R2_NPPIQ,1,-54.55,-54.55,-54.55,-54.55,-54.55,-54.55,-54.55,0.0,0.0,57.25,Moderada,0.0,0.0,0.0,0.0,0.0
Biblioteconomia (Bacharelado),Darcy Ribeiro,Diurno,EP_R2_PPI,3,-9.93,-45.65,-33.54,-45.04,-45.65,-9.93,-54.48,-20.94,-8.83,56.74,Moderada,-60.97,20.45,35.72,24.39,0.0
Biologia (Bacharelado),Darcy Ribeiro,Diurno,AC,5,47.64,78.79,67.39,70.25,47.64,92.09,76.17,8.78,-2.62,36.13,Baixa,28.81,19.42,44.46,34.7,2.0
Biologia (Bacharelado),Darcy Ribeiro,Diurno,CN,5,-8.39,29.65,7.99,23.62,-29.29,29.65,17.76,9.78,-11.89,29.8,Baixa,321.57,25.69,58.94,48.36,2.0
Biologia (Bacharelado),Darcy Ribeiro,Diurno,EP_R1_NPPI,4,-58.58,-64.76,-9.9,-23.78,-64.76,72.75,-33.5,-23.61,31.26,40.48,Moderada,-656.21,64.93,137.52,115.73,1.0
Biologia (Bacharelado),Darcy Ribeiro,Diurno,EP_R1_NPPIQ,1,-78.85,-78.85,-78.85,-78.85,-78.85,-78.85,-78.85,0.0,0.0,57.25,Moderada,0.0,0.0,0.0,0.0,0.0
Biologia (Bacharelado),Darcy Ribeiro,Diurno,EP_R1_NPPI_PCD,1,6.76,6.76,6.76,6.76,6.76,6.76,6.76,0.0,0.0,57.25,Moderada,0.0,0.0,0.0,0.0,0.0
Biologia (Bacharelado),Darcy Ribeiro,Diurno,EP_R1_PPI,3,-42.43,-4.11,-16.43,-4.11,-42.43,-2.76,3.42,19.85,7.53,50.39,Moderada,-137.03,22.52,39.66,29.0,1.0
Biologia (Bacharelado),Darcy Ribeiro,Diurno,EP_R2_NPPI,4,5.72,5.96,19.41,15.75,5.72,40.43,17.28,-2.14,11.31,38.31,Baixa,86.57,16.81,34.7,30.02,1.0
Biologia (Bacharelado),Darcy Ribeiro,Diurno,EP_R2_NPPIQ,1,29.6,29.6,29.6,29.6,29.6,29.6,29.6,0.0,0.0,57.25,Moderada,0.0,0.0,0.0,0.0,0.0
Biologia (Bacharelado),Darcy Ribeiro,Diurno,EP_R2_NPPI_PCD,1,-25.67,-25.67,-25.67,-25.67,-25.67,-25.67,-25.67,0.0,0.0,57.25,Moderada,0.0,0.0,0.0,0.0,0.0
Biologia (Bacharelado),Darcy Ribeiro,Diurno,EP_R2_PPI,4,-40.62,-80.21,-37.74,-45.39,-80.21,20.01,-70.37,-32.62,9.85,40.19,Moderada,-111.37,42.04,100.22,67.01,1.0
Biologia (Bacharelado),Darcy Ribeiro,Diurno,EP_R2_PPIQ,1,-67.98,-67.98,-67.98,-67.98,-67.98,-67.98,-67.98,0.0,0.0,57.25,Moderada,0.0,0.0,0.0,0.0,0.0
Biologia (Licenciatura),Darcy Ribeiro,Diurno,AC,1,61.37,61.37,61.37,61.37,61.37,61.37,61.37,0.0,0.0,57.25,Moderada,0.0,0.0,0.0,0.0,0.0
Biologia (Licenciatura),Darcy Ribeiro,Diurno,CN,1,45.8,45.8,45.8,45.8,45.8,45.8,45.8,0.0,0.0,57.25,Moderada,0.0,0.0,0.0,0.0,0.0
Biologia (Licenciatura),Darcy Ribeiro,Diurno,EP_R1_NPPI,1,38.01,38.01,38.01,38.01,38.01,38.01,38.01,0.0,0.0,57.25,Moderada,0.0,0.0,0.0,0.0,0.0
Biologia (Licenciatura),Darcy Ribeiro,Diurno,EP_R1_PPI,0,,,,,,,,,,0.13,Muito baixa,,,,,
Biologia (Licenciatura),Darcy Ribeiro,Diurno,EP_R2_NPPI,1,51.28,51.28,51.28,51.28,51.28,51.28,51.28,0.0,0.0,57.25,Moderada,0.0,0.0,0.0,0.0,0.0
Biologia (Licenciatura),Darcy Ribeiro,Diurno,EP_R2_PPI,1,21.36,21.36,21.36,21.36,21.36,21.36,21.36,0.0,0.0,57.25,Moderada,0.0,0.0,0.0,0.0,0.0
Biologia (Licenciatura),Darcy Ribeiro,Noturno,AC,5,-36.58,-14.73,-15.74,-14.73,-36.58,5.95,-10.81,4.94,3.92,47.69,Moderada,-125.36,19.74,42.53,40.42,3.0
Biologia (Licenciatura),Darcy Ribeiro,Noturno,CN,3,9.79,-17.18,11.09,9.79,-17.18,40.66,-14.13,-25.22,3.05,25.79,Baixa,261.02,28.94,57.84,62.73,1.0
Biologia (Licenciatura),Darcy Ribeiro,Noturno,EP_R1_NPPI,3,-18.13,-34.27,-32.62,-34.27,-45.44,-18.13,-40.17,-7.55,-5.9,48.82,Moderada,-42.1,13.73,27.31,27.21,1.0
Biologia (Licenciatura),Darcy Ribeiro,Noturno,EP_R1_PPI,3,-57.42,-32.04,-38.39,-32.04,-57.42,-25.71,-27.95,10.44,4.09,48.32,Moderada,-43.71,16.78,31.7,26.9,1.0
Biologia (Licenciatura),Darcy Ribeiro,Noturno,EP_R2_NPPI,4,-20.37,3.56,-10.33,-8.4,-44.2,19.7,-5.38,4.94,-8.95,41.85,Moderada,-270.63,27.95,63.91,62.37,2.0
Biologia (Licenciatura),Darcy Ribeiro,Noturno,EP_R2_NPPIQ,1,-40.61,-40.61,-40.61,-40.61,-40.61,-40.61,-40.61,0.0,0.0,57.25,Moderada,0.0,0.0,0.0,0.0,0.0
Biologia (Licenciatura),Darcy Ribeiro,Noturno,EP_R2_PPI,4,-17.58,-14.42,-25.56,-22.23,-43.36,-14.42,-21.82,3.74,-7.4,52.94,Moderada,-50.82,12.99,28.94,24.41,1.0
Biotecnologia (Bacharelado),Darcy Ribeiro,Diurno,AC,6,13.96,67.54,46.79,62.27,-13.44,87.36,49.08,2.29,-18.46,23.63,Baixa,81.94,38.34,100.8,69.1,4.0
Biotecnologia (Bacharelado),Darcy Ribeiro,Diurno,CN,5,-40.95,64.2,37.91,64.2,-40.95,72.34,78.23,40.33,14.03,31.68,Baixa,124.39,47.15,113.3,36.86,1.0
Biotecnologia (Bacharelado),Darcy Ribeiro,Diurno,EP_R1_NPPI,4,-62.36,-32.08,-45.11,-43.0,-62.36,-32.08,-27.68,17.43,4.4,61.23,Alta,-31.17,14.06,30.28,6.17,0.0
Biotecnologia (Bacharelado),Darcy Ribeiro,Diurno,EP_R1_NPPIQ,1,22.9,22.9,22.9,22.9,22.9,22.9,22.9,0.0,0.0,57.25,Moderada,0.0,0.0,0.0,0.0,0.0
Biotecnologia (Bacharelado),Darcy Ribeiro,Diurno,EP_R1_PPI,3,-47.18,-25.89,-34.34,-29.96,-47.18,-25.89,-21.25,13.1,4.64,59.38,Moderada,-32.9,11.3,21.29,9.29,0.0
Biotecnologia (Bacharelado),Darcy Ribeiro,Diurno,EP_R2_NPPI,5,-60.4,-84.17,-7.04,2.91,-84.17,55.94,-54.31,-47.27,29.86,44.63,Moderada,-902.89,63.58,140.1,88.07,1.0
Biotecnologia (Bacharelado),Darcy Ribeiro,Diurno,EP_R2_NPPIQ,1,-36.96,-36.96,-36.96,-36.96,-36.96,-36.96,-36.96,0.0,0.0,57.25,Moderada,0.0,0.0,0.0,0.0,0.0
Biotecnologia (Bacharelado),Darcy Ribeiro,Diurno,EP_R2_PPI,4,-40.89,-25.82,-32.61,-33.35,-53.34,-10.4,-18.94,13.67,6.88,45.1,Moderada,-57.03,18.6,42.94,32.87,2.0
Biotecnologia (Bacharelado),Darcy Ribeiro,Diurno,EP_R2_PPIQ,1,-47.17,-47.17,-47.17,-47.17,-47.17,-47.17,-47.17,0.0,0.0,57.25,Moderada,0.0,0.0,0.0,0.0,0.0
Ciência Política (Bacharelado),Darcy Ribeiro,Diurno,AC,6,-16.23,55.47,31.67,49.2,-16.23,55.47,46.97,15.3,-8.5,31.85,Baixa,99.75,31.59,71.69,47.12,2.0
Ciência Política (Bacharelado),Darcy Ribeiro,Diurno,CN,6,-6.36,48.44,19.56,11.2,-6.89,59.77,43.94,24.38,-4.5,30.03,Baixa,149.59,29.26,66.66,44.35,3.0
Ciência Política (Bacharelado),Darcy Ribeiro,Diurno,EP_R1_NPPI,4,-23.76,-21.74,-29.48,-25.85,-44.5,-21.74,-27.64,1.84,-5.9,53.41,Moderada,-35.06,10.34,22.76,20.11,1.0
Ciência Política (Bacharelado),Darcy Ribeiro,Diurno,EP_R1_NPPIQ,1,-33.16,-33.16,-33.16,-33.16,-33.16,-33.16,-33.16,0.0,0.0,57.25,Moderada,0.0,0.0,0.0,0.0,0.0
Ciência Política (Bacharelado),Darcy Ribeiro,Diurno,EP_R1_PPI,4,-20.74,-15.55,-20.31,-18.14,-30.87,-14.08,-18.85,1.46,-3.31,50.99,Moderada,-37.41,7.6,16.79,16.61,2.0
Ciência Política (Bacharelado),Darcy Ribeiro,Diurno,EP_R2_NPPI,4,-48.06,16.43,-16.57,-17.32,-48.06,16.43,17.31,33.87,0.88,46.33,Moderada,-160.28,26.55,64.48,25.75,2.0
Ciência Política (Bacharelado),Darcy Ribeiro,Diurno,EP_R2_NPPIQ,1,13.77,13.77,13.77,13.77,13.77,13.77,13.77,0.0,0.0,57.25,Moderada,0.0,0.0,0.0,0.0,0.0
Ciência Política (Bacharelado),Darcy Ribeiro,Diurno,EP_R2_NPPIQ_PCD,1,-31.84,-31.84,-31.84,-31.84,-31.84,-31.84,-31.84,0.0,0.0,57.25,Moderada,0.0,0.0,0.0,0.0,0.0
Ciência Política (Bacharelado),Darcy Ribeiro,Diurno,EP_R2_PPI,4,-68.38,-30.79,-49.21,-48.84,-68.38,-30.79,-28.78,20.43,2.01,59.79,Moderada,-31.29,15.4,37.59,8.37,0.0
Ciência Política (Bacharelado),Darcy Ribeiro,Diurno,EP_R2_PPIQ,1,-37.15,-37.15,-37.15,-37.15,-37.15,-37.15,-37.15,0.0,0.0,57.25,Moderada,0.0,0.0,0.0,0.0,0.0
Ciência da Computação (Bacharelado),Darcy Ribeiro,Diurno,AC,6,78.3,135.83,120.7,125.41,78.3,143.98,137.5,16.81,1.68,37.16,Baixa,20.41,24.63,65.68,27.08,2.0
Ciência da Computação (Bacharelado),Darcy Ribeiro,Diurno,CN,6,44.9,117.65,89.84,87.32,44.9,137.02,114.28,24.44,-3.37,29.91,Baixa,37.58,33.76,92.12,51.22,2.0
Ciência da Computação (Bacharelado),Darcy Ribeiro,Diurno,EP_R1_NPPI,5,-75.28,8.65,1.77,8.99,-75.28,46.78,19.45,17.69,10.81,25.93,Baixa,2590.03,45.78,122.06,68.28,1.0
Ciência da Computação (Bacharelado),Darcy Ribeiro,Diurno,EP_R1_NPPIQ,1,-38.26,-38.26,-38.26,-38.26,-38.26,-38.26,-38.26,0.0,0.0,57.25,Moderada,0.0,0.0,0.0,0.0,0.0
Ciência da Computação (Bacharelado),Darcy Ribeiro,Diurno,EP_R1_PPI,5,-34.94,-18.1,-8.11,-7.92,-34.94,11.4,-11.06,-2.95,7.04,57.11,Moderada,-238.25,19.32,46.34,27.94,1.0
Ciência da Computação (Bacharelado),Darcy Ribeiro,Diurno,EP_R1_PPIQ,1,0.18,0.18,0.18,0.18,0.18,0.18,0.18,0.0,0.0,57.25,Moderada,0.0,0.0,0.0,0.0,0.0
Ciência da Computação (Bacharelado),Darcy Ribeiro,Diurno,EP_R2_NPPI,5,9.8,77.54,88.26,107.15,9.8,131.85,99.08,10.82,21.54,28.53,Baixa,54.46,48.06,122.05,62.4,1.0
Ciência da Computação (Bacharelado),Darcy Ribeiro,Diurno,EP_R2_NPPIQ,1,118.29,118.29,118.29,118.29,118.29,118.29,118.29,0.0,0.0,57.25,Moderada,0.0,0.0,0.0,0.0,0.0
Ciência da Computação (Bacharelado),Darcy Ribeiro,Diurno,EP_R2_NPPIQ_PCD,1,42.86,42.86,42.86,42.86,42.86,42.86,42.86,0.0,0.0,57.25,Moderada,0.0,0.0,0.0,0.0,0.0
Ciência da Computação (Bacharelado),Darcy Ribeiro,Diurno,EP_R2_NPPI_PCD,1,-10.52,-10.52,-10.52,-10.52,-10.52,-10.52,-10.52,0.0,0.0,57.25,Moderada,0.0,0.0,0.0,0.0,0.0
Ciência da Computação (Bacharelado),Darcy Ribeiro,Diurno,EP_R2_PPI,5,12.34,-12.09,24.25,29.63,-12.09,53.97,7.13,-17.11,19.22,34.68,Baixa,104.07,25.24,66.06,40.2,1.0
Ciência da Computação (Bacharelado),Darcy Ribeiro,Diurno,EP_R2_PPIQ,1,48.88,48.88,48.88,48.88,48.88,48.88,48.88,0.0,0.0,57.25,Moderada,0.0,0.0,0.0,0.0,0.0
Ciência da Computação (Bacharelado),Darcy Ribeiro,Diurno,EP_R2_PPI_PCD,1,-13.05,-13.05,-13.05,-13.05,-13.05,-13.05,-13.05,0.0,0.0,57.25,Moderada,0.0,0.0,0.0,0.0,0.0
Ciências Ambientais (Bacharelado),Darcy Ribeiro,Noturno,AC,5,-86.73,-60.71,-70.23,-63.62,-88.63,-51.44,-57.72,12.5,2.99,45.17,Moderada,-23.6,16.57,37.19,28.64,3.0
Ciências Ambientais (Bacharelado),Darcy Ribeiro,Noturno,CN,4,-35.35,-39.99,-32.33,-36.65,-39.99,-16.03,-40.24,-7.91,-0.25,52.97,Moderada,-34.12,11.03,23.96,20.62,1.0
Ciências Ambientais (Bacharelado),Darcy Ribeiro,Noturno,EP_R1_NPPI,1,-6.83,-6.83,-6.83,-6.83,-6.83,-6.83,-6.83,0.0,0.0,57.25,Moderada,0.0,0.0,0.0,0.0,0.0
Ciências Ambientais (Bacharelado),Darcy Ribeiro,Noturno,EP_R2_NPPI,3,-49.6,-29.41,-10.99,-29.41,-49.6,46.05,-5.32,5.67,24.1,38.35,Baixa,-458.81,50.42,95.65,120.99,1.0
Ciências Ambientais (Bacharelado),Darcy Ribeiro,Noturno,EP_R2_PPI,4,-59.99,-51.52,-38.6,-39.35,-59.99,-15.69,-43.35,-4.76,8.17,48.07,Moderada,-53.52,20.65,44.3,36.49,1.0
Ciências Contábeis (Bacharelado),Darcy Ribeiro,Diurno,AC,6,-77.99,17.85,-21.98,8.72,-102.26,17.85,-6.82,15.16,-24.67,39.07,Baixa,-243.37,53.5,120.11,92.45,4.0
Ciências Contábeis (Bacharelado),Darcy Ribeiro,Diurno,CN,5,5.87,-0.63,-4.82,-0.63,-30.28,25.61,-3.84,0.98,-3.22,46.12,Moderada,-475.19,22.92,55.89,50.1,3.0
Ciências Contábeis (Bacharelado),Darcy Ribeiro,Diurno,EP_R1_NPPI,3,-33.95,-49.3,-39.73,-35.94,-49.3,-33.95,-48.57,-8.84,0.73,58.84,Moderada,-21.02,8.35,15.35,8.05,0.0
Ciências Contábeis (Bacharelado),Darcy Ribeiro,Diurno,EP_R1_NPPIQ,1,-24.06,-24.06,-24.06,-24.06,-24.06,-24.06,-24.06,0.0,0.0,57.25,Moderada,0.0,0.0,0.0,0.0,0.0
Ciências Contábeis (Bacharelado),Darcy Ribeiro,Diurno,EP_R1_PPI,2,-45.2,-59.86,-52.53,-52.53,-59.86,-45.2,-65.96,-13.44,-6.11,61.61,Alta,-19.73,10.36,14.66,0.0,0.0
Ciências Contábeis (Bacharelado),Darcy Ribeiro,Diurno,EP_R2_NPPI,4,-26.02,-75.96,-45.56,-40.12,-75.96,-26.02,-73.36,-27.8,2.61,59.05,Moderada,-50.18,22.86,49.94,11.29,0.0
Ciências Contábeis (Bacharelado),Darcy Ribeiro,Diurno,EP_R2_NPPIQ,1,-50.33,-50.33,-50.33,-50.33,-50.33,-50.33,-50.33,0.0,0.0,57.25,Moderada,0.0,0.0,0.0,0.0,0.0
Ciências Contábeis (Bacharelado),Darcy Ribeiro,Diurno,EP_R2_PPI,3,-43.27,-21.69,-34.24,-37.76,-43.27,-21.69,-21.98,12.26,-0.29,59.49,Moderada,-32.75,11.22,21.58,7.48,0.0
Ciências Contábeis (Bacharelado),Darcy Ribeiro,Diurno,EP_R2_PPIQ,1,-81.15,-81.15,-81.15,-81.15,-81.15,-81.15,-81.15,0.0,0.0,57.25,Moderada,0.0,0.0,0.0,0.0,0.0
Ciências Contábeis (Bacharelado),Darcy Ribeiro,Noturno,AC,5,-71.3,-27.79,-50.11,-62.18,-71.3,-20.05,-35.6,14.5,-7.82,44.69,Moderada,-48.49,24.3,51.25,43.57,2.0
Ciências Contábeis (Bacharelado),Darcy Ribeiro,Noturno,CN,3,-2.47,-40.83,-37.84,-40.83,-70.2,-2.47,-51.74,-13.9,-10.9,38.85,Baixa,-89.78,33.97,67.74,68.67,1.0
Ciências Contábeis (Bacharelado),Darcy Ribeiro,Noturno,EP_R1_NPPI,3,-54.03,-54.97,-57.05,-54.97,-62.15,-54.03,-55.81,1.24,-0.85,50.99,Moderada,-7.79,4.44,8.12,10.83,1.0
Ciências Contábeis (Bacharelado),Darcy Ribeiro,Noturno,EP_R1_PPI,2,-50.72,1.49,-24.62,-24.62,-50.72,1.49,23.25,47.86,21.76,62.32,Alta,-149.99,36.92,52.21,0.0,0.0
Ciências Contábeis (Bacharelado),Darcy Ribeiro,Noturno,EP_R2_NPPI,3,-68.68,-60.65,-68.45,-68.68,-76.04,-60.65,-61.21,7.25,-0.56,49.63,Moderada,-11.24,7.7,15.39,16.08,1.0
Ciências Contábeis (Bacharelado),Darcy Ribeiro,Noturno,EP_R2_NPPIQ,1,-36.71,-36.71,-36.71,-36.71,-36.71,-36.71,-36.71,0.0,0.0,57.25,Moderada,0.0,0.0,0.0,0.0,0.0
Ciências Contábeis (Bacharelado),Darcy Ribeiro,Noturno,EP_R2_PPI,4,-37.93,-29.32,-43.37,-45.12,-53.94,-29.32,-34.58,8.79,-5.26,52.37,Moderada,-27.23,11.81,24.62,19.88,1.0
Ciências Contábeis (Bacharelado),Darcy Ribeiro,Noturno,EP_R2_PPIQ,1,-72.81,-72.81,-72.81,-72.81,-72.81,-72.81,-72.81,0.0,0.0,57.25,Moderada,0.0,0.0,0.0,0.0,0.0
Ciências Econômicas (Bacharelado),Darcy Ribeiro,Diurno,AC,6,39.61,98.04,79.39,91.4,39.61,105.6,91.94,12.55,-6.09,30.64,Baixa,34.5,27.39,65.99,43.65,4.0
Ciências Econômicas (Bacharelado),Darcy Ribeiro,Diurno,CN,6,52.18,83.43,45.16,45.44,13.26,83.43,66.86,21.7,-16.57,30.29,Baixa,59.61,26.92,70.17,45.31,3.0
Ciências Econômicas (Bacharelado),Darcy Ribeiro,Diurno,EP_R1_NPPI,5,-19.71,-56.63,-34.66,-37.55,-60.91,1.52,-50.0,-15.34,6.64,43.77,Moderada,-75.14,26.04,62.43,48.8,2.0
Ciências Econômicas (Bacharelado),Darcy Ribeiro,Diurno,EP_R1_NPPIQ,1,-30.93,-30.93,-30.93,-30.93,-30.93,-30.93,-30.93,0.0,0.0,57.25,Moderada,0.0,0.0,0.0,0.0,0.0
Ciências Econômicas (Bacharelado),Darcy Ribeiro,Diurno,EP_R1_PPI,3,-31.96,-10.9,-22.82,-25.59,-31.96,-10.9,-8.08,14.74,2.82,61.22,Alta,-47.34,10.8,21.06,5.88,0.0
Ciências Econômicas (Bacharelado),Darcy Ribeiro,Diurno,EP_R2_NPPI,5,-31.16,-64.26,3.01,-8.93,-64.26,74.42,-43.22,-46.23,21.04,25.33,Baixa,1870.6,56.34,138.68,73.93,1.0
Ciências Econômicas (Bacharelado),Darcy Ribeiro,Diurno,EP_R2_NPPIQ,1,18.82,18.82,18.82,18.82,18.82,18.82,18.82,0.0,0.0,57.25,Moderada,0.0,0.0,0.0,0.0,0.0
Ciências Econômicas (Bacharelado),Darcy Ribeiro,Diurno,EP_R2_PPI,4,-48.68,-37.25,-37.67,-39.01,-48.68,-23.99,-31.61,6.07,5.65,53.23,Moderada,-27.33,10.3,24.69,15.44,1.0
Ciências Econômicas (Bacharelado),Darcy Ribeiro,Diurno,EP_R2_PPIQ,1,-17.7,-17.7,-17.7,-17.7,-17.7,-17.7,-17.7,0.0,0.0,57.25,Moderada,0.0,0.0,0.0,0.0,0.0
Ciências Naturais (Licenciatura),Planaltina,Diurno,AC,5,-78.58,-78.39,-79.82,-78.58,-85.5,-71.51,-79.14,0.68,-0.75,50.36,Moderada,-7.22,5.76,13.99,12.57,3.0
Ciências Naturais (Licenciatura),Planaltina,Diurno,EP_R1_PPI,2,-19.53,-49.69,-34.61,-34.61,-49.69,-19.53,-62.26,-27.64,-12.57,63.21,Alta,-61.61,21.32,30.16,0.0,0.0
Ciências Naturais (Licenciatura),Planaltina,Diurno,EP_R2_PPI,2,-38.14,-36.56,-37.35,-37.35,-38.14,-36.56,-36.3,1.06,0.26,61.61,Alta,-3.0,1.12,1.58,0.0,0.0
Ciências Naturais (Licenciatura),Planaltina,Noturno,AC,3,-76.85,-52.22,-63.86,-62.53,-76.85,-52.22,-47.78,16.09,4.44,57.92,Moderada,-19.37,12.37,24.64,2.84,0.0
Ciências Naturais (Licenciatura),Planaltina,Noturno,CN,1,-90.2,-90.2,-90.2,-90.2,-90.2,-90.2,-90.2,0.0,0.0,57.25,Moderada,0.0,0.0,0.0,0.0,0.0
Ciências Naturais (Licenciatura),Planaltina,Noturno,EP_R2_PPI,1,-37.16,-37.16,-37.16,-37.16,-37.16,-37.16,-37.16,0.0,0.0,57.25,Moderada,0.0,0.0,0.0,0.0,0.0
Ciências Sociais – Antropologia/ Sociologia (Bacharelado/Licenciatura),Darcy Ribeiro,Diurno,AC,5,-73.44,-15.53,-16.42,-7.67,-73.44,11.53,-4.89,11.53,10.64,41.69,Moderada,-204.03,33.5,84.98,49.02,3.0
Ciências Sociais – Antropologia/ Sociologia (Bacharelado/Licenciatura),Darcy Ribeiro,Diurno,CN,5,-2.42,-34.92,-17.39,-9.21,-40.83,0.43,-34.33,-16.93,0.6,49.08,Moderada,-110.05,19.14,41.26,32.18,3.0
Ciências Sociais – Antropologia/ Sociologia (Bacharelado/Licenciatura),Darcy Ribeiro,Diurno,EP_R1_NPPI,4,-58.84,-65.3,-55.38,-61.89,-65.3,-32.43,-66.33,-10.95,-1.03,48.96,Moderada,-28.14,15.58,32.87,29.5,1.0
Ciências Sociais – Antropologia/ Sociologia (Bacharelado/Licenciatura),Darcy Ribeiro,Diurno,EP_R1_NPPIQ,1,-30.93,-30.93,-30.93,-30.93,-30.93,-30.93,-30.93,0.0,0.0,57.25,Moderada,0.0,0.0,0.0,0.0,0.0
Ciências Sociais – Antropologia/ Sociologia (Bacharelado/Licenciatura),Darcy Ribeiro,Diurno,EP_R1_PPI,4,-79.62,-61.2,-55.54,-53.51,-79.62,-35.5,-53.74,1.79,7.45,47.18,Moderada,-34.61,19.22,44.12,32.99,1.0
Ciências Sociais – Antropologia/ Sociologia (Bacharelado/Licenciatura),Darcy Ribeiro,Diurno,EP_R2_NPPI,4,-34.49,-37.62,-37.97,-36.06,-51.12,-28.66,-35.7,2.27,1.92,48.11,Moderada,-25.06,9.52,22.45,20.7,2.0
Ciências Sociais – Antropologia/ Sociologia (Bacharelado/Licenciatura),Darcy Ribeiro,Diurno,EP_R2_NPPIQ,1,-91.42,-91.42,-91.42,-91.42,-91.42,-91.42,-91.42,0.0,0.0,57.25,Moderada,0.0,0.0,0.0,0.0,0.0
Ciências Sociais – Antropologia/ Sociologia (Bacharelado/Licenciatura),Darcy Ribeiro,Diurno,EP_R2_NPPIQ_PCD,1,-32.2,-32.2,-32.2,-32.2,-32.2,-32.2,-32.2,0.0,0.0,57.25,Moderada,0.0,0.0,0.0,0.0,0.0
Ciências Sociais – Antropologia/ Sociologia (Bacharelado/Licenciatura),Darcy Ribeiro,Diurno,EP_R2_PPI,4,-62.08,-57.6,-67.77,-66.29,-80.88,-57.6,-63.22,4.54,-5.62,51.58,Moderada,-15.13,10.25,23.28,18.9,1.0
Ciências Sociais – Antropologia/ Sociologia (Bacharelado/Licenciatura),Darcy Ribeiro,Diurno,EP_R2_PPIQ,1,-70.92,-70.92,-70.92,-70.92,-70.92,-70.92,-70.92,0.0,0.0,57.25,Moderada,0.0,0.0,0.0,0.0,0.0
Computação (Licenciatura),Darcy Ribeiro,Noturno,AC,6,-96.33,-22.18,-45.56,-24.34,-105.03,-2.43,-37.78,7.77,-15.6,41.22,Moderada,-95.66,43.58,102.6,68.09,2.0
Computação (Licenciatura),Darcy Ribeiro,Noturno,CN,4,-3.31,-23.78,-13.76,-13.55,-63.59,35.66,-14.78,-1.02,9.01,37.2,Baixa,-300.76,41.37,99.25,91.86,2.0
Computação (Licenciatura),Darcy Ribeiro,Noturno,EP_R1_NPPI,1,-65.74,-65.74,-65.74,-65.74,-65.74,-65.74,-65.74,0.0,0.0,57.25,Moderada,0.0,0.0,0.0,0.0,0.0
Computação (Licenciatura),Darcy Ribeiro,Noturno,EP_R1_PPI,4,36.58,-5.52,-24.85,-27.44,-81.1,36.58,-24.94,-0.09,-19.42,39.9,Baixa,-206.66,51.35,117.67,89.96,1.0
Computação (Licenciatura),Darcy Ribeiro,Noturno,EP_R2_NPPI,4,-28.68,-50.8,-39.24,-39.74,-57.12,-20.34,-46.3,-7.06,4.5,44.29,Moderada,-44.69,17.53,36.78,38.26,2.0
Computação (Licenciatura),Darcy Ribeiro,Noturno,EP_R2_NPPIQ,1,-44.04,-44.04,-44.04,-44.04,-44.04,-44.04,-44.04,0.0,0.0,57.25,Moderada,0.0,0.0,0.0,0.0,0.0
Computação (Licenciatura),Darcy Ribeiro,Noturno,EP_R2_NPPI_PCD,1,18.87,18.87,18.87,18.87,18.87,18.87,18.87,0.0,0.0,57.25,Moderada,0.0,0.0,0.0,0.0,0.0
Computação (Licenciatura),Darcy Ribeiro,Noturno,EP_R2_PPI,2,-51.23,-85.35,-68.29,-68.29,-85.35,-51.23,-99.56,-31.27,-14.22,60.67,Alta,-35.33,24.12,34.12,0.0,0.0
Comunicação Organizacional (Bacharelado),Darcy Ribeiro,Noturno,AC,6,-60.88,8.45,-36.42,-25.15,-98.3,8.45,-19.18,17.24,-27.63,41.72,Moderada,-103.25,37.6,106.75,65.76,2.0
Comunicação Organizacional (Bacharelado),Darcy Ribeiro,Noturno,CN,5,-41.51,-4.35,-21.93,-9.15,-78.07,23.43,3.62,25.55,7.97,38.53,Baixa,-177.55,38.94,101.5,64.23,3.0
Comunicação Organizacional (Bacharelado),Darcy Ribeiro,Noturno,EP_R2_NPPI,4,-24.72,-56.79,-41.93,-43.1,-56.79,-24.72,-56.92,-14.99,-0.13,47.72,Moderada,-33.68,14.12,32.07,20.23,2.0
Comunicação Organizacional (Bacharelado),Darcy Ribeiro,Noturno,EP_R2_NPPIQ,1,-83.24,-83.24,-83.24,-83.24,-83.24,-83.24,-83.24,0.0,0.0,57.25,Moderada,0.0,0.0,0.0,0.0,0.0
Comunicação Organizacional (Bacharelado),Darcy Ribeiro,Noturno,EP_R2_PPI,2,-76.57,-46.61,-61.59,-61.59,-76.57,-46.61,-34.12,27.47,12.48,61.27,Alta,-34.4,21.19,29.96,0.0,0.0
Comunicação Organizacional (Bacharelado),Darcy Ribeiro,Noturno,EP_R2_PPIQ,1,-49.54,-49.54,-49.54,-49.54,-49.54,-49.54,-49.54,0.0,0.0,57.25,Moderada,0.0,0.0,0.0,0.0,0.0
Comunicação Social - Publicidade e Propaganda (Bacharelado),Darcy Ribeiro,Diurno,AC,6,42.88,56.96,58.32,59.72,40.41,77.92,54.62,-3.71,-2.35,38.6,Baixa,25.23,14.72,37.51,25.4,4.0
Comunicação Social - Publicidade e Propaganda (Bacharelado),Darcy Ribeiro,Diurno,CN,6,39.16,44.42,33.94,41.79,-45.96,66.56,23.62,-10.32,-20.8,23.56,Baixa,121.43,41.21,112.52,73.59,3.0
Comunicação Social - Publicidade e Propaganda (Bacharelado),Darcy Ribeiro,Diurno,EP_R1_NPPI,4,-49.87,28.91,-10.93,-11.38,-49.87,28.91,27.32,38.25,-1.58,41.88,Moderada,-316.47,34.6,78.78,49.78,2.0
Comunicação Social - Publicidade e Propaganda (Bacharelado),Darcy Ribeiro,Diurno,EP_R1_NPPIQ,1,-29.33,-29.33,-29.33,-29.33,-29.33,-29.33,-29.33,0.0,0.0,57.25,Moderada,0.0,0.0,0.0,0.0,0.0
Comunicação Social - Publicidade e Propaganda (Bacharelado),Darcy Ribeiro,Diurno,EP_R1_PPI,4,-43.64,-11.44,-16.37,-11.47,-43.64,1.11,-5.82,10.55,5.62,47.72,Moderada,-116.83,19.12,44.75,30.13,2.0
Comunicação Social - Publicidade e Propaganda (Bacharelado),Darcy Ribeiro,Diurno,EP_R2_NPPI,5,-27.14,-39.67,16.7,22.82,-39.67,73.45,-15.71,-32.41,23.96,27.03,Baixa,295.6,49.38,113.11,66.82,1.0
Comunicação Social - Publicidade e Propaganda (Bacharelado),Darcy Ribeiro,Diurno,EP_R2_NPPIQ,1,50.59,50.59,50.59,50.59,50.59,50.59,50.59,0.0,0.0,57.25,Moderada,0.0,0.0,0.0,0.0,0.0
Comunicação Social - Publicidade e Propaganda (Bacharelado),Darcy Ribeiro,Diurno,EP_R2_PPI,4,-26.23,-74.58,-20.72,-11.63,-74.58,14.96,-61.71,-40.99,12.87,42.98,Moderada,-192.35,39.85,89.53,59.48,1.0
Comunicação Social - Publicidade e Propaganda (Bacharelado),Darcy Ribeiro,Diurno,EP_R2_PPIQ,1,-41.46,-41.46,-41.46,-41.46,-41.46,-41.46,-41.46,0.0,0.0,57.25,Moderada,0.0,0.0,0.0,0.0,0.0
Comunicação Social – Audiovisual (Bacharelado),Darcy Ribeiro,Diurno,AC,6,47.99,69.43,62.08,64.29,39.97,86.51,63.41,1.33,-6.02,40.04,Moderada,26.45,16.42,46.54,25.58,2.0
Comunicação Social – Audiovisual (Bacharelado),Darcy Ribeiro,Diurno,CN,6,-49.16,-55.67,-8.32,1.48,-55.67,48.63,-35.24,-26.92,20.43,42.67,Moderada,-465.02,38.69,104.31,61.69,3.0
Comunicação Social – Audiovisual (Bacharelado),Darcy Ribeiro,Diurno,EP_R1_NPPI,2,7.66,-34.13,-13.23,-13.23,-34.13,7.66,-51.54,-38.3,-17.41,65.28,Alta,-223.27,29.55,41.79,0.0,0.0
Comunicação Social – Audiovisual (Bacharelado),Darcy Ribeiro,Diurno,EP_R1_PPI,3,-40.09,-17.0,-31.15,-36.36,-40.09,-17.0,-14.46,16.69,2.54,59.57,Moderada,-39.78,12.39,23.09,11.06,0.0
Comunicação Social – Audiovisual (Bacharelado),Darcy Ribeiro,Diurno,EP_R2_NPPI,5,-30.98,-42.03,-18.19,-15.58,-42.03,5.23,-32.5,-14.31,9.53,55.46,Moderada,-102.88,18.71,47.26,24.59,1.0
Comunicação Social – Audiovisual (Bacharelado),Darcy Ribeiro,Diurno,EP_R2_NPPIQ,1,41.98,41.98,41.98,41.98,41.98,41.98,41.98,0.0,0.0,57.25,Moderada,0.0,0.0,0.0,0.0,0.0
Comunicação Social – Audiovisual (Bacharelado),Darcy Ribeiro,Diurno,EP_R2_PPI,3,-27.24,-63.88,-39.84,-28.4,-63.88,-27.24,-67.13,-27.29,-3.25,56.11,Moderada,-52.29,20.83,36.65,24.27,0.0
Comunicação Social – Audiovisual (Bacharelado),Darcy Ribeiro,Diurno,EP_R2_PPIQ,1,-32.3,-32.3,-32.3,-32.3,-32.3,-32.3,-32.3,0.0,0.0,57.25,Moderada,0.0,0.0,0.0,0.0,0.0
Comunicação Social – Audiovisual (Bacharelado),Darcy Ribeiro,Diurno,EP_R2_PPI_PCD,1,-6.39,-6.39,-6.39,-6.39,-6.39,-6.39,-6.39,0.0,0.0,57.25,Moderada,0.0,0.0,0.0,0.0,0.0
Design – Programação Visual/Projeto do Produto (Bacharelado),Darcy Ribeiro,Diurno,AC,6,79.75,87.41,75.55,78.81,54.84,87.41,76.92,1.37,-10.49,44.31,Moderada,14.87,11.23,32.57,18.71,2.0
Design – Programação Visual/Projeto do Produto (Bacharelado),Darcy Ribeiro,Diurno,CN,6,6.63,3.14,8.05,15.33,-82.23,61.42,-13.2,-21.24,-16.33,23.76,Baixa,609.43,49.03,143.65,85.19,2.0
Design – Programação Visual/Projeto do Produto (Bacharelado),Darcy Ribeiro,Diurno,EP_R1_NPPI,5,-13.6,-63.94,-17.61,-13.6,-63.94,38.43,-43.5,-25.89,20.43,41.31,Moderada,-225.14,39.65,102.36,65.49,2.0
Design – Programação Visual/Projeto do Produto (Bacharelado),Darcy Ribeiro,Diurno,EP_R1_NPPIQ,1,-55.24,-55.24,-55.24,-55.24,-55.24,-55.24,-55.24,0.0,0.0,57.25,Moderada,0.0,0.0,0.0,0.0,0.0
Design – Programação Visual/Projeto do Produto (Bacharelado),Darcy Ribeiro,Diurno,EP_R1_PPI,4,-36.33,-10.38,-25.66,-27.97,-36.33,-10.38,-9.77,15.89,0.61,63.4,Alta,-43.83,11.25,25.96,4.96,0.0
Design – Programação Visual/Projeto do Produto (Bacharelado),Darcy Ribeiro,Diurno,EP_R2_NPPI,1,26.07,26.07,26.07,26.07,26.07,26.07,26.07,0.0,0.0,57.25,Moderada,0.0,0.0,0.0,0.0,0.0
Design – Programação Visual/Projeto do Produto (Bacharelado),Darcy Ribeiro,Diurno,EP_R2_PPI,5,-22.49,-61.29,-16.51,-22.49,-61.29,47.46,-58.01,-41.5,3.29,46.25,Moderada,-242.82,40.1,108.76,55.86,1.0
Design – Programação Visual/Projeto do Produto (Bacharelado),Darcy Ribeiro,Diurno,EP_R2_PPIQ,1,-44.32,-44.32,-44.32,-44.32,-44.32,-44.32,-44.32,0.0,0.0,57.25,Moderada,0.0,0.0,0.0,0.0,0.0
Direito (Bacharelado),Darcy Ribeiro,Diurno,AC,5,101.83,137.49,119.53,120.42,101.83,137.49,132.06,12.53,-5.43,40.48,Moderada,12.39,14.81,35.66,22.98,2.0
Direito (Bacharelado),Darcy Ribeiro,Diurno,CN,6,67.81,85.36,74.68,71.43,50.94,101.12,76.66,1.98,-8.7,39.05,Baixa,22.76,17.0,50.18,28.77,2.0
Direito (Bacharelado),Darcy Ribeiro,Diurno,EP_R1_NPPI,5,35.04,1.72,27.64,28.51,1.72,44.67,8.28,-19.37,6.56,39.27,Baixa,57.71,15.95,42.96,18.4,2.0
Direito (Bacharelado),Darcy Ribeiro,Diurno,EP_R1_NPPIQ,1,14.58,14.58,14.58,14.58,14.58,14.58,14.58,0.0,0.0,57.25,Moderada,0.0,0.0,0.0,0.0,0.0
Direito (Bacharelado),Darcy Ribeiro,Diurno,EP_R1_NPPI_PCD,1,-22.95,-22.95,-22.95,-22.95,-22.95,-22.95,-22.95,0.0,0.0,57.25,Moderada,0.0,0.0,0.0,0.0,0.0
Direito (Bacharelado),Darcy Ribeiro,Diurno,EP_R1_PPI,5,-16.82,-25.54,-3.18,1.03,-25.54,19.39,-11.55,-8.37,14.0,57.92,Moderada,-566.57,18.02,44.94,28.99,1.0
Direito (Bacharelado),Darcy Ribeiro,Diurno,EP_R1_PPIQ,1,-87.77,-87.77,-87.77,-87.77,-87.77,-87.77,-87.77,0.0,0.0,57.25,Moderada,0.0,0.0,0.0,0.0,0.0
Direito (Bacharelado),Darcy Ribeiro,Diurno,EP_R1_PPI_PCD,1,-15.08,-15.08,-15.08,-15.08,-15.08,-15.08,-15.08,0.0,0.0,57.25,Moderada,0.0,0.0,0.0,0.0,0.0
Direito (Bacharelado),Darcy Ribeiro,Diurno,EP_R2_NPPI,4,26.2,87.93,77.34,91.28,26.2,100.6,102.31,24.97,14.38,30.77,Baixa,44.59,34.48,74.4,42.47,1.0
Direito (Bacharelado),Darcy Ribeiro,Diurno,EP_R2_NPPIQ,1,123.84,123.84,123.84,123.84,123.84,123.84,123.84,0.0,0.0,57.25,Moderada,0.0,0.0,0.0,0.0,0.0
Direito (Bacharelado),Darcy Ribeiro,Diurno,EP_R2_NPPIQ_PCD,1,27.53,27.53,27.53,27.53,27.53,27.53,27.53,0.0,0.0,57.25,Moderada,0.0,0.0,0.0,0.0,0.0
Direito (Bacharelado),Darcy Ribeiro,Diurno,EP_R2_PPI,5,16.33,19.2,32.08,31.73,16.33,48.71,24.53,-7.55,5.33,44.44,Moderada,45.25,14.51,32.38,21.47,1.0
Direito (Bacharelado),Darcy Ribeiro,Diurno,EP_R2_PPIQ,1,61.18,61.18,61.18,61.18,61.18,61.18,61.18,0.0,0.0,57.25,Moderada,0.0,0.0,0.0,0.0,0.0
Direito (Bacharelado),Darcy Ribeiro,Noturno,AC,6,56.84,104.75,83.78,81.78,56.84,104.75,102.17,18.39,-2.58,41.04,Moderada,21.31,17.85,47.91,20.84,2.0
Direito (Bacharelado),Darcy Ribeiro,Noturno,CN,6,54.94,80.94,53.29,53.92,30.06,80.94,67.31,14.02,-13.63,34.79,Baixa,36.18,19.28,50.88,36.18,3.0
Direito (Bacharelado),Darcy Ribeiro,Noturno,EP_R1_NPPI,5,-30.89,-23.73,1.6,12.3,-30.89,26.66,-4.84,-6.44,18.89,34.65,Baixa,1692.46,27.04,57.55,38.86,1.0
Direito (Bacharelado),Darcy Ribeiro,Noturno,EP_R1_NPPIQ,1,-26.94,-26.94,-26.94,-26.94,-26.94,-26.94,-26.94,0.0,0.0,57.25,Moderada,0.0,0.0,0.0,0.0,0.0
Direito (Bacharelado),Darcy Ribeiro,Noturno,EP_R1_PPI,4,-26.84,-5.48,-11.53,-10.8,-26.84,2.33,-4.67,6.86,0.81,51.62,Moderada,-110.2,12.7,29.17,24.0,2.0
Direito (Bacharelado),Darcy Ribeiro,Noturno,EP_R1_PPIQ,1,-40.66,-40.66,-40.66,-40.66,-40.66,-40.66,-40.66,0.0,0.0,57.25,Moderada,0.0,0.0,0.0,0.0,0.0
Direito (Bacharelado),Darcy Ribeiro,Noturno,EP_R2_NPPI,5,20.26,34.63,48.67,54.37,20.26,74.14,49.78,1.11,15.15,38.79,Baixa,43.74,21.29,53.88,31.12,1.0
Direito (Bacharelado),Darcy Ribeiro,Noturno,EP_R2_NPPIQ,1,92.18,92.18,92.18,92.18,92.18,92.18,92.18,0.0,0.0,57.25,Moderada,0.0,0.0,0.0,0.0,0.0
Direito (Bacharelado),Darcy Ribeiro,Noturno,EP_R2_PPI,5,-10.4,-54.3,-1.25,-10.4,-54.3,38.28,-42.78,-41.53,11.52,50.07,Moderada,-2991.75,37.36,92.58,43.1,1.0
Direito (Bacharelado),Darcy Ribeiro,Noturno,EP_R2_PPIQ,1,31.88,31.88,31.88,31.88,31.88,31.88,31.88,0.0,0.0,57.25,Moderada,0.0,0.0,0.0,0.0,0.0
Educação Física (Bacharelado),Darcy Ribeiro,Diurno,AC,4,-33.05,15.8,0.64,9.9,-33.05,15.8,23.16,22.52,7.35,43.29,Moderada,3541.6,22.67,48.85,21.76,0.0
Educação Física (Bacharelado),Darcy Ribeiro,Diurno,CN,4,-14.7,32.15,6.54,4.34,-14.7,32.15,35.93,29.4,3.78,46.42,Moderada,329.63,21.54,46.85,8.11,0.0
Educação Física (Bacharelado),Darcy Ribeiro,Diurno,EP_R1_NPPI,4,-22.54,-32.42,-34.36,-30.24,-54.43,-22.54,-32.95,1.41,-0.53,46.44,Moderada,-40.67,13.98,31.89,29.14,2.0
Educação Física (Bacharelado),Darcy Ribeiro,Diurno,EP_R1_PPI,4,-25.05,-62.95,-43.16,-42.32,-62.95,-25.05,-67.16,-24.0,-4.21,60.68,Alta,-42.31,18.26,37.9,9.67,0.0
Educação Física (Bacharelado),Darcy Ribeiro,Diurno,EP_R2_NPPI,4,-84.57,9.38,-24.54,-11.49,-84.57,9.38,15.06,39.6,5.68,37.88,Baixa,-178.6,43.83,93.96,64.31,2.0
Educação Física (Bacharelado),Darcy Ribeiro,Diurno,EP_R2_PPI,4,-94.32,-24.98,-49.06,-38.47,-94.32,-24.98,-17.11,31.95,7.87,41.72,Moderada,-62.94,30.88,69.34,31.63,2.0
Educação Física (Licenciatura),Darcy Ribeiro,Diurno,AC,4,-64.1,-13.22,-27.17,-17.24,-64.1,-10.11,-3.46,23.71,9.76,50.64,Moderada,-92.24,25.06,53.98,23.52,1.0
Educação Física (Licenciatura),Darcy Ribeiro,Diurno,CN,4,-20.63,20.09,-5.44,-10.6,-20.63,20.09,20.91,26.35,0.83,65.94,Alta,-345.3,18.77,40.71,10.47,0.0
Educação Física (Licenciatura),Darcy Ribeiro,Diurno,EP_R1_NPPI,4,-43.23,-50.6,-60.01,-52.24,-92.36,-43.23,-63.38,-3.36,-12.77,44.9,Moderada,-36.68,22.02,49.13,40.74,1.0
Educação Física (Licenciatura),Darcy Ribeiro,Diurno,EP_R1_PPI,4,-101.25,-52.01,-70.71,-64.79,-101.25,-52.01,-44.48,26.23,7.54,57.46,Moderada,-31.72,22.43,49.24,11.89,0.0
Educação Física (Licenciatura),Darcy Ribeiro,Diurno,EP_R2_NPPI,4,-70.76,-16.34,-30.86,-19.11,-70.76,-14.46,-6.3,24.56,10.04,49.35,Moderada,-86.79,26.78,56.3,27.02,1.0
Educação Física (Licenciatura),Darcy Ribeiro,Diurno,EP_R2_PPI,4,-91.27,-72.47,-63.98,-71.47,-91.27,-21.73,-68.63,-4.64,3.84,40.66,Moderada,-46.4,29.69,69.54,59.57,1.0
Educação Física Ciclo Básico (Bacharelado/Licenciatura),Darcy Ribeiro,Diurno,AC,2,-27.05,1.61,-12.72,-12.72,-27.05,1.61,13.55,26.27,11.94,66.56,Alta,-159.31,20.27,28.66,0.0,0.0
Educação Física Ciclo Básico (Bacharelado/Licenciatura),Darcy Ribeiro,Diurno,CN,2,-34.59,-19.32,-26.96,-26.96,-34.59,-19.32,-12.96,14.0,6.36,63.68,Alta,-40.06,10.8,15.27,0.0,0.0
Educação Física Ciclo Básico (Bacharelado/Licenciatura),Darcy Ribeiro,Diurno,EP_R1_NPPIQ,1,-69.59,-69.59,-69.59,-69.59,-69.59,-69.59,-69.59,0.0,0.0,57.25,Moderada,0.0,0.0,0.0,0.0,0.0
Educação Física Ciclo Básico (Bacharelado/Licenciatura),Darcy Ribeiro,Diurno,EP_R2_NPPI,1,-72.6,-72.6,-72.6,-72.6,-72.6,-72.6,-72.6,0.0,0.0,57.25,Moderada,0.0,0.0,0.0,0.0,0.0
Educação Física Ciclo Básico (Bacharelado/Licenciatura),Darcy Ribeiro,Diurno,EP_R2_NPPIQ,1,-16.97,-16.97,-16.97,-16.97,-16.97,-16.97,-16.97,0.0,0.0,57.25,Moderada,0.0,0.0,0.0,0.0,0.0
Educação Física Ciclo Básico (Bacharelado/Licenciatura),Darcy Ribeiro,Diurno,EP_R2_PPIQ,1,-86.27,-86.27,-86.27,-86.27,-86.27,-86.27,-86.27,0.0,0.0,57.25,Moderada,0.0,0.0,0.0,0.0,0.0
Enfermagem (Bacharelado),Ceilândia,Diurno,AC,6,9.2,28.04,22.71,27.24,2.38,40.2,24.68,1.96,-3.37,41.09,Moderada,62.18,14.12,37.82,24.66,2.0
Enfermagem (Bacharelado),Ceilândia,Diurno,CN,6,6.02,22.7,7.34,13.26,-45.03,36.97,1.65,-5.69,-21.05,29.73,Baixa,387.76,28.47,82.0,45.74,2.0
Enfermagem (Bacharelado),Ceilândia,Diurno,EP_R1_NPPI,5,-16.36,-49.85,-11.2,-8.71,-49.85,14.13,-36.94,-25.73,12.92,45.91,Moderada,-219.7,24.62,63.98,38.02,3.0
Enfermagem (Bacharelado),Ceilândia,Diurno,EP_R1_NPPIQ,1,-46.84,-46.84,-46.84,-46.84,-46.84,-46.84,-46.84,0.0,0.0,57.25,Moderada,0.0,0.0,0.0,0.0,0.0
Enfermagem (Bacharelado),Ceilândia,Diurno,EP_R1_PPI,4,-50.13,-35.67,-30.5,-37.45,-50.13,3.02,-34.12,-3.62,1.55,41.67,Moderada,-75.99,23.18,53.15,47.71,2.0
Enfermagem (Bacharelado),Ceilândia,Diurno,EP_R2_NPPI,5,12.11,-16.27,7.78,12.11,-16.27,26.36,-10.12,-17.91,6.15,33.68,Baixa,220.12,17.13,42.63,29.11,3.0
Enfermagem (Bacharelado),Ceilândia,Diurno,EP_R2_NPPIQ,1,8.74,8.74,8.74,8.74,8.74,8.74,8.74,0.0,0.0,57.25,Moderada,0.0,0.0,0.0,0.0,0.0
Enfermagem (Bacharelado),Ceilândia,Diurno,EP_R2_NPPIQ_PCD,1,-43.64,-43.64,-43.64,-43.64,-43.64,-43.64,-43.64,0.0,0.0,57.25,Moderada,0.0,0.0,0.0,0.0,0.0
Enfermagem (Bacharelado),Ceilândia,Diurno,EP_R2_PPI,5,-20.51,-77.47,-35.13,-20.51,-77.47,4.95,-79.15,-44.02,-1.68,49.39,Moderada,-100.16,35.19,82.42,31.26,1.0
Enfermagem (Bacharelado),Ceilândia,Diurno,EP_R2_PPIQ,1,-46.02,-46.02,-46.02,-46.02,-46.02,-46.02,-46.02,0.0,0.0,57.25,Moderada,0.0,0.0,0.0,0.0,0.0
Enfermagem (Bacharelado),Darcy Ribeiro,Diurno,AC,6,6.73,53.83,40.66,51.21,6.73,59.66,50.3,9.64,-3.54,33.65,Baixa,52.79,21.46,52.92,33.47,4.0
Enfermagem (Bacharelado),Darcy Ribeiro,Diurno,CN,6,31.11,39.99,28.61,32.23,6.69,49.51,28.01,-0.6,-11.98,40.04,Moderada,58.16,16.64,42.83,26.74,2.0
Enfermagem (Bacharelado),Darcy Ribeiro,Diurno,EP_R1_NPPI,5,-26.56,-9.9,1.27,6.74,-26.56,26.39,-2.38,-3.65,7.52,36.33,Baixa,1588.06,20.19,52.95,33.16,1.0
Enfermagem (Bacharelado),Darcy Ribeiro,Diurno,EP_R1_NPPIQ,1,-31.52,-31.52,-31.52,-31.52,-31.52,-31.52,-31.52,0.0,0.0,57.25,Moderada,0.0,0.0,0.0,0.0,0.0
Enfermagem (Bacharelado),Darcy Ribeiro,Diurno,EP_R1_PPI,4,-58.89,-7.65,-11.16,-1.39,-58.89,17.03,8.1,19.26,15.76,46.97,Moderada,-299.1,33.38,75.93,44.43,1.0
Enfermagem (Bacharelado),Darcy Ribeiro,Diurno,EP_R2_NPPI,5,-12.54,6.01,25.18,6.01,-12.54,64.65,11.6,-13.58,5.59,27.18,Baixa,141.31,35.59,77.19,54.8,2.0
Enfermagem (Bacharelado),Darcy Ribeiro,Diurno,EP_R2_NPPIQ,1,28.88,28.88,28.88,28.88,28.88,28.88,28.88,0.0,0.0,57.25,Moderada,0.0,0.0,0.0,0.0,0.0
Enfermagem (Bacharelado),Darcy Ribeiro,Diurno,EP_R2_PPI,5,-20.18,-52.78,-12.7,-19.61,-52.78,19.77,-44.26,-31.57,8.52,52.24,Moderada,-224.48,28.5,72.55,33.55,1.0
Enfermagem (Bacharelado),Darcy Ribeiro,Diurno,EP_R2_PPIQ,1,-32.98,-32.98,-32.98,-32.98,-32.98,-32.98,-32.98,0.0,0.0,57.25,Moderada,0.0,0.0,0.0,0.0,0.0
Engenharia Ambiental (Bacharelado),Darcy Ribeiro,Diurno,AC,5,-48.91,-53.93,-13.07,-7.83,-53.93,26.95,-36.66,-23.59,17.27,40.86,Moderada,-285.67,37.33,80.88,65.51,3.0
Engenharia Ambiental (Bacharelado),Darcy Ribeiro,Diurno,CN,4,72.62,-51.19,24.71,38.7,-51.19,72.62,-42.64,-67.34,8.56,18.16,Muito baixa,238.9,59.02,123.81,94.79,2.0
Engenharia Ambiental (Bacharelado),Darcy Ribeiro,Diurno,EP_R1_NPPI,3,-15.86,-53.54,-1.4,-15.86,-53.54,65.21,-28.6,-27.2,24.94,38.06,Baixa,-4344.62,60.68,118.74,141.29,1.0
Engenharia Ambiental (Bacharelado),Darcy Ribeiro,Diurno,EP_R1_PPI,1,-72.22,-72.22,-72.22,-72.22,-72.22,-72.22,-72.22,0.0,0.0,57.25,Moderada,0.0,0.0,0.0,0.0,0.0
Engenharia Ambiental (Bacharelado),Darcy Ribeiro,Diurno,EP_R2_NPPI,3,-14.79,-58.07,-42.63,-55.04,-58.07,-14.79,-63.66,-21.03,-5.59,54.73,Moderada,-56.66,24.16,43.28,26.31,0.0
Engenharia Ambiental (Bacharelado),Darcy Ribeiro,Diurno,EP_R2_NPPIQ,1,-44.99,-44.99,-44.99,-44.99,-44.99,-44.99,-44.99,0.0,0.0,57.25,Moderada,0.0,0.0,0.0,0.0,0.0
Engenharia Ambiental (Bacharelado),Darcy Ribeiro,Diurno,EP_R2_PPI,4,-45.95,110.26,-10.39,-47.67,-56.5,110.26,91.74,102.14,-18.52,40.53,Moderada,-775.11,80.56,166.76,99.34,1.0
Engenharia Civil (Bacharelado),Darcy Ribeiro,Diurno,AC,6,-10.67,71.07,40.52,50.64,-14.96,96.38,64.87,24.35,-6.21,22.34,Baixa,112.98,45.77,111.33,88.85,4.0
Engenharia Civil (Bacharelado),Darcy Ribeiro,Diurno,CN,6,66.75,26.85,19.21,21.77,-48.61,66.75,19.75,0.54,-7.1,24.11,Baixa,199.44,38.32,115.36,60.6,3.0
Engenharia Civil (Bacharelado),Darcy Ribeiro,Diurno,EP_R1_NPPI,3,-10.46,-19.16,-14.8,-14.77,-19.16,-10.46,-19.91,-5.11,-0.75,60.96,Alta,-29.4,4.35,8.7,0.05,0.0
Engenharia Civil (Bacharelado),Darcy Ribeiro,Diurno,EP_R1_NPPIQ,1,-46.61,-46.61,-46.61,-46.61,-46.61,-46.61,-46.61,0.0,0.0,57.25,Moderada,0.0,0.0,0.0,0.0,0.0
Engenharia Civil (Bacharelado),Darcy Ribeiro,Diurno,EP_R1_PPI,4,5.86,-33.29,-23.77,-30.97,-39.01,5.86,-41.71,-17.94,-8.42,52.57,Moderada,-84.99,20.2,44.87,20.25,1.0
Engenharia Civil (Bacharelado),Darcy Ribeiro,Diurno,EP_R2_NPPI,4,-68.92,-29.89,-30.5,-23.26,-68.92,-6.56,-19.41,11.09,10.48,45.85,Moderada,-89.64,27.34,62.36,42.77,1.0
Engenharia Civil (Bacharelado),Darcy Ribeiro,Diurno,EP_R2_NPPIQ,1,19.12,19.12,19.12,19.12,19.12,19.12,19.12,0.0,0.0,57.25,Moderada,0.0,0.0,0.0,0.0,0.0
Engenharia Civil (Bacharelado),Darcy Ribeiro,Diurno,EP_R2_PPI,3,-27.98,-43.06,-29.26,-27.98,-43.06,-16.74,-42.45,-13.19,0.62,49.4,Moderada,-45.15,13.21,26.33,26.57,1.0
Engenharia Civil (Bacharelado),Darcy Ribeiro,Diurno,EP_R2_PPIQ,1,-20.26,-20.26,-20.26,-20.26,-20.26,-20.26,-20.26,0.0,0.0,57.25,Moderada,0.0,0.0,0.0,0.0,0.0
Engenharia Elétrica (Bacharelado),Darcy Ribeiro,Diurno,AC,5,-54.46,97.08,31.44,41.14,-54.46,125.48,79.66,48.21,-17.42,20.82,Baixa,264.1,83.05,179.94,146.33,2.0
Engenharia Elétrica (Bacharelado),Darcy Ribeiro,Diurno,CN,4,-12.14,19.29,42.56,48.62,-12.14,85.13,42.01,-0.55,22.72,24.35,Baixa,110.21,46.9,97.27,78.02,1.0
Engenharia Elétrica (Bacharelado),Darcy Ribeiro,Diurno,EP_R1_NPPI,2,-26.9,-22.25,-24.58,-24.58,-26.9,-22.25,-21.48,3.1,0.78,61.82,Alta,-13.38,3.29,4.65,0.0,0.0
Engenharia Elétrica (Bacharelado),Darcy Ribeiro,Diurno,EP_R1_PPI,4,-62.72,21.44,-13.51,-6.39,-62.72,21.44,30.29,43.81,8.85,58.06,Moderada,-264.35,35.72,84.17,19.37,0.0
Engenharia Elétrica (Bacharelado),Darcy Ribeiro,Diurno,EP_R2_NPPI,4,-45.47,25.26,-15.29,-20.47,-45.47,25.26,25.09,40.38,-0.17,58.27,Moderada,-192.92,29.49,70.73,22.74,0.0
Engenharia Elétrica (Bacharelado),Darcy Ribeiro,Diurno,EP_R2_NPPIQ,1,-6.58,-6.58,-6.58,-6.58,-6.58,-6.58,-6.58,0.0,0.0,57.25,Moderada,0.0,0.0,0.0,0.0,0.0
Engenharia Elétrica (Bacharelado),Darcy Ribeiro,Diurno,EP_R2_PPI,4,-25.08,51.63,-5.19,-17.16,-38.06,51.63,48.32,53.5,-3.32,47.5,Moderada,-764.71,39.67,89.7,37.03,1.0
Engenharia Elétrica (Bacharelado),Darcy Ribeiro,Diurno,EP_R2_PPIQ,1,-23.36,-23.36,-23.36,-23.36,-23.36,-23.36,-23.36,0.0,0.0,57.25,Moderada,0.0,0.0,0.0,0.0,0.0
Engenharia Florestal (Bacharelado),Darcy Ribeiro,Diurno,AC,5,-65.08,-69.02,-61.7,-65.08,-71.07,-50.3,-64.12,-2.43,4.89,52.18,Moderada,-15.33,9.46,20.77,15.56,2.0
Engenharia Florestal (Bacharelado),Darcy Ribeiro,Diurno,CN,5,-27.12,-59.51,-34.46,-32.13,-59.51,-21.14,-54.71,-20.25,4.8,51.97,Moderada,-42.76,14.74,38.37,15.76,2.0
Engenharia Florestal (Bacharelado),Darcy Ribeiro,Diurno,EP_R1_NPPI,2,-2.21,-15.46,-8.84,-8.84,-15.46,-2.21,-20.98,-12.14,-5.52,67.32,Alta,-106.0,9.36,13.24,0.0,0.0
Engenharia Florestal (Bacharelado),Darcy Ribeiro,Diurno,EP_R1_PPI,2,-72.22,-21.47,-46.84,-46.84,-72.22,-21.47,-17.24,29.6,4.23,60.36,Alta,-76.61,35.89,50.75,0.0,0.0
Engenharia Florestal (Bacharelado),Darcy Ribeiro,Diurno,EP_R2_NPPI,3,-29.54,-13.98,-32.12,-29.54,-52.85,-13.98,-16.57,15.55,-2.59,45.1,Moderada,-60.89,19.56,38.86,43.96,1.0
Engenharia Florestal (Bacharelado),Darcy Ribeiro,Diurno,EP_R2_NPPIQ,1,-27.75,-27.75,-27.75,-27.75,-27.75,-27.75,-27.75,0.0,0.0,57.25,Moderada,0.0,0.0,0.0,0.0,0.0
Engenharia Florestal (Bacharelado),Darcy Ribeiro,Diurno,EP_R2_PPI,3,-42.77,-50.84,-33.15,-42.77,-50.84,-5.85,-45.36,-12.21,5.48,42.51,Moderada,-72.36,23.99,44.99,57.92,1.0
Engenharia Mecatrônica (Bacharelado),Darcy Ribeiro,Diurno,AC,5,-40.37,84.02,47.91,71.14,-40.37,116.23,79.05,31.14,-4.97,21.68,Baixa,131.4,62.96,156.6,103.77,2.0
Engenharia Mecatrônica (Bacharelado),Darcy Ribeiro,Diurno,CN,5,-19.96,25.53,56.38,53.04,-19.96,139.15,57.54,1.16,32.01,19.65,Muito baixa,106.47,60.03,159.12,102.67,3.0
Engenharia Mecatrônica (Bacharelado),Darcy Ribeiro,Diurno,EP_R1_NPPI,3,-32.77,-42.41,-34.79,-32.77,-42.41,-29.19,-42.62,-7.83,-0.21,51.15,Moderada,-19.65,6.84,13.22,11.87,1.0
Engenharia Mecatrônica (Bacharelado),Darcy Ribeiro,Diurno,EP_R1_NPPIQ,1,-4.76,-4.76,-4.76,-4.76,-4.76,-4.76,-4.76,0.0,0.0,57.25,Moderada,0.0,0.0,0.0,0.0,0.0
Engenharia Mecatrônica (Bacharelado),Darcy Ribeiro,Diurno,EP_R1_PPI,3,-37.72,-24.5,-29.96,-27.66,-37.72,-24.5,-21.73,8.24,2.78,59.62,Moderada,-23.04,6.9,13.22,4.88,0.0
Engenharia Mecatrônica (Bacharelado),Darcy Ribeiro,Diurno,EP_R2_NPPI,5,19.3,-65.33,-15.9,-40.63,-65.33,49.02,-71.83,-55.93,-6.5,40.52,Moderada,-301.3,47.92,114.35,51.53,3.0
Engenharia Mecatrônica (Bacharelado),Darcy Ribeiro,Diurno,EP_R2_NPPIQ,1,-19.19,-19.19,-19.19,-19.19,-19.19,-19.19,-19.19,0.0,0.0,57.25,Moderada,0.0,0.0,0.0,0.0,0.0
Engenharia Mecatrônica (Bacharelado),Darcy Ribeiro,Diurno,EP_R2_PPI,3,-46.57,1.94,-27.9,-39.08,-46.57,1.94,7.24,35.14,5.29,55.96,Moderada,-93.6,26.12,48.52,23.71,0.0
Engenharia Mecatrônica (Bacharelado),Darcy Ribeiro,Diurno,EP_R2_PPIQ,1,-53.09,-53.09,-53.09,-53.09,-53.09,-53.09,-53.09,0.0,0.0,57.25,Moderada,0.0,0.0,0.0,0.0,0.0
Engenharia Mecânica (Bacharelado),Darcy Ribeiro,Diurno,AC,6,-102.23,83.12,28.01,69.29,-102.23,88.12,68.33,40.32,-14.79,20.2,Baixa,284.82,79.78,190.35,121.54,4.0
Engenharia Mecânica (Bacharelado),Darcy Ribeiro,Diurno,CN,6,27.3,68.15,25.28,26.44,-47.32,68.15,39.9,14.62,-28.25,22.72,Baixa,166.48,42.1,115.47,84.5,3.0
Engenharia Mecânica (Bacharelado),Darcy Ribeiro,Diurno,EP_R1_NPPI,2,-40.25,-32.36,-36.31,-36.31,-40.25,-32.36,-31.05,5.26,1.31,62.01,Alta,-15.36,5.58,7.88,0.0,0.0
Engenharia Mecânica (Bacharelado),Darcy Ribeiro,Diurno,EP_R1_NPPIQ,1,-69.38,-69.38,-69.38,-69.38,-69.38,-69.38,-69.38,0.0,0.0,57.25,Moderada,0.0,0.0,0.0,0.0,0.0
Engenharia Mecânica (Bacharelado),Darcy Ribeiro,Diurno,EP_R1_PPI,4,-33.73,22.76,-16.87,-27.83,-34.59,22.76,16.87,33.74,-5.89,45.52,Moderada,-160.28,27.04,57.35,35.53,2.0
Engenharia Mecânica (Bacharelado),Darcy Ribeiro,Diurno,EP_R2_NPPI,4,-8.24,-22.76,-17.78,-17.39,-28.12,-8.24,-22.35,-4.56,0.41,51.49,Moderada,-51.93,9.24,19.88,18.7,2.0
Engenharia Mecânica (Bacharelado),Darcy Ribeiro,Diurno,EP_R2_NPPIQ,1,-1.78,-1.78,-1.78,-1.78,-1.78,-1.78,-1.78,0.0,0.0,57.25,Moderada,0.0,0.0,0.0,0.0,0.0
Engenharia Mecânica (Bacharelado),Darcy Ribeiro,Diurno,EP_R2_PPI,3,-5.16,-68.9,-52.9,-68.9,-84.63,-5.16,-85.06,-32.16,-16.16,37.17,Baixa,-79.56,42.08,79.47,67.31,1.0
Engenharia Mecânica (Bacharelado),Darcy Ribeiro,Diurno,EP_R2_PPIQ,1,5.0,5.0,5.0,5.0,5.0,5.0,5.0,0.0,0.0,57.25,Moderada,0.0,0.0,0.0,0.0,0.0
Engenharia Química (Bacharelado),Darcy Ribeiro,Diurno,AC,6,-50.09,51.72,26.86,55.61,-50.09,70.11,39.67,12.82,-12.04,21.66,Baixa,197.84,53.14,120.2,83.93,4.0
Engenharia Química (Bacharelado),Darcy Ribeiro,Diurno,CN,3,11.14,5.74,24.62,11.14,5.74,56.97,14.82,-9.8,9.08,26.75,Baixa,114.33,28.15,51.23,68.63,1.0
Engenharia Química (Bacharelado),Darcy Ribeiro,Diurno,EP_R1_NPPI,3,-47.16,-55.77,-48.87,-47.16,-55.77,-43.68,-55.91,-7.04,-0.14,50.81,Moderada,-12.73,6.22,12.09,11.01,1.0
Engenharia Química (Bacharelado),Darcy Ribeiro,Diurno,EP_R1_PPI,4,39.0,27.88,9.04,16.53,-35.92,39.0,19.69,10.66,-8.19,26.58,Baixa,366.46,33.11,74.91,62.35,1.0
Engenharia Química (Bacharelado),Darcy Ribeiro,Diurno,EP_R2_NPPI,4,-16.56,-42.45,1.55,-1.53,-42.45,51.7,-21.09,-22.64,21.36,23.1,Baixa,2618.57,40.5,94.15,74.17,1.0
Engenharia Química (Bacharelado),Darcy Ribeiro,Diurno,EP_R2_NPPIQ,1,-59.3,-59.3,-59.3,-59.3,-59.3,-59.3,-59.3,0.0,0.0,57.25,Moderada,0.0,0.0,0.0,0.0,0.0
Engenharia Química (Bacharelado),Darcy Ribeiro,Diurno,EP_R2_PPI,3,-14.08,30.81,-7.77,-14.08,-40.02,30.81,30.23,37.99,-0.58,41.86,Moderada,-461.46,35.84,70.84,68.43,1.0
Engenharia Química (Bacharelado),Darcy Ribeiro,Diurno,EP_R2_PPIQ,1,-17.79,-17.79,-17.79,-17.79,-17.79,-17.79,-17.79,0.0,0.0,57.25,Moderada,0.0,0.0,0.0,0.0,0.0
Engenharia de Computação (Bacharelado),Darcy Ribeiro,Diurno,AC,5,76.17,120.92,108.16,120.32,76.17,120.92,122.13,13.96,1.21,37.91,Baixa,17.97,19.44,44.75,26.31,2.0
Engenharia de Computação (Bacharelado),Darcy Ribeiro,Diurno,CN,6,21.02,70.72,52.6,47.69,21.02,84.17,64.81,12.21,-5.9,34.99,Baixa,42.0,22.09,63.16,37.38,2.0
Engenharia de Computação (Bacharelado),Darcy Ribeiro,Diurno,EP_R1_NPPI,4,17.98,-26.48,-7.88,-4.25,-52.22,29.22,-18.94,-11.07,7.54,39.21,Baixa,-483.81,38.11,81.43,83.67,2.0
Engenharia de Computação (Bacharelado),Darcy Ribeiro,Diurno,EP_R1_NPPIQ,1,-33.75,-33.75,-33.75,-33.75,-33.75,-33.75,-33.75,0.0,0.0,57.25,Moderada,0.0,0.0,0.0,0.0,0.0
Engenharia de Computação (Bacharelado),Darcy Ribeiro,Diurno,EP_R1_PPI,4,-44.6,16.99,2.81,8.27,-44.6,39.28,22.97,20.16,5.98,21.07,Baixa,1266.77,35.54,83.88,61.86,2.0
Engenharia de Computação (Bacharelado),Darcy Ribeiro,Diurno,EP_R2_NPPI,4,-63.63,13.3,38.57,42.92,-63.63,132.08,52.25,13.68,38.95,21.48,Baixa,216.81,83.63,195.71,147.28,1.0
Engenharia de Computação (Bacharelado),Darcy Ribeiro,Diurno,EP_R2_NPPIQ,1,82.19,82.19,82.19,82.19,82.19,82.19,82.19,0.0,0.0,57.25,Moderada,0.0,0.0,0.0,0.0,0.0
Engenharia de Computação (Bacharelado),Darcy Ribeiro,Diurno,EP_R2_NPPIQ_PCD,1,25.16,25.16,25.16,25.16,25.16,25.16,25.16,0.0,0.0,57.25,Moderada,0.0,0.0,0.0,0.0,0.0
Engenharia de Computação (Bacharelado),Darcy Ribeiro,Diurno,EP_R2_PPI,5,-31.84,-62.41,-12.02,8.39,-62.41,13.36,-41.51,-29.49,20.9,50.04,Moderada,-281.79,33.87,75.76,47.74,1.0
Engenharia de Computação (Bacharelado),Darcy Ribeiro,Diurno,EP_R2_PPIQ,1,-67.01,-67.01,-67.01,-67.01,-67.01,-67.01,-67.01,0.0,0.0,57.25,Moderada,0.0,0.0,0.0,0.0,0.0
Engenharia de Produção (Bacharelado),Darcy Ribeiro,Noturno,AC,6,-45.28,49.03,-9.41,-3.19,-75.16,49.03,8.81,18.22,-40.23,42.95,Moderada,-623.96,58.72,124.19,89.78,2.0
Engenharia de Produção (Bacharelado),Darcy Ribeiro,Noturno,CN,6,13.1,-31.73,-15.98,-16.78,-71.0,27.34,-43.82,-27.85,-12.09,43.69,Moderada,-217.24,34.7,98.34,48.68,3.0
Engenharia de Produção (Bacharelado),Darcy Ribeiro,Noturno,EP_R1_NPPI,1,-47.97,-47.97,-47.97,-47.97,-47.97,-47.97,-47.97,0.0,0.0,57.25,Moderada,0.0,0.0,0.0,0.0,0.0
Engenharia de Produção (Bacharelado),Darcy Ribeiro,Noturno,EP_R1_NPPIQ,1,-20.59,-20.59,-20.59,-20.59,-20.59,-20.59,-20.59,0.0,0.0,57.25,Moderada,0.0,0.0,0.0,0.0,0.0
Engenharia de Produção (Bacharelado),Darcy Ribeiro,Noturno,EP_R1_PPI,2,-5.05,11.4,3.18,3.18,-5.05,11.4,18.25,15.08,6.85,50.96,Moderada,366.08,11.63,16.45,0.0,0.0
Engenharia de Produção (Bacharelado),Darcy Ribeiro,Noturno,EP_R2_NPPI,2,46.82,-30.75,8.03,8.03,-30.75,46.82,-43.68,-51.71,-12.93,41.74,Moderada,682.83,54.85,77.57,0.0,0.0
Engenharia de Produção (Bacharelado),Darcy Ribeiro,Noturno,EP_R2_NPPIQ,1,-30.46,-30.46,-30.46,-30.46,-30.46,-30.46,-30.46,0.0,0.0,57.25,Moderada,0.0,0.0,0.0,0.0,0.0
Engenharia de Produção (Bacharelado),Darcy Ribeiro,Noturno,EP_R2_PPI,1,-86.27,-86.27,-86.27,-86.27,-86.27,-86.27,-86.27,0.0,0.0,57.25,Moderada,0.0,0.0,0.0,0.0,0.0
Engenharia de Produção (Bacharelado),Darcy Ribeiro,Noturno,EP_R2_PPIQ,1,-5.76,-5.76,-5.76,-5.76,-5.76,-5.76,-5.76,0.0,0.0,57.25,Moderada,0.0,0.0,0.0,0.0,0.0
Engenharia de Redes de Comunicação (Bacharelado),Darcy Ribeiro,Diurno,AC,6,-31.9,34.7,-10.83,-15.1,-50.2,34.7,14.88,25.71,-19.82,42.42,Moderada,-312.79,33.86,84.9,64.4,4.0
Engenharia de Redes de Comunicação (Bacharelado),Darcy Ribeiro,Diurno,CN,5,-6.14,-20.38,24.95,24.5,-20.38,67.47,2.22,-22.74,22.6,30.15,Baixa,155.35,38.76,87.85,55.23,1.0
Engenharia de Redes de Comunicação (Bacharelado),Darcy Ribeiro,Diurno,EP_R1_NPPI,2,-43.86,-66.49,-55.17,-55.17,-66.49,-43.86,-70.26,-15.08,-3.77,61.8,Alta,-29.0,16.0,22.62,0.0,0.0
Engenharia de Redes de Comunicação (Bacharelado),Darcy Ribeiro,Diurno,EP_R1_NPPIQ,1,-55.12,-55.12,-55.12,-55.12,-55.12,-55.12,-55.12,0.0,0.0,57.25,Moderada,0.0,0.0,0.0,0.0,0.0
Engenharia de Redes de Comunicação (Bacharelado),Darcy Ribeiro,Diurno,EP_R1_PPI,2,-29.88,-22.55,-26.22,-26.22,-29.88,-22.55,-21.94,4.28,0.61,62.29,Alta,-19.77,5.18,7.33,0.0,0.0
Engenharia de Redes de Comunicação (Bacharelado),Darcy Ribeiro,Diurno,EP_R2_NPPI,4,-66.2,-25.06,-51.94,-57.6,-67.49,-25.06,-24.45,27.49,0.62,51.95,Moderada,-38.12,19.8,42.43,13.28,1.0
Engenharia de Redes de Comunicação (Bacharelado),Darcy Ribeiro,Diurno,EP_R2_NPPIQ,1,-73.19,-73.19,-73.19,-73.19,-73.19,-73.19,-73.19,0.0,0.0,57.25,Moderada,0.0,0.0,0.0,0.0,0.0
Engenharia de Redes de Comunicação (Bacharelado),Darcy Ribeiro,Diurno,EP_R2_PPI,3,-50.63,-14.19,-35.4,-41.37,-50.63,-14.19,-11.95,23.45,2.24,58.39,Moderada,-53.5,18.94,36.44,12.67,0.0
Engenharia de Redes de Comunicação (Bacharelado),Darcy Ribeiro,Diurno,EP_R2_PPIQ,1,-54.02,-54.02,-54.02,-54.02,-54.02,-54.02,-54.02,0.0,0.0,57.25,Moderada,0.0,0.0,0.0,0.0,0.0
Engenharias (FGA),Gama,Diurno,AC,6,-101.98,61.7,25.9,50.48,-101.98,70.39,70.15,44.26,8.45,24.49,Baixa,249.19,64.54,172.37,73.66,2.0
Engenharias (FGA),Gama,Diurno,CN,6,-57.12,17.21,2.3,10.38,-57.12,33.37,21.46,19.17,4.26,30.15,Baixa,1416.62,32.52,90.5,36.53,2.0
Engenharias (FGA),Gama,Diurno,EP_R1_NPPI,4,-46.52,-36.99,-43.21,-41.76,-53.71,-35.61,-34.94,8.26,2.05,49.39,Moderada,-19.72,8.52,18.1,13.25,2.0
Engenharias (FGA),Gama,Diurno,EP_R1_NPPIQ,1,-52.56,-52.56,-52.56,-52.56,-52.56,-52.56,-52.56,0.0,0.0,57.25,Moderada,0.0,0.0,0.0,0.0,0.0
Engenharias (FGA),Gama,Diurno,EP_R1_PPI,4,-56.99,-48.14,-56.55,-55.47,-67.13,-48.14,-48.19,8.36,-0.05,53.23,Moderada,-14.05,7.95,18.98,11.92,1.0
Engenharias (FGA),Gama,Diurno,EP_R2_NPPI,5,-100.53,-90.27,-30.7,11.74,-100.53,13.07,-52.84,-22.14,37.43,37.11,Baixa,-192.79,59.18,113.61,88.38,3.0
Engenharias (FGA),Gama,Diurno,EP_R2_NPPIQ,1,-8.2,-8.2,-8.2,-8.2,-8.2,-8.2,-8.2,0.0,0.0,57.25,Moderada,0.0,0.0,0.0,0.0,0.0
Engenharias (FGA),Gama,Diurno,EP_R2_NPPIQ_PCD,1,-2.52,-2.52,-2.52,-2.52,-2.52,-2.52,-2.52,0.0,0.0,57.25,Moderada,0.0,0.0,0.0,0.0,0.0
Engenharias (FGA),Gama,Diurno,EP_R2_PPI,4,-80.25,-44.06,-60.86,-59.57,-80.25,-44.06,-43.26,17.6,0.79,46.59,Moderada,-25.19,15.33,36.2,18.68,2.0
Engenharias (FGA),Gama,Diurno,EP_R2_PPIQ,1,-63.2,-63.2,-63.2,-63.2,-63.2,-63.2,-63.2,0.0,0.0,57.25,Moderada,0.0,0.0,0.0,0.0,0.0
Estatística (Bacharelado),Darcy Ribeiro,Diurno,AC,6,-72.06,14.48,-11.44,12.46,-86.08,34.51,-3.68,7.76,-18.16,39.62,Baixa,-466.56,53.36,120.59,92.78,4.0
Estatística (Bacharelado),Darcy Ribeiro,Diurno,CN,4,-42.67,8.24,-29.26,-40.37,-44.55,8.24,0.32,29.59,-7.91,44.79,Moderada,-85.94,25.15,52.79,31.51,2.0
Estatística (Bacharelado),Darcy Ribeiro,Diurno,EP_R1_NPPI,1,-32.74,-32.74,-32.74,-32.74,-32.74,-32.74,-32.74,0.0,0.0,57.25,Moderada,0.0,0.0,0.0,0.0,0.0
Estatística (Bacharelado),Darcy Ribeiro,Diurno,EP_R1_PPI,1,-20.06,-20.06,-20.06,-20.06,-20.06,-20.06,-20.06,0.0,0.0,57.25,Moderada,0.0,0.0,0.0,0.0,0.0
Estatística (Bacharelado),Darcy Ribeiro,Diurno,EP_R2_NPPI,4,-0.12,-34.55,-25.85,-26.83,-49.62,-0.12,-44.72,-18.86,-10.17,50.95,Moderada,-81.99,21.2,49.49,23.7,1.0
Estatística (Bacharelado),Darcy Ribeiro,Diurno,EP_R2_NPPIQ,1,-27.07,-27.07,-27.07,-27.07,-27.07,-27.07,-27.07,0.0,0.0,57.25,Moderada,0.0,0.0,0.0,0.0,0.0
Estatística (Bacharelado),Darcy Ribeiro,Diurno,EP_R2_PPI,2,0.03,-39.18,-19.58,-19.58,-39.18,0.03,-55.52,-35.95,-16.34,64.52,Alta,-141.65,27.73,39.22,0.0,0.0
Estatística (Bacharelado),Darcy Ribeiro,Diurno,EP_R2_PPIQ,1,-34.45,-34.45,-34.45,-34.45,-34.45,-34.45,-34.45,0.0,0.0,57.25,Moderada,0.0,0.0,0.0,0.0,0.0
Farmácia (Bacharelado),Ceilândia,Diurno,AC,6,-85.28,31.94,-4.15,6.05,-85.28,31.94,33.94,38.09,2.01,48.16,Moderada,-1002.48,41.57,117.21,38.21,2.0
Farmácia (Bacharelado),Ceilândia,Diurno,CN,6,-26.27,15.62,-2.02,7.59,-53.8,37.12,1.13,3.15,-14.49,47.27,Moderada,-1611.59,32.64,90.92,53.38,2.0
Farmácia (Bacharelado),Ceilândia,Diurno,EP_R1_NPPI,5,-60.35,-52.23,-46.65,-52.23,-60.35,-18.32,-48.88,-2.22,3.35,48.22,Moderada,-35.49,16.56,42.02,28.07,2.0
Farmácia (Bacharelado),Ceilândia,Diurno,EP_R1_NPPIQ,1,-33.17,-33.17,-33.17,-33.17,-33.17,-33.17,-33.17,0.0,0.0,57.25,Moderada,0.0,0.0,0.0,0.0,0.0
Farmácia (Bacharelado),Ceilândia,Diurno,EP_R1_PPI,4,-39.52,-42.82,-27.03,-34.06,-42.82,2.82,-39.49,-12.46,3.33,48.31,Moderada,-76.97,20.81,45.64,38.59,1.0
Farmácia (Bacharelado),Ceilândia,Diurno,EP_R2_NPPI,5,-76.44,-86.27,-29.74,-6.5,-86.27,22.31,-59.49,-29.75,26.78,37.19,Baixa,-163.04,48.49,108.58,76.84,3.0
Farmácia (Bacharelado),Ceilândia,Diurno,EP_R2_NPPIQ,1,14.8,14.8,14.8,14.8,14.8,14.8,14.8,0.0,0.0,57.25,Moderada,0.0,0.0,0.0,0.0,0.0
Farmácia (Bacharelado),Ceilândia,Diurno,EP_R2_PPI,4,-83.87,-59.03,-52.65,-54.74,-83.87,-17.25,-52.32,0.33,6.71,42.18,Moderada,-52.29,27.53,66.62,52.0,1.0
Farmácia (Bacharelado),Ceilândia,Diurno,EP_R2_PPIQ,1,-83.68,-83.68,-83.68,-83.68,-83.68,-83.68,-83.68,0.0,0.0,57.25,Moderada,0.0,0.0,0.0,0.0,0.0
Farmácia (Bacharelado),Darcy Ribeiro,Diurno,AC,6,13.02,51.18,47.69,54.21,13.02,76.86,51.95,4.26,0.77,31.79,Baixa,48.93,23.33,63.84,36.51,4.0
Farmácia (Bacharelado),Darcy Ribeiro,Diurno,CN,5,0.78,15.9,10.9,15.55,-29.35,51.59,12.62,1.73,-3.28,25.53,Baixa,268.56,29.26,80.94,60.8,2.0
Farmácia (Bacharelado),Darcy Ribeiro,Diurno,EP_R1_NPPI,4,-11.16,-19.55,-7.42,-12.74,-19.55,15.34,-19.58,-12.16,-0.03,55.32,Moderada,-209.76,15.56,34.89,28.16,1.0
Farmácia (Bacharelado),Darcy Ribeiro,Diurno,EP_R1_NPPIQ,1,-45.41,-45.41,-45.41,-45.41,-45.41,-45.41,-45.41,0.0,0.0,57.25,Moderada,0.0,0.0,0.0,0.0,0.0
Farmácia (Bacharelado),Darcy Ribeiro,Diurno,EP_R1_PPI,4,-56.07,-30.83,-24.02,-18.0,-56.07,-4.01,-19.04,4.98,11.79,48.2,Moderada,-102.79,24.69,52.06,39.36,1.0
Farmácia (Bacharelado),Darcy Ribeiro,Diurno,EP_R2_NPPI,5,-9.63,-18.15,19.8,18.04,-18.15,72.44,4.14,-15.66,22.29,30.15,Baixa,184.78,36.58,90.59,51.57,1.0
Farmácia (Bacharelado),Darcy Ribeiro,Diurno,EP_R2_NPPIQ,1,50.7,50.7,50.7,50.7,50.7,50.7,50.7,0.0,0.0,57.25,Moderada,0.0,0.0,0.0,0.0,0.0
Farmácia (Bacharelado),Darcy Ribeiro,Diurno,EP_R2_NPPIQ_PCD,1,0.12,0.12,0.12,0.12,0.12,0.12,0.12,0.0,0.0,57.25,Moderada,0.0,0.0,0.0,0.0,0.0
Farmácia (Bacharelado),Darcy Ribeiro,Diurno,EP_R2_PPI,4,-41.5,-63.95,-39.45,-37.79,-63.95,-18.29,-55.32,-15.87,8.63,47.91,Moderada,-48.11,18.98,45.66,33.33,1.0
Farmácia (Bacharelado),Darcy Ribeiro,Diurno,EP_R2_PPIQ,1,-19.97,-19.97,-19.97,-19.97,-19.97,-19.97,-19.97,0.0,0.0,57.25,Moderada,0.0,0.0,0.0,0.0,0.0
Farmácia (Bacharelado),Darcy Ribeiro,Noturno,AC,6,-81.89,18.05,-19.67,0.14,-81.89,19.24,3.45,23.12,-14.6,43.26,Moderada,-233.14,45.87,101.13,73.88,2.0
Farmácia (Bacharelado),Darcy Ribeiro,Noturno,CN,3,40.0,25.62,31.2,27.98,25.62,40.0,22.42,-8.78,-3.2,50.59,Moderada,24.71,7.71,14.38,6.84,0.0
Farmácia (Bacharelado),Darcy Ribeiro,Noturno,EP_R1_NPPI,3,-10.71,-14.03,-15.92,-14.03,-23.03,-10.71,-16.36,-0.44,-2.33,52.88,Moderada,-40.03,6.38,12.32,15.08,1.0
Farmácia (Bacharelado),Darcy Ribeiro,Noturno,EP_R1_NPPIQ,1,-32.37,-32.37,-32.37,-32.37,-32.37,-32.37,-32.37,0.0,0.0,57.25,Moderada,0.0,0.0,0.0,0.0,0.0
Farmácia (Bacharelado),Darcy Ribeiro,Noturno,EP_R1_PPI,4,-93.87,-4.34,-36.51,-23.92,-93.87,-4.34,9.1,45.61,13.43,54.38,Moderada,-110.75,40.44,89.53,25.89,0.0
Farmácia (Bacharelado),Darcy Ribeiro,Noturno,EP_R2_NPPI,4,-84.21,-37.35,-26.65,-18.15,-84.21,13.93,-15.05,11.6,22.3,41.13,Moderada,-165.6,44.13,98.14,68.31,1.0
Farmácia (Bacharelado),Darcy Ribeiro,Noturno,EP_R2_NPPIQ,1,-10.12,-10.12,-10.12,-10.12,-10.12,-10.12,-10.12,0.0,0.0,57.25,Moderada,0.0,0.0,0.0,0.0,0.0
Farmácia (Bacharelado),Darcy Ribeiro,Noturno,EP_R2_PPI,3,-77.47,-48.92,-66.64,-73.52,-77.47,-48.92,-45.88,20.75,3.04,56.79,Moderada,-23.21,15.47,28.55,14.6,0.0
Farmácia (Bacharelado),Darcy Ribeiro,Noturno,EP_R2_PPIQ,1,-46.67,-46.67,-46.67,-46.67,-46.67,-46.67,-46.67,0.0,0.0,57.25,Moderada,0.0,0.0,0.0,0.0,0.0
Filosofia (Bacharelado/Licenciatura),Darcy Ribeiro,Diurno,AC,5,-72.83,-100.43,-67.84,-69.9,-100.43,-30.26,-85.38,-17.55,15.04,45.1,Moderada,-36.91,25.04,70.17,44.8,1.0
Filosofia (Bacharelado/Licenciatura),Darcy Ribeiro,Diurno,CN,2,7.7,-23.6,-7.95,-7.95,-23.6,7.7,-26.21,-18.26,-2.61,67.14,Alta,-278.52,22.13,31.3,0.0,0.0
Filosofia (Bacharelado/Licenciatura),Darcy Ribeiro,Diurno,EP_R1_NPPI,3,-16.8,-17.95,-34.29,-17.95,-68.14,-16.8,-23.13,11.16,-5.18,40.73,Moderada,-85.49,29.32,51.34,71.79,1.0
Filosofia (Bacharelado/Licenciatura),Darcy Ribeiro,Diurno,EP_R1_PPI,2,-55.36,-37.56,-46.46,-46.46,-55.36,-37.56,-30.14,16.32,7.42,62.11,Alta,-27.1,12.59,17.8,0.0,0.0
Filosofia (Bacharelado/Licenciatura),Darcy Ribeiro,Diurno,EP_R2_NPPI,3,45.22,-68.19,-19.94,-36.86,-68.19,45.22,-91.32,-71.37,-23.13,50.14,Moderada,-293.65,58.56,113.4,35.89,0.0
Filosofia (Bacharelado/Licenciatura),Darcy Ribeiro,Diurno,EP_R2_PPI,3,-8.59,-24.86,-39.92,-24.86,-86.32,-8.59,-39.17,0.75,-14.31,37.28,Baixa,-102.69,41.0,77.74,98.43,1.0
Filosofia (Bacharelado/Licenciatura),Darcy Ribeiro,Diurno,EP_R2_PPI_PCD,1,-48.45,-48.45,-48.45,-48.45,-48.45,-48.45,-48.45,0.0,0.0,57.25,Moderada,0.0,0.0,0.0,0.0,0.0
Filosofia (Licenciatura),Darcy Ribeiro,Noturno,AC,4,-52.98,-52.16,-45.91,-50.22,-52.98,-30.21,-51.21,-5.3,0.95,51.82,Moderada,-23.23,10.66,22.77,20.74,1.0
Filosofia (Licenciatura),Darcy Ribeiro,Noturno,EP_R1_PPI,1,-59.77,-59.77,-59.77,-59.77,-59.77,-59.77,-59.77,0.0,0.0,57.25,Moderada,0.0,0.0,0.0,0.0,0.0
Filosofia (Licenciatura),Darcy Ribeiro,Noturno,EP_R2_NPPI,1,-22.52,-22.52,-22.52,-22.52,-22.52,-22.52,-22.52,0.0,0.0,57.25,Moderada,0.0,0.0,0.0,0.0,0.0
Filosofia (Licenciatura),Darcy Ribeiro,Noturno,EP_R2_PPI,2,-63.59,-20.76,-42.17,-42.17,-63.59,-20.76,-2.91,39.26,17.85,61.59,Alta,-71.81,30.28,42.83,0.0,0.0
Fisioterapia (Bacharelado),Ceilândia,Diurno,AC,6,5.58,30.23,22.36,30.42,3.44,33.17,25.47,3.12,-4.76,43.08,Moderada,62.07,13.88,29.74,22.35,2.0
Fisioterapia (Bacharelado),Ceilândia,Diurno,CN,6,10.49,13.64,6.31,7.09,-9.1,23.7,4.73,-1.58,-8.9,42.79,Moderada,192.32,12.13,32.79,16.5,2.0
Fisioterapia (Bacharelado),Ceilândia,Diurno,EP_R1_NPPI,5,-31.03,-65.97,-19.84,-19.32,-65.97,16.59,-44.66,-24.81,21.32,40.52,Moderada,-159.27,31.6,82.56,55.35,3.0
Fisioterapia (Bacharelado),Ceilândia,Diurno,EP_R1_NPPIQ,1,-35.24,-35.24,-35.24,-35.24,-35.24,-35.24,-35.24,0.0,0.0,57.25,Moderada,0.0,0.0,0.0,0.0,0.0
Fisioterapia (Bacharelado),Ceilândia,Diurno,EP_R1_PPI,4,-16.5,-29.53,-28.93,-23.01,-56.29,-13.42,-39.17,-10.24,-9.64,45.1,Moderada,-67.5,19.53,42.87,35.41,2.0
Fisioterapia (Bacharelado),Ceilândia,Diurno,EP_R1_PPIQ,1,-59.03,-59.03,-59.03,-59.03,-59.03,-59.03,-59.03,0.0,0.0,57.25,Moderada,0.0,0.0,0.0,0.0,0.0
Fisioterapia (Bacharelado),Ceilândia,Diurno,EP_R2_NPPI,5,-2.0,-19.89,8.7,10.7,-19.89,43.01,-8.06,-16.76,11.83,35.99,Baixa,264.83,23.03,62.9,32.16,1.0
Fisioterapia (Bacharelado),Ceilândia,Diurno,EP_R2_NPPIQ,1,12.99,12.99,12.99,12.99,12.99,12.99,12.99,0.0,0.0,57.25,Moderada,0.0,0.0,0.0,0.0,0.0
Fisioterapia (Bacharelado),Ceilândia,Diurno,EP_R2_PPI,5,-26.61,-79.76,-34.36,-26.61,-79.76,-1.26,-75.22,-40.86,4.54,49.23,Moderada,-96.75,33.24,78.5,33.11,1.0
Fisioterapia (Bacharelado),Ceilândia,Diurno,EP_R2_PPIQ,1,-59.56,-59.56,-59.56,-59.56,-59.56,-59.56,-59.56,0.0,0.0,57.25,Moderada,0.0,0.0,0.0,0.0,0.0
Fonoaudiologia (Bacharelado),Ceilândia,Diurno,AC,6,-40.85,16.72,-5.29,-3.42,-40.85,19.1,14.25,19.54,-2.47,53.81,Moderada,-449.67,23.79,59.96,29.66,2.0
Fonoaudiologia (Bacharelado),Ceilândia,Diurno,CN,5,-28.93,5.4,0.94,2.75,-28.93,46.72,1.4,0.45,-4.01,26.31,Baixa,3143.16,29.59,75.64,53.68,2.0
Fonoaudiologia (Bacharelado),Ceilândia,Diurno,EP_R1_NPPI,4,-33.51,-27.26,-26.83,-30.39,-37.9,-8.66,-29.09,-2.26,-1.83,47.82,Moderada,-48.0,12.88,29.24,28.04,2.0
Fonoaudiologia (Bacharelado),Ceilândia,Diurno,EP_R1_NPPIQ,1,-60.12,-60.12,-60.12,-60.12,-60.12,-60.12,-60.12,0.0,0.0,57.25,Moderada,0.0,0.0,0.0,0.0,0.0
Fonoaudiologia (Bacharelado),Ceilândia,Diurno,EP_R1_PPI,4,-5.8,-68.61,-31.04,-24.87,-68.61,-5.8,-71.18,-40.14,-2.57,58.92,Moderada,-92.42,28.68,62.81,13.16,0.0
Fonoaudiologia (Bacharelado),Ceilândia,Diurno,EP_R2_NPPI,5,-75.82,-66.13,-33.53,-38.68,-75.82,25.15,-55.24,-21.71,10.89,43.89,Moderada,-122.75,41.16,100.97,65.88,1.0
Fonoaudiologia (Bacharelado),Ceilândia,Diurno,EP_R2_NPPIQ,1,-20.38,-20.38,-20.38,-20.38,-20.38,-20.38,-20.38,0.0,0.0,57.25,Moderada,0.0,0.0,0.0,0.0,0.0
Fonoaudiologia (Bacharelado),Ceilândia,Diurno,EP_R2_NPPIQ_PCD,1,-43.82,-43.82,-43.82,-43.82,-43.82,-43.82,-43.82,0.0,0.0,57.25,Moderada,0.0,0.0,0.0,0.0,0.0
Fonoaudiologia (Bacharelado),Ceilândia,Diurno,EP_R2_PPI,4,-40.39,-49.84,-52.63,-50.21,-69.72,-40.39,-51.69,0.94,-1.86,50.17,Moderada,-23.37,12.3,29.33,24.47,1.0
Fonoaudiologia (Bacharelado),Ceilândia,Diurno,EP_R2_PPIQ,1,-48.36,-48.36,-48.36,-48.36,-48.36,-48.36,-48.36,0.0,0.0,57.25,Moderada,0.0,0.0,0.0,0.0,0.0
Física (Bacharelado),Darcy Ribeiro,Diurno,AC,5,-49.18,14.17,13.69,14.17,-49.18,91.72,14.02,0.33,-0.14,21.21,Baixa,374.33,51.25,140.9,91.81,2.0
Física (Bacharelado),Darcy Ribeiro,Diurno,CN,3,-10.52,37.14,28.92,37.14,-10.52,60.14,52.24,23.32,15.11,24.35,Baixa,124.62,36.04,70.66,66.24,1.0
Física (Bacharelado),Darcy Ribeiro,Diurno,EP_R1_NPPI,3,-59.26,-15.35,-31.56,-20.07,-59.26,-15.35,-5.16,26.4,10.19,55.93,Moderada,-76.38,24.11,43.92,24.38,0.0
Física (Bacharelado),Darcy Ribeiro,Diurno,EP_R1_PPI,3,-74.73,72.77,12.42,39.23,-74.73,72.77,104.05,91.63,31.28,27.84,Baixa,622.46,77.32,147.5,56.86,0.0
Física (Bacharelado),Darcy Ribeiro,Diurno,EP_R2_NPPI,4,-11.79,-57.41,-36.57,-34.6,-72.92,-4.15,-69.66,-33.09,-12.25,40.55,Moderada,-92.34,33.77,68.77,46.55,2.0
Física (Bacharelado),Darcy Ribeiro,Diurno,EP_R2_NPPIQ,1,-29.3,-29.3,-29.3,-29.3,-29.3,-29.3,-29.3,0.0,0.0,57.25,Moderada,0.0,0.0,0.0,0.0,0.0
Física (Bacharelado),Darcy Ribeiro,Diurno,EP_R2_PPI,3,-45.93,-19.36,-15.06,-19.36,-45.93,20.11,-6.13,8.93,13.22,41.18,Moderada,-220.67,33.23,66.04,74.6,1.0
Física (Bacharelado),Darcy Ribeiro,Diurno,EP_R2_PPIQ,1,-15.86,-15.86,-15.86,-15.86,-15.86,-15.86,-15.86,0.0,0.0,57.25,Moderada,0.0,0.0,0.0,0.0,0.0
Física (Licenciatura),Darcy Ribeiro,Noturno,AC,5,-14.54,-62.27,-33.18,-62.27,-76.55,55.58,-41.01,-7.83,21.26,38.3,Baixa,-166.27,55.17,132.13,106.02,2.0
Física (Licenciatura),Darcy Ribeiro,Noturno,CN,1,-46.23,-46.23,-46.23,-46.23,-46.23,-46.23,-46.23,0.0,0.0,57.25,Moderada,0.0,0.0,0.0,0.0,0.0
Física (Licenciatura),Darcy Ribeiro,Noturno,EP_R1_NPPI,1,-59.91,-59.91,-59.91,-59.91,-59.91,-59.91,-59.91,0.0,0.0,57.25,Moderada,0.0,0.0,0.0,0.0,0.0
Física (Licenciatura),Darcy Ribeiro,Noturno,EP_R2_NPPI,1,-30.16,-30.16,-30.16,-30.16,-30.16,-30.16,-30.16,0.0,0.0,57.25,Moderada,0.0,0.0,0.0,0.0,0.0
Geofísica (Bacharelado),Darcy Ribeiro,Diurno,AC,5,-82.4,-47.99,-51.25,-47.99,-82.4,-30.09,-42.5,8.75,5.5,51.61,Moderada,-37.17,19.05,52.31,22.39,1.0
Geofísica (Bacharelado),Darcy Ribeiro,Diurno,CN,1,-6.22,-6.22,-6.22,-6.22,-6.22,-6.22,-6.22,0.0,0.0,57.25,Moderada,0.0,0.0,0.0,0.0,0.0
Geofísica (Bacharelado),Darcy Ribeiro,Diurno,EP_R1_NPPI,2,-40.12,-50.01,-45.06,-45.06,-50.01,-40.12,-54.13,-9.06,-4.12,61.85,Alta,-15.52,6.99,9.89,0.0,0.0
Geofísica (Bacharelado),Darcy Ribeiro,Diurno,EP_R1_PPI,1,-16.26,-16.26,-16.26,-16.26,-16.26,-16.26,-16.26,0.0,0.0,57.25,Moderada,0.0,0.0,0.0,0.0,0.0
Geofísica (Bacharelado),Darcy Ribeiro,Diurno,EP_R2_NPPI,2,-27.06,-48.56,-37.81,-37.81,-48.56,-27.06,-52.14,-14.33,-3.58,63.08,Alta,-40.21,15.2,21.5,0.0,0.0
Geofísica (Bacharelado),Darcy Ribeiro,Diurno,EP_R2_PPI,1,-20.9,-20.9,-20.9,-20.9,-20.9,-20.9,-20.9,0.0,0.0,57.25,Moderada,0.0,0.0,0.0,0.0,0.0
Geografia (Bacharelado/Licenciatura),Darcy Ribeiro,Diurno,AC,5,-52.0,-90.02,-40.62,-25.57,-90.02,-11.71,-76.64,-36.02,13.37,46.77,Moderada,-77.0,31.28,78.31,43.07,1.0
Geografia (Bacharelado/Licenciatura),Darcy Ribeiro,Diurno,CN,2,-51.63,-8.34,-29.99,-29.99,-51.63,-8.34,9.7,39.68,18.04,62.71,Alta,-102.08,30.61,43.29,0.0,0.0
Geografia (Bacharelado/Licenciatura),Darcy Ribeiro,Diurno,EP_R1_NPPI,4,-45.35,7.67,-14.93,-13.84,-45.35,13.32,5.12,20.04,-2.55,42.46,Moderada,-199.14,29.73,58.67,57.99,2.0
Geografia (Bacharelado/Licenciatura),Darcy Ribeiro,Diurno,EP_R1_PPI,2,-24.91,-53.49,-39.2,-39.2,-53.49,-24.91,-58.25,-19.05,-4.76,63.05,Alta,-51.55,20.21,28.58,0.0,0.0
Geografia (Bacharelado/Licenciatura),Darcy Ribeiro,Diurno,EP_R2_NPPI,3,-54.68,-8.19,-23.81,-8.56,-54.68,-8.19,-1.89,21.92,6.3,55.38,Moderada,-112.3,26.74,46.49,32.36,0.0
Geografia (Bacharelado/Licenciatura),Darcy Ribeiro,Diurno,EP_R2_NPPIQ,1,-66.84,-66.84,-66.84,-66.84,-66.84,-66.84,-66.84,0.0,0.0,57.25,Moderada,0.0,0.0,0.0,0.0,0.0
Geografia (Bacharelado/Licenciatura),Darcy Ribeiro,Diurno,EP_R2_PPI,3,-28.34,-16.39,-20.45,-16.63,-28.34,-16.39,-13.44,7.01,2.95,60.5,Alta,-33.41,6.83,11.95,8.11,0.0
Geologia (Bacharelado),Darcy Ribeiro,Diurno,AC,5,-96.64,-63.49,-67.95,-63.49,-96.64,-54.12,-57.18,10.77,6.31,53.63,Moderada,-25.06,17.03,42.52,16.02,1.0
Geologia (Bacharelado),Darcy Ribeiro,Diurno,CN,2,-33.97,-36.67,-35.32,-35.32,-36.67,-33.97,-37.8,-2.48,-1.13,61.61,Alta,-5.41,1.91,2.7,0.0,0.0
Geologia (Bacharelado),Darcy Ribeiro,Diurno,EP_R1_NPPI,1,-36.35,-36.35,-36.35,-36.35,-36.35,-36.35,-36.35,0.0,0.0,57.25,Moderada,0.0,0.0,0.0,0.0,0.0
Geologia (Bacharelado),Darcy Ribeiro,Diurno,EP_R1_PPI,3,-59.4,-3.5,-25.84,-14.62,-59.4,-3.5,8.63,34.47,12.12,55.67,Moderada,-114.54,29.6,55.91,23.81,0.0
Geologia (Bacharelado),Darcy Ribeiro,Diurno,EP_R2_NPPI,3,-28.41,9.26,4.9,9.26,-28.41,33.86,16.86,11.96,7.6,24.87,Baixa,639.43,31.36,62.27,61.42,1.0
Geologia (Bacharelado),Darcy Ribeiro,Diurno,EP_R2_PPI,1,-34.36,-34.36,-34.36,-34.36,-34.36,-34.36,-34.36,0.0,0.0,57.25,Moderada,0.0,0.0,0.0,0.0,0.0
Gestão Ambiental (Bacharelado),Planaltina,Noturno,AC,2,-62.16,-46.76,-54.46,-54.46,-62.16,-46.76,-44.19,10.26,2.57,61.56,Alta,-19.99,10.89,15.4,0.0,0.0
Gestão Ambiental (Bacharelado),Planaltina,Noturno,EP_R2_NPPI,2,-73.51,-10.73,-42.12,-42.12,-73.51,-10.73,15.43,57.55,26.16,59.96,Moderada,-105.4,44.39,62.78,0.0,0.0
Gestão Ambiental (Bacharelado),Planaltina,Noturno,EP_R2_PPI,1,-34.14,-34.14,-34.14,-34.14,-34.14,-34.14,-34.14,0.0,0.0,57.25,Moderada,0.0,0.0,0.0,0.0,0.0
Gestão de Agronegócio (Bacharelado),Darcy Ribeiro,Noturno,AC,5,-93.75,-46.18,-69.01,-61.03,-93.75,-46.18,-50.21,18.8,-4.03,46.1,Moderada,-28.02,19.34,47.58,28.8,2.0
Gestão de Agronegócio (Bacharelado),Darcy Ribeiro,Noturno,CN,2,-25.52,-12.02,-18.77,-18.77,-25.52,-12.02,-10.9,7.88,1.12,64.7,Alta,-50.86,9.55,13.5,0.0,0.0
Gestão de Agronegócio (Bacharelado),Darcy Ribeiro,Noturno,EP_R1_NPPI,1,-32.97,-32.97,-32.97,-32.97,-32.97,-32.97,-32.97,0.0,0.0,57.25,Moderada,0.0,0.0,0.0,0.0,0.0
Gestão de Agronegócio (Bacharelado),Darcy Ribeiro,Noturno,EP_R1_PPI,1,-57.62,-57.62,-57.62,-57.62,-57.62,-57.62,-57.62,0.0,0.0,57.25,Moderada,0.0,0.0,0.0,0.0,0.0
Gestão de Agronegócio (Bacharelado),Darcy Ribeiro,Noturno,EP_R2_NPPI,2,-71.31,-48.11,-59.71,-59.71,-71.31,-48.11,-46.18,13.53,1.93,61.56,Alta,-27.47,16.4,23.2,0.0,0.0
Gestão de Agronegócio (Bacharelado),Darcy Ribeiro,Noturno,EP_R2_PPI,1,-44.8,-44.8,-44.8,-44.8,-44.8,-44.8,-44.8,0.0,0.0,57.25,Moderada,0.0,0.0,0.0,0.0,0.0
Gestão de Políticas Públicas (Bacharelado),Darcy Ribeiro,Noturno,AC,5,-72.39,-2.83,-42.39,-51.54,-72.39,-2.83,-2.16,40.23,0.67,46.81,Moderada,-70.97,30.08,69.56,24.81,2.0
Gestão de Políticas Públicas (Bacharelado),Darcy Ribeiro,Noturno,CN,5,-20.13,-10.58,-22.16,-18.68,-66.75,5.31,-4.43,17.73,6.15,45.19,Moderada,-121.34,26.9,72.06,41.99,2.0
Gestão de Políticas Públicas (Bacharelado),Darcy Ribeiro,Noturno,EP_R1_NPPI,4,-12.55,-58.9,-51.8,-49.86,-94.96,-12.55,-62.04,-10.23,-3.14,35.21,Baixa,-66.63,34.52,82.41,68.32,2.0
Gestão de Políticas Públicas (Bacharelado),Darcy Ribeiro,Noturno,EP_R1_NPPIQ,1,-34.13,-34.13,-34.13,-34.13,-34.13,-34.13,-34.13,0.0,0.0,57.25,Moderada,0.0,0.0,0.0,0.0,0.0
Gestão de Políticas Públicas (Bacharelado),Darcy Ribeiro,Noturno,EP_R1_PPI,4,-95.96,-41.06,-62.33,-56.15,-95.96,-41.06,-32.55,29.78,8.51,57.3,Moderada,-40.44,25.21,54.9,12.82,0.0
Gestão de Políticas Públicas (Bacharelado),Darcy Ribeiro,Noturno,EP_R2_NPPI,4,-43.78,-64.37,-53.95,-54.08,-81.61,-26.03,-57.43,-3.48,6.94,38.9,Baixa,-44.85,24.2,55.58,54.08,2.0
Gestão de Políticas Públicas (Bacharelado),Darcy Ribeiro,Noturno,EP_R2_NPPIQ,1,-39.71,-39.71,-39.71,-39.71,-39.71,-39.71,-39.71,0.0,0.0,57.25,Moderada,0.0,0.0,0.0,0.0,0.0
Gestão de Políticas Públicas (Bacharelado),Darcy Ribeiro,Noturno,EP_R2_PPI,3,-60.85,-36.2,-54.39,-60.85,-66.12,-36.2,-35.84,18.55,0.36,47.64,Moderada,-29.36,15.97,29.92,24.88,1.0
Gestão de Políticas Públicas (Bacharelado),Darcy Ribeiro,Noturno,EP_R2_PPIQ,1,-50.03,-50.03,-50.03,-50.03,-50.03,-50.03,-50.03,0.0,0.0,57.25,Moderada,0.0,0.0,0.0,0.0,0.0
Gestão do Agronegócio (Bacharelado),Planaltina,Diurno,AC,5,-80.14,-82.79,-78.81,-80.14,-96.68,-56.32,-78.17,0.64,4.62,43.81,Moderada,-18.42,14.52,40.35,29.86,3.0
Gestão do Agronegócio (Bacharelado),Planaltina,Diurno,CN,1,-45.11,-45.11,-45.11,-45.11,-45.11,-45.11,-45.11,0.0,0.0,57.25,Moderada,0.0,0.0,0.0,0.0,0.0
Gestão do Agronegócio (Bacharelado),Planaltina,Diurno,EP_R2_NPPI,1,-54.11,-54.11,-54.11,-54.11,-54.11,-54.11,-54.11,0.0,0.0,57.25,Moderada,0.0,0.0,0.0,0.0,0.0
História (Bacharelado/Licenciatura),Darcy Ribeiro,Diurno,AC,6,4.47,47.47,27.6,39.08,-8.56,47.47,34.61,7.01,-12.86,34.78,Baixa,85.56,23.61,56.03,39.94,2.0
História (Bacharelado/Licenciatura),Darcy Ribeiro,Diurno,CN,6,25.57,-27.23,-6.74,-7.7,-36.36,25.57,-29.79,-23.05,-2.56,49.5,Moderada,-393.25,26.52,61.93,38.48,3.0
História (Bacharelado/Licenciatura),Darcy Ribeiro,Diurno,EP_R1_NPPI,4,-8.11,19.37,3.34,1.79,-9.57,19.37,16.22,12.88,-3.15,34.7,Baixa,431.62,14.43,28.95,26.74,2.0
História (Bacharelado/Licenciatura),Darcy Ribeiro,Diurno,EP_R1_NPPIQ,1,-17.03,-17.03,-17.03,-17.03,-17.03,-17.03,-17.03,0.0,0.0,57.25,Moderada,0.0,0.0,0.0,0.0,0.0
História (Bacharelado/Licenciatura),Darcy Ribeiro,Diurno,EP_R1_PPI,4,5.76,-24.22,-9.2,-9.18,-24.22,5.76,-24.74,-15.54,-0.52,54.11,Moderada,-134.31,12.36,29.98,12.36,2.0
História (Bacharelado/Licenciatura),Darcy Ribeiro,Diurno,EP_R2_NPPI,5,6.11,-54.2,5.64,19.64,-54.2,32.47,-32.85,-38.49,21.36,23.84,Baixa,616.73,34.79,86.67,48.7,3.0
História (Bacharelado/Licenciatura),Darcy Ribeiro,Diurno,EP_R2_NPPIQ,1,21.42,21.42,21.42,21.42,21.42,21.42,21.42,0.0,0.0,57.25,Moderada,0.0,0.0,0.0,0.0,0.0
História (Bacharelado/Licenciatura),Darcy Ribeiro,Diurno,EP_R2_NPPIQ_PCD,1,-4.96,-4.96,-4.96,-4.96,-4.96,-4.96,-4.96,0.0,0.0,57.25,Moderada,0.0,0.0,0.0,0.0,0.0
História (Bacharelado/Licenciatura),Darcy Ribeiro,Diurno,EP_R2_PPI,4,-17.94,-41.89,-23.5,-26.5,-41.89,0.91,-44.2,-20.71,-2.31,51.4,Moderada,-81.45,19.14,42.8,27.43,1.0
História (Bacharelado/Licenciatura),Darcy Ribeiro,Diurno,EP_R2_PPIQ,1,-31.06,-31.06,-31.06,-31.06,-31.06,-31.06,-31.06,0.0,0.0,57.25,Moderada,0.0,0.0,0.0,0.0,0.0
História (Bacharelado/Licenciatura),Darcy Ribeiro,Diurno,EP_R2_PPIQ_PCD,1,-30.96,-30.96,-30.96,-30.96,-30.96,-30.96,-30.96,0.0,0.0,57.25,Moderada,0.0,0.0,0.0,0.0,0.0
História (Licenciatura),Darcy Ribeiro,Noturno,AC,5,-56.35,-85.39,-63.35,-67.09,-85.39,-38.56,-85.12,-21.77,0.27,52.19,Moderada,-27.33,17.32,46.83,19.85,1.0
História (Licenciatura),Darcy Ribeiro,Noturno,CN,3,-59.9,-27.16,-20.67,-27.16,-59.9,25.06,-21.33,-0.66,5.84,38.38,Baixa,-207.31,42.85,84.95,96.99,1.0
História (Licenciatura),Darcy Ribeiro,Noturno,EP_R1_NPPI,4,-66.83,-47.86,-30.76,-32.76,-66.83,9.29,-28.82,1.94,19.04,43.15,Moderada,-108.94,33.51,76.12,56.08,1.0
História (Licenciatura),Darcy Ribeiro,Noturno,EP_R1_PPI,4,-48.66,-17.73,-29.61,-30.37,-48.66,-9.04,-19.27,10.34,-1.54,44.76,Moderada,-64.87,19.21,39.62,39.02,2.0
História (Licenciatura),Darcy Ribeiro,Noturno,EP_R2_NPPI,3,-68.47,-25.48,-34.29,-25.48,-68.47,-8.93,-17.96,16.33,7.51,41.6,Moderada,-89.62,30.73,59.54,53.8,1.0
História (Licenciatura),Darcy Ribeiro,Noturno,EP_R2_NPPIQ,1,-61.21,-61.21,-61.21,-61.21,-61.21,-61.21,-61.21,0.0,0.0,57.25,Moderada,0.0,0.0,0.0,0.0,0.0
História (Licenciatura),Darcy Ribeiro,Noturno,EP_R2_PPI,3,-61.06,-24.3,-39.97,-34.56,-61.06,-24.3,-16.81,23.16,7.48,58.13,Moderada,-47.47,18.97,36.77,11.49,0.0
Japonês (Licenciatura),Darcy Ribeiro,Noturno,AC,5,-60.85,-83.56,-53.08,-60.85,-83.56,-5.04,-65.98,-12.9,17.58,40.24,Moderada,-54.88,29.13,78.51,53.04,2.0
Japonês (Licenciatura),Darcy Ribeiro,Noturno,CN,2,-70.49,-59.48,-64.98,-64.98,-70.49,-59.48,-57.65,7.34,1.83,61.38,Alta,-11.97,7.78,11.0,0.0,0.0
Japonês (Licenciatura),Darcy Ribeiro,Noturno,EP_R2_NPPI,3,2.28,-18.52,-11.97,-18.52,-19.67,2.28,-23.92,-11.94,-5.39,55.0,Moderada,-103.19,12.36,21.95,16.34,1.0
Japonês (Licenciatura),Darcy Ribeiro,Noturno,EP_R2_PPI_PCD,1,5.9,5.9,5.9,5.9,5.9,5.9,5.9,0.0,0.0,57.25,Moderada,0.0,0.0,0.0,0.0,0.0
Jornalismo (Bacharelado),Darcy Ribeiro,Diurno,AC,6,81.26,85.9,83.04,83.13,69.36,95.52,82.98,-0.06,-2.91,42.63,Moderada,10.24,8.5,26.15,17.22,4.0
Jornalismo (Bacharelado),Darcy Ribeiro,Diurno,CN,6,14.71,52.71,37.25,41.33,-3.46,76.01,39.06,1.82,-13.65,26.64,Baixa,78.06,29.07,79.47,56.02,4.0
Jornalismo (Bacharelado),Darcy Ribeiro,Diurno,EP_R1_NPPI,5,-9.0,-11.96,6.22,1.73,-11.96,40.54,-6.82,-13.04,5.14,29.44,Baixa,338.25,21.05,52.5,38.72,3.0
Jornalismo (Bacharelado),Darcy Ribeiro,Diurno,EP_R1_NPPIQ,1,-37.17,-37.17,-37.17,-37.17,-37.17,-37.17,-37.17,0.0,0.0,57.25,Moderada,0.0,0.0,0.0,0.0,0.0
Jornalismo (Bacharelado),Darcy Ribeiro,Diurno,EP_R1_PPI,4,-45.4,18.93,-14.32,-15.4,-45.4,18.93,15.07,29.38,-3.86,42.3,Moderada,-218.12,31.23,64.32,54.36,2.0
Jornalismo (Bacharelado),Darcy Ribeiro,Diurno,EP_R2_NPPI,5,7.89,17.0,36.54,21.44,7.89,69.46,22.31,-14.23,5.32,35.2,Baixa,80.23,29.32,61.58,44.22,1.0
Jornalismo (Bacharelado),Darcy Ribeiro,Diurno,EP_R2_NPPIQ,1,41.61,41.61,41.61,41.61,41.61,41.61,41.61,0.0,0.0,57.25,Moderada,0.0,0.0,0.0,0.0,0.0
Jornalismo (Bacharelado),Darcy Ribeiro,Diurno,EP_R2_PPI,5,-5.21,-53.57,-8.82,-5.21,-53.57,23.78,-42.39,-33.57,11.19,44.31,Moderada,-324.0,28.56,77.35,41.8,3.0
Jornalismo (Bacharelado),Darcy Ribeiro,Diurno,EP_R2_PPIQ,1,-49.26,-49.26,-49.26,-49.26,-49.26,-49.26,-49.26,0.0,0.0,57.25,Moderada,0.0,0.0,0.0,0.0,0.0
Letras - Espanhol (Licenciatura),Darcy Ribeiro,Noturno,AC,5,-55.01,-79.03,-70.11,-71.14,-98.76,-46.59,-72.82,-2.71,6.21,43.85,Moderada,-29.26,20.51,52.17,37.36,2.0
Letras - Espanhol (Licenciatura),Darcy Ribeiro,Noturno,EP_R1_NPPI,1,-27.42,-27.42,-27.42,-27.42,-27.42,-27.42,-27.42,0.0,0.0,57.25,Moderada,0.0,0.0,0.0,0.0,0.0
Letras - Espanhol (Licenciatura),Darcy Ribeiro,Noturno,EP_R1_PPI,2,-44.3,-54.88,-49.59,-49.59,-54.88,-44.3,-59.28,-9.69,-4.4,61.69,Alta,-15.08,7.48,10.57,0.0,0.0
Letras - Espanhol (Licenciatura),Darcy Ribeiro,Noturno,EP_R2_NPPI,2,-41.24,-47.19,-44.22,-44.22,-47.19,-41.24,-48.18,-3.96,-0.99,61.61,Alta,-9.51,4.21,5.95,0.0,0.0
Letras - Espanhol (Licenciatura),Darcy Ribeiro,Noturno,EP_R2_PPI,3,-45.26,-14.49,-32.78,-38.58,-45.26,-14.49,-10.82,21.96,3.68,59.07,Moderada,-49.37,16.18,30.77,12.31,0.0
Letras - Francês (Bacharelado/Licenciatura),Darcy Ribeiro,Diurno,AC,4,-55.89,-87.34,-62.64,-59.35,-87.34,-44.51,-85.95,-23.31,1.39,49.88,Moderada,-28.92,18.11,42.83,19.19,1.0
Letras - Francês (Bacharelado/Licenciatura),Darcy Ribeiro,Diurno,CN,1,-84.37,-84.37,-84.37,-84.37,-84.37,-84.37,-84.37,0.0,0.0,57.25,Moderada,0.0,0.0,0.0,0.0,0.0
Letras - Francês (Bacharelado/Licenciatura),Darcy Ribeiro,Diurno,EP_R1_NPPI,2,-2.64,-48.69,-25.67,-25.67,-48.69,-2.64,-56.37,-30.7,-7.68,63.0,Alta,-126.85,32.56,46.05,0.0,0.0
Letras - Francês (Bacharelado/Licenciatura),Darcy Ribeiro,Diurno,EP_R2_NPPI,3,-20.18,-33.8,-32.54,-33.8,-43.65,-20.18,-36.65,-4.1,-2.84,49.61,Moderada,-36.21,11.78,23.47,23.56,1.0
Letras - Francês (Bacharelado/Licenciatura),Darcy Ribeiro,Diurno,EP_R2_PPI,3,-20.96,-80.31,-50.0,-48.72,-80.31,-20.96,-89.88,-39.88,-9.57,56.01,Moderada,-59.4,29.7,59.35,2.71,0.0
Letras - Inglês (Bacharelado/Licenciatura),Darcy Ribeiro,Diurno,AC,6,-10.25,15.31,12.8,18.87,-15.47,32.55,11.06,-1.74,-4.24,33.18,Baixa,163.77,20.96,48.01,35.79,4.0
Letras - Inglês (Bacharelado/Licenciatura),Darcy Ribeiro,Diurno,CN,4,-52.72,-17.01,-17.16,-21.32,-52.72,26.73,1.26,18.42,18.28,44.9,Moderada,-192.17,32.98,79.45,49.82,1.0
Letras - Inglês (Bacharelado/Licenciatura),Darcy Ribeiro,Diurno,EP_R1_NPPI,5,-17.71,-26.44,-13.27,-12.72,-26.44,-3.97,-21.07,-7.79,5.37,53.63,Moderada,-69.44,9.22,22.47,15.65,3.0
Letras - Inglês (Bacharelado/Licenciatura),Darcy Ribeiro,Diurno,EP_R1_PPI,4,6.41,-18.63,-21.21,-24.62,-42.02,6.41,-26.31,-5.1,-7.68,49.59,Moderada,-97.77,20.74,48.42,34.71,1.0
Letras - Inglês (Bacharelado/Licenciatura),Darcy Ribeiro,Diurno,EP_R2_NPPI,5,14.04,-40.91,6.93,14.04,-40.91,30.67,-31.13,-38.06,9.78,35.7,Baixa,417.85,28.96,71.58,26.69,1.0
Letras - Inglês (Bacharelado/Licenciatura),Darcy Ribeiro,Diurno,EP_R2_NPPIQ,1,-14.23,-14.23,-14.23,-14.23,-14.23,-14.23,-14.23,0.0,0.0,57.25,Moderada,0.0,0.0,0.0,0.0,0.0
Letras - Inglês (Bacharelado/Licenciatura),Darcy Ribeiro,Diurno,EP_R2_PPI,4,-63.89,-77.78,-33.73,-31.02,-77.78,4.92,-57.47,-23.75,20.31,41.08,Moderada,-128.21,43.24,82.7,74.52,1.0
Letras - Inglês (Bacharelado/Licenciatura),Darcy Ribeiro,Diurno,EP_R2_PPIQ,1,-34.49,-34.49,-34.49,-34.49,-34.49,-34.49,-34.49,0.0,0.0,57.25,Moderada,0.0,0.0,0.0,0.0,0.0
Letras - Português (Bacharelado/Licenciatura),Darcy Ribeiro,Diurno,AC,6,-25.6,46.68,20.91,37.34,-25.6,52.64,35.42,14.51,-11.27,25.69,Baixa,170.16,35.58,78.24,60.08,4.0
Letras - Português (Bacharelado/Licenciatura),Darcy Ribeiro,Diurno,CN,6,-46.77,30.13,-4.55,7.14,-60.7,35.73,13.8,18.36,-16.32,41.69,Moderada,-880.4,40.1,96.44,71.31,4.0
Letras - Português (Bacharelado/Licenciatura),Darcy Ribeiro,Diurno,EP_R1_NPPI,5,-16.88,-26.31,-2.27,-16.14,-26.31,39.57,-8.78,-6.51,17.53,44.86,Moderada,-1174.35,26.69,65.89,53.74,3.0
Letras - Português (Bacharelado/Licenciatura),Darcy Ribeiro,Diurno,EP_R1_NPPIQ,1,-21.14,-21.14,-21.14,-21.14,-21.14,-21.14,-21.14,0.0,0.0,57.25,Moderada,0.0,0.0,0.0,0.0,0.0
Letras - Português (Bacharelado/Licenciatura),Darcy Ribeiro,Diurno,EP_R1_PPI,4,-39.49,-21.58,-18.73,-15.85,-39.49,-3.74,-13.54,5.19,8.04,53.46,Moderada,-83.74,15.68,35.75,23.61,1.0
Letras - Português (Bacharelado/Licenciatura),Darcy Ribeiro,Diurno,EP_R2_NPPI,5,-29.22,-53.69,-4.2,17.88,-53.69,23.43,-31.86,-27.66,21.83,50.02,Moderada,-837.39,35.15,77.12,50.86,1.0
Letras - Português (Bacharelado/Licenciatura),Darcy Ribeiro,Diurno,EP_R2_NPPIQ,1,-39.52,-39.52,-39.52,-39.52,-39.52,-39.52,-39.52,0.0,0.0,57.25,Moderada,0.0,0.0,0.0,0.0,0.0
Letras - Português (Bacharelado/Licenciatura),Darcy Ribeiro,Diurno,EP_R2_PPI,4,-71.64,-23.76,-46.13,-47.7,-75.98,-13.15,-29.74,16.39,-5.98,37.72,Baixa,-70.02,32.3,62.84,68.31,2.0
Letras - Português (Bacharelado/Licenciatura),Darcy Ribeiro,Diurno,EP_R2_PPIQ,1,-30.58,-30.58,-30.58,-30.58,-30.58,-30.58,-30.58,0.0,0.0,57.25,Moderada,0.0,0.0,0.0,0.0,0.0
Letras - Português (Licenciatura),Darcy Ribeiro,Noturno,AC,5,-54.54,-56.96,-61.62,-56.96,-79.9,-46.16,-56.07,5.54,0.88,48.91,Moderada,-21.84,13.46,33.74,23.08,2.0
Letras - Português (Licenciatura),Darcy Ribeiro,Noturno,CN,1,-31.96,-31.96,-31.96,-31.96,-31.96,-31.96,-31.96,0.0,0.0,57.25,Moderada,0.0,0.0,0.0,0.0,0.0
Letras - Português (Licenciatura),Darcy Ribeiro,Noturno,EP_R1_NPPI,3,6.56,-45.74,-31.44,-45.74,-55.13,6.56,-60.38,-28.95,-14.64,42.57,Moderada,-105.73,33.24,61.69,50.25,1.0
Letras - Português (Licenciatura),Darcy Ribeiro,Noturno,EP_R1_PPI,1,-39.82,-39.82,-39.82,-39.82,-39.82,-39.82,-39.82,0.0,0.0,57.25,Moderada,0.0,0.0,0.0,0.0,0.0
Letras - Português (Licenciatura),Darcy Ribeiro,Noturno,EP_R2_NPPI,4,-3.89,-8.79,-21.35,-15.12,-51.27,-3.89,-13.13,8.22,-4.34,48.6,Moderada,-99.64,21.27,47.38,40.53,1.0
Letras - Português (Licenciatura),Darcy Ribeiro,Noturno,EP_R2_PPI,3,-23.9,-13.59,-17.01,-13.59,-23.9,-13.53,-11.01,6.0,2.59,53.56,Moderada,-35.08,5.97,10.36,7.37,1.0
Letras – Português do Brasil como Segunda Língua (Licenciatura),Darcy Ribeiro,Diurno,AC,5,-65.68,-75.9,-46.6,-49.96,-75.9,-10.94,-69.61,-23.0,6.3,48.03,Moderada,-56.41,26.29,64.96,38.32,1.0
Letras – Português do Brasil como Segunda Língua (Licenciatura),Darcy Ribeiro,Diurno,CN,2,-27.2,-45.76,-36.48,-36.48,-45.76,-27.2,-53.5,-17.01,-7.73,63.08,Alta,-35.97,13.12,18.56,0.0,0.0
Letras – Português do Brasil como Segunda Língua (Licenciatura),Darcy Ribeiro,Diurno,EP_R1_NPPI,3,-17.59,-41.56,-31.66,-35.82,-41.56,-17.59,-44.24,-12.59,-2.69,59.57,Moderada,-39.52,12.51,23.96,8.83,0.0
Letras – Português do Brasil como Segunda Língua (Licenciatura),Darcy Ribeiro,Diurno,EP_R1_PPI,3,-35.98,-48.36,-46.7,-48.36,-55.76,-35.98,-52.69,-5.99,-4.33,49.48,Moderada,-21.4,9.99,19.78,19.22,1.0
Letras – Português do Brasil como Segunda Língua (Licenciatura),Darcy Ribeiro,Diurno,EP_R2_NPPI,3,-24.41,-4.69,-25.49,-24.41,-47.36,-4.69,-6.87,18.62,-2.18,45.26,Moderada,-83.79,21.36,42.67,46.41,1.0
Letras – Português do Brasil como Segunda Língua (Licenciatura),Darcy Ribeiro,Diurno,EP_R2_PPI,3,-83.52,3.9,-46.86,-60.95,-83.52,3.9,14.94,61.8,11.05,49.96,Moderada,-96.84,45.38,87.42,29.89,0.0
Letras – Tradução – Espanhol (Bacharelado),Darcy Ribeiro,Noturno,AC,5,-37.81,-56.27,-58.18,-56.3,-80.94,-37.81,-60.26,-2.08,-3.99,52.19,Moderada,-26.38,15.35,43.14,22.01,1.0
Letras – Tradução – Espanhol (Bacharelado),Darcy Ribeiro,Noturno,EP_R1_PPI,1,-45.08,-45.08,-45.08,-45.08,-45.08,-45.08,-45.08,0.0,0.0,57.25,Moderada,0.0,0.0,0.0,0.0,0.0
Letras – Tradução – Espanhol (Bacharelado),Darcy Ribeiro,Noturno,EP_R2_NPPI,3,-49.61,-74.1,-57.5,-49.61,-74.1,-48.8,-74.9,-17.4,-0.8,49.19,Moderada,-25.0,14.38,25.3,18.46,1.0
Letras – Tradução – Espanhol (Bacharelado),Darcy Ribeiro,Noturno,EP_R2_PPI,1,-26.22,-26.22,-26.22,-26.22,-26.22,-26.22,-26.22,0.0,0.0,57.25,Moderada,0.0,0.0,0.0,0.0,0.0
Letras – Tradução – Francês (Bacharelado),Darcy Ribeiro,Diurno,AC,5,-67.22,-18.6,-43.47,-28.61,-75.82,-18.6,-19.32,24.15,-0.72,44.53,Moderada,-59.98,26.07,57.23,43.11,2.0
Letras – Tradução – Francês (Bacharelado),Darcy Ribeiro,Diurno,EP_R2_PPI,1,-28.72,-28.72,-28.72,-28.72,-28.72,-28.72,-28.72,0.0,0.0,57.25,Moderada,0.0,0.0,0.0,0.0,0.0
Letras – Tradução – Inglês (Bacharelado),Darcy Ribeiro,Diurno,AC,6,-73.35,-75.98,-31.93,-35.28,-75.98,14.88,-63.32,-31.39,12.66,48.9,Moderada,-129.24,41.27,90.86,51.26,1.0
Letras – Tradução – Inglês (Bacharelado),Darcy Ribeiro,Diurno,CN,4,-50.51,8.67,-24.04,-26.78,-51.29,8.67,15.8,39.85,7.14,50.77,Moderada,-130.51,31.38,59.95,25.48,1.0
Letras – Tradução – Inglês (Bacharelado),Darcy Ribeiro,Diurno,EP_R1_NPPI,1,21.24,21.24,21.24,21.24,21.24,21.24,21.24,0.0,0.0,57.25,Moderada,0.0,0.0,0.0,0.0,0.0
Letras – Tradução – Inglês (Bacharelado),Darcy Ribeiro,Diurno,EP_R1_PPI,3,-63.4,-50.12,-58.4,-61.69,-63.4,-50.12,-48.73,9.67,1.39,58.44,Moderada,-12.37,7.22,13.28,6.98,0.0
Letras – Tradução – Inglês (Bacharelado),Darcy Ribeiro,Diurno,EP_R2_NPPI,4,-66.72,-20.76,-20.49,-9.02,-66.72,2.8,-6.26,14.23,14.5,46.06,Moderada,-159.82,32.75,69.52,48.37,1.0
Letras – Tradução – Inglês (Bacharelado),Darcy Ribeiro,Diurno,EP_R2_NPPIQ,1,-59.74,-59.74,-59.74,-59.74,-59.74,-59.74,-59.74,0.0,0.0,57.25,Moderada,0.0,0.0,0.0,0.0,0.0
Letras – Tradução – Inglês (Bacharelado),Darcy Ribeiro,Diurno,EP_R2_NPPIQ_PCD,1,-20.51,-20.51,-20.51,-20.51,-20.51,-20.51,-20.51,0.0,0.0,57.25,Moderada,0.0,0.0,0.0,0.0,0.0
Letras – Tradução – Inglês (Bacharelado),Darcy Ribeiro,Diurno,EP_R2_PPI,2,-34.88,-62.08,-48.48,-48.48,-62.08,-34.88,-73.42,-24.93,-11.33,62.24,Alta,-39.67,19.23,27.2,0.0,0.0
Línguas Estrangeiras Aplicadas (Bacharelado),Darcy Ribeiro,Diurno,AC,5,-54.74,-60.26,-50.29,-54.74,-60.26,-32.75,-55.89,-5.59,4.37,51.24,Moderada,-21.44,10.78,27.51,17.45,2.0
Línguas Estrangeiras Aplicadas (Bacharelado),Darcy Ribeiro,Diurno,CN,2,-34.47,44.58,5.06,5.06,-34.47,44.58,77.52,72.47,32.94,41.53,Moderada,1105.17,55.9,79.05,0.0,0.0
Línguas Estrangeiras Aplicadas (Bacharelado),Darcy Ribeiro,Diurno,EP_R1_NPPI,2,-2.77,47.66,22.45,22.45,-2.77,47.66,68.67,46.22,21.01,46.27,Moderada,158.85,35.66,50.43,0.0,0.0
Línguas Estrangeiras Aplicadas (Bacharelado),Darcy Ribeiro,Diurno,EP_R1_PPI,2,-25.61,-46.0,-35.8,-35.8,-46.0,-25.61,-47.7,-11.89,-1.7,63.29,Alta,-40.25,14.41,20.38,0.0,0.0
Línguas Estrangeiras Aplicadas (Bacharelado),Darcy Ribeiro,Diurno,EP_R2_NPPI,3,-48.7,-2.63,-21.72,-13.84,-48.7,-2.63,7.02,28.74,9.65,58.63,Moderada,-110.59,24.02,46.07,16.72,0.0
Línguas Estrangeiras Aplicadas (Bacharelado),Darcy Ribeiro,Diurno,EP_R2_NPPIQ,1,-67.76,-67.76,-67.76,-67.76,-67.76,-67.76,-67.76,0.0,0.0,57.25,Moderada,0.0,0.0,0.0,0.0,0.0
Línguas Estrangeiras Aplicadas (Bacharelado),Darcy Ribeiro,Diurno,EP_R2_PPI,3,21.42,-15.78,-23.66,-15.78,-76.63,21.42,-35.22,-11.56,-19.44,37.38,Baixa,-209.16,49.5,98.04,112.36,1.0
Matemática (Bacharelado/Licenciatura),Darcy Ribeiro,Diurno,AC,6,-74.61,-20.74,-18.2,-11.81,-74.61,31.53,-25.61,-7.41,-4.87,44.07,Moderada,-242.57,44.15,106.14,63.13,2.0
Matemática (Bacharelado/Licenciatura),Darcy Ribeiro,Diurno,CN,4,-78.17,-31.24,-23.46,-14.12,-78.17,12.58,-12.74,10.72,18.5,42.21,Moderada,-174.96,41.04,90.75,62.72,1.0
Matemática (Bacharelado/Licenciatura),Darcy Ribeiro,Diurno,EP_R1_NPPI,4,-96.95,-20.21,-54.28,-49.99,-96.95,-20.21,-14.6,39.68,5.6,54.18,Moderada,-58.46,31.74,76.74,21.62,0.0
Matemática (Bacharelado/Licenciatura),Darcy Ribeiro,Diurno,EP_R1_PPI,4,-1.02,-6.05,-17.43,-3.53,-64.58,1.93,-23.03,-5.6,-16.98,40.76,Moderada,-181.34,31.61,66.51,62.65,2.0
Matemática (Bacharelado/Licenciatura),Darcy Ribeiro,Diurno,EP_R2_NPPI,5,-42.48,-53.02,-4.45,14.6,-53.02,40.09,-30.67,-26.22,22.36,40.86,Moderada,-918.79,40.87,93.11,64.76,3.0
Matemática (Bacharelado/Licenciatura),Darcy Ribeiro,Diurno,EP_R2_NPPIQ,1,-20.66,-20.66,-20.66,-20.66,-20.66,-20.66,-20.66,0.0,0.0,57.25,Moderada,0.0,0.0,0.0,0.0,0.0
Matemática (Bacharelado/Licenciatura),Darcy Ribeiro,Diurno,EP_R2_PPI,4,-54.45,-51.87,-54.69,-53.45,-60.0,-51.87,-51.58,3.12,0.29,54.41,Moderada,-6.78,3.71,8.13,6.56,1.0
Matemática (Bacharelado/Licenciatura),Darcy Ribeiro,Diurno,EP_R2_PPIQ,1,-29.96,-29.96,-29.96,-29.96,-29.96,-29.96,-29.96,0.0,0.0,57.25,Moderada,0.0,0.0,0.0,0.0,0.0
Matemática (Licenciatura),Darcy Ribeiro,Noturno,AC,5,-44.48,-51.64,-53.89,-50.66,-73.47,-44.48,-57.59,-3.7,-5.95,54.91,Moderada,-20.94,11.29,28.99,18.34,1.0
Matemática (Licenciatura),Darcy Ribeiro,Noturno,CN,3,2.63,-64.38,-6.23,2.63,-64.38,43.06,-53.0,-46.77,11.38,38.35,Baixa,-871.03,54.27,107.45,104.57,1.0
Matemática (Licenciatura),Darcy Ribeiro,Noturno,EP_R1_PPI,2,-38.18,23.1,-7.54,-7.54,-38.18,23.1,48.64,56.18,25.54,63.05,Alta,-574.68,43.33,61.28,0.0,0.0
Matemática (Licenciatura),Darcy Ribeiro,Noturno,EP_R2_NPPI,1,-54.59,-54.59,-54.59,-54.59,-54.59,-54.59,-54.59,0.0,0.0,57.25,Moderada,0.0,0.0,0.0,0.0,0.0
Matemática (Licenciatura),Darcy Ribeiro,Noturno,EP_R2_PPI,2,-11.48,-33.51,-22.49,-22.49,-33.51,-11.48,-42.68,-20.19,-9.18,64.68,Alta,-69.26,15.58,22.03,0.0,0.0
Medicina (Bacharelado),Darcy Ribeiro,Diurno,AC,5,164.86,166.75,171.08,166.75,162.42,183.5,167.33,-3.75,0.58,44.51,Moderada,5.33,9.12,21.08,14.56,2.0
Medicina (Bacharelado),Darcy Ribeiro,Diurno,CN,5,157.26,120.05,138.11,146.83,94.77,171.62,128.51,-9.6,8.46,28.12,Baixa,22.23,30.7,76.85,59.99,2.0
Medicina (Bacharelado),Darcy Ribeiro,Diurno,EP_R1_NPPI,4,93.73,88.01,92.82,93.68,88.01,95.9,89.27,-3.55,1.26,47.44,Moderada,3.63,3.37,7.89,3.91,1.0
Medicina (Bacharelado),Darcy Ribeiro,Diurno,EP_R1_NPPIQ,1,98.65,98.65,98.65,98.65,98.65,98.65,98.65,0.0,0.0,57.25,Moderada,0.0,0.0,0.0,0.0,0.0
Medicina (Bacharelado),Darcy Ribeiro,Diurno,EP_R1_NPPIQ_PCD,1,46.78,46.78,46.78,46.78,46.78,46.78,46.78,0.0,0.0,57.25,Moderada,0.0,0.0,0.0,0.0,0.0
Medicina (Bacharelado),Darcy Ribeiro,Diurno,EP_R1_PPI,5,28.98,55.92,55.44,55.92,28.98,78.06,57.6,2.15,1.67,35.74,Baixa,35.76,19.82,49.09,31.17,2.0
Medicina (Bacharelado),Darcy Ribeiro,Diurno,EP_R1_PPIQ,1,81.45,81.45,81.45,81.45,81.45,81.45,81.45,0.0,0.0,57.25,Moderada,0.0,0.0,0.0,0.0,0.0
Medicina (Bacharelado),Darcy Ribeiro,Diurno,EP_R1_PPI_PCD,2,-40.02,-6.69,-23.36,-23.36,-40.02,-6.69,7.2,30.56,13.89,64.31,Alta,-100.93,23.57,33.34,0.0,0.0
Medicina (Bacharelado),Darcy Ribeiro,Diurno,EP_R2_NPPI,4,138.0,155.1,155.28,153.82,138.0,175.47,163.49,8.21,8.39,40.79,Moderada,9.93,15.43,37.47,22.96,1.0
Medicina (Bacharelado),Darcy Ribeiro,Diurno,EP_R2_NPPIQ,1,162.28,162.28,162.28,162.28,162.28,162.28,162.28,0.0,0.0,57.25,Moderada,0.0,0.0,0.0,0.0,0.0
Medicina (Bacharelado),Darcy Ribeiro,Diurno,EP_R2_NPPIQ_PCD,1,103.22,103.22,103.22,103.22,103.22,103.22,103.22,0.0,0.0,57.25,Moderada,0.0,0.0,0.0,0.0,0.0
Medicina (Bacharelado),Darcy Ribeiro,Diurno,EP_R2_NPPI_PCD,1,107.51,107.51,107.51,107.51,107.51,107.51,107.51,0.0,0.0,57.25,Moderada,0.0,0.0,0.0,0.0,0.0
Medicina (Bacharelado),Darcy Ribeiro,Diurno,EP_R2_PPI,4,101.45,78.63,97.29,101.48,78.63,107.58,84.81,-12.48,6.18,43.09,Moderada,13.12,12.77,28.95,18.72,1.0
Medicina (Bacharelado),Darcy Ribeiro,Diurno,EP_R2_PPIQ,1,115.8,115.8,115.8,115.8,115.8,115.8,115.8,0.0,0.0,57.25,Moderada,0.0,0.0,0.0,0.0,0.0
Medicina (Bacharelado),Darcy Ribeiro,Diurno,EP_R2_PPIQ_PCD,1,-27.58,-27.58,-27.58,-27.58,-27.58,-27.58,-27.58,0.0,0.0,57.25,Moderada,0.0,0.0,0.0,0.0,0.0
Medicina Veterinária (Bacharelado),Darcy Ribeiro,Diurno,AC,6,50.19,66.64,69.07,67.58,50.19,93.66,67.49,-1.57,0.85,36.53,Baixa,24.47,16.9,43.48,30.54,4.0
Medicina Veterinária (Bacharelado),Darcy Ribeiro,Diurno,CN,6,47.57,55.86,50.5,51.71,10.47,73.64,54.78,4.28,-1.08,30.41,Baixa,44.3,22.37,63.17,46.16,4.0
Medicina Veterinária (Bacharelado),Darcy Ribeiro,Diurno,EP_R1_NPPI,5,22.15,-2.81,-2.42,7.07,-58.65,22.15,-5.43,-3.02,-2.62,44.66,Moderada,-1367.78,33.04,80.8,60.91,2.0
Medicina Veterinária (Bacharelado),Darcy Ribeiro,Diurno,EP_R1_NPPIQ,1,-18.65,-18.65,-18.65,-18.65,-18.65,-18.65,-18.65,0.0,0.0,57.25,Moderada,0.0,0.0,0.0,0.0,0.0
Medicina Veterinária (Bacharelado),Darcy Ribeiro,Diurno,EP_R1_PPI,4,-20.27,-33.59,-21.19,-26.93,-40.67,9.78,-37.87,-16.68,-4.28,44.21,Moderada,-105.3,22.31,50.45,41.47,2.0
Medicina Veterinária (Bacharelado),Darcy Ribeiro,Diurno,EP_R1_PPIQ,1,-40.56,-40.56,-40.56,-40.56,-40.56,-40.56,-40.56,0.0,0.0,57.25,Moderada,0.0,0.0,0.0,0.0,0.0
Medicina Veterinária (Bacharelado),Darcy Ribeiro,Diurno,EP_R2_NPPI,5,20.86,37.33,43.88,49.33,20.86,60.93,44.82,0.94,7.49,43.87,Moderada,35.0,15.36,40.08,20.13,1.0
Medicina Veterinária (Bacharelado),Darcy Ribeiro,Diurno,EP_R2_NPPIQ,1,53.43,53.43,53.43,53.43,53.43,53.43,53.43,0.0,0.0,57.25,Moderada,0.0,0.0,0.0,0.0,0.0
Medicina Veterinária (Bacharelado),Darcy Ribeiro,Diurno,EP_R2_NPPIQ_PCD,1,-34.55,-34.55,-34.55,-34.55,-34.55,-34.55,-34.55,0.0,0.0,57.25,Moderada,0.0,0.0,0.0,0.0,0.0
Medicina Veterinária (Bacharelado),Darcy Ribeiro,Diurno,EP_R2_PPI,5,5.2,-62.78,11.06,16.69,-62.78,60.74,-43.99,-55.05,18.79,27.61,Baixa,418.79,46.32,123.53,55.49,1.0
Medicina Veterinária (Bacharelado),Darcy Ribeiro,Diurno,EP_R2_PPIQ,1,11.52,11.52,11.52,11.52,11.52,11.52,11.52,0.0,0.0,57.25,Moderada,0.0,0.0,0.0,0.0,0.0
Museologia (Bacharelado),Darcy Ribeiro,Diurno,AC,5,-63.96,-79.4,-63.71,-63.96,-79.4,-45.67,-74.22,-10.52,5.18,49.51,Moderada,-19.54,12.45,33.74,19.36,2.0
Museologia (Bacharelado),Darcy Ribeiro,Diurno,CN,3,-68.31,-38.9,-55.47,-59.2,-68.31,-38.9,-36.93,18.54,1.97,57.76,Moderada,-27.14,15.06,29.41,7.91,0.0
Museologia (Bacharelado),Darcy Ribeiro,Diurno,EP_R1_NPPI,1,-54.78,-54.78,-54.78,-54.78,-54.78,-54.78,-54.78,0.0,0.0,57.25,Moderada,0.0,0.0,0.0,0.0,0.0
Museologia (Bacharelado),Darcy Ribeiro,Diurno,EP_R2_NPPI,2,-86.04,-83.17,-84.61,-84.61,-86.04,-83.17,-81.98,2.63,1.2,61.51,Alta,-2.4,2.03,2.87,0.0,0.0
Museologia (Bacharelado),Darcy Ribeiro,Diurno,EP_R2_PPI,2,-51.81,-75.47,-63.64,-63.64,-75.47,-51.81,-85.33,-21.69,-9.86,61.22,Alta,-26.29,16.73,23.66,0.0,0.0
Música (Bacharelado),Darcy Ribeiro,Diurno,AC,4,-29.76,-2.41,-12.09,-12.9,-29.76,7.2,-2.63,9.46,-0.22,48.69,Moderada,-143.75,17.38,36.97,35.31,2.0
Música (Licenciatura),Darcy Ribeiro,Diurno,AC,5,-66.32,-15.97,-48.32,-52.88,-66.32,-15.97,-18.85,29.47,-2.88,49.59,Moderada,-42.91,20.73,50.34,17.32,2.0
Música (Licenciatura),Darcy Ribeiro,Diurno,EP_R1_NPPI,2,13.33,-69.94,-28.31,-28.31,-69.94,13.33,-83.82,-55.51,-13.88,59.15,Moderada,-208.0,58.88,83.27,0.0,0.0
Música (Licenciatura),Darcy Ribeiro,Diurno,EP_R2_NPPI,2,-0.73,30.34,14.81,14.81,-0.73,30.34,43.29,28.48,12.95,49.68,Moderada,148.36,21.97,31.07,0.0,0.0
Música (Licenciatura),Darcy Ribeiro,Diurno,EP_R2_PPI,1,-64.02,-64.02,-64.02,-64.02,-64.02,-64.02,-64.02,0.0,0.0,57.25,Moderada,0.0,0.0,0.0,0.0,0.0
Música (Licenciatura),Darcy Ribeiro,Noturno,EP_R2_NPPI,1,17.12,17.12,17.12,17.12,17.12,17.12,17.12,0.0,0.0,57.25,Moderada,0.0,0.0,0.0,0.0,0.0
Nutrição (Bacharelado),Darcy Ribeiro,Diurno,AC,6,26.0,70.1,54.6,61.7,26.0,70.1,66.25,11.65,-3.85,37.42,Baixa,31.35,17.12,44.1,25.18,4.0
Nutrição (Bacharelado),Darcy Ribeiro,Diurno,CN,6,3.34,50.78,19.34,19.95,-9.71,50.78,36.02,16.68,-14.76,31.04,Baixa,112.4,21.74,60.49,39.2,4.0
Nutrição (Bacharelado),Darcy Ribeiro,Diurno,EP_R1_NPPI,5,-16.92,4.71,5.04,4.71,-16.92,18.95,7.66,2.62,2.95,38.49,Baixa,276.75,13.95,35.88,20.98,2.0
Nutrição (Bacharelado),Darcy Ribeiro,Diurno,EP_R1_NPPIQ,1,-26.22,-26.22,-26.22,-26.22,-26.22,-26.22,-26.22,0.0,0.0,57.25,Moderada,0.0,0.0,0.0,0.0,0.0
Nutrição (Bacharelado),Darcy Ribeiro,Diurno,EP_R1_PPI,4,-65.62,-25.6,-42.42,-39.23,-65.62,-25.6,-20.11,22.31,5.49,60.78,Alta,-42.47,18.02,40.02,6.86,0.0
Nutrição (Bacharelado),Darcy Ribeiro,Diurno,EP_R1_PPIQ,1,-31.89,-31.89,-31.89,-31.89,-31.89,-31.89,-31.89,0.0,0.0,57.25,Moderada,0.0,0.0,0.0,0.0,0.0
Nutrição (Bacharelado),Darcy Ribeiro,Diurno,EP_R2_NPPI,5,41.69,3.41,39.69,41.69,3.41,79.99,10.39,-29.3,6.97,34.55,Baixa,71.66,28.44,76.58,37.28,1.0
Nutrição (Bacharelado),Darcy Ribeiro,Diurno,EP_R2_NPPIQ,1,31.53,31.53,31.53,31.53,31.53,31.53,31.53,0.0,0.0,57.25,Moderada,0.0,0.0,0.0,0.0,0.0
Nutrição (Bacharelado),Darcy Ribeiro,Diurno,EP_R2_PPI,5,-6.96,-67.72,-24.8,-13.87,-67.72,-5.55,-60.82,-36.02,6.9,50.45,Moderada,-104.3,25.87,62.17,20.14,2.0
Nutrição (Bacharelado),Darcy Ribeiro,Diurno,EP_R2_PPIQ,1,-7.67,-7.67,-7.67,-7.67,-7.67,-7.67,-7.67,0.0,0.0,57.25,Moderada,0.0,0.0,0.0,0.0,0.0
Odontologia (Bacharelado),Darcy Ribeiro,Diurno,AC,6,49.53,91.44,78.35,86.12,49.53,97.52,87.39,9.04,-4.04,39.46,Baixa,24.81,19.43,47.99,27.31,2.0
Odontologia (Bacharelado),Darcy Ribeiro,Diurno,CN,6,78.51,55.21,45.69,44.75,9.22,78.51,34.89,-10.8,-20.32,32.15,Baixa,59.81,27.32,69.3,35.15,3.0
Odontologia (Bacharelado),Darcy Ribeiro,Diurno,EP_R1_NPPI,5,21.85,11.18,34.84,21.85,11.18,69.51,27.1,-7.74,15.92,32.41,Baixa,71.0,24.74,58.34,38.37,2.0
Odontologia (Bacharelado),Darcy Ribeiro,Diurno,EP_R1_NPPIQ,1,-36.85,-36.85,-36.85,-36.85,-36.85,-36.85,-36.85,0.0,0.0,57.25,Moderada,0.0,0.0,0.0,0.0,0.0
Odontologia (Bacharelado),Darcy Ribeiro,Diurno,EP_R1_PPI,4,-48.76,-2.39,-21.23,-25.58,-50.52,16.77,-7.51,13.72,-5.12,39.39,Baixa,-158.96,33.74,67.3,72.19,2.0
Odontologia (Bacharelado),Darcy Ribeiro,Diurno,EP_R1_PPIQ,1,-62.3,-62.3,-62.3,-62.3,-62.3,-62.3,-62.3,0.0,0.0,57.25,Moderada,0.0,0.0,0.0,0.0,0.0
Odontologia (Bacharelado),Darcy Ribeiro,Diurno,EP_R2_NPPI,5,30.48,35.47,64.76,66.22,30.48,113.01,61.79,-2.98,26.32,31.64,Baixa,52.11,33.75,82.52,53.6,1.0
Odontologia (Bacharelado),Darcy Ribeiro,Diurno,EP_R2_NPPIQ,1,84.07,84.07,84.07,84.07,84.07,84.07,84.07,0.0,0.0,57.25,Moderada,0.0,0.0,0.0,0.0,0.0
Odontologia (Bacharelado),Darcy Ribeiro,Diurno,EP_R2_PPI,5,29.36,-50.63,9.81,29.36,-50.63,50.09,-46.38,-56.2,4.24,30.59,Baixa,443.76,43.55,100.72,38.93,1.0
Odontologia (Bacharelado),Darcy Ribeiro,Diurno,EP_R2_PPIQ,1,-28.31,-28.31,-28.31,-28.31,-28.31,-28.31,-28.31,0.0,0.0,57.25,Moderada,0.0,0.0,0.0,0.0,0.0
Pedagogia (Licenciatura),Darcy Ribeiro,Diurno,AC,6,-65.67,-4.67,-30.6,-15.89,-71.52,-4.67,-17.26,13.34,-12.59,46.72,Moderada,-97.9,29.96,66.85,48.81,2.0
Pedagogia (Licenciatura),Darcy Ribeiro,Diurno,CN,5,-89.11,-26.75,-34.61,-26.75,-89.11,0.57,-14.84,19.77,11.91,39.23,Baixa,-98.84,34.2,89.69,50.51,3.0
Pedagogia (Licenciatura),Darcy Ribeiro,Diurno,EP_R1_NPPI,4,-78.06,-2.29,-45.27,-50.37,-78.06,-2.29,-6.54,38.72,-4.26,38.45,Baixa,-75.04,33.97,75.77,49.96,2.0
Pedagogia (Licenciatura),Darcy Ribeiro,Diurno,EP_R1_NPPIQ,1,-58.94,-58.94,-58.94,-58.94,-58.94,-58.94,-58.94,0.0,0.0,57.25,Moderada,0.0,0.0,0.0,0.0,0.0
Pedagogia (Licenciatura),Darcy Ribeiro,Diurno,EP_R1_PPI,4,-81.5,-69.47,-59.7,-60.41,-81.5,-36.47,-62.38,-2.69,7.09,46.24,Moderada,-33.22,19.83,45.03,35.56,1.0
Pedagogia (Licenciatura),Darcy Ribeiro,Diurno,EP_R2_NPPI,5,-76.27,-70.17,-36.9,-15.68,-76.27,-8.67,-48.04,-11.15,22.13,47.58,Moderada,-90.34,33.33,67.6,49.91,1.0
Pedagogia (Licenciatura),Darcy Ribeiro,Diurno,EP_R2_NPPIQ,1,-39.07,-39.07,-39.07,-39.07,-39.07,-39.07,-39.07,0.0,0.0,57.25,Moderada,0.0,0.0,0.0,0.0,0.0
Pedagogia (Licenciatura),Darcy Ribeiro,Diurno,EP_R2_PPI,4,-81.22,-92.89,-67.25,-73.85,-92.89,-28.41,-87.67,-20.42,5.22,42.05,Moderada,-41.72,28.06,64.48,49.45,1.0
Pedagogia (Licenciatura),Darcy Ribeiro,Diurno,EP_R2_PPIQ,1,-62.24,-62.24,-62.24,-62.24,-62.24,-62.24,-62.24,0.0,0.0,57.25,Moderada,0.0,0.0,0.0,0.0,0.0
Pedagogia (Licenciatura),Darcy Ribeiro,Noturno,AC,5,-98.29,-24.61,-64.8,-59.86,-98.29,-24.61,-27.96,36.85,-3.35,44.06,Moderada,-43.06,27.91,73.68,29.1,2.0
Pedagogia (Licenciatura),Darcy Ribeiro,Noturno,CN,5,-24.93,-25.37,-18.71,-24.93,-52.11,17.69,-31.88,-13.17,-6.51,45.84,Moderada,-136.85,25.6,69.8,41.27,2.0
Pedagogia (Licenciatura),Darcy Ribeiro,Noturno,EP_R1_NPPI,3,-55.37,-65.56,-51.59,-55.37,-65.56,-33.84,-63.77,-12.18,1.79,45.03,Moderada,-31.39,16.19,31.72,37.65,1.0
Pedagogia (Licenciatura),Darcy Ribeiro,Noturno,EP_R1_PPI,3,-53.28,-96.1,-80.62,-92.49,-96.1,-53.28,-106.21,-25.58,-10.1,53.02,Moderada,-29.46,23.75,42.82,25.17,0.0
Pedagogia (Licenciatura),Darcy Ribeiro,Noturno,EP_R2_NPPI,4,-62.12,-66.34,-57.26,-62.37,-66.34,-37.98,-59.28,-2.01,7.06,45.86,Moderada,-22.69,13.0,28.36,26.52,2.0
Pedagogia (Licenciatura),Darcy Ribeiro,Noturno,EP_R2_NPPIQ,1,-73.34,-73.34,-73.34,-73.34,-73.34,-73.34,-73.34,0.0,0.0,57.25,Moderada,0.0,0.0,0.0,0.0,0.0
Pedagogia (Licenciatura),Darcy Ribeiro,Noturno,EP_R2_PPI,4,-87.88,-16.97,-37.06,-22.94,-87.88,-14.47,-3.87,33.19,13.1,46.63,Moderada,-92.99,34.46,73.4,31.74,1.0
Psicologia (Bacharelado / Licenciatura / Psicólogo),Darcy Ribeiro,Diurno,AC,5,80.47,92.69,91.7,92.69,80.47,105.65,92.08,0.38,-0.62,42.96,Moderada,11.77,10.79,25.17,18.72,2.0
Psicologia (Bacharelado / Licenciatura / Psicólogo),Darcy Ribeiro,Diurno,CN,6,41.94,83.14,53.85,58.55,19.29,83.14,66.78,12.93,-16.36,31.43,Baixa,39.87,21.47,63.85,38.4,4.0
Psicologia (Bacharelado / Licenciatura / Psicólogo),Darcy Ribeiro,Diurno,EP_R1_NPPI,5,-0.56,3.28,23.83,26.15,-0.56,47.86,12.52,-11.31,9.24,38.92,Baixa,92.55,22.05,48.42,32.44,1.0
Psicologia (Bacharelado / Licenciatura / Psicólogo),Darcy Ribeiro,Diurno,EP_R1_NPPIQ,1,0.74,0.74,0.74,0.74,0.74,0.74,0.74,0.0,0.0,57.25,Moderada,0.0,0.0,0.0,0.0,0.0
Psicologia (Bacharelado / Licenciatura / Psicólogo),Darcy Ribeiro,Diurno,EP_R1_NPPI_PCD,1,-11.54,-11.54,-11.54,-11.54,-11.54,-11.54,-11.54,0.0,0.0,57.25,Moderada,0.0,0.0,0.0,0.0,0.0
Psicologia (Bacharelado / Licenciatura / Psicólogo),Darcy Ribeiro,Diurno,EP_R1_PPI,5,-25.96,-60.08,-4.67,7.38,-60.08,32.09,-39.2,-34.54,20.87,48.89,Moderada,-815.83,38.07,92.16,49.56,1.0
Psicologia (Bacharelado / Licenciatura / Psicólogo),Darcy Ribeiro,Diurno,EP_R1_PPIQ,1,-37.31,-37.31,-37.31,-37.31,-37.31,-37.31,-37.31,0.0,0.0,57.25,Moderada,0.0,0.0,0.0,0.0,0.0
Psicologia (Bacharelado / Licenciatura / Psicólogo),Darcy Ribeiro,Diurno,EP_R2_NPPI,4,59.77,62.17,78.77,71.62,59.77,112.07,71.86,-6.91,9.69,33.52,Baixa,30.67,24.16,52.3,45.01,1.0
Psicologia (Bacharelado / Licenciatura / Psicólogo),Darcy Ribeiro,Diurno,EP_R2_NPPIQ,1,75.15,75.15,75.15,75.15,75.15,75.15,75.15,0.0,0.0,57.25,Moderada,0.0,0.0,0.0,0.0,0.0
Psicologia (Bacharelado / Licenciatura / Psicólogo),Darcy Ribeiro,Diurno,EP_R2_NPPIQ_PCD,1,-2.93,-2.93,-2.93,-2.93,-2.93,-2.93,-2.93,0.0,0.0,57.25,Moderada,0.0,0.0,0.0,0.0,0.0
Psicologia (Bacharelado / Licenciatura / Psicólogo),Darcy Ribeiro,Diurno,EP_R2_NPPI_PCD,1,2.41,2.41,2.41,2.41,2.41,2.41,2.41,0.0,0.0,57.25,Moderada,0.0,0.0,0.0,0.0,0.0
Psicologia (Bacharelado / Licenciatura / Psicólogo),Darcy Ribeiro,Diurno,EP_R2_PPI,5,7.09,-3.29,18.98,20.6,-3.29,43.34,4.65,-14.33,7.94,33.16,Baixa,95.01,18.03,46.63,30.4,3.0
Psicologia (Bacharelado / Licenciatura / Psicólogo),Darcy Ribeiro,Diurno,EP_R2_PPIQ,1,29.32,29.32,29.32,29.32,29.32,29.32,29.32,0.0,0.0,57.25,Moderada,0.0,0.0,0.0,0.0,0.0
Química (Bacharelado),Darcy Ribeiro,Diurno,AC,6,-58.33,5.56,7.12,11.13,-58.33,40.2,16.64,9.52,11.08,29.02,Baixa,495.45,35.26,98.54,39.69,2.0
Química (Bacharelado),Darcy Ribeiro,Diurno,CN,5,6.55,-10.18,-7.65,-9.8,-22.82,6.55,-10.03,-2.38,0.15,56.31,Moderada,-142.52,10.9,29.37,20.73,2.0
Química (Bacharelado),Darcy Ribeiro,Diurno,EP_R1_NPPI,3,-31.14,-57.81,-20.04,-31.14,-57.81,28.83,-50.04,-30.0,7.77,38.43,Baixa,-221.45,44.38,86.65,103.68,1.0
Química (Bacharelado),Darcy Ribeiro,Diurno,EP_R1_PPI,1,22.56,22.56,22.56,22.56,22.56,22.56,22.56,0.0,0.0,57.25,Moderada,0.0,0.0,0.0,0.0,0.0
Química (Bacharelado),Darcy Ribeiro,Diurno,EP_R2_NPPI,5,-23.58,-76.37,-42.08,-37.59,-76.37,-23.58,-71.06,-28.98,5.32,49.56,Moderada,-49.78,20.95,52.79,17.11,2.0
Química (Bacharelado),Darcy Ribeiro,Diurno,EP_R2_NPPIQ,1,-54.78,-54.78,-54.78,-54.78,-54.78,-54.78,-54.78,0.0,0.0,57.25,Moderada,0.0,0.0,0.0,0.0,0.0
Química (Bacharelado),Darcy Ribeiro,Diurno,EP_R2_PPI,3,30.26,-43.67,-12.03,-22.66,-43.67,30.26,-58.65,-46.63,-14.98,55.85,Moderada,-316.77,38.09,73.93,22.56,0.0
Química (Bacharelado),Darcy Ribeiro,Diurno,EP_R2_PPIQ,1,-12.87,-12.87,-12.87,-12.87,-12.87,-12.87,-12.87,0.0,0.0,57.25,Moderada,0.0,0.0,0.0,0.0,0.0
Química (Licenciatura),Darcy Ribeiro,Noturno,AC,5,-16.56,-54.7,-25.02,-21.35,-54.7,0.31,-47.55,-22.54,7.15,48.17,Moderada,-81.62,20.42,55.01,29.29,2.0
Química (Licenciatura),Darcy Ribeiro,Noturno,CN,1,-44.64,-44.64,-44.64,-44.64,-44.64,-44.64,-44.64,0.0,0.0,57.25,Moderada,0.0,0.0,0.0,0.0,0.0
Química (Licenciatura),Darcy Ribeiro,Noturno,EP_R1_NPPI,2,13.39,-30.87,-8.74,-8.74,-30.87,13.39,-38.25,-29.51,-7.38,65.28,Alta,-358.06,31.3,44.26,0.0,0.0
Química (Licenciatura),Darcy Ribeiro,Noturno,EP_R1_PPI,1,-59.08,-59.08,-59.08,-59.08,-59.08,-59.08,-59.08,0.0,0.0,57.25,Moderada,0.0,0.0,0.0,0.0,0.0
Química (Licenciatura),Darcy Ribeiro,Noturno,EP_R2_NPPI,4,-73.4,-22.38,-28.74,-26.52,-73.4,11.48,-15.73,13.01,6.65,37.67,Baixa,-121.47,34.91,84.88,63.96,2.0
Química (Licenciatura),Darcy Ribeiro,Noturno,EP_R2_PPI,2,-24.26,-35.79,-30.02,-30.02,-35.79,-24.26,-40.59,-10.57,-4.8,62.76,Alta,-27.15,8.15,11.53,0.0,0.0
Química Tecnológica (Bacharelado),Darcy Ribeiro,Diurno,AC,5,-47.56,-30.09,-45.07,-47.56,-67.9,-23.38,-39.33,5.74,-9.25,47.15,Moderada,-40.78,18.38,44.52,32.46,2.0
Química Tecnológica (Bacharelado),Darcy Ribeiro,Diurno,CN,2,-32.24,-2.18,-17.21,-17.21,-32.24,-2.18,10.35,27.56,12.53,65.64,Alta,-123.53,21.26,30.06,0.0,0.0
Química Tecnológica (Bacharelado),Darcy Ribeiro,Diurno,EP_R1_NPPI,1,23.34,23.34,23.34,23.34,23.34,23.34,23.34,0.0,0.0,57.25,Moderada,0.0,0.0,0.0,0.0,0.0
Química Tecnológica (Bacharelado),Darcy Ribeiro,Diurno,EP_R2_NPPI,4,26.66,-53.72,-18.78,-24.03,-53.72,26.66,-58.62,-39.84,-4.9,43.63,Moderada,-178.35,33.5,80.38,31.33,2.0
Química Tecnológica (Bacharelado),Darcy Ribeiro,Diurno,EP_R2_PPI,2,-45.55,-30.9,-38.22,-38.22,-45.55,-30.9,-28.46,9.76,2.44,62.37,Alta,-27.09,10.36,14.64,0.0,0.0
Relações Internacionais (Bacharelado),Darcy Ribeiro,Diurno,AC,6,73.16,105.1,88.9,94.0,68.86,105.1,96.55,7.65,-8.55,42.55,Moderada,16.34,14.53,36.25,24.15,2.0
Relações Internacionais (Bacharelado),Darcy Ribeiro,Diurno,CN,6,39.99,100.78,68.23,63.44,39.99,100.78,94.48,26.25,-6.3,36.11,Baixa,37.48,25.57,60.79,33.98,2.0
Relações Internacionais (Bacharelado),Darcy Ribeiro,Diurno,EP_R1_NPPI,5,-9.56,-5.02,5.76,11.12,-9.56,18.25,2.78,-2.97,7.8,45.12,Moderada,213.44,12.28,27.81,16.86,1.0
Relações Internacionais (Bacharelado),Darcy Ribeiro,Diurno,EP_R1_NPPIQ,1,-59.28,-59.28,-59.28,-59.28,-59.28,-59.28,-59.28,0.0,0.0,57.25,Moderada,0.0,0.0,0.0,0.0,0.0
Relações Internacionais (Bacharelado),Darcy Ribeiro,Diurno,EP_R1_PPI,4,-37.87,-25.57,-18.28,-26.29,-37.87,17.31,-23.81,-5.52,1.76,43.09,Moderada,-133.21,24.36,55.18,49.8,2.0
Relações Internacionais (Bacharelado),Darcy Ribeiro,Diurno,EP_R2_NPPI,4,35.71,34.21,47.44,43.45,34.21,68.63,45.01,-2.42,10.81,39.28,Baixa,33.9,16.08,34.43,29.4,1.0
Relações Internacionais (Bacharelado),Darcy Ribeiro,Diurno,EP_R2_NPPIQ,1,72.13,72.13,72.13,72.13,72.13,72.13,72.13,0.0,0.0,57.25,Moderada,0.0,0.0,0.0,0.0,0.0
Relações Internacionais (Bacharelado),Darcy Ribeiro,Diurno,EP_R2_NPPI_PCD,1,22.69,22.69,22.69,22.69,22.69,22.69,22.69,0.0,0.0,57.25,Moderada,0.0,0.0,0.0,0.0,0.0
Relações Internacionais (Bacharelado),Darcy Ribeiro,Diurno,EP_R2_PPI,5,-23.09,-29.25,-2.37,-10.25,-29.25,46.91,-24.39,-22.03,4.86,50.72,Moderada,-1282.84,30.34,76.16,49.34,1.0
Relações Internacionais (Bacharelado),Darcy Ribeiro,Diurno,EP_R2_PPIQ,1,1.23,1.23,1.23,1.23,1.23,1.23,1.23,0.0,0.0,57.25,Moderada,0.0,0.0,0.0,0.0,0.0
Saúde Coletiva (Bacharelado),Ceilândia,Diurno,AC,5,-87.14,-73.06,-78.47,-79.72,-87.14,-68.0,-74.12,4.36,-1.06,52.02,Moderada,-10.1,7.93,19.14,14.77,2.0
Saúde Coletiva (Bacharelado),Ceilândia,Diurno,CN,2,-18.85,-39.76,-29.31,-29.31,-39.76,-18.85,-48.47,-19.17,-8.71,64.02,Alta,-50.45,14.78,20.91,0.0,0.0
Saúde Coletiva (Bacharelado),Ceilândia,Diurno,EP_R1_NPPI,3,-71.41,-92.73,-73.14,-71.41,-92.73,-55.28,-91.88,-18.74,0.85,43.43,Moderada,-25.69,18.79,37.45,37.89,1.0
Saúde Coletiva (Bacharelado),Ceilândia,Diurno,EP_R1_PPI,2,-82.28,-34.48,-58.38,-58.38,-82.28,-34.48,-26.51,31.87,7.97,59.99,Moderada,-57.91,33.81,47.81,0.0,0.0
Saúde Coletiva (Bacharelado),Ceilândia,Diurno,EP_R2_NPPI,4,-62.25,-42.44,-67.1,-65.04,-95.9,-42.44,-45.95,21.15,-3.52,44.9,Moderada,-32.9,22.08,53.46,34.89,1.0
Saúde Coletiva (Bacharelado),Ceilândia,Diurno,EP_R2_PPI,3,-63.38,-76.2,-66.06,-63.38,-76.2,-58.61,-76.48,-10.41,-0.27,49.76,Moderada,-13.77,9.1,17.59,15.81,1.0
Saúde Coletiva (Bacharelado),Darcy Ribeiro,Noturno,AC,5,-47.3,-72.56,-67.8,-72.56,-90.69,-47.3,-80.37,-12.57,-7.82,53.05,Moderada,-25.09,17.01,43.39,16.96,1.0
Saúde Coletiva (Bacharelado),Darcy Ribeiro,Noturno,CN,2,-38.73,-37.51,-38.12,-38.12,-38.73,-37.51,-37.3,0.81,0.2,61.59,Alta,-2.26,0.86,1.22,0.0,0.0
Saúde Coletiva (Bacharelado),Darcy Ribeiro,Noturno,EP_R1_NPPI,2,-1.39,-5.5,-3.44,-3.44,-5.5,-1.39,-6.18,-2.74,-0.68,66.9,Alta,-84.3,2.9,4.11,0.0,0.0
Saúde Coletiva (Bacharelado),Darcy Ribeiro,Noturno,EP_R1_PPI,3,-64.75,-78.91,-83.05,-78.91,-105.49,-64.75,-86.88,-3.83,-7.97,41.34,Moderada,-24.9,20.68,40.74,47.6,1.0
Saúde Coletiva (Bacharelado),Darcy Ribeiro,Noturno,EP_R2_NPPI,3,-11.31,-85.04,-55.97,-71.56,-85.04,-11.31,-93.74,-37.76,-8.69,49.67,Moderada,-70.14,39.26,73.73,33.07,0.0
Saúde Coletiva (Bacharelado),Darcy Ribeiro,Noturno,EP_R2_PPI,2,-88.5,-20.34,-54.42,-54.42,-88.5,-20.34,8.06,62.48,28.4,58.45,Moderada,-88.56,48.2,68.16,0.0,0.0
Serviço Social (Bacharelado),Darcy Ribeiro,Diurno,AC,5,-58.48,-49.34,-33.61,-37.2,-58.48,3.92,-43.94,-10.33,5.4,41.8,Moderada,-71.84,24.15,62.41,45.36,3.0
Serviço Social (Bacharelado),Darcy Ribeiro,Diurno,CN,5,3.01,-34.48,-4.47,3.01,-34.48,16.93,-33.52,-29.05,0.96,58.24,Moderada,-513.68,22.95,51.4,22.27,1.0
Serviço Social (Bacharelado),Darcy Ribeiro,Diurno,EP_R1_NPPI,2,-96.29,-19.62,-57.95,-57.95,-96.29,-19.62,-13.23,44.72,6.39,57.71,Moderada,-93.55,54.22,76.67,0.0,0.0
Serviço Social (Bacharelado),Darcy Ribeiro,Diurno,EP_R1_PPI,3,-48.81,-21.3,-26.79,-21.3,-48.81,-10.26,-16.45,10.34,4.85,47.25,Moderada,-74.1,19.85,38.55,35.07,1.0
Serviço Social (Bacharelado),Darcy Ribeiro,Diurno,EP_R2_NPPI,4,-51.89,-61.49,-57.02,-57.35,-61.49,-51.89,-61.66,-4.65,-0.18,50.41,Moderada,-7.16,4.08,9.6,5.11,2.0
Serviço Social (Bacharelado),Darcy Ribeiro,Diurno,EP_R2_NPPIQ,1,-49.66,-49.66,-49.66,-49.66,-49.66,-49.66,-49.66,0.0,0.0,57.25,Moderada,0.0,0.0,0.0,0.0,0.0
Serviço Social (Bacharelado),Darcy Ribeiro,Diurno,EP_R2_PPI,3,-65.59,-46.94,-48.58,-46.94,-65.59,-33.22,-39.99,8.59,6.95,46.02,Moderada,-33.44,16.25,32.37,32.6,1.0
Serviço Social (Bacharelado),Darcy Ribeiro,Diurno,EP_R2_PPIQ,1,-37.84,-37.84,-37.84,-37.84,-37.84,-37.84,-37.84,0.0,0.0,57.25,Moderada,0.0,0.0,0.0,0.0,0.0
Serviço Social (Bacharelado),Darcy Ribeiro,Noturno,AC,5,-55.44,-61.12,-62.65,-61.12,-76.15,-51.4,-62.33,0.32,-1.22,47.92,Moderada,-16.07,10.07,24.74,21.7,3.0
Serviço Social (Bacharelado),Darcy Ribeiro,Noturno,CN,3,-40.42,-9.96,-30.71,-40.42,-41.76,-9.96,-12.83,17.89,-2.87,50.05,Moderada,-58.56,17.98,31.79,23.42,1.0
Serviço Social (Bacharelado),Darcy Ribeiro,Noturno,EP_R1_NPPI,3,-35.08,-31.82,-40.28,-35.08,-53.96,-31.82,-34.7,5.59,-2.88,48.04,Moderada,-29.66,11.95,22.13,29.0,1.0
Serviço Social (Bacharelado),Darcy Ribeiro,Noturno,EP_R1_PPI,3,-34.79,-46.65,-41.32,-42.52,-46.65,-34.79,-47.85,-6.53,-1.2,59.2,Moderada,-14.56,6.02,11.86,2.54,0.0
Serviço Social (Bacharelado),Darcy Ribeiro,Noturno,EP_R2_NPPI,3,-33.58,-61.62,-44.31,-37.74,-61.62,-33.58,-64.64,-20.33,-3.03,58.15,Moderada,-34.14,15.13,28.04,13.94,0.0
Serviço Social (Bacharelado),Darcy Ribeiro,Noturno,EP_R2_PPI,2,-54.9,-45.24,-50.07,-50.07,-54.9,-45.24,-44.43,5.64,0.8,61.61,Alta,-13.65,6.83,9.66,0.0,0.0
"Teoria, Crítica e História da Arte (Bacharelado)",Darcy Ribeiro,Noturno,AC,5,-74.64,-22.04,-43.55,-56.17,-74.64,-0.05,-28.29,15.26,-6.25,40.89,Moderada,-72.01,31.36,74.58,58.62,2.0
"Teoria, Crítica e História da Arte (Bacharelado)",Darcy Ribeiro,Noturno,CN,1,4.74,4.74,4.74,4.74,4.74,4.74,4.74,0.0,0.0,57.25,Moderada,0.0,0.0,0.0,0.0,0.0
"Teoria, Crítica e História da Arte (Bacharelado)",Darcy Ribeiro,Noturno,EP_R1_PPI,1,3.16,3.16,3.16,3.16,3.16,3.16,3.16,0.0,0.0,57.25,Moderada,0.0,0.0,0.0,0.0,0.0
"Teoria, Crítica e História da Arte (Bacharelado)",Darcy Ribeiro,Noturno,EP_R2_NPPI,1,-27.62,-27.62,-27.62,-27.62,-27.62,-27.62,-27.62,0.0,0.0,57.25,Moderada,0.0,0.0,0.0,0.0,0.0
"Teoria, Crítica e História da Arte (Bacharelado)",Darcy Ribeiro,Noturno,EP_R2_PPI,1,-51.34,-51.34,-51.34,-51.34,-51.34,-51.34,-51.34,0.0,0.0,57.25,Moderada,0.0,0.0,0.0,0.0,0.0
Terapia Ocupacional (Bacharelado),Ceilândia,Diurno,AC,6,-73.94,2.71,-28.6,-25.17,-73.94,2.71,-2.74,25.85,-5.45,44.7,Moderada,-93.61,26.77,76.65,34.53,4.0
Terapia Ocupacional (Bacharelado),Ceilândia,Diurno,CN,5,5.34,-18.44,-8.86,-8.71,-31.01,8.54,-16.18,-7.32,2.26,53.15,Moderada,-186.13,16.48,39.55,30.8,2.0
Terapia Ocupacional (Bacharelado),Ceilândia,Diurno,EP_R1_NPPI,4,-92.65,-88.6,-62.29,-63.7,-92.65,-29.11,-74.2,-11.9,14.41,41.92,Moderada,-52.98,33.0,63.54,57.47,1.0
Terapia Ocupacional (Bacharelado),Ceilândia,Diurno,EP_R1_NPPIQ,1,-82.86,-82.86,-82.86,-82.86,-82.86,-82.86,-82.86,0.0,0.0,57.25,Moderada,0.0,0.0,0.0,0.0,0.0
Terapia Ocupacional (Bacharelado),Ceilândia,Diurno,EP_R1_PPI,3,-62.3,-16.7,-51.92,-62.3,-76.77,-16.7,-15.31,36.61,1.39,40.5,Moderada,-60.38,31.35,60.07,52.71,1.0
Terapia Ocupacional (Bacharelado),Ceilândia,Diurno,EP_R2_NPPI,5,-74.63,-98.32,-58.5,-59.05,-98.32,-14.52,-85.78,-27.28,12.54,37.4,Baixa,-53.62,31.37,83.8,52.8,3.0
Terapia Ocupacional (Bacharelado),Ceilândia,Diurno,EP_R2_NPPIQ,1,-14.67,-14.67,-14.67,-14.67,-14.67,-14.67,-14.67,0.0,0.0,57.25,Moderada,0.0,0.0,0.0,0.0,0.0
Terapia Ocupacional (Bacharelado),Ceilândia,Diurno,EP_R2_PPI,3,-45.15,-37.68,-50.87,-45.15,-69.77,-37.68,-39.88,10.99,-2.2,44.45,Moderada,-33.01,16.79,32.09,40.1,1.0
Terapia Ocupacional (Bacharelado),Ceilândia,Diurno,EP_R2_PPIQ,1,-72.22,-72.22,-72.22,-72.22,-72.22,-72.22,-72.22,0.0,0.0,57.25,Moderada,0.0,0.0,0.0,0.0,0.0
Turismo (Bacharelado),Darcy Ribeiro,Diurno,AC,5,-101.48,-62.25,-86.44,-89.92,-101.48,-62.25,-66.22,20.22,-3.97,48.93,Moderada,-17.43,15.07,39.23,18.33,2.0
Turismo (Bacharelado),Darcy Ribeiro,Diurno,CN,4,-21.95,-53.59,-36.58,-35.39,-53.59,-21.95,-56.37,-19.78,-2.78,61.72,Alta,-45.24,16.55,31.64,12.85,0.0
Turismo (Bacharelado),Darcy Ribeiro,Diurno,EP_R1_NPPI,3,-35.51,-13.36,-37.76,-35.51,-64.42,-13.36,-15.46,22.3,-2.1,41.41,Moderada,-67.8,25.6,51.06,56.55,1.0
Turismo (Bacharelado),Darcy Ribeiro,Diurno,EP_R1_PPI,1,-54.81,-54.81,-54.81,-54.81,-54.81,-54.81,-54.81,0.0,0.0,57.25,Moderada,0.0,0.0,0.0,0.0,0.0
Turismo (Bacharelado),Darcy Ribeiro,Diurno,EP_R2_NPPI,4,-64.3,-70.35,-58.74,-67.32,-79.51,-20.79,-57.78,0.96,12.57,38.35,Baixa,-44.36,26.06,58.71,55.33,2.0
Turismo (Bacharelado),Darcy Ribeiro,Diurno,EP_R2_PPI,1,-68.24,-68.24,-68.24,-68.24,-68.24,-68.24,-68.24,0.0,0.0,57.25,Moderada,0.0,0.0,0.0,0.0,0.0
