Curso,Campus,Turno,Modalidade,Histórico (mín.),Histórico (máx.),Última nota mínima,Última nota máxima,Previsão mínima,Previsão máxima,Intervalo previsto,Desvio (mín.),Desvio (máx.),Modelos (mín.),Modelos (máx.),Confiabilidade (mín.),Confiabilidade (máx.),Tendência (mín.),Tendência (máx.)
Administração (Bacharelado),Darcy Ribeiro,Diurno,AC,1,1,36.7,120.3,36.7,120.3,83.6,0.0,0.0,2,2,Baixa,Baixa,Estável,Estável
Administração (Bacharelado),Darcy Ribeiro,Diurno,CN,1,1,-5.79,-0.28,-5.79,-0.28,5.5,0.0,0.0,2,2,Baixa,Baixa,Estável,Estável
Administração (Bacharelado),Darcy Ribeiro,Diurno,EP_R1_NPPI,1,1,-15.38,-0.01,-15.38,-0.01,15.37,0.0,0.0,2,2,Baixa,Baixa,Estável,Estável
Administração (Bacharelado),Darcy Ribeiro,Diurno,EP_R1_PPI,1,1,-38.33,23.58,-38.33,23.58,61.9,0.0,0.0,2,2,Baixa,Baixa,Estável,Estável
Administração (Bacharelado),Darcy Ribeiro,Diurno,EP_R2_NPPI,1,1,-11.33,85.0,-11.33,85.0,96.34,0.0,0.0,2,2,Baixa,Baixa,Estável,Estável
Administração (Bacharelado),Darcy Ribeiro,Diurno,EP_R2_PPI,1,1,-32.92,0.64,-32.92,0.64,33.56,0.0,0.0,2,2,Baixa,Baixa,Estável,Estável
Administração (Bacharelado),Darcy Ribeiro,Noturno,AC,1,1,-2.78,98.22,-2.78,98.22,101.0,0.0,0.0,2,2,Baixa,Baixa,Estável,Estável
Administração (Bacharelado),Darcy Ribeiro,Noturno,CN,1,1,-1.18,2.32,-1.18,2.32,3.5,0.0,0.0,2,2,Baixa,Baixa,Estável,Estável
Administração (Bacharelado),Darcy Ribeiro,Noturno,EP_R1_NPPI,1,1,-28.8,11.74,-28.8,11.74,40.54,0.0,0.0,2,2,Baixa,Baixa,Estável,Estável
Administração (Bacharelado),Darcy Ribeiro,Noturno,EP_R1_PPI,1,1,-72.09,-12.15,-72.09,-12.15,59.94,0.0,0.0,2,2,Baixa,Baixa,Estável,Estável
Administração (Bacharelado),Darcy Ribeiro,Noturno,EP_R2_NPPI,1,1,-8.38,14.99,-8.38,14.99,23.37,0.0,0.0,2,2,Baixa,Baixa,Estável,Estável
Administração (Bacharelado),Darcy Ribeiro,Noturno,EP_R2_PPI,1,1,-51.67,-6.11,-51.67,-6.11,45.56,0.0,0.0,2,2,Baixa,Baixa,Estável,Estável
Administração (Bacharelado),Darcy Ribeiro (Plano Piloto) / DF,Diurno,AC,5,5,38.13,99.16,34.77,78.63,43.86,5.82,13.72,4,4,Moderada,Moderada,Queda,Forte queda
Administração (Bacharelado),Darcy Ribeiro (Plano Piloto) / DF,Diurno,CN,5,5,-12.58,6.84,-19.8,-3.97,15.82,6.92,7.44,4,4,Moderada,Moderada,Forte queda,Forte queda
Administração (Bacharelado),Darcy Ribeiro (Plano Piloto) / DF,Diurno,EP_R1_NPPI,3,3,-59.22,-21.2,-48.65,-14.44,34.21,12.23,7.18,4,4,Moderada,Moderada,Forte alta,Forte alta
Administração (Bacharelado),Darcy Ribeiro (Plano Piloto) / DF,Diurno,EP_R1_NPPIQ,1,1,-67.83,-19.23,-67.83,-19.23,48.6,0.0,0.0,2,2,Baixa,Baixa,Estável,Estável
Administração (Bacharelado),Darcy Ribeiro (Plano Piloto) / DF,Diurno,EP_R1_PPI,3,3,-53.79,-9.77,-55.89,-4.38,51.51,6.35,4.8,4,4,Moderada,Moderada,Queda,Forte alta
Administração (Bacharelado),Darcy Ribeiro (Plano Piloto) / DF,Diurno,EP_R2_NPPI,4,4,-77.48,-34.03,-45.12,-9.19,35.93,25.02,20.56,4,4,Moderada,Moderada,Forte alta,Forte alta
Administração (Bacharelado),Darcy Ribeiro (Plano Piloto) / DF,Diurno,EP_R2_NPPIQ,1,1,-17.43,18.39,-17.43,18.39,35.83,0.0,0.0,2,2,Baixa,Baixa,Estável,Estável
Administração (Bacharelado),Darcy Ribeiro (Plano Piloto) / DF,Diurno,EP_R2_PPI,3,3,-51.29,2.09,-38.38,6.73,45.11,11.02,3.72,4,4,Moderada,Alta,Forte alta,Alta
Administração (Bacharelado),Darcy Ribeiro (Plano Piloto) / DF,Diurno,EP_R2_PPIQ,1,1,-25.42,-3.24,-25.42,-3.24,22.18,0.0,0.0,2,2,Baixa,Baixa,Estável,Estável
Administração (Bacharelado),Darcy Ribeiro (Plano Piloto) / DF,Noturno,AC,5,5,-7.05,44.9,-17.81,22.66,40.47,13.92,16.05,4,4,Moderada,Moderada,Forte queda,Forte queda
Administração (Bacharelado),Darcy Ribeiro (Plano Piloto) / DF,Noturno,CN,4,4,-54.85,-53.83,-50.92,-45.56,5.36,11.3,18.96,4,4,Moderada,Moderada,Alta,Forte alta
Administração (Bacharelado),Darcy Ribeiro (Plano Piloto) / DF,Noturno,EP_R1_NPPI,3,3,-45.66,6.08,-39.26,-0.51,38.74,7.32,8.34,4,4,Moderada,Moderada,Forte alta,Forte queda
Administração (Bacharelado),Darcy Ribeiro (Plano Piloto) / DF,Noturno,EP_R1_PPI,2,2,-46.48,-16.59,-54.61,-19.74,34.87,19.93,7.73,4,4,Moderada,Moderada,Forte queda,Queda
Administração (Bacharelado),Darcy Ribeiro (Plano Piloto) / DF,Noturno,EP_R2_NPPI,3,3,-63.33,12.2,-55.82,6.21,62.03,10.94,7.33,4,4,Moderada,Moderada,Forte alta,Forte queda
Administração (Bacharelado),Darcy Ribeiro (Plano Piloto) / DF,Noturno,EP_R2_NPPIQ,1,1,-55.5,-4.82,-55.5,-4.82,50.69,0.0,0.0,2,2,Baixa,Baixa,Estável,Estável
Administração (Bacharelado),Darcy Ribeiro (Plano Piloto) / DF,Noturno,EP_R2_PPI,2,2,-84.17,-84.17,-85.75,-97.44,-11.7,3.86,32.51,4,4,Moderada,Moderada,Queda,Forte queda
Agronomia (Bacharelado),Darcy Ribeiro,Diurno,AC,1,1,-9.12,49.7,-9.12,49.7,58.82,0.0,0.0,2,2,Baixa,Baixa,Estável,Estável
Agronomia (Bacharelado),Darcy Ribeiro,Diurno,CN,1,1,-13.14,11.95,-13.14,11.95,25.09,0.0,0.0,2,2,Baixa,Baixa,Estável,Estável
Agronomia (Bacharelado),Darcy Ribeiro,Diurno,EP_R1_NPPI,1,1,-50.34,33.84,-50.34,33.84,84.18,0.0,0.0,2,2,Baixa,Baixa,Estável,Estável
Agronomia (Bacharelado),Darcy Ribeiro,Diurno,EP_R1_PPI,1,1,-60.36,-33.37,-60.36,-33.37,26.98,0.0,0.0,2,2,Baixa,Baixa,Estável,Estável
Agronomia (Bacharelado),Darcy Ribeiro,Diurno,EP_R2_NPPI,1,1,-47.09,38.3,-47.09,38.3,85.39,0.0,0.0,2,2,Baixa,Baixa,Estável,Estável
Agronomia (Bacharelado),Darcy Ribeiro,Diurno,EP_R2_PPI,1,0,-79.6,,-79.6,,,0.0,,2,0,Baixa,Sem histórico,Estável,Indeterminada
Agronomia (Bacharelado),Darcy Ribeiro (Plano Piloto) / DF,Diurno,AC,5,5,-5.38,112.17,-19.95,73.68,93.63,12.51,25.79,4,4,Moderada,Moderada,Forte queda,Forte queda
Agronomia (Bacharelado),Darcy Ribeiro (Plano Piloto) / DF,Diurno,CN,4,4,-22.11,-14.13,-34.95,-7.58,27.36,15.54,5.56,4,4,Moderada,Moderada,Forte queda,Forte alta
Agronomia (Bacharelado),Darcy Ribeiro (Plano Piloto) / DF,Diurno,EP_R1_NPPI,2,2,-28.6,19.27,-25.6,26.25,51.86,11.47,26.75,4,4,Moderada,Moderada,Alta,Forte alta
Agronomia (Bacharelado),Darcy Ribeiro (Plano Piloto) / DF,Diurno,EP_R1_NPPIQ,1,1,-56.39,-56.39,-56.39,-56.39,0.0,0.0,0.0,2,2,Baixa,Baixa,Estável,Estável
Agronomia (Bacharelado),Darcy Ribeiro (Plano Piloto) / DF,Diurno,EP_R1_PPI,3,3,-64.65,-16.99,-67.88,-32.44,35.44,3.49,12.38,4,4,Alta,Moderada,Queda,Forte queda
Agronomia (Bacharelado),Darcy Ribeiro (Plano Piloto) / DF,Diurno,EP_R2_NPPI,3,3,-35.88,1.05,-47.26,3.71,50.97,10.87,6.24,4,4,Moderada,Moderada,Forte queda,Alta
Agronomia (Bacharelado),Darcy Ribeiro (Plano Piloto) / DF,Diurno,EP_R2_NPPIQ,1,1,-58.04,-13.04,-58.04,-13.04,44.99,0.0,0.0,2,2,Baixa,Baixa,Estável,Estável
Agronomia (Bacharelado),Darcy Ribeiro (Plano Piloto) / DF,Diurno,EP_R2_PPI,3,3,-61.92,-4.93,-66.08,-5.45,60.62,3.61,8.97,4,4,Alta,Moderada,Queda,Estável
Agronomia (Bacharelado),Darcy Ribeiro (Plano Piloto) / DF,Diurno,EP_R2_PPIQ,1,1,-62.78,-36.2,-62.78,-36.2,26.58,0.0,0.0,2,2,Baixa,Baixa,Estável,Estável
Arquitetura e Urbanismo (Bacharelado),Darcy Ribeiro,Diurno,AC,1,0,74.76,,74.76,,,0.0,,2,0,Baixa,Sem histórico,Estável,Indeterminada
Arquitetura e Urbanismo (Bacharelado),Darcy Ribeiro,Diurno,CN,1,1,85.86,85.86,85.86,85.86,0.0,0.0,0.0,2,2,Baixa,Baixa,Estável,Estável
Arquitetura e Urbanismo (Bacharelado),Darcy Ribeiro,Diurno,EP_R1_NPPI,1,1,20.35,38.02,20.35,38.02,17.66,0.0,0.0,2,2,Baixa,Baixa,Estável,Estável
Arquitetura e Urbanismo (Bacharelado),Darcy Ribeiro,Diurno,EP_R1_PPI,1,1,16.65,31.35,16.65,31.35,14.7,0.0,0.0,2,2,Baixa,Baixa,Estável,Estável
Arquitetura e Urbanismo (Bacharelado),Darcy Ribeiro,Diurno,EP_R2_NPPI,1,1,49.82,61.77,49.82,61.77,11.95,0.0,0.0,2,2,Baixa,Baixa,Estável,Estável
Arquitetura e Urbanismo (Bacharelado),Darcy Ribeiro,Diurno,EP_R2_PPI,1,1,18.42,53.97,18.42,53.97,35.55,0.0,0.0,2,2,Baixa,Baixa,Estável,Estável
Arquitetura e Urbanismo (Bacharelado),Darcy Ribeiro,Noturno,AC,1,1,19.18,76.57,19.18,76.57,57.39,0.0,0.0,2,2,Baixa,Baixa,Estável,Estável
Arquitetura e Urbanismo (Bacharelado),Darcy Ribeiro,Noturno,CN,1,1,-2.69,-2.69,-2.69,-2.69,0.0,0.0,0.0,2,2,Baixa,Baixa,Estável,Estável
Arquitetura e Urbanismo (Bacharelado),Darcy Ribeiro,Noturno,EP_R1_NPPI,1,1,-2.82,12.72,-2.82,12.72,15.53,0.0,0.0,2,2,Baixa,Baixa,Estável,Estável
Arquitetura e Urbanismo (Bacharelado),Darcy Ribeiro,Noturno,EP_R1_PPI,1,1,-46.6,-28.78,-46.6,-28.78,17.82,0.0,0.0,2,2,Baixa,Baixa,Estável,Estável
Arquitetura e Urbanismo (Bacharelado),Darcy Ribeiro,Noturno,EP_R2_NPPI,1,1,-14.08,12.44,-14.08,12.44,26.52,0.0,0.0,2,2,Baixa,Baixa,Estável,Estável
Arquitetura e Urbanismo (Bacharelado),Darcy Ribeiro,Noturno,EP_R2_PPI,1,1,-10.97,-10.97,-10.97,-10.97,0.0,0.0,0.0,2,2,Baixa,Baixa,Estável,Estável
Arquitetura e Urbanismo (Bacharelado),Darcy Ribeiro (Plano Piloto) / DF,Diurno,AC,5,5,98.05,146.3,92.09,129.05,36.96,6.11,12.29,4,4,Moderada,Moderada,Forte queda,Forte queda
Arquitetura e Urbanismo (Bacharelado),Darcy Ribeiro (Plano Piloto) / DF,Diurno,CN,5,5,65.15,65.15,61.06,60.0,-1.06,6.59,6.14,4,4,Moderada,Moderada,Queda,Forte queda
Arquitetura e Urbanismo (Bacharelado),Darcy Ribeiro (Plano Piloto) / DF,Diurno,EP_R1_NPPI,3,3,-14.42,58.51,10.39,78.73,68.34,25.85,35.06,4,4,Moderada,Moderada,Forte alta,Forte alta
Arquitetura e Urbanismo (Bacharelado),Darcy Ribeiro (Plano Piloto) / DF,Diurno,EP_R1_NPPIQ,1,1,-32.38,4.51,-32.38,4.51,36.88,0.0,0.0,2,2,Baixa,Baixa,Estável,Estável
Arquitetura e Urbanismo (Bacharelado),Darcy Ribeiro (Plano Piloto) / DF,Diurno,EP_R1_PPI,3,3,-23.28,23.16,-17.46,30.67,48.12,7.6,5.99,4,4,Moderada,Moderada,Forte alta,Forte alta
Arquitetura e Urbanismo (Bacharelado),Darcy Ribeiro (Plano Piloto) / DF,Diurno,EP_R2_NPPI,4,4,-33.97,4.71,-8.53,28.42,36.95,25.74,22.51,4,4,Moderada,Moderada,Forte alta,Forte alta
Arquitetura e Urbanismo (Bacharelado),Darcy Ribeiro (Plano Piloto) / DF,Diurno,EP_R2_NPPIQ,1,1,65.5,97.82,65.5,97.82,32.32,0.0,0.0,2,2,Baixa,Baixa,Estável,Estável
Arquitetura e Urbanismo (Bacharelado),Darcy Ribeiro (Plano Piloto) / DF,Diurno,EP_R2_PPI,3,3,-10.14,15.25,0.89,25.01,24.11,10.95,7.56,4,4,Moderada,Moderada,Forte alta,Forte alta
Arquitetura e Urbanismo (Bacharelado),Darcy Ribeiro (Plano Piloto) / DF,Diurno,EP_R2_PPIQ,1,1,12.66,61.49,12.66,61.49,48.83,0.0,0.0,2,2,Baixa,Baixa,Estável,Estável
Arquitetura e Urbanismo (Bacharelado),Darcy Ribeiro (Plano Piloto) / DF,Noturno,AC,5,5,48.14,74.13,46.0,60.9,14.9,11.28,9.08,4,4,Moderada,Moderada,Queda,Forte queda
Arquitetura e Urbanismo (Bacharelado),Darcy Ribeiro (Plano Piloto) / DF,Noturno,CN,5,5,23.27,23.27,19.67,17.82,-1.85,23.6,21.7,4,4,Moderada,Moderada,Queda,Forte queda
Arquitetura e Urbanismo (Bacharelado),Darcy Ribeiro (Plano Piloto) / DF,Noturno,EP_R1_NPPI,2,2,-19.79,-19.79,-12.25,-24.0,-11.75,18.47,10.31,4,4,Moderada,Moderada,Forte alta,Queda
Arquitetura e Urbanismo (Bacharelado),Darcy Ribeiro (Plano Piloto) / DF,Noturno,EP_R1_PPI,2,2,-20.26,-20.26,-25.97,-25.97,0.0,9.42,9.42,4,4,Moderada,Moderada,Forte queda,Forte queda
Arquitetura e Urbanismo (Bacharelado),Darcy Ribeiro (Plano Piloto) / DF,Noturno,EP_R2_NPPI,3,3,-44.02,37.83,-43.44,30.42,73.86,5.18,9.18,4,4,Moderada,Moderada,Estável,Forte queda
Arquitetura e Urbanismo (Bacharelado),Darcy Ribeiro (Plano Piloto) / DF,Noturno,EP_R2_NPPIQ,1,1,-57.5,11.92,-57.5,11.92,69.42,0.0,0.0,2,2,Baixa,Baixa,Estável,Estável
Arquitetura e Urbanismo (Bacharelado),Darcy Ribeiro (Plano Piloto) / DF,Noturno,EP_R2_PPI,3,3,-39.05,-39.05,-54.63,-34.22,20.42,13.7,7.22,4,4,Moderada,Moderada,Forte queda,Alta
Arquivologia (Bacharelado),Darcy Ribeiro,Noturno,AC,1,1,-70.17,-5.3,-70.17,-5.3,64.88,0.0,0.0,2,2,Baixa,Baixa,Estável,Estável
Arquivologia (Bacharelado),Darcy Ribeiro,Noturno,CN,1,1,-72.96,-72.96,-72.96,-72.96,0.0,0.0,0.0,2,2,Baixa,Baixa,Estável,Estável
Arquivologia (Bacharelado),Darcy Ribeiro,Noturno,EP_R2_NPPI,1,1,-59.09,-59.09,-59.09,-59.09,0.0,0.0,0.0,2,2,Baixa,Baixa,Estável,Estável
Arquivologia (Bacharelado),Darcy Ribeiro (Plano Piloto) / DF,Noturno,AC,4,4,-57.87,41.33,-60.49,36.06,96.55,3.08,11.99,4,4,Alta,Moderada,Queda,Forte queda
Arquivologia (Bacharelado),Darcy Ribeiro (Plano Piloto) / DF,Noturno,CN,2,2,10.22,10.22,23.8,23.8,0.0,33.25,33.25,4,4,Moderada,Moderada,Forte alta,Forte alta
Arquivologia (Bacharelado),Darcy Ribeiro (Plano Piloto) / DF,Noturno,EP_R1_NPPI,2,2,-30.72,-19.2,-23.53,-7.21,16.32,11.86,19.77,4,4,Moderada,Moderada,Forte alta,Forte alta
Arquivologia (Bacharelado),Darcy Ribeiro (Plano Piloto) / DF,Noturno,EP_R2_NPPI,2,2,-34.65,-30.38,-32.89,-28.27,4.62,6.74,8.1,4,4,Moderada,Moderada,Alta,Alta
Arquivologia (Bacharelado),Darcy Ribeiro (Plano Piloto) / DF,Noturno,EP_R2_NPPIQ,1,1,-70.62,-31.33,-70.62,-31.33,39.29,0.0,0.0,2,2,Baixa,Baixa,Estável,Estável
Arquivologia (Bacharelado),Darcy Ribeiro (Plano Piloto) / DF,Noturno,EP_R2_PPI,2,2,-66.41,-66.41,-71.44,-71.77,-0.32,12.32,13.12,4,4,Moderada,Moderada,Forte queda,Forte queda
Artes Cênicas (Bacharelado),Darcy Ribeiro,Diurno,AC,1,1,-31.86,22.84,-31.86,22.84,54.71,0.0,0.0,2,2,Baixa,Baixa,Estável,Estável
Artes Cênicas (Bacharelado),Darcy Ribeiro,Diurno,EP_R1_PPI,1,1,0.43,0.43,0.43,0.43,0.0,0.0,0.0,2,2,Baixa,Baixa,Estável,Estável
Artes Cênicas (Bacharelado),Darcy Ribeiro (Plano Piloto) / DF,Diurno,AC,5,5,23.68,42.35,30.89,36.16,5.27,17.17,6.88,4,4,Moderada,Moderada,Forte alta,Forte queda
Artes Cênicas (Bacharelado),Darcy Ribeiro (Plano Piloto) / DF,Diurno,EP_R1_NPPI,1,1,-64.51,-64.51,-64.51,-64.51,0.0,0.0,0.0,2,2,Baixa,Baixa,Estável,Estável
Artes Cênicas (Bacharelado),Darcy Ribeiro (Plano Piloto) / DF,Diurno,EP_R1_PPI,2,2,-42.49,-42.49,-45.55,-45.55,0.0,11.73,11.73,4,4,Moderada,Moderada,Queda,Queda
Artes Cênicas (Bacharelado),Darcy Ribeiro (Plano Piloto) / DF,Diurno,EP_R2_NPPI,3,3,-19.88,-1.83,-21.32,-6.22,15.1,9.23,6.35,4,4,Moderada,Moderada,Queda,Queda
Artes Cênicas (Bacharelado),Darcy Ribeiro (Plano Piloto) / DF,Diurno,EP_R2_NPPIQ,1,1,-30.79,18.16,-30.79,18.16,48.96,0.0,0.0,2,2,Baixa,Baixa,Estável,Estável
Artes Cênicas (Bacharelado),Darcy Ribeiro (Plano Piloto) / DF,Diurno,EP_R2_NPPIQ_PCD,1,1,-33.37,-33.37,-33.37,-33.37,0.0,0.0,0.0,2,2,Baixa,Baixa,Estável,Estável
Artes Cênicas (Bacharelado),Darcy Ribeiro (Plano Piloto) / DF,Diurno,EP_R2_PPI,1,1,-58.97,-58.97,-58.97,-58.97,0.0,0.0,0.0,2,2,Baixa,Baixa,Estável,Estável
Artes Cênicas (Licenciatura),Darcy Ribeiro (Plano Piloto) / DF,Diurno,AC,1,1,-12.38,29.58,-12.38,29.58,41.96,0.0,0.0,2,2,Baixa,Baixa,Estável,Estável
Artes Cênicas (Licenciatura),Darcy Ribeiro (Plano Piloto) / DF,Diurno,EP_R2_NPPIQ,1,1,-49.81,-49.81,-49.81,-49.81,0.0,0.0,0.0,2,2,Baixa,Baixa,Estável,Estável
Artes Cênicas (Licenciatura),Darcy Ribeiro (Plano Piloto) / DF,Diurno,EP_R2_PPIQ,1,1,-62.34,-53.52,-62.34,-53.52,8.82,0.0,0.0,2,2,Baixa,Baixa,Estável,Estável
Artes Cênicas (Licenciatura),Darcy Ribeiro (Plano Piloto) / DF,Noturno,AC,1,1,-53.38,16.73,-53.38,16.73,70.1,0.0,0.0,2,2,Baixa,Baixa,Estável,Estável
Artes Cênicas (Literatura),Darcy Ribeiro,Diurno,AC,1,1,18.63,18.63,18.63,18.63,0.0,0.0,0.0,2,2,Baixa,Baixa,Estável,Estável
Artes Cênicas (Literatura),Darcy Ribeiro,Diurno,EP_R2_PPI,1,1,-49.62,-49.62,-49.62,-49.62,0.0,0.0,0.0,2,2,Baixa,Baixa,Estável,Estável
Artes Cênicas (Literatura),Darcy Ribeiro,Noturno,EP_R1_PPI,1,1,-10.8,-10.8,-10.8,-10.8,0.0,0.0,0.0,2,2,Baixa,Baixa,Estável,Estável
Artes Cênicas (Literatura),Darcy Ribeiro (Plano Piloto) / DF,Diurno,AC,3,3,-1.08,21.88,-4.5,42.37,46.87,14.7,15.89,4,4,Moderada,Moderada,Queda,Forte alta
Artes Cênicas (Literatura),Darcy Ribeiro (Plano Piloto) / DF,Diurno,EP_R1_NPPI,2,2,-42.06,-5.06,-65.82,-13.41,52.41,39.19,13.77,4,4,Moderada,Moderada,Forte queda,Forte queda
Artes Cênicas (Literatura),Darcy Ribeiro (Plano Piloto) / DF,Diurno,EP_R2_NPPI,1,1,-21.57,-21.57,-21.57,-21.57,0.0,0.0,0.0,2,2,Baixa,Baixa,Estável,Estável
Artes Cênicas (Literatura),Darcy Ribeiro (Plano Piloto) / DF,Noturno,AC,1,1,-68.86,25.47,-68.86,25.47,94.33,0.0,0.0,2,2,Baixa,Baixa,Estável,Estável
Artes Cênicas (Literatura),Darcy Ribeiro (Plano Piloto) / DF,Noturno,EP_R2_NPPI,1,1,-68.55,-68.55,-68.55,-68.55,0.0,0.0,0.0,2,2,Baixa,Baixa,Estável,Estável
Artes Visuais (Bacharelado),Darcy Ribeiro,Diurno,AC,1,1,-68.76,10.93,-68.76,10.93,79.69,0.0,0.0,2,2,Baixa,Baixa,Estável,Estável
Artes Visuais (Bacharelado),Darcy Ribeiro (Plano Piloto) / DF,Diurno,AC,5,5,13.22,75.06,8.69,57.78,49.09,9.5,12.15,4,4,Moderada,Moderada,Queda,Forte queda
Artes Visuais (Bacharelado),Darcy Ribeiro (Plano Piloto) / DF,Diurno,CN,1,1,-21.92,-21.92,-21.92,-21.92,0.0,0.0,0.0,2,2,Baixa,Baixa,Estável,Estável
Artes Visuais (Bacharelado),Darcy Ribeiro (Plano Piloto) / DF,Diurno,EP_R2_NPPI,3,3,-73.31,-3.22,-54.52,9.8,64.32,17.62,14.11,4,4,Moderada,Moderada,Forte alta,Forte alta
Artes Visuais (Bacharelado),Darcy Ribeiro (Plano Piloto) / DF,Diurno,EP_R2_NPPIQ,1,1,-64.31,-16.57,-64.31,-16.57,47.74,0.0,0.0,2,2,Baixa,Baixa,Estável,Estável
Artes Visuais (Licenciatura),Darcy Ribeiro (Plano Piloto) / DF,Diurno,AC,3,3,-7.96,70.75,-17.07,73.46,90.53,18.36,11.58,4,4,Moderada,Moderada,Forte queda,Alta
Artes Visuais (Licenciatura),Darcy Ribeiro (Plano Piloto) / DF,Diurno,CN,2,2,-33.24,-33.24,-33.34,-33.34,0.0,0.66,0.66,4,4,Moderada,Moderada,Estável,Estável
Artes Visuais (Licenciatura),Darcy Ribeiro (Plano Piloto) / DF,Diurno,EP_R1_NPPI,1,1,-23.75,-23.75,-23.75,-23.75,0.0,0.0,0.0,2,2,Baixa,Baixa,Estável,Estável
Artes Visuais (Licenciatura),Darcy Ribeiro (Plano Piloto) / DF,Diurno,EP_R1_PPI,1,1,-23.12,-23.12,-23.12,-23.12,0.0,0.0,0.0,2,2,Baixa,Baixa,Estável,Estável
Artes Visuais (Licenciatura),Darcy Ribeiro (Plano Piloto) / DF,Diurno,EP_R2_NPPI,3,3,-59.58,-16.76,-64.51,-13.28,51.24,24.27,14.61,4,4,Moderada,Moderada,Queda,Alta
Artes Visuais (Licenciatura),Darcy Ribeiro (Plano Piloto) / DF,Diurno,EP_R2_PPI,2,2,-22.14,-22.14,-22.84,-22.84,0.0,1.7,1.7,4,4,Moderada,Moderada,Estável,Estável
Artes Visuais (Licenciatura),Darcy Ribeiro (Plano Piloto) / DF,Noturno,AC,1,1,-13.5,-13.5,-13.5,-13.5,0.0,0.0,0.0,2,2,Baixa,Baixa,Estável,Estável
Biblioteconomia (Bacharelado),Darcy Ribeiro,Diurno,AC,1,1,-80.94,60.65,-80.94,60.65,141.58,0.0,0.0,2,2,Baixa,Baixa,Estável,Estável
Biblioteconomia (Bacharelado),Darcy Ribeiro,Diurno,CN,1,1,-13.88,-13.88,-13.88,-13.88,0.0,0.0,0.0,2,2,Baixa,Baixa,Estável,Estável
Biblioteconomia (Bacharelado),Darcy Ribeiro,Diurno,EP_R1_NPPI,1,1,-36.51,-15.88,-36.51,-15.88,20.62,0.0,0.0,2,2,Baixa,Baixa,Estável,Estável
Biblioteconomia (Bacharelado),Darcy Ribeiro,Diurno,EP_R1_PPI,1,1,-41.52,-41.52,-41.52,-41.52,0.0,0.0,0.0,2,2,Baixa,Baixa,Estável,Estável
Biblioteconomia (Bacharelado),Darcy Ribeiro,Diurno,EP_R2_NPPI,1,1,-10.26,9.48,-10.26,9.48,19.74,0.0,0.0,2,2,Baixa,Baixa,Estável,Estável
Biblioteconomia (Bacharelado),Darcy Ribeiro,Diurno,EP_R2_PPI,1,1,-9.93,-9.93,-9.93,-9.93,0.0,0.0,0.0,2,2,Baixa,Baixa,Estável,Estável
Biblioteconomia (Bacharelado),Darcy Ribeiro (Plano Piloto) / DF,Diurno,AC,4,4,-57.49,36.28,-66.62,36.89,103.51,7.96,4.89,4,4,Moderada,Moderada,Forte queda,Estável
Biblioteconomia (Bacharelado),Darcy Ribeiro (Plano Piloto) / DF,Diurno,CN,3,3,-46.4,-46.4,-49.12,-49.12,0.0,9.0,9.0,4,4,Moderada,Moderada,Queda,Queda
Biblioteconomia (Bacharelado),Darcy Ribeiro (Plano Piloto) / DF,Diurno,EP_R1_NPPI,2,2,-15.52,-15.52,8.2,-7.59,-15.79,39.12,13.08,4,4,Moderada,Moderada,Forte alta,Forte alta
Biblioteconomia (Bacharelado),Darcy Ribeiro (Plano Piloto) / DF,Diurno,EP_R1_PPI,1,1,-59.32,-59.32,-59.32,-59.32,0.0,0.0,0.0,2,2,Baixa,Baixa,Estável,Estável
Biblioteconomia (Bacharelado),Darcy Ribeiro (Plano Piloto) / DF,Diurno,EP_R2_NPPI,3,3,-30.85,22.65,-40.14,36.8,76.94,8.01,16.26,4,4,Moderada,Moderada,Forte queda,Forte alta
Biblioteconomia (Bacharelado),Darcy Ribeiro (Plano Piloto) / DF,Diurno,EP_R2_NPPIQ,1,1,-54.55,-52.73,-54.55,-52.73,1.82,0.0,0.0,2,2,Baixa,Baixa,Estável,Estável
Biblioteconomia (Bacharelado),Darcy Ribeiro (Plano Piloto) / DF,Diurno,EP_R2_PPI,2,2,-45.65,-45.65,-45.91,-45.91,0.0,0.42,0.42,4,4,Moderada,Moderada,Estável,Estável
Biologia (Bacharelado),Darcy Ribeiro (Plano Piloto) / DF,Diurno,AC,5,5,78.79,119.24,76.17,106.6,30.42,4.55,11.95,4,4,Moderada,Moderada,Queda,Forte queda
Biologia (Bacharelado),Darcy Ribeiro (Plano Piloto) / DF,Diurno,CN,5,5,29.65,29.65,17.76,16.6,-1.16,8.49,8.84,4,4,Moderada,Moderada,Forte queda,Forte queda
Biologia (Bacharelado),Darcy Ribeiro (Plano Piloto) / DF,Diurno,EP_R1_NPPI,4,4,-64.76,-36.08,-33.5,-18.68,14.83,27.48,20.0,4,4,Moderada,Moderada,Forte alta,Forte alta
Biologia (Bacharelado),Darcy Ribeiro (Plano Piloto) / DF,Diurno,EP_R1_NPPIQ,1,1,-78.85,-26.94,-78.85,-26.94,51.91,0.0,0.0,2,2,Baixa,Baixa,Estável,Estável
Biologia (Bacharelado),Darcy Ribeiro (Plano Piloto) / DF,Diurno,EP_R1_NPPI_PCD,1,1,6.76,6.76,6.76,6.76,0.0,0.0,0.0,2,2,Baixa,Baixa,Estável,Estável
Biologia (Bacharelado),Darcy Ribeiro (Plano Piloto) / DF,Diurno,EP_R1_PPI,3,3,-4.11,3.96,3.42,28.98,25.56,12.45,19.64,4,4,Moderada,Moderada,Forte alta,Forte alta
Biologia (Bacharelado),Darcy Ribeiro (Plano Piloto) / DF,Diurno,EP_R2_NPPI,4,4,5.96,29.19,17.28,31.91,14.64,8.48,1.89,4,4,Moderada,Muito alta,Forte alta,Alta
Biologia (Bacharelado),Darcy Ribeiro (Plano Piloto) / DF,Diurno,EP_R2_NPPIQ,1,1,29.6,56.05,29.6,56.05,26.45,0.0,0.0,2,2,Baixa,Baixa,Estável,Estável
Biologia (Bacharelado),Darcy Ribeiro (Plano Piloto) / DF,Diurno,EP_R2_NPPI_PCD,1,1,-25.67,-25.67,-25.67,-25.67,0.0,0.0,0.0,2,2,Baixa,Baixa,Estável,Estável
Biologia (Bacharelado),Darcy Ribeiro (Plano Piloto) / DF,Diurno,EP_R2_PPI,4,4,-80.21,-58.11,-70.37,-59.22,11.15,17.73,27.24,4,4,Moderada,Moderada,Forte alta,Queda
Biologia (Bacharelado),Darcy Ribeiro (Plano Piloto) / DF,Diurno,EP_R2_PPIQ,1,1,-67.98,8.02,-67.98,8.02,76.0,0.0,0.0,2,2,Baixa,Baixa,Estável,Estável
Biologia (Licenciatura),Darcy Ribeiro,Diurno,AC,1,1,61.37,143.74,61.37,143.74,82.37,0.0,0.0,2,2,Baixa,Baixa,Estável,Estável
Biologia (Licenciatura),Darcy Ribeiro,Diurno,CN,1,1,45.8,45.8,45.8,45.8,0.0,0.0,0.0,2,2,Baixa,Baixa,Estável,Estável
Biologia (Licenciatura),Darcy Ribeiro,Diurno,EP_R1_NPPI,1,1,38.01,47.71,38.01,47.71,9.7,0.0,0.0,2,2,Baixa,Baixa,Estável,Estável
Biologia (Licenciatura),Darcy Ribeiro,Diurno,EP_R1_PPI,0,1,,-7.02,,-7.02,,,0.0,0,2,Sem histórico,Baixa,Indeterminada,Estável
Biologia (Licenciatura),Darcy Ribeiro,Diurno,EP_R2_NPPI,1,1,51.28,55.29,51.28,55.29,4.01,0.0,0.0,2,2,Baixa,Baixa,Estável,Estável
Biologia (Licenciatura),Darcy Ribeiro,Diurno,EP_R2_PPI,1,1,21.36,36.3,21.36,36.3,14.95,0.0,0.0,2,2,Baixa,Baixa,Estável,Estável
Biologia (Licenciatura),Darcy Ribeiro,Noturno,AC,1,0,5.95,,5.95,,,0.0,,2,0,Baixa,Sem histórico,Estável,Indeterminada
Biologia (Licenciatura),Darcy Ribeiro,Noturno,CN,1,1,40.66,40.66,40.66,40.66,0.0,0.0,0.0,2,2,Baixa,Baixa,Estável,Estável
Biologia (Licenciatura),Darcy Ribeiro,Noturno,EP_R1_NPPI,1,1,-18.13,22.64,-18.13,22.64,40.78,0.0,0.0,2,2,Baixa,Baixa,Estável,Estável
Biologia (Licenciatura),Darcy Ribeiro,Noturno,EP_R1_PPI,1,1,-25.71,32.08,-25.71,32.08,57.78,0.0,0.0,2,2,Baixa,Baixa,Estável,Estável
Biologia (Licenciatura),Darcy Ribeiro,Noturno,EP_R2_NPPI,1,1,19.7,40.9,19.7,40.9,21.2,0.0,0.0,2,2,Baixa,Baixa,Estável,Estável
Biologia (Licenciatura),Darcy Ribeiro,Noturno,EP_R2_PPI,1,1,-26.89,-17.79,-26.89,-17.79,9.1,0.0,0.0,2,2,Baixa,Baixa,Estável,Estável
Biologia (Licenciatura),Darcy Ribeiro (Plano Piloto) / DF,Noturno,AC,4,4,-14.73,54.74,-9.29,64.25,73.54,7.2,11.65,4,4,Moderada,Moderada,Forte alta,Forte alta
Biologia (Licenciatura),Darcy Ribeiro (Plano Piloto) / DF,Noturno,CN,2,2,-17.18,-17.18,-17.63,-18.07,-0.44,6.79,13.38,4,4,Moderada,Moderada,Estável,Estável
Biologia (Licenciatura),Darcy Ribeiro (Plano Piloto) / DF,Noturno,EP_R1_NPPI,2,2,-34.27,-8.3,-29.62,-1.16,28.46,7.68,11.79,4,4,Moderada,Moderada,Alta,Forte alta
Biologia (Licenciatura),Darcy Ribeiro (Plano Piloto) / DF,Noturno,EP_R1_PPI,2,2,-32.04,-17.53,-29.92,-15.37,14.56,8.1,8.28,4,4,Moderada,Moderada,Alta,Alta
Biologia (Licenciatura),Darcy Ribeiro (Plano Piloto) / DF,Noturno,EP_R2_NPPI,3,3,3.56,3.56,-4.83,-12.12,-7.29,9.31,12.96,4,4,Moderada,Moderada,Forte queda,Forte queda
Biologia (Licenciatura),Darcy Ribeiro (Plano Piloto) / DF,Noturno,EP_R2_NPPIQ,1,1,-40.61,7.61,-40.61,7.61,48.22,0.0,0.0,2,2,Baixa,Baixa,Estável,Estável
Biologia (Licenciatura),Darcy Ribeiro (Plano Piloto) / DF,Noturno,EP_R2_PPI,3,3,-14.42,9.67,-21.62,15.37,36.99,5.63,8.99,4,4,Moderada,Moderada,Forte queda,Forte alta
Biotecnologia (Bacharelado),Darcy Ribeiro,Diurno,AC,1,1,87.36,154.25,87.36,154.25,66.89,0.0,0.0,2,2,Baixa,Baixa,Estável,Estável
Biotecnologia (Bacharelado),Darcy Ribeiro,Diurno,CN,1,1,29.19,29.19,29.19,29.19,0.0,0.0,0.0,2,2,Baixa,Baixa,Estável,Estável
Biotecnologia (Bacharelado),Darcy Ribeiro,Diurno,EP_R1_NPPI,1,1,-62.36,44.48,-62.36,44.48,106.83,0.0,0.0,2,2,Baixa,Baixa,Estável,Estável
Biotecnologia (Bacharelado),Darcy Ribeiro,Diurno,EP_R1_PPI,1,1,-29.96,12.9,-29.96,12.9,42.86,0.0,0.0,2,2,Baixa,Baixa,Estável,Estável
Biotecnologia (Bacharelado),Darcy Ribeiro,Diurno,EP_R2_NPPI,1,1,55.94,88.43,55.94,88.43,32.49,0.0,0.0,2,2,Baixa,Baixa,Estável,Estável
Biotecnologia (Bacharelado),Darcy Ribeiro,Diurno,EP_R2_PPI,1,1,-53.34,58.88,-53.34,58.88,112.21,0.0,0.0,2,2,Baixa,Baixa,Estável,Estável
Biotecnologia (Bacharelado),Darcy Ribeiro (Plano Piloto) / DF,Diurno,AC,5,5,67.54,157.41,52.37,123.58,71.2,11.09,22.64,4,4,Moderada,Moderada,Forte queda,Forte queda
Biotecnologia (Bacharelado),Darcy Ribeiro (Plano Piloto) / DF,Diurno,CN,4,4,64.2,64.2,79.67,74.09,-5.57,24.66,15.34,4,4,Moderada,Moderada,Forte alta,Forte alta
Biotecnologia (Bacharelado),Darcy Ribeiro (Plano Piloto) / DF,Diurno,EP_R1_NPPI,3,3,-32.08,-32.08,-27.98,-18.35,9.63,7.4,12.82,4,4,Moderada,Moderada,Alta,Forte alta
Biotecnologia (Bacharelado),Darcy Ribeiro (Plano Piloto) / DF,Diurno,EP_R1_NPPIQ,1,1,22.9,22.9,22.9,22.9,0.0,0.0,0.0,2,2,Baixa,Baixa,Estável,Estável
Biotecnologia (Bacharelado),Darcy Ribeiro (Plano Piloto) / DF,Diurno,EP_R1_PPI,2,2,-25.89,42.79,-22.34,57.79,80.13,8.69,36.73,4,4,Moderada,Moderada,Alta,Forte alta
Biotecnologia (Bacharelado),Darcy Ribeiro (Plano Piloto) / DF,Diurno,EP_R2_NPPI,4,4,-84.17,-24.82,-52.87,-6.95,45.92,28.04,27.55,4,4,Moderada,Moderada,Forte alta,Forte alta
Biotecnologia (Bacharelado),Darcy Ribeiro (Plano Piloto) / DF,Diurno,EP_R2_NPPIQ,1,1,-36.96,43.54,-36.96,43.54,80.5,0.0,0.0,2,2,Baixa,Baixa,Estável,Estável
Biotecnologia (Bacharelado),Darcy Ribeiro (Plano Piloto) / DF,Diurno,EP_R2_PPI,3,3,-25.82,-25.82,-18.85,-3.26,15.59,6.96,25.44,4,4,Moderada,Moderada,Forte alta,Forte alta
Biotecnologia (Bacharelado),Darcy Ribeiro (Plano Piloto) / DF,Diurno,EP_R2_PPIQ,1,1,-47.17,-47.17,-47.17,-47.17,0.0,0.0,0.0,2,2,Baixa,Baixa,Estável,Estável
Ciência Política (Bacharelado),Darcy Ribeiro,Diurno,AC,1,1,47.26,128.48,47.26,128.48,81.22,0.0,0.0,2,2,Baixa,Baixa,Estável,Estável
Ciência Política (Bacharelado),Darcy Ribeiro,Diurno,CN,1,1,-6.89,-6.89,-6.89,-6.89,0.0,0.0,0.0,2,2,Baixa,Baixa,Estável,Estável
Ciência Política (Bacharelado),Darcy Ribeiro,Diurno,EP_R1_NPPI,1,1,-27.94,-27.94,-27.94,-27.94,0.0,0.0,0.0,2,2,Baixa,Baixa,Estável,Estável
Ciência Política (Bacharelado),Darcy Ribeiro,Diurno,EP_R1_PPI,1,1,-14.08,41.92,-14.08,41.92,56.0,0.0,0.0,2,2,Baixa,Baixa,Estável,Estável
Ciência Política (Bacharelado),Darcy Ribeiro,Diurno,EP_R2_NPPI,1,1,-13.22,26.98,-13.22,26.98,40.2,0.0,0.0,2,2,Baixa,Baixa,Estável,Estável
Ciência Política (Bacharelado),Darcy Ribeiro,Diurno,EP_R2_PPI,1,1,-50.29,-8.47,-50.29,-8.47,41.82,0.0,0.0,2,2,Baixa,Baixa,Estável,Estável
Ciência Política (Bacharelado),Darcy Ribeiro (Plano Piloto) / DF,Diurno,AC,5,5,55.47,112.08,49.25,83.16,33.91,10.41,21.1,4,4,Moderada,Moderada,Forte queda,Forte queda
Ciência Política (Bacharelado),Darcy Ribeiro (Plano Piloto) / DF,Diurno,CN,5,5,48.44,48.44,43.37,33.48,-9.89,8.86,11.45,4,4,Moderada,Moderada,Forte queda,Forte queda
Ciência Política (Bacharelado),Darcy Ribeiro (Plano Piloto) / DF,Diurno,EP_R1_NPPI,3,3,-21.74,15.5,-27.49,7.72,35.2,4.48,6.94,4,4,Moderada,Moderada,Forte queda,Forte queda
Ciência Política (Bacharelado),Darcy Ribeiro (Plano Piloto) / DF,Diurno,EP_R1_NPPIQ,1,1,-33.16,-3.3,-33.16,-3.3,29.86,0.0,0.0,2,2,Baixa,Baixa,Estável,Estável
Ciência Política (Bacharelado),Darcy Ribeiro (Plano Piloto) / DF,Diurno,EP_R1_PPI,3,3,-15.55,-3.08,-18.7,-8.52,10.19,2.83,4.76,4,4,Alta,Moderada,Queda,Forte queda
Ciência Política (Bacharelado),Darcy Ribeiro (Plano Piloto) / DF,Diurno,EP_R2_NPPI,3,3,16.43,22.17,18.3,21.34,3.04,18.4,0.89,4,4,Moderada,Alta,Alta,Estável
Ciência Política (Bacharelado),Darcy Ribeiro (Plano Piloto) / DF,Diurno,EP_R2_NPPIQ,1,1,13.77,47.7,13.77,47.7,33.93,0.0,0.0,2,2,Baixa,Baixa,Estável,Estável
Ciência Política (Bacharelado),Darcy Ribeiro (Plano Piloto) / DF,Diurno,EP_R2_NPPIQ_PCD,1,1,-31.84,-24.22,-31.84,-24.22,7.62,0.0,0.0,2,2,Baixa,Baixa,Estável,Estável
Ciência Política (Bacharelado),Darcy Ribeiro (Plano Piloto) / DF,Diurno,EP_R2_PPI,3,3,-30.79,5.59,-28.23,-6.57,21.67,10.9,17.11,4,4,Moderada,Moderada,Alta,Forte queda
Ciência Política (Bacharelado),Darcy Ribeiro (Plano Piloto) / DF,Diurno,EP_R2_PPIQ,1,1,-37.15,-5.97,-37.15,-5.97,31.18,0.0,0.0,2,2,Baixa,Baixa,Estável,Estável
Ciência da Computação (Bacharelado),Darcy Ribeiro,Diurno,AC,1,1,115.0,192.19,115.0,192.19,77.19,0.0,0.0,2,2,Baixa,Baixa,Estável,Estável
Ciência da Computação (Bacharelado),Darcy Ribeiro,Diurno,CN,1,1,82.76,82.76,82.76,82.76,0.0,0.0,0.0,2,2,Baixa,Baixa,Estável,Estável
Ciência da Computação (Bacharelado),Darcy Ribeiro,Diurno,EP_R1_NPPI,1,1,46.78,65.02,46.78,65.02,18.23,0.0,0.0,2,2,Baixa,Baixa,Estável,Estável
Ciência da Computação (Bacharelado),Darcy Ribeiro,Diurno,EP_R1_PPI,1,1,9.01,79.46,9.01,79.46,70.46,0.0,0.0,2,2,Baixa,Baixa,Estável,Estável
Ciência da Computação (Bacharelado),Darcy Ribeiro,Diurno,EP_R2_NPPI,1,1,114.94,142.35,114.94,142.35,27.41,0.0,0.0,2,2,Baixa,Baixa,Estável,Estável
Ciência da Computação (Bacharelado),Darcy Ribeiro,Diurno,EP_R2_PPI,1,1,29.63,64.87,29.63,64.87,35.24,0.0,0.0,2,2,Baixa,Baixa,Estável,Estável
Ciência da Computação (Bacharelado),Darcy Ribeiro (Plano Piloto) / DF,Diurno,AC,5,5,135.83,166.53,138.19,161.63,23.44,9.31,4.28,4,4,Moderada,Moderada,Alta,Queda
Ciência da Computação (Bacharelado),Darcy Ribeiro (Plano Piloto) / DF,Diurno,CN,5,5,117.65,117.65,115.27,113.47,-1.8,11.62,9.45,4,4,Moderada,Moderada,Queda,Queda
Ciência da Computação (Bacharelado),Darcy Ribeiro (Plano Piloto) / DF,Diurno,EP_R1_NPPI,4,4,8.65,18.34,23.59,27.95,4.36,21.79,9.98,4,4,Moderada,Moderada,Forte alta,Forte alta
Ciência da Computação (Bacharelado),Darcy Ribeiro (Plano Piloto) / DF,Diurno,EP_R1_NPPIQ,1,1,-38.26,32.99,-38.26,32.99,71.25,0.0,0.0,2,2,Baixa,Baixa,Estável,Estável
Ciência da Computação (Bacharelado),Darcy Ribeiro (Plano Piloto) / DF,Diurno,EP_R1_PPI,4,4,-18.1,-7.69,-10.08,-1.64,8.44,7.29,6.24,4,4,Moderada,Moderada,Forte alta,Forte alta
Ciência da Computação (Bacharelado),Darcy Ribeiro (Plano Piloto) / DF,Diurno,EP_R1_PPIQ,1,1,0.18,0.18,0.18,0.18,0.0,0.0,0.0,2,2,Baixa,Baixa,Estável,Estável
Ciência da Computação (Bacharelado),Darcy Ribeiro (Plano Piloto) / DF,Diurno,EP_R2_NPPI,4,4,77.54,77.54,101.48,92.62,-8.86,23.48,19.36,4,4,Moderada,Moderada,Forte alta,Forte alta
Ciência da Computação (Bacharelado),Darcy Ribeiro (Plano Piloto) / DF,Diurno,EP_R2_NPPIQ,1,1,118.29,118.29,118.29,118.29,0.0,0.0,0.0,2,2,Baixa,Baixa,Estável,Estável
Ciência da Computação (Bacharelado),Darcy Ribeiro (Plano Piloto) / DF,Diurno,EP_R2_NPPIQ_PCD,1,1,42.86,42.86,42.86,42.86,0.0,0.0,0.0,2,2,Baixa,Baixa,Estável,Estável
Ciência da Computação (Bacharelado),Darcy Ribeiro (Plano Piloto) / DF,Diurno,EP_R2_NPPI_PCD,1,1,-10.52,-10.52,-10.52,-10.52,0.0,0.0,0.0,2,2,Baixa,Baixa,Estável,Estável
Ciência da Computação (Bacharelado),Darcy Ribeiro (Plano Piloto) / DF,Diurno,EP_R2_PPI,4,4,-12.09,22.79,6.41,39.75,33.35,15.11,13.71,4,4,Moderada,Moderada,Forte alta,Forte alta
Ciência da Computação (Bacharelado),Darcy Ribeiro (Plano Piloto) / DF,Diurno,EP_R2_PPIQ,1,1,48.88,74.72,48.88,74.72,25.84,0.0,0.0,2,2,Baixa,Baixa,Estável,Estável
Ciência da Computação (Bacharelado),Darcy Ribeiro (Plano Piloto) / DF,Diurno,EP_R2_PPI_PCD,1,1,-13.05,-13.05,-13.05,-13.05,0.0,0.0,0.0,2,2,Baixa,Baixa,Estável,Estável
Ciências Ambientais (Bacharelado),Darcy Ribeiro,Noturno,AC,1,1,-63.62,118.33,-63.62,118.33,181.95,0.0,0.0,2,2,Baixa,Baixa,Estável,Estável
Ciências Ambientais (Bacharelado),Darcy Ribeiro,Noturno,CN,1,1,-16.03,-16.03,-16.03,-16.03,0.0,0.0,0.0,2,2,Baixa,Baixa,Estável,Estável
Ciências Ambientais (Bacharelado),Darcy Ribeiro,Noturno,EP_R2_PPI,1,1,-15.69,-15.69,-15.69,-15.69,0.0,0.0,0.0,2,2,Baixa,Baixa,Estável,Estável
Ciências Ambientais (Bacharelado),Darcy Ribeiro (Plano Piloto) / DF,Noturno,AC,4,4,-60.71,-15.39,-56.69,-13.15,43.55,8.08,10.79,4,4,Moderada,Moderada,Alta,Alta
Ciências Ambientais (Bacharelado),Darcy Ribeiro (Plano Piloto) / DF,Noturno,CN,3,3,-39.99,-39.99,-40.3,-41.21,-0.91,1.34,2.88,4,4,Alta,Alta,Estável,Queda
Ciências Ambientais (Bacharelado),Darcy Ribeiro (Plano Piloto) / DF,Noturno,EP_R1_NPPI,1,1,-6.83,-6.83,-6.83,-6.83,0.0,0.0,0.0,2,2,Baixa,Baixa,Estável,Estável
Ciências Ambientais (Bacharelado),Darcy Ribeiro (Plano Piloto) / DF,Noturno,EP_R2_NPPI,3,3,-29.41,-13.82,-5.32,5.99,11.3,19.63,16.44,4,4,Moderada,Moderada,Forte alta,Forte alta
Ciências Ambientais (Bacharelado),Darcy Ribeiro (Plano Piloto) / DF,Noturno,EP_R2_PPI,3,3,-51.52,-51.52,-43.39,-47.92,-4.53,6.79,5.84,4,4,Moderada,Moderada,Forte alta,Alta
Ciências Contábeis (Bacharelado),Darcy Ribeiro,Diurno,AC,1,1,13.06,64.39,13.06,64.39,51.33,0.0,0.0,2,2,Baixa,Baixa,Estável,Estável
Ciências Contábeis (Bacharelado),Darcy Ribeiro,Diurno,CN,1,0,-30.28,,-30.28,,,0.0,,2,0,Baixa,Sem histórico,Estável,Indeterminada
Ciências Contábeis (Bacharelado),Darcy Ribeiro,Diurno,EP_R1_NPPI,0,1,,12.23,,12.23,,,0.0,0,2,Sem histórico,Baixa,Indeterminada,Estável
Ciências Contábeis (Bacharelado),Darcy Ribeiro,Diurno,EP_R1_PPI,0,1,,13.35,,13.35,,,0.0,0,2,Sem histórico,Baixa,Indeterminada,Estável
Ciências Contábeis (Bacharelado),Darcy Ribeiro,Diurno,EP_R2_NPPI,0,1,,8.34,,8.34,,,0.0,0,2,Sem histórico,Baixa,Indeterminada,Estável
Ciências Contábeis (Bacharelado),Darcy Ribeiro,Diurno,EP_R2_PPI,0,1,,5.0,,5.0,,,0.0,0,2,Sem histórico,Baixa,Indeterminada,Estável
Ciências Contábeis (Bacharelado),Darcy Ribeiro,Noturno,AC,1,1,-20.05,46.13,-20.05,46.13,66.18,0.0,0.0,2,2,Baixa,Baixa,Estável,Estável
Ciências Contábeis (Bacharelado),Darcy Ribeiro,Noturno,CN,1,1,-2.47,25.45,-2.47,25.45,27.91,0.0,0.0,2,2,Baixa,Baixa,Estável,Estável
Ciências Contábeis (Bacharelado),Darcy Ribeiro,Noturno,EP_R1_NPPI,1,1,-62.15,-7.43,-62.15,-7.43,54.72,0.0,0.0,2,2,Baixa,Baixa,Estável,Estável
Ciências Contábeis (Bacharelado),Darcy Ribeiro,Noturno,EP_R1_PPI,1,1,-50.72,-38.63,-50.72,-38.63,12.09,0.0,0.0,2,2,Baixa,Baixa,Estável,Estável
Ciências Contábeis (Bacharelado),Darcy Ribeiro,Noturno,EP_R2_NPPI,1,1,-68.68,-68.68,-68.68,-68.68,0.0,0.0,0.0,2,2,Baixa,Baixa,Estável,Estável
Ciências Contábeis (Bacharelado),Darcy Ribeiro,Noturno,EP_R2_PPI,1,1,-52.3,16.41,-52.3,16.41,68.71,0.0,0.0,2,2,Baixa,Baixa,Estável,Estável
Ciências Contábeis (Bacharelado),Darcy Ribeiro (Plano Piloto) / DF,Diurno,AC,5,5,17.85,82.74,-3.11,57.32,60.43,17.05,17.72,4,4,Moderada,Moderada,Forte queda,Forte queda
Ciências Contábeis (Bacharelado),Darcy Ribeiro (Plano Piloto) / DF,Diurno,CN,4,4,-0.63,14.5,-5.29,13.98,19.27,4.66,1.15,4,4,Moderada,Muito alta,Queda,Estável
Ciências Contábeis (Bacharelado),Darcy Ribeiro (Plano Piloto) / DF,Diurno,EP_R1_NPPI,3,3,-49.3,44.82,-48.57,50.89,99.46,4.39,16.15,4,4,Moderada,Moderada,Estável,Forte alta
Ciências Contábeis (Bacharelado),Darcy Ribeiro (Plano Piloto) / DF,Diurno,EP_R1_NPPIQ,1,1,-24.06,-24.06,-24.06,-24.06,0.0,0.0,0.0,2,2,Baixa,Baixa,Estável,Estável
Ciências Contábeis (Bacharelado),Darcy Ribeiro (Plano Piloto) / DF,Diurno,EP_R1_PPI,2,2,-59.86,-59.86,-65.96,-65.96,0.0,10.07,10.07,4,4,Moderada,Moderada,Forte queda,Forte queda
Ciências Contábeis (Bacharelado),Darcy Ribeiro (Plano Piloto) / DF,Diurno,EP_R2_NPPI,4,4,-75.96,-49.7,-73.36,-23.04,50.32,13.43,24.75,4,4,Moderada,Moderada,Alta,Forte alta
Ciências Contábeis (Bacharelado),Darcy Ribeiro (Plano Piloto) / DF,Diurno,EP_R2_NPPIQ,1,1,-50.33,11.21,-50.33,11.21,61.54,0.0,0.0,2,2,Baixa,Baixa,Estável,Estável
Ciências Contábeis (Bacharelado),Darcy Ribeiro (Plano Piloto) / DF,Diurno,EP_R2_PPI,3,3,-21.69,-21.69,-21.98,-20.69,1.29,6.13,23.23,4,4,Moderada,Moderada,Estável,Estável
Ciências Contábeis (Bacharelado),Darcy Ribeiro (Plano Piloto) / DF,Diurno,EP_R2_PPIQ,1,1,-81.15,-5.42,-81.15,-5.42,75.74,0.0,0.0,2,2,Baixa,Baixa,Estável,Estável
Ciências Contábeis (Bacharelado),Darcy Ribeiro (Plano Piloto) / DF,Noturno,AC,4,4,-27.79,31.88,-33.0,33.78,66.78,12.54,3.74,4,4,Moderada,Alta,Forte queda,Alta
Ciências Contábeis (Bacharelado),Darcy Ribeiro (Plano Piloto) / DF,Noturno,CN,2,2,-40.83,-24.32,-35.94,-24.22,11.72,11.99,0.27,4,4,Moderada,Moderada,Alta,Estável
Ciências Contábeis (Bacharelado),Darcy Ribeiro (Plano Piloto) / DF,Noturno,EP_R1_NPPI,2,2,-54.97,-29.05,-55.04,-26.96,28.08,0.3,7.97,4,4,Moderada,Moderada,Estável,Alta
Ciências Contábeis (Bacharelado),Darcy Ribeiro (Plano Piloto) / DF,Noturno,EP_R1_PPI,1,1,1.49,1.49,1.49,1.49,0.0,0.0,0.0,2,2,Baixa,Baixa,Estável,Estável
Ciências Contábeis (Bacharelado),Darcy Ribeiro (Plano Piloto) / DF,Noturno,EP_R2_NPPI,2,2,-60.65,0.75,-54.24,-2.93,51.31,10.57,6.07,4,4,Moderada,Moderada,Forte alta,Queda
Ciências Contábeis (Bacharelado),Darcy Ribeiro (Plano Piloto) / DF,Noturno,EP_R2_NPPIQ,1,1,-36.71,-21.21,-36.71,-21.21,15.5,0.0,0.0,2,2,Baixa,Baixa,Estável,Estável
Ciências Contábeis (Bacharelado),Darcy Ribeiro (Plano Piloto) / DF,Noturno,EP_R2_PPI,3,3,-29.32,-6.14,-34.34,-4.38,29.96,4.55,2.48,4,4,Moderada,Alta,Forte queda,Alta
Ciências Contábeis (Bacharelado),Darcy Ribeiro (Plano Piloto) / DF,Noturno,EP_R2_PPIQ,1,1,-72.81,-37.13,-72.81,-37.13,35.67,0.0,0.0,2,2,Baixa,Baixa,Estável,Estável
Ciências Econômicas (Bacharelado),Darcy Ribeiro,Diurno,AC,1,0,92.03,,92.03,,,0.0,,2,0,Baixa,Sem histórico,Estável,Indeterminada
Ciências Econômicas (Bacharelado),Darcy Ribeiro,Diurno,CN,1,1,19.04,19.04,19.04,19.04,0.0,0.0,0.0,2,2,Baixa,Baixa,Estável,Estável
Ciências Econômicas (Bacharelado),Darcy Ribeiro,Diurno,EP_R1_NPPI,1,1,-60.91,1.0,-60.91,1.0,61.91,0.0,0.0,2,2,Baixa,Baixa,Estável,Estável
Ciências Econômicas (Bacharelado),Darcy Ribeiro,Diurno,EP_R1_PPI,1,1,-25.59,29.07,-25.59,29.07,54.66,0.0,0.0,2,2,Baixa,Baixa,Estável,Estável
Ciências Econômicas (Bacharelado),Darcy Ribeiro,Diurno,EP_R2_NPPI,1,1,44.98,51.9,44.98,51.9,6.92,0.0,0.0,2,2,Baixa,Baixa,Estável,Estável
Ciências Econômicas (Bacharelado),Darcy Ribeiro,Diurno,EP_R2_PPI,1,1,-40.78,55.48,-40.78,55.48,96.26,0.0,0.0,2,2,Baixa,Baixa,Estável,Estável
Ciências Econômicas (Bacharelado),Darcy Ribeiro (Plano Piloto) / DF,Diurno,AC,5,5,98.04,136.51,93.76,116.47,22.71,8.5,18.29,4,4,Moderada,Moderada,Queda,Forte queda
Ciências Econômicas (Bacharelado),Darcy Ribeiro (Plano Piloto) / DF,Diurno,CN,5,5,83.43,83.43,66.4,66.06,-0.34,13.78,13.87,4,4,Moderada,Moderada,Forte queda,Forte queda
Ciências Econômicas (Bacharelado),Darcy Ribeiro (Plano Piloto) / DF,Diurno,EP_R1_NPPI,4,4,-56.63,-56.63,-52.78,-39.11,13.67,12.29,26.72,4,4,Moderada,Moderada,Alta,Forte alta
Ciências Econômicas (Bacharelado),Darcy Ribeiro (Plano Piloto) / DF,Diurno,EP_R1_NPPIQ,1,1,-30.93,-30.93,-30.93,-30.93,0.0,0.0,0.0,2,2,Baixa,Baixa,Estável,Estável
Ciências Econômicas (Bacharelado),Darcy Ribeiro (Plano Piloto) / DF,Diurno,EP_R1_PPI,2,2,-10.9,67.95,-7.39,78.71,86.1,8.6,26.37,4,4,Moderada,Moderada,Alta,Forte alta
Ciências Econômicas (Bacharelado),Darcy Ribeiro (Plano Piloto) / DF,Diurno,EP_R2_NPPI,4,4,-64.26,-22.96,-43.15,-0.28,42.86,24.16,32.31,4,4,Moderada,Moderada,Forte alta,Forte alta
Ciências Econômicas (Bacharelado),Darcy Ribeiro (Plano Piloto) / DF,Diurno,EP_R2_NPPIQ,1,1,18.82,94.12,18.82,94.12,75.3,0.0,0.0,2,2,Baixa,Baixa,Estável,Estável
Ciências Econômicas (Bacharelado),Darcy Ribeiro (Plano Piloto) / DF,Diurno,EP_R2_PPI,3,3,-37.25,59.41,-31.55,52.3,83.84,5.54,11.62,4,4,Moderada,Moderada,Forte alta,Forte queda
Ciências Econômicas (Bacharelado),Darcy Ribeiro (Plano Piloto) / DF,Diurno,EP_R2_PPIQ,1,1,-17.7,30.92,-17.7,30.92,48.62,0.0,0.0,2,2,Baixa,Baixa,Estável,Estável
Ciências Naturais (Licenciatura),Planalti na (FUP),Diurno,AC,1,1,-85.5,-85.5,-85.5,-85.5,0.0,0.0,0.0,2,2,Baixa,Baixa,Estável,Estável
Ciências Naturais (Licenciatura),Planalti na (FUP),Noturno,AC,1,1,-76.85,-20.47,-76.85,-20.47,56.38,0.0,0.0,2,2,Baixa,Baixa,Estável,Estável
Ciências Naturais (Licenciatura),Planalti na (FUP),Noturno,CN,1,1,-90.2,-90.2,-90.2,-90.2,0.0,0.0,0.0,2,2,Baixa,Baixa,Estável,Estável
Ciências Naturais (Licenciatura),Planaltina / DF,Diurno,AC,4,4,-78.39,13.11,-79.44,16.8,96.23,0.87,6.18,4,4,Muito alta,Moderada,Queda,Alta
Ciências Naturais (Licenciatura),Planaltina / DF,Diurno,EP_R1_PPI,2,2,-49.69,-49.69,-62.26,-62.26,0.0,20.72,20.72,4,4,Moderada,Moderada,Forte queda,Forte queda
Ciências Naturais (Licenciatura),Planaltina / DF,Diurno,EP_R2_PPI,2,2,-36.56,-36.56,-36.3,-41.42,-5.12,0.65,11.89,4,4,Moderada,Moderada,Estável,Queda
Ciências Naturais (Licenciatura),Planaltina / DF,Noturno,AC,2,2,-52.22,9.12,-47.92,29.47,77.39,7.08,33.56,4,4,Moderada,Moderada,Alta,Forte alta
Ciências Naturais (Licenciatura),Planaltina / DF,Noturno,EP_R2_PPI,1,1,-37.16,-37.16,-37.16,-37.16,0.0,0.0,0.0,2,2,Baixa,Baixa,Estável,Estável
Ciências Sociais – Antropologia/ Sociologia (Bacharelado/Licenciatura),Darcy Ribeiro,Diurno,AC,1,1,11.53,94.46,11.53,94.46,82.93,0.0,0.0,2,2,Baixa,Baixa,Estável,Estável
Ciências Sociais – Antropologia/ Sociologia (Bacharelado/Licenciatura),Darcy Ribeiro,Diurno,CN,1,1,0.43,7.0,0.43,7.0,6.57,0.0,0.0,2,2,Baixa,Baixa,Estável,Estável
Ciências Sociais – Antropologia/ Sociologia (Bacharelado/Licenciatura),Darcy Ribeiro,Diurno,EP_R1_NPPI,1,1,-32.43,-16.98,-32.43,-16.98,15.45,0.0,0.0,2,2,Baixa,Baixa,Estável,Estável
Ciências Sociais – Antropologia/ Sociologia (Bacharelado/Licenciatura),Darcy Ribeiro,Diurno,EP_R1_PPI,1,1,-35.5,-29.52,-35.5,-29.52,5.98,0.0,0.0,2,2,Baixa,Baixa,Estável,Estável
Ciências Sociais – Antropologia/ Sociologia (Bacharelado/Licenciatura),Darcy Ribeiro,Diurno,EP_R2_NPPI,1,1,-51.12,31.06,-51.12,31.06,82.18,0.0,0.0,2,2,Baixa,Baixa,Estável,Estável
Ciências Sociais – Antropologia/ Sociologia (Bacharelado/Licenciatura),Darcy Ribeiro,Diurno,EP_R2_PPI,1,1,-70.5,28.72,-70.5,28.72,99.23,0.0,0.0,2,2,Baixa,Baixa,Estável,Estável
Ciências Sociais – Antropologia/ Sociologia (Bacharelado/Licenciatura),Darcy Ribeiro (Plano Piloto) / DF,Diurno,AC,4,4,-15.53,69.84,-2.74,71.62,74.36,15.33,1.91,4,4,Moderada,Muito alta,Forte alta,Alta
Ciências Sociais – Antropologia/ Sociologia (Bacharelado/Licenciatura),Darcy Ribeiro (Plano Piloto) / DF,Diurno,CN,4,4,-34.92,-32.09,-34.14,-25.63,8.51,6.28,15.57,4,4,Moderada,Moderada,Estável,Forte alta
Ciências Sociais – Antropologia/ Sociologia (Bacharelado/Licenciatura),Darcy Ribeiro (Plano Piloto) / DF,Diurno,EP_R1_NPPI,3,3,-65.3,-5.05,-66.41,-4.19,62.22,2.04,4.96,4,4,Alta,Moderada,Queda,Estável
Ciências Sociais – Antropologia/ Sociologia (Bacharelado/Licenciatura),Darcy Ribeiro (Plano Piloto) / DF,Diurno,EP_R1_NPPIQ,1,1,-30.93,-30.93,-30.93,-30.93,0.0,0.0,0.0,2,2,Baixa,Baixa,Estável,Estável
Ciências Sociais – Antropologia/ Sociologia (Bacharelado/Licenciatura),Darcy Ribeiro (Plano Piloto) / DF,Diurno,EP_R1_PPI,3,3,-61.2,-32.87,-53.61,-39.84,13.77,7.94,14.31,4,4,Moderada,Moderada,Forte alta,Forte queda
Ciências Sociais – Antropologia/ Sociologia (Bacharelado/Licenciatura),Darcy Ribeiro (Plano Piloto) / DF,Diurno,EP_R2_NPPI,3,3,-37.62,33.04,-35.79,46.15,81.94,1.66,12.85,4,4,Alta,Moderada,Alta,Forte alta
Ciências Sociais – Antropologia/ Sociologia (Bacharelado/Licenciatura),Darcy Ribeiro (Plano Piloto) / DF,Diurno,EP_R2_NPPIQ,1,1,-91.42,-6.3,-91.42,-6.3,85.12,0.0,0.0,2,2,Baixa,Baixa,Estável,Estável
Ciências Sociais – Antropologia/ Sociologia (Bacharelado/Licenciatura),Darcy Ribeiro (Plano Piloto) / DF,Diurno,EP_R2_NPPIQ_PCD,1,1,-32.2,-32.2,-32.2,-32.2,0.0,0.0,0.0,2,2,Baixa,Baixa,Estável,Estável
Ciências Sociais – Antropologia/ Sociologia (Bacharelado/Licenciatura),Darcy Ribeiro (Plano Piloto) / DF,Diurno,EP_R2_PPI,3,3,-57.6,10.11,-63.04,11.31,74.35,4.37,6.61,4,4,Moderada,Moderada,Forte queda,Alta
Ciências Sociais – Antropologia/ Sociologia (Bacharelado/Licenciatura),Darcy Ribeiro (Plano Piloto) / DF,Diurno,EP_R2_PPIQ,1,1,-70.92,-49.49,-70.92,-49.49,21.43,0.0,0.0,2,2,Baixa,Baixa,Estável,Estável
Computação (Licenciatura),Darcy Ribeiro,Noturno,AC,1,1,-20.86,34.17,-20.86,34.17,55.03,0.0,0.0,2,2,Baixa,Baixa,Estável,Estável
Computação (Licenciatura),Darcy Ribeiro,Noturno,CN,1,1,-3.31,-3.31,-3.31,-3.31,0.0,0.0,0.0,2,2,Baixa,Baixa,Estável,Estável
Computação (Licenciatura),Darcy Ribeiro,Noturno,EP_R1_PPI,1,1,-81.1,-81.1,-81.1,-81.1,0.0,0.0,0.0,2,2,Baixa,Baixa,Estável,Estável
Computação (Licenciatura),Darcy Ribeiro,Noturno,EP_R2_NPPI,1,1,-57.12,-53.65,-57.12,-53.65,3.47,0.0,0.0,2,2,Baixa,Baixa,Estável,Estável
Computação (Licenciatura),Darcy Ribeiro,Noturno,EP_R2_PPI,1,1,-51.23,-44.13,-51.23,-44.13,7.1,0.0,0.0,2,2,Baixa,Baixa,Estável,Estável
Computação (Licenciatura),Darcy Ribeiro (Plano Piloto) / DF,Noturno,AC,5,5,-22.18,45.58,-35.34,21.27,56.61,11.16,20.92,4,4,Moderada,Moderada,Forte queda,Forte queda
Computação (Licenciatura),Darcy Ribeiro (Plano Piloto) / DF,Noturno,CN,3,3,-23.78,-23.78,-12.4,-12.4,0.0,10.87,10.87,4,4,Moderada,Moderada,Forte alta,Forte alta
Computação (Licenciatura),Darcy Ribeiro (Plano Piloto) / DF,Noturno,EP_R1_NPPI,1,1,-65.74,-51.11,-65.74,-51.11,14.64,0.0,0.0,2,2,Baixa,Baixa,Estável,Estável
Computação (Licenciatura),Darcy Ribeiro (Plano Piloto) / DF,Noturno,EP_R1_PPI,3,3,-5.52,-5.52,-25.2,-20.6,4.59,19.56,16.88,4,4,Moderada,Moderada,Forte queda,Forte queda
Computação (Licenciatura),Darcy Ribeiro (Plano Piloto) / DF,Noturno,EP_R2_NPPI,3,3,-50.8,-11.64,-46.74,-15.6,31.14,6.97,8.08,4,4,Moderada,Moderada,Alta,Queda
Computação (Licenciatura),Darcy Ribeiro (Plano Piloto) / DF,Noturno,EP_R2_NPPIQ,1,1,-44.04,-4.6,-44.04,-4.6,39.44,0.0,0.0,2,2,Baixa,Baixa,Estável,Estável
Computação (Licenciatura),Darcy Ribeiro (Plano Piloto) / DF,Noturno,EP_R2_NPPI_PCD,1,1,18.87,18.87,18.87,18.87,0.0,0.0,0.0,2,2,Baixa,Baixa,Estável,Estável
Computação (Licenciatura),Darcy Ribeiro (Plano Piloto) / DF,Noturno,EP_R2_PPI,1,1,-85.35,-10.12,-85.35,-10.12,75.22,0.0,0.0,2,2,Baixa,Baixa,Estável,Estável
Comunicação Organizacional (Bacharelado),Darcy Ribeiro,Noturno,AC,1,1,-17.5,62.26,-17.5,62.26,79.76,0.0,0.0,2,2,Baixa,Baixa,Estável,Estável
Comunicação Organizacional (Bacharelado),Darcy Ribeiro,Noturno,CN,1,1,-78.07,-78.07,-78.07,-78.07,0.0,0.0,0.0,2,2,Baixa,Baixa,Estável,Estável
Comunicação Organizacional (Bacharelado),Darcy Ribeiro,Noturno,EP_R2_NPPI,1,1,-49.35,-45.01,-49.35,-45.01,4.34,0.0,0.0,2,2,Baixa,Baixa,Estável,Estável
Comunicação Organizacional (Bacharelado),Darcy Ribeiro,Noturno,EP_R2_PPI,1,1,-76.57,-23.42,-76.57,-23.42,53.15,0.0,0.0,2,2,Baixa,Baixa,Estável,Estável
Comunicação Organizacional (Bacharelado),Darcy Ribeiro (Plano Piloto) / DF,Noturno,AC,5,5,8.45,66.36,-16.54,42.02,58.56,18.59,17.02,4,4,Moderada,Moderada,Forte queda,Forte queda
Comunicação Organizacional (Bacharelado),Darcy Ribeiro (Plano Piloto) / DF,Noturno,CN,4,4,-4.35,-4.35,1.54,-5.01,-6.55,7.96,4.35,4,4,Moderada,Moderada,Forte alta,Estável
Comunicação Organizacional (Bacharelado),Darcy Ribeiro (Plano Piloto) / DF,Noturno,EP_R2_NPPI,3,3,-56.79,-56.79,-57.42,-57.42,0.0,9.13,9.13,4,4,Moderada,Moderada,Estável,Estável
Comunicação Organizacional (Bacharelado),Darcy Ribeiro (Plano Piloto) / DF,Noturno,EP_R2_NPPIQ,1,1,-83.24,15.88,-83.24,15.88,99.12,0.0,0.0,2,2,Baixa,Baixa,Estável,Estável
Comunicação Organizacional (Bacharelado),Darcy Ribeiro (Plano Piloto) / DF,Noturno,EP_R2_PPI,1,1,-46.61,-14.59,-46.61,-14.59,32.02,0.0,0.0,2,2,Baixa,Baixa,Estável,Estável
Comunicação Organizacional (Bacharelado),Darcy Ribeiro (Plano Piloto) / DF,Noturno,EP_R2_PPIQ,1,1,-49.54,-18.44,-49.54,-18.44,31.11,0.0,0.0,2,2,Baixa,Baixa,Estável,Estável
Comunicação Social - Publicidade e Propaganda (Bacharelado),Darcy Ribeiro,Diurno,AC,1,0,77.92,,77.92,,,0.0,,2,0,Baixa,Sem histórico,Estável,Indeterminada
Comunicação Social - Publicidade e Propaganda (Bacharelado),Darcy Ribeiro,Diurno,CN,1,1,35.41,35.41,35.41,35.41,0.0,0.0,0.0,2,2,Baixa,Baixa,Estável,Estável
Comunicação Social - Publicidade e Propaganda (Bacharelado),Darcy Ribeiro,Diurno,EP_R1_NPPI,1,1,4.22,4.22,4.22,4.22,0.0,0.0,0.0,2,2,Baixa,Baixa,Estável,Estável
Comunicação Social - Publicidade e Propaganda (Bacharelado),Darcy Ribeiro,Diurno,EP_R1_PPI,1,1,1.11,24.99,1.11,24.99,23.88,0.0,0.0,2,2,Baixa,Baixa,Estável,Estável
Comunicação Social - Publicidade e Propaganda (Bacharelado),Darcy Ribeiro,Diurno,EP_R2_NPPI,1,1,54.06,54.06,54.06,54.06,0.0,0.0,0.0,2,2,Baixa,Baixa,Estável,Estável
Comunicação Social - Publicidade e Propaganda (Bacharelado),Darcy Ribeiro,Diurno,EP_R2_PPI,1,1,14.96,56.29,14.96,56.29,41.34,0.0,0.0,2,2,Baixa,Baixa,Estável,Estável
Comunicação Social - Publicidade e Propaganda (Bacharelado),Darcy Ribeiro (Plano Piloto) / DF,Diurno,AC,5,5,56.96,86.41,55.88,73.96,18.08,2.1,10.99,4,4,Alta,Moderada,Queda,Forte queda
Comunicação Social - Publicidade e Propaganda (Bacharelado),Darcy Ribeiro (Plano Piloto) / DF,Diurno,CN,5,5,44.42,44.42,22.72,20.8,-1.92,16.64,18.99,4,4,Moderada,Moderada,Forte queda,Forte queda
Comunicação Social - Publicidade e Propaganda (Bacharelado),Darcy Ribeiro (Plano Piloto) / DF,Diurno,EP_R1_NPPI,3,3,28.91,28.91,28.58,18.82,-9.77,22.37,10.75,4,4,Moderada,Moderada,Estável,Forte queda
Comunicação Social - Publicidade e Propaganda (Bacharelado),Darcy Ribeiro (Plano Piloto) / DF,Diurno,EP_R1_NPPIQ,1,1,-29.33,-29.33,-29.33,-29.33,0.0,0.0,0.0,2,2,Baixa,Baixa,Estável,Estável
Comunicação Social - Publicidade e Propaganda (Bacharelado),Darcy Ribeiro (Plano Piloto) / DF,Diurno,EP_R1_PPI,3,3,-11.44,-1.4,-5.44,-6.83,-1.4,10.34,9.68,4,4,Moderada,Moderada,Forte alta,Forte queda
Comunicação Social - Publicidade e Propaganda (Bacharelado),Darcy Ribeiro (Plano Piloto) / DF,Diurno,EP_R2_NPPI,4,4,-39.67,-12.55,-15.15,7.05,22.2,22.21,17.08,4,4,Moderada,Moderada,Forte alta,Forte alta
Comunicação Social - Publicidade e Propaganda (Bacharelado),Darcy Ribeiro (Plano Piloto) / DF,Diurno,EP_R2_NPPIQ,1,1,50.59,50.59,50.59,50.59,0.0,0.0,0.0,2,2,Baixa,Baixa,Estável,Estável
Comunicação Social - Publicidade e Propaganda (Bacharelado),Darcy Ribeiro (Plano Piloto) / DF,Diurno,EP_R2_PPI,3,3,-74.58,-74.58,-62.73,-58.77,3.96,16.36,26.43,4,4,Moderada,Moderada,Forte alta,Forte alta
Comunicação Social - Publicidade e Propaganda (Bacharelado),Darcy Ribeiro (Plano Piloto) / DF,Diurno,EP_R2_PPIQ,1,1,-41.46,-16.43,-41.46,-16.43,25.03,0.0,0.0,2,2,Baixa,Baixa,Estável,Estável
Comunicação Social – Audiovisual (Bacharelado),Darcy Ribeiro,Diurno,AC,1,0,64.46,,64.46,,,0.0,,2,0,Baixa,Sem histórico,Estável,Indeterminada
Comunicação Social – Audiovisual (Bacharelado),Darcy Ribeiro,Diurno,CN,1,1,48.63,48.63,48.63,48.63,0.0,0.0,0.0,2,2,Baixa,Baixa,Estável,Estável
Comunicação Social – Audiovisual (Bacharelado),Darcy Ribeiro,Diurno,EP_R1_PPI,1,1,-36.36,-36.36,-36.36,-36.36,0.0,0.0,0.0,2,2,Baixa,Baixa,Estável,Estável
Comunicação Social – Audiovisual (Bacharelado),Darcy Ribeiro,Diurno,EP_R2_NPPI,1,1,-7.57,44.38,-7.57,44.38,51.95,0.0,0.0,2,2,Baixa,Baixa,Estável,Estável
Comunicação Social – Audiovisual (Bacharelado),Darcy Ribeiro,Diurno,EP_R2_PPI,1,1,-28.4,33.34,-28.4,33.34,61.74,0.0,0.0,2,2,Baixa,Baixa,Estável,Estável
Comunicação Social – Audiovisual (Bacharelado),Darcy Ribeiro (Plano Piloto) / DF,Diurno,AC,5,5,69.43,134.18,63.67,112.57,48.9,4.12,15.05,4,4,Moderada,Moderada,Forte queda,Forte queda
Comunicação Social – Audiovisual (Bacharelado),Darcy Ribeiro (Plano Piloto) / DF,Diurno,CN,5,5,-55.67,-55.67,-32.51,-32.51,0.0,18.18,18.18,4,4,Moderada,Moderada,Forte alta,Forte alta
Comunicação Social – Audiovisual (Bacharelado),Darcy Ribeiro (Plano Piloto) / DF,Diurno,EP_R1_NPPI,2,2,-34.13,-10.75,-51.54,-18.42,33.11,28.72,12.65,4,4,Moderada,Moderada,Forte queda,Forte queda
Comunicação Social – Audiovisual (Bacharelado),Darcy Ribeiro (Plano Piloto) / DF,Diurno,EP_R1_PPI,2,2,-17.0,-14.34,-13.16,-18.36,-5.21,9.43,9.85,4,4,Moderada,Moderada,Alta,Queda
Comunicação Social – Audiovisual (Bacharelado),Darcy Ribeiro (Plano Piloto) / DF,Diurno,EP_R2_NPPI,4,4,-42.03,-0.54,-32.66,19.63,52.29,9.18,14.25,4,4,Moderada,Moderada,Forte alta,Forte alta
Comunicação Social – Audiovisual (Bacharelado),Darcy Ribeiro (Plano Piloto) / DF,Diurno,EP_R2_NPPIQ,1,1,41.98,41.98,41.98,41.98,0.0,0.0,0.0,2,2,Baixa,Baixa,Estável,Estável
Comunicação Social – Audiovisual (Bacharelado),Darcy Ribeiro (Plano Piloto) / DF,Diurno,EP_R2_PPI,2,2,-63.88,-63.88,-69.99,-76.76,-6.77,14.96,31.54,4,4,Moderada,Moderada,Forte queda,Forte queda
Comunicação Social – Audiovisual (Bacharelado),Darcy Ribeiro (Plano Piloto) / DF,Diurno,EP_R2_PPIQ,1,1,-32.3,26.78,-32.3,26.78,59.07,0.0,0.0,2,2,Baixa,Baixa,Estável,Estável
Comunicação Social – Audiovisual (Bacharelado),Darcy Ribeiro (Plano Piloto) / DF,Diurno,EP_R2_PPI_PCD,1,1,-6.39,-6.39,-6.39,-6.39,0.0,0.0,0.0,2,2,Baixa,Baixa,Estável,Estável
Design – Programação Visual/Projeto do Produto (Bacharelado),Darcy Ribeiro,Diurno,AC,1,1,80.91,98.28,80.91,98.28,17.37,0.0,0.0,2,2,Baixa,Baixa,Estável,Estável
Design – Programação Visual/Projeto do Produto (Bacharelado),Darcy Ribeiro,Diurno,CN,1,1,24.03,24.03,24.03,24.03,0.0,0.0,0.0,2,2,Baixa,Baixa,Estável,Estável
Design – Programação Visual/Projeto do Produto (Bacharelado),Darcy Ribeiro,Diurno,EP_R1_NPPI,1,1,-45.6,-45.6,-45.6,-45.6,0.0,0.0,0.0,2,2,Baixa,Baixa,Estável,Estável
Design – Programação Visual/Projeto do Produto (Bacharelado),Darcy Ribeiro,Diurno,EP_R1_PPI,1,1,-31.24,-11.42,-31.24,-11.42,19.82,0.0,0.0,2,2,Baixa,Baixa,Estável,Estável
Design – Programação Visual/Projeto do Produto (Bacharelado),Darcy Ribeiro,Diurno,EP_R2_PPI,1,1,47.46,47.46,47.46,47.46,0.0,0.0,0.0,2,2,Baixa,Baixa,Estável,Estável
Design – Programação Visual/Projeto do Produto (Bacharelado),Darcy Ribeiro (Plano Piloto) / DF,Diurno,AC,5,5,87.41,110.73,77.41,96.53,19.11,6.96,11.3,4,4,Moderada,Moderada,Forte queda,Forte queda
Design – Programação Visual/Projeto do Produto (Bacharelado),Darcy Ribeiro (Plano Piloto) / DF,Diurno,CN,5,5,3.14,3.14,-13.79,-17.4,-3.61,16.48,21.1,4,4,Moderada,Moderada,Forte queda,Forte queda
Design – Programação Visual/Projeto do Produto (Bacharelado),Darcy Ribeiro (Plano Piloto) / DF,Diurno,EP_R1_NPPI,4,4,-63.94,-63.94,-47.1,-49.31,-2.22,21.2,22.44,4,4,Moderada,Moderada,Forte alta,Forte alta
Design – Programação Visual/Projeto do Produto (Bacharelado),Darcy Ribeiro (Plano Piloto) / DF,Diurno,EP_R1_NPPIQ,1,1,-55.24,-7.15,-55.24,-7.15,48.09,0.0,0.0,2,2,Baixa,Baixa,Estável,Estável
Design – Programação Visual/Projeto do Produto (Bacharelado),Darcy Ribeiro (Plano Piloto) / DF,Diurno,EP_R1_PPI,3,3,-10.38,1.2,-9.38,-0.11,9.27,7.43,3.6,4,4,Moderada,Alta,Estável,Queda
Design – Programação Visual/Projeto do Produto (Bacharelado),Darcy Ribeiro (Plano Piloto) / DF,Diurno,EP_R2_NPPI,1,1,26.07,26.07,26.07,26.07,0.0,0.0,0.0,2,2,Baixa,Baixa,Estável,Estável
Design – Programação Visual/Projeto do Produto (Bacharelado),Darcy Ribeiro (Plano Piloto) / DF,Diurno,EP_R2_PPI,4,4,-61.29,-29.64,-56.03,-30.99,25.04,11.73,11.91,4,4,Moderada,Moderada,Forte alta,Queda
Design – Programação Visual/Projeto do Produto (Bacharelado),Darcy Ribeiro (Plano Piloto) / DF,Diurno,EP_R2_PPIQ,1,1,-44.32,-44.26,-44.32,-44.26,0.06,0.0,0.0,2,2,Baixa,Baixa,Estável,Estável
Direito (Bacharelado),Darcy Ribeiro,Diurno,CN,1,1,71.7,98.15,71.7,98.15,26.44,0.0,0.0,2,2,Baixa,Baixa,Estável,Estável
Direito (Bacharelado),Darcy Ribeiro,Diurno,EP_R1_NPPI,1,1,28.28,53.85,28.28,53.85,25.57,0.0,0.0,2,2,Baixa,Baixa,Estável,Estável
Direito (Bacharelado),Darcy Ribeiro,Diurno,EP_R1_PPI,1,1,1.03,53.76,1.03,53.76,52.74,0.0,0.0,2,2,Baixa,Baixa,Estável,Estável
Direito (Bacharelado),Darcy Ribeiro,Diurno,EP_R2_PPI,1,1,48.71,52.73,48.71,52.73,4.02,0.0,0.0,2,2,Baixa,Baixa,Estável,Estável
Direito (Bacharelado),Darcy Ribeiro,Noturno,AC,1,0,77.02,,77.02,,,0.0,,2,0,Baixa,Sem histórico,Estável,Indeterminada
Direito (Bacharelado),Darcy Ribeiro,Noturno,CN,1,1,52.9,84.59,52.9,84.59,31.69,0.0,0.0,2,2,Baixa,Baixa,Estável,Estável
Direito (Bacharelado),Darcy Ribeiro,Noturno,EP_R1_NPPI,1,1,12.3,37.52,12.3,37.52,25.21,0.0,0.0,2,2,Baixa,Baixa,Estável,Estável
Direito (Bacharelado),Darcy Ribeiro,Noturno,EP_R1_PPI,1,1,2.33,42.27,2.33,42.27,39.94,0.0,0.0,2,2,Baixa,Baixa,Estável,Estável
Direito (Bacharelado),Darcy Ribeiro,Noturno,EP_R2_NPPI,1,1,54.37,61.66,54.37,61.66,7.3,0.0,0.0,2,2,Baixa,Baixa,Estável,Estável
Direito (Bacharelado),Darcy Ribeiro,Noturno,EP_R2_PPI,1,1,38.28,74.35,38.28,74.35,36.07,0.0,0.0,2,2,Baixa,Baixa,Estável,Estável
Direito (Bacharelado),Darcy Ribeiro (Plano Piloto) / DF,Diurno,AC,5,5,137.49,172.04,132.06,160.71,28.65,6.38,7.61,4,4,Moderada,Moderada,Forte queda,Forte queda
Direito (Bacharelado),Darcy Ribeiro (Plano Piloto) / DF,Diurno,CN,5,5,85.36,112.75,76.54,101.1,24.56,5.9,8.4,4,4,Moderada,Moderada,Forte queda,Forte queda
Direito (Bacharelado),Darcy Ribeiro (Plano Piloto) / DF,Diurno,EP_R1_NPPI,4,4,1.72,12.53,7.14,18.82,11.68,10.31,14.39,4,4,Moderada,Moderada,Forte alta,Forte alta
Direito (Bacharelado),Darcy Ribeiro (Plano Piloto) / DF,Diurno,EP_R1_NPPIQ,1,1,14.58,66.25,14.58,66.25,51.66,0.0,0.0,2,2,Baixa,Baixa,Estável,Estável
Direito (Bacharelado),Darcy Ribeiro (Plano Piloto) / DF,Diurno,EP_R1_NPPI_PCD,1,1,-22.95,-22.95,-22.95,-22.95,0.0,0.0,0.0,2,2,Baixa,Baixa,Estável,Estável
Direito (Bacharelado),Darcy Ribeiro (Plano Piloto) / DF,Diurno,EP_R1_PPI,4,4,-25.54,-13.24,-11.82,3.22,15.03,10.56,23.02,4,4,Moderada,Moderada,Forte alta,Forte alta
Direito (Bacharelado),Darcy Ribeiro (Plano Piloto) / DF,Diurno,EP_R1_PPIQ,1,1,-87.77,5.7,-87.77,5.7,93.47,0.0,0.0,2,2,Baixa,Baixa,Estável,Estável
Direito (Bacharelado),Darcy Ribeiro (Plano Piloto) / DF,Diurno,EP_R1_PPI_PCD,1,1,-15.08,-15.08,-15.08,-15.08,0.0,0.0,0.0,2,2,Baixa,Baixa,Estável,Estável
Direito (Bacharelado),Darcy Ribeiro (Plano Piloto) / DF,Diurno,EP_R2_NPPI,4,4,87.93,94.48,102.31,102.07,-0.24,17.95,8.1,4,4,Moderada,Moderada,Forte alta,Forte alta
Direito (Bacharelado),Darcy Ribeiro (Plano Piloto) / DF,Diurno,EP_R2_NPPIQ,1,1,123.84,123.84,123.84,123.84,0.0,0.0,0.0,2,2,Baixa,Baixa,Estável,Estável
Direito (Bacharelado),Darcy Ribeiro (Plano Piloto) / DF,Diurno,EP_R2_NPPIQ_PCD,1,1,27.53,27.53,27.53,27.53,0.0,0.0,0.0,2,2,Baixa,Baixa,Estável,Estável
Direito (Bacharelado),Darcy Ribeiro (Plano Piloto) / DF,Diurno,EP_R2_PPI,4,4,19.2,45.87,25.21,66.76,41.54,5.16,15.3,4,4,Moderada,Moderada,Forte alta,Forte alta
Direito (Bacharelado),Darcy Ribeiro (Plano Piloto) / DF,Diurno,EP_R2_PPIQ,1,1,61.18,81.56,61.18,81.56,20.38,0.0,0.0,2,2,Baixa,Baixa,Estável,Estável
Direito (Bacharelado),Darcy Ribeiro (Plano Piloto) / DF,Noturno,AC,5,5,104.75,126.17,102.88,114.72,11.84,8.3,8.37,4,4,Moderada,Moderada,Queda,Forte queda
Direito (Bacharelado),Darcy Ribeiro (Plano Piloto) / DF,Noturno,CN,5,5,80.94,89.34,68.17,74.51,6.34,10.54,10.69,4,4,Moderada,Moderada,Forte queda,Forte queda
Direito (Bacharelado),Darcy Ribeiro (Plano Piloto) / DF,Noturno,EP_R1_NPPI,4,4,-23.73,-20.32,-4.56,14.83,19.39,14.98,26.74,4,4,Moderada,Moderada,Forte alta,Forte alta
Direito (Bacharelado),Darcy Ribeiro (Plano Piloto) / DF,Noturno,EP_R1_NPPIQ,1,1,-26.94,36.28,-26.94,36.28,63.22,0.0,0.0,2,2,Baixa,Baixa,Estável,Estável
Direito (Bacharelado),Darcy Ribeiro (Plano Piloto) / DF,Noturno,EP_R1_PPI,3,3,-5.48,1.0,-4.35,3.84,8.2,6.14,3.92,4,4,Moderada,Alta,Alta,Alta
Direito (Bacharelado),Darcy Ribeiro (Plano Piloto) / DF,Noturno,EP_R1_PPIQ,1,1,-40.66,-26.59,-40.66,-26.59,14.08,0.0,0.0,2,2,Baixa,Baixa,Estável,Estável
Direito (Bacharelado),Darcy Ribeiro (Plano Piloto) / DF,Noturno,EP_R2_NPPI,4,4,34.63,65.06,50.18,74.94,24.76,12.31,7.54,4,4,Moderada,Moderada,Forte alta,Forte alta
Direito (Bacharelado),Darcy Ribeiro (Plano Piloto) / DF,Noturno,EP_R2_NPPIQ,1,1,92.18,92.84,92.18,92.84,0.66,0.0,0.0,2,2,Baixa,Baixa,Estável,Estável
Direito (Bacharelado),Darcy Ribeiro (Plano Piloto) / DF,Noturno,EP_R2_PPI,4,4,-54.3,-22.6,-42.55,-17.02,25.54,17.27,22.0,4,4,Moderada,Moderada,Forte alta,Forte alta
Direito (Bacharelado),Darcy Ribeiro (Plano Piloto) / DF,Noturno,EP_R2_PPIQ,1,1,31.88,58.33,31.88,58.33,26.44,0.0,0.0,2,2,Baixa,Baixa,Estável,Estável
Educação Física (Bacharelado),Darcy Ribeiro,Diurno,AC,1,1,8.35,45.08,8.35,45.08,36.73,0.0,0.0,2,2,Baixa,Baixa,Estável,Estável
Educação Física (Bacharelado),Darcy Ribeiro,Diurno,CN,1,1,-7.4,-7.4,-7.4,-7.4,0.0,0.0,0.0,2,2,Baixa,Baixa,Estável,Estável
Educação Física (Bacharelado),Darcy Ribeiro,Diurno,EP_R1_NPPI,1,1,-54.43,-33.94,-54.43,-33.94,20.48,0.0,0.0,2,2,Baixa,Baixa,Estável,Estável
Educação Física (Bacharelado),Darcy Ribeiro,Diurno,EP_R1_PPI,1,1,-30.5,-17.98,-30.5,-17.98,12.52,0.0,0.0,2,2,Baixa,Baixa,Estável,Estável
Educação Física (Bacharelado),Darcy Ribeiro,Diurno,EP_R2_NPPI,1,1,6.79,12.56,6.79,12.56,5.77,0.0,0.0,2,2,Baixa,Baixa,Estável,Estável
Educação Física (Bacharelado),Darcy Ribeiro,Diurno,EP_R2_PPI,1,1,-36.46,24.34,-36.46,24.34,60.8,0.0,0.0,2,2,Baixa,Baixa,Estável,Estável
Educação Física (Bacharelado),Darcy Ribeiro (Plano Piloto) / DF,Diurno,AC,3,3,15.8,78.06,23.77,77.84,54.07,15.3,9.61,4,4,Moderada,Moderada,Forte alta,Estável
Educação Física (Bacharelado),Darcy Ribeiro (Plano Piloto) / DF,Diurno,CN,3,3,32.15,32.15,36.59,28.78,-7.81,13.81,2.96,4,4,Moderada,Alta,Alta,Queda
Educação Física (Bacharelado),Darcy Ribeiro (Plano Piloto) / DF,Diurno,EP_R1_NPPI,3,3,-32.42,31.84,-33.1,36.58,69.68,2.87,15.95,4,4,Alta,Moderada,Estável,Alta
Educação Física (Bacharelado),Darcy Ribeiro (Plano Piloto) / DF,Diurno,EP_R1_PPI,3,3,-62.95,11.21,-67.66,7.81,75.47,11.43,10.58,4,4,Moderada,Moderada,Queda,Queda
Educação Física (Bacharelado),Darcy Ribeiro (Plano Piloto) / DF,Diurno,EP_R2_NPPI,3,3,9.38,12.1,16.41,22.36,5.95,27.34,8.37,4,4,Moderada,Moderada,Forte alta,Forte alta
Educação Física (Bacharelado),Darcy Ribeiro (Plano Piloto) / DF,Diurno,EP_R2_PPI,3,3,-24.98,-3.54,-16.19,-4.57,11.62,20.96,1.88,4,4,Moderada,Alta,Forte alta,Queda
Educação Física (Licenciatura),Darcy Ribeiro,Diurno,AC,1,1,-21.26,46.72,-21.26,46.72,67.98,0.0,0.0,2,2,Baixa,Baixa,Estável,Estável
Educação Física (Licenciatura),Darcy Ribeiro,Diurno,CN,1,1,-18.38,-18.38,-18.38,-18.38,0.0,0.0,0.0,2,2,Baixa,Baixa,Estável,Estável
Educação Física (Licenciatura),Darcy Ribeiro,Diurno,EP_R1_NPPI,1,1,-53.87,-18.28,-53.87,-18.28,35.59,0.0,0.0,2,2,Baixa,Baixa,Estável,Estável
Educação Física (Licenciatura),Darcy Ribeiro,Diurno,EP_R1_PPI,1,1,-73.64,-24.24,-73.64,-24.24,49.4,0.0,0.0,2,2,Baixa,Baixa,Estável,Estável
Educação Física (Licenciatura),Darcy Ribeiro,Diurno,EP_R2_NPPI,1,1,-21.89,-19.46,-21.89,-19.46,2.43,0.0,0.0,2,2,Baixa,Baixa,Estável,Estável
Educação Física (Licenciatura),Darcy Ribeiro,Diurno,EP_R2_PPI,1,1,-21.73,-5.99,-21.73,-5.99,15.74,0.0,0.0,2,2,Baixa,Baixa,Estável,Estável
Educação Física (Licenciatura),Darcy Ribeiro (Plano Piloto) / DF,Diurno,AC,3,3,-13.22,39.1,-2.87,39.59,42.45,16.66,8.17,4,4,Moderada,Moderada,Forte alta,Estável
Educação Física (Licenciatura),Darcy Ribeiro (Plano Piloto) / DF,Diurno,CN,3,3,20.09,20.09,21.53,18.2,-3.33,11.64,6.64,4,4,Moderada,Moderada,Alta,Queda
Educação Física (Licenciatura),Darcy Ribeiro (Plano Piloto) / DF,Diurno,EP_R1_NPPI,3,3,-50.6,-24.86,-63.23,-38.79,24.44,10.04,10.9,4,4,Moderada,Moderada,Forte queda,Forte queda
Educação Física (Licenciatura),Darcy Ribeiro (Plano Piloto) / DF,Diurno,EP_R1_PPI,3,3,-52.01,-31.87,-43.86,-31.61,12.26,15.46,1.16,4,4,Moderada,Alta,Forte alta,Estável
Educação Física (Licenciatura),Darcy Ribeiro (Plano Piloto) / DF,Diurno,EP_R2_NPPI,3,3,-16.34,-15.77,-5.66,-10.94,-5.29,17.68,5.77,4,4,Moderada,Moderada,Forte alta,Alta
Educação Física (Licenciatura),Darcy Ribeiro (Plano Piloto) / DF,Diurno,EP_R2_PPI,3,3,-72.47,-34.58,-68.41,-47.5,20.91,6.25,19.33,4,4,Moderada,Moderada,Alta,Forte queda
Educação Física Ciclo Básico (Bacharelado/Licenciatura),Darcy Ribeiro (Plano Piloto) / DF,Diurno,AC,2,2,1.61,38.08,13.55,59.57,46.02,19.7,35.45,4,4,Moderada,Moderada,Forte alta,Forte alta
Educação Física Ciclo Básico (Bacharelado/Licenciatura),Darcy Ribeiro (Plano Piloto) / DF,Diurno,CN,2,2,-19.32,0.65,-12.96,14.96,27.92,10.49,23.59,4,4,Moderada,Moderada,Forte alta,Forte alta
Educação Física Ciclo Básico (Bacharelado/Licenciatura),Darcy Ribeiro (Plano Piloto) / DF,Diurno,EP_R1_NPPIQ,1,1,-69.59,-46.36,-69.59,-46.36,23.23,0.0,0.0,2,2,Baixa,Baixa,Estável,Estável
Educação Física Ciclo Básico (Bacharelado/Licenciatura),Darcy Ribeiro (Plano Piloto) / DF,Diurno,EP_R2_NPPI,1,1,-72.6,-29.22,-72.6,-29.22,43.38,0.0,0.0,2,2,Baixa,Baixa,Estável,Estável
Educação Física Ciclo Básico (Bacharelado/Licenciatura),Darcy Ribeiro (Plano Piloto) / DF,Diurno,EP_R2_NPPIQ,1,1,-16.97,0.77,-16.97,0.77,17.74,0.0,0.0,2,2,Baixa,Baixa,Estável,Estável
Educação Física Ciclo Básico (Bacharelado/Licenciatura),Darcy Ribeiro (Plano Piloto) / DF,Diurno,EP_R2_PPIQ,1,1,-86.27,-8.85,-86.27,-8.85,77.42,0.0,0.0,2,2,Baixa,Baixa,Estável,Estável
Enfermagem (Bacharelado),Ceilândi a (FCE),Diurno,AC,1,1,26.43,71.32,26.43,71.32,44.89,0.0,0.0,2,2,Baixa,Baixa,Estável,Estável
Enfermagem (Bacharelado),Ceilândi a (FCE),Diurno,CN,1,1,36.97,36.97,36.97,36.97,0.0,0.0,0.0,2,2,Baixa,Baixa,Estável,Estável
Enfermagem (Bacharelado),Ceilândi a (FCE),Diurno,EP_R1_NPPI,1,1,14.13,22.52,14.13,22.52,8.39,0.0,0.0,2,2,Baixa,Baixa,Estável,Estável
Enfermagem (Bacharelado),Ceilândi a (FCE),Diurno,EP_R1_PPI,1,1,3.02,34.41,3.02,34.41,31.4,0.0,0.0,2,2,Baixa,Baixa,Estável,Estável
Enfermagem (Bacharelado),Ceilândi a (FCE),Diurno,EP_R2_NPPI,1,1,26.36,46.55,26.36,46.55,20.19,0.0,0.0,2,2,Baixa,Baixa,Estável,Estável
Enfermagem (Bacharelado),Ceilândi a (FCE),Diurno,EP_R2_PPI,1,1,4.95,31.29,4.95,31.29,26.34,0.0,0.0,2,2,Baixa,Baixa,Estável,Estável
Enfermagem (Bacharelado),Ceilândia / DF,Diurno,AC,5,5,28.04,92.81,25.03,68.96,43.93,2.86,16.31,4,4,Alta,Moderada,Queda,Forte queda
Enfermagem (Bacharelado),Ceilândia / DF,Diurno,CN,5,5,22.7,22.7,3.56,1.98,-1.58,13.03,14.56,4,4,Moderada,Moderada,Forte queda,Forte queda
Enfermagem (Bacharelado),Ceilândia / DF,Diurno,EP_R1_NPPI,4,4,-49.85,-32.13,-36.75,-10.82,25.94,12.48,18.79,4,4,Moderada,Moderada,Forte alta,Forte alta
Enfermagem (Bacharelado),Ceilândia / DF,Diurno,EP_R1_NPPIQ,1,1,-46.84,3.14,-46.84,3.14,49.98,0.0,0.0,2,2,Baixa,Baixa,Estável,Estável
Enfermagem (Bacharelado),Ceilândia / DF,Diurno,EP_R1_PPI,3,3,-35.67,-13.95,-33.93,-9.35,24.58,4.35,9.74,4,4,Moderada,Moderada,Alta,Alta
Enfermagem (Bacharelado),Ceilândia / DF,Diurno,EP_R2_NPPI,4,4,-16.27,-1.68,-9.91,1.72,11.63,7.12,9.06,4,4,Moderada,Moderada,Forte alta,Alta
Enfermagem (Bacharelado),Ceilândia / DF,Diurno,EP_R2_NPPIQ,1,1,8.74,18.4,8.74,18.4,9.66,0.0,0.0,2,2,Baixa,Baixa,Estável,Estável
Enfermagem (Bacharelado),Ceilândia / DF,Diurno,EP_R2_NPPIQ_PCD,1,1,-43.64,-43.64,-43.64,-43.64,0.0,0.0,0.0,2,2,Baixa,Baixa,Estável,Estável
Enfermagem (Bacharelado),Ceilândia / DF,Diurno,EP_R2_PPI,4,4,-77.47,-39.61,-78.97,-45.48,33.49,16.73,15.1,4,4,Moderada,Moderada,Queda,Forte queda
Enfermagem (Bacharelado),Ceilândia / DF,Diurno,EP_R2_PPIQ,1,1,-46.02,-16.22,-46.02,-16.22,29.8,0.0,0.0,2,2,Baixa,Baixa,Estável,Estável
Enfermagem (Bacharelado),Darcy Ribeiro,Diurno,AC,1,0,53.94,,53.94,,,0.0,,2,0,Baixa,Sem histórico,Estável,Indeterminada
Enfermagem (Bacharelado),Darcy Ribeiro,Diurno,CN,1,1,33.36,33.36,33.36,33.36,0.0,0.0,0.0,2,2,Baixa,Baixa,Estável,Estável
Enfermagem (Bacharelado),Darcy Ribeiro,Diurno,EP_R1_NPPI,1,1,26.39,29.6,26.39,29.6,3.21,0.0,0.0,2,2,Baixa,Baixa,Estável,Estável
Enfermagem (Bacharelado),Darcy Ribeiro,Diurno,EP_R1_PPI,1,1,4.88,33.84,4.88,33.84,28.97,0.0,0.0,2,2,Baixa,Baixa,Estável,Estável
Enfermagem (Bacharelado),Darcy Ribeiro,Diurno,EP_R2_NPPI,1,1,64.65,65.41,64.65,65.41,0.76,0.0,0.0,2,2,Baixa,Baixa,Estável,Estável
Enfermagem (Bacharelado),Darcy Ribeiro,Diurno,EP_R2_PPI,1,1,19.77,40.13,19.77,40.13,20.36,0.0,0.0,2,2,Baixa,Baixa,Estável,Estável
Enfermagem (Bacharelado),Darcy Ribeiro (Plano Piloto) / DF,Diurno,AC,5,5,53.83,90.75,51.99,78.81,26.81,6.99,9.02,4,4,Moderada,Moderada,Queda,Forte queda
Enfermagem (Bacharelado),Darcy Ribeiro (Plano Piloto) / DF,Diurno,CN,5,5,39.99,39.99,28.38,24.14,-4.24,8.03,13.04,4,4,Moderada,Moderada,Forte queda,Forte queda
Enfermagem (Bacharelado),Darcy Ribeiro (Plano Piloto) / DF,Diurno,EP_R1_NPPI,4,4,-9.9,1.73,-0.88,4.13,5.01,7.87,3.26,4,4,Moderada,Alta,Forte alta,Alta
Enfermagem (Bacharelado),Darcy Ribeiro (Plano Piloto) / DF,Diurno,EP_R1_NPPIQ,1,1,-31.52,17.68,-31.52,17.68,49.2,0.0,0.0,2,2,Baixa,Baixa,Estável,Estável
Enfermagem (Bacharelado),Darcy Ribeiro (Plano Piloto) / DF,Diurno,EP_R1_PPI,3,3,-7.65,20.72,8.58,27.48,18.9,19.42,5.33,4,4,Moderada,Moderada,Forte alta,Forte alta
Enfermagem (Bacharelado),Darcy Ribeiro (Plano Piloto) / DF,Diurno,EP_R2_NPPI,4,4,6.01,18.47,13.51,29.9,16.39,8.02,10.37,4,4,Moderada,Moderada,Forte alta,Forte alta
Enfermagem (Bacharelado),Darcy Ribeiro (Plano Piloto) / DF,Diurno,EP_R2_NPPIQ,1,1,28.88,42.36,28.88,42.36,13.48,0.0,0.0,2,2,Baixa,Baixa,Estável,Estável
Enfermagem (Bacharelado),Darcy Ribeiro (Plano Piloto) / DF,Diurno,EP_R2_PPI,4,4,-52.78,-29.62,-43.92,-13.77,30.15,12.75,16.21,4,4,Moderada,Moderada,Forte alta,Forte alta
Enfermagem (Bacharelado),Darcy Ribeiro (Plano Piloto) / DF,Diurno,EP_R2_PPIQ,1,1,-32.98,21.49,-32.98,21.49,54.46,0.0,0.0,2,2,Baixa,Baixa,Estável,Estável
Engenharia Ambiental (Bacharelado),Darcy Ribeiro,Diurno,AC,1,1,26.95,94.16,26.95,94.16,67.21,0.0,0.0,2,2,Baixa,Baixa,Estável,Estável
Engenharia Ambiental (Bacharelado),Darcy Ribeiro,Diurno,CN,1,1,72.62,72.62,72.62,72.62,0.0,0.0,0.0,2,2,Baixa,Baixa,Estável,Estável
Engenharia Ambiental (Bacharelado),Darcy Ribeiro,Diurno,EP_R1_PPI,1,1,-72.22,-72.22,-72.22,-72.22,0.0,0.0,0.0,2,2,Baixa,Baixa,Estável,Estável
Engenharia Ambiental (Bacharelado),Darcy Ribeiro,Diurno,EP_R2_NPPI,1,1,-55.04,-2.95,-55.04,-2.95,52.08,0.0,0.0,2,2,Baixa,Baixa,Estável,Estável
Engenharia Ambiental (Bacharelado),Darcy Ribeiro,Diurno,EP_R2_PPI,1,1,-49.39,38.82,-49.39,38.82,88.21,0.0,0.0,2,2,Baixa,Baixa,Estável,Estável
Engenharia Ambiental (Bacharelado),Darcy Ribeiro (Plano Piloto) / DF,Diurno,AC,4,4,-53.93,39.35,-35.68,54.63,90.31,15.58,15.62,4,4,Moderada,Moderada,Forte alta,Forte alta
Engenharia Ambiental (Bacharelado),Darcy Ribeiro (Plano Piloto) / DF,Diurno,CN,3,3,-51.19,-51.19,-46.95,-46.95,0.0,32.49,32.49,4,4,Moderada,Moderada,Alta,Alta
Engenharia Ambiental (Bacharelado),Darcy Ribeiro (Plano Piloto) / DF,Diurno,EP_R1_NPPI,3,3,-53.54,-53.54,-28.6,-28.6,0.0,21.89,21.89,4,4,Moderada,Moderada,Forte alta,Forte alta
Engenharia Ambiental (Bacharelado),Darcy Ribeiro (Plano Piloto) / DF,Diurno,EP_R2_NPPI,2,2,-58.07,12.01,-61.68,12.9,74.58,13.81,3.42,4,4,Moderada,Moderada,Queda,Estável
Engenharia Ambiental (Bacharelado),Darcy Ribeiro (Plano Piloto) / DF,Diurno,EP_R2_NPPIQ,1,1,-44.99,-34.67,-44.99,-34.67,10.32,0.0,0.0,2,2,Baixa,Baixa,Estável,Estável
Engenharia Ambiental (Bacharelado),Darcy Ribeiro (Plano Piloto) / DF,Diurno,EP_R2_PPI,3,3,110.26,110.26,94.56,124.03,29.47,45.77,39.62,4,4,Moderada,Moderada,Forte queda,Forte alta
Engenharia Civil (Bacharelado),Darcy Ribeiro,Diurno,AC,1,0,96.38,,96.38,,,0.0,,2,0,Baixa,Sem histórico,Estável,Indeterminada
Engenharia Civil (Bacharelado),Darcy Ribeiro,Diurno,CN,1,1,14.52,14.52,14.52,14.52,0.0,0.0,0.0,2,2,Baixa,Baixa,Estável,Estável
Engenharia Civil (Bacharelado),Darcy Ribeiro,Diurno,EP_R1_NPPI,1,1,-14.77,23.6,-14.77,23.6,38.37,0.0,0.0,2,2,Baixa,Baixa,Estável,Estável
Engenharia Civil (Bacharelado),Darcy Ribeiro,Diurno,EP_R1_PPI,1,1,-28.65,18.51,-28.65,18.51,47.16,0.0,0.0,2,2,Baixa,Baixa,Estável,Estável
Engenharia Civil (Bacharelado),Darcy Ribeiro,Diurno,EP_R2_NPPI,1,1,-6.56,53.6,-6.56,53.6,60.16,0.0,0.0,2,2,Baixa,Baixa,Estável,Estável
Engenharia Civil (Bacharelado),Darcy Ribeiro,Diurno,EP_R2_PPI,1,1,-16.74,85.34,-16.74,85.34,102.08,0.0,0.0,2,2,Baixa,Baixa,Estável,Estável
Engenharia Civil (Bacharelado),Darcy Ribeiro (Plano Piloto) / DF,Diurno,AC,5,5,71.07,110.0,71.06,93.18,22.12,19.47,16.5,4,4,Moderada,Moderada,Estável,Forte queda
Engenharia Civil (Bacharelado),Darcy Ribeiro (Plano Piloto) / DF,Diurno,CN,5,5,26.85,26.85,19.25,14.35,-4.9,8.79,14.97,4,4,Moderada,Moderada,Forte queda,Forte queda
Engenharia Civil (Bacharelado),Darcy Ribeiro (Plano Piloto) / DF,Diurno,EP_R1_NPPI,2,2,-19.16,28.16,-19.89,31.38,51.26,2.78,12.32,4,4,Moderada,Moderada,Estável,Alta
Engenharia Civil (Bacharelado),Darcy Ribeiro (Plano Piloto) / DF,Diurno,EP_R1_NPPIQ,1,1,-46.61,-6.78,-46.61,-6.78,39.83,0.0,0.0,2,2,Baixa,Baixa,Estável,Estável
Engenharia Civil (Bacharelado),Darcy Ribeiro (Plano Piloto) / DF,Diurno,EP_R1_PPI,3,3,-33.29,-33.29,-42.15,-37.51,4.64,13.18,11.65,4,4,Moderada,Moderada,Forte queda,Queda
Engenharia Civil (Bacharelado),Darcy Ribeiro (Plano Piloto) / DF,Diurno,EP_R2_NPPI,3,3,-29.89,76.77,-19.02,85.44,104.45,14.05,12.76,4,4,Moderada,Moderada,Forte alta,Forte alta
Engenharia Civil (Bacharelado),Darcy Ribeiro (Plano Piloto) / DF,Diurno,EP_R2_NPPIQ,1,1,19.12,44.1,19.12,44.1,24.98,0.0,0.0,2,2,Baixa,Baixa,Estável,Estável
Engenharia Civil (Bacharelado),Darcy Ribeiro (Plano Piloto) / DF,Diurno,EP_R2_PPI,2,2,-43.06,-7.17,-45.58,-8.64,36.94,6.16,3.61,4,4,Moderada,Moderada,Queda,Queda
Engenharia Civil (Bacharelado),Darcy Ribeiro (Plano Piloto) / DF,Diurno,EP_R2_PPIQ,1,1,-20.26,41.38,-20.26,41.38,61.63,0.0,0.0,2,2,Baixa,Baixa,Estável,Estável
Engenharia Elétrica (Bacharelado),Darcy Ribeiro,Diurno,EP_R1_NPPI,1,1,-26.9,-26.9,-26.9,-26.9,0.0,0.0,0.0,2,2,Baixa,Baixa,Estável,Estável
Engenharia Elétrica (Bacharelado),Darcy Ribeiro,Diurno,EP_R1_PPI,1,1,-12.84,-12.84,-12.84,-12.84,0.0,0.0,0.0,2,2,Baixa,Baixa,Estável,Estável
Engenharia Elétrica (Bacharelado),Darcy Ribeiro,Diurno,EP_R2_NPPI,1,1,-20.57,66.75,-20.57,66.75,87.32,0.0,0.0,2,2,Baixa,Baixa,Estável,Estável
Engenharia Elétrica (Bacharelado),Darcy Ribeiro,Diurno,EP_R2_PPI,1,1,-38.06,19.81,-38.06,19.81,57.87,0.0,0.0,2,2,Baixa,Baixa,Estável,Estável
Engenharia Elétrica (Bacharelado),Darcy Ribeiro (Plano Piloto) / DF,Diurno,AC,5,5,97.08,144.38,79.66,99.37,19.71,23.97,34.92,4,4,Moderada,Moderada,Forte queda,Forte queda
Engenharia Elétrica (Bacharelado),Darcy Ribeiro (Plano Piloto) / DF,Diurno,CN,4,4,19.29,19.29,42.01,42.01,0.0,19.08,19.08,4,4,Moderada,Moderada,Forte alta,Forte alta
Engenharia Elétrica (Bacharelado),Darcy Ribeiro (Plano Piloto) / DF,Diurno,EP_R1_NPPI,1,1,-22.25,6.08,-22.25,6.08,28.33,0.0,0.0,2,2,Baixa,Baixa,Estável,Estável
Engenharia Elétrica (Bacharelado),Darcy Ribeiro (Plano Piloto) / DF,Diurno,EP_R1_PPI,3,3,21.44,51.5,31.42,45.36,13.94,25.27,12.56,4,4,Moderada,Moderada,Forte alta,Forte queda
Engenharia Elétrica (Bacharelado),Darcy Ribeiro (Plano Piloto) / DF,Diurno,EP_R2_NPPI,3,3,25.26,75.92,26.2,78.84,52.64,20.12,19.91,4,4,Moderada,Moderada,Estável,Alta
Engenharia Elétrica (Bacharelado),Darcy Ribeiro (Plano Piloto) / DF,Diurno,EP_R2_NPPIQ,1,1,-6.58,58.01,-6.58,58.01,64.6,0.0,0.0,2,2,Baixa,Baixa,Estável,Estável
Engenharia Elétrica (Bacharelado),Darcy Ribeiro (Plano Piloto) / DF,Diurno,EP_R2_PPI,3,3,51.63,72.96,49.58,69.89,20.3,21.81,11.51,4,4,Moderada,Moderada,Queda,Queda
Engenharia Elétrica (Bacharelado),Darcy Ribeiro (Plano Piloto) / DF,Diurno,EP_R2_PPIQ,1,1,-23.36,-23.36,-23.36,-23.36,0.0,0.0,0.0,2,2,Baixa,Baixa,Estável,Estável
Engenharia Florestal (Bacharelado),Darcy Ribeiro,Diurno,AC,1,1,-71.07,30.84,-71.07,30.84,101.91,0.0,0.0,2,2,Baixa,Baixa,Estável,Estável
Engenharia Florestal (Bacharelado),Darcy Ribeiro,Diurno,CN,1,1,-32.13,-32.13,-32.13,-32.13,0.0,0.0,0.0,2,2,Baixa,Baixa,Estável,Estável
Engenharia Florestal (Bacharelado),Darcy Ribeiro,Diurno,EP_R1_NPPI,1,1,-2.21,-2.21,-2.21,-2.21,0.0,0.0,0.0,2,2,Baixa,Baixa,Estável,Estável
Engenharia Florestal (Bacharelado),Darcy Ribeiro,Diurno,EP_R2_NPPI,1,1,-29.54,-29.54,-29.54,-29.54,0.0,0.0,0.0,2,2,Baixa,Baixa,Estável,Estável
Engenharia Florestal (Bacharelado),Darcy Ribeiro,Diurno,EP_R2_PPI,1,1,-5.85,-5.85,-5.85,-5.85,0.0,0.0,0.0,2,2,Baixa,Baixa,Estável,Estável
Engenharia Florestal (Bacharelado),Darcy Ribeiro (Plano Piloto) / DF,Diurno,AC,4,4,-69.02,65.67,-64.85,66.54,131.39,4.32,10.8,4,4,Moderada,Moderada,Alta,Estável
Engenharia Florestal (Bacharelado),Darcy Ribeiro (Plano Piloto) / DF,Diurno,CN,4,4,-59.51,-59.51,-55.68,-60.68,-5.0,10.47,17.09,4,4,Moderada,Moderada,Alta,Queda
Engenharia Florestal (Bacharelado),Darcy Ribeiro (Plano Piloto) / DF,Diurno,EP_R1_NPPI,1,1,-15.46,9.61,-15.46,9.61,25.07,0.0,0.0,2,2,Baixa,Baixa,Estável,Estável
Engenharia Florestal (Bacharelado),Darcy Ribeiro (Plano Piloto) / DF,Diurno,EP_R1_PPI,2,2,-21.47,-21.47,-17.24,-24.94,-7.7,16.2,13.29,4,4,Moderada,Moderada,Alta,Queda
Engenharia Florestal (Bacharelado),Darcy Ribeiro (Plano Piloto) / DF,Diurno,EP_R2_NPPI,2,2,-13.98,-13.98,2.21,1.11,-1.1,26.7,24.9,4,4,Moderada,Moderada,Forte alta,Forte alta
Engenharia Florestal (Bacharelado),Darcy Ribeiro (Plano Piloto) / DF,Diurno,EP_R2_NPPIQ,1,1,-27.75,-27.75,-27.75,-27.75,0.0,0.0,0.0,2,2,Baixa,Baixa,Estável,Estável
Engenharia Florestal (Bacharelado),Darcy Ribeiro (Plano Piloto) / DF,Diurno,EP_R2_PPI,2,2,-50.84,-13.08,-52.19,-8.13,44.06,3.3,12.12,4,4,Moderada,Moderada,Queda,Alta
Engenharia Mecatrônica (Bacharelado),Darcy Ribeiro,Diurno,CN,1,1,84.16,84.16,84.16,84.16,0.0,0.0,0.0,2,2,Baixa,Baixa,Estável,Estável
Engenharia Mecatrônica (Bacharelado),Darcy Ribeiro,Diurno,EP_R1_NPPI,1,1,-29.19,1.12,-29.19,1.12,30.31,0.0,0.0,2,2,Baixa,Baixa,Estável,Estável
Engenharia Mecatrônica (Bacharelado),Darcy Ribeiro,Diurno,EP_R1_PPI,1,1,-27.66,46.61,-27.66,46.61,74.27,0.0,0.0,2,2,Baixa,Baixa,Estável,Estável
Engenharia Mecatrônica (Bacharelado),Darcy Ribeiro,Diurno,EP_R2_NPPI,1,1,49.02,79.44,49.02,79.44,30.42,0.0,0.0,2,2,Baixa,Baixa,Estável,Estável
Engenharia Mecatrônica (Bacharelado),Darcy Ribeiro,Diurno,EP_R2_PPI,1,1,-39.08,-20.04,-39.08,-20.04,19.04,0.0,0.0,2,2,Baixa,Baixa,Estável,Estável
Engenharia Mecatrônica (Bacharelado),Darcy Ribeiro (Plano Piloto) / DF,Diurno,AC,5,5,84.02,170.14,79.05,136.22,57.18,16.74,22.89,4,4,Moderada,Moderada,Queda,Forte queda
Engenharia Mecatrônica (Bacharelado),Darcy Ribeiro (Plano Piloto) / DF,Diurno,CN,4,4,25.53,25.53,58.97,55.93,-3.03,27.02,23.72,4,4,Moderada,Moderada,Forte alta,Forte alta
Engenharia Mecatrônica (Bacharelado),Darcy Ribeiro (Plano Piloto) / DF,Diurno,EP_R1_NPPI,2,2,-42.41,-41.28,-44.02,-42.7,1.32,3.94,3.47,4,4,Moderada,Moderada,Queda,Queda
Engenharia Mecatrônica (Bacharelado),Darcy Ribeiro (Plano Piloto) / DF,Diurno,EP_R1_NPPIQ,1,1,-4.76,8.1,-4.76,8.1,12.86,0.0,0.0,2,2,Baixa,Baixa,Estável,Estável
Engenharia Mecatrônica (Bacharelado),Darcy Ribeiro (Plano Piloto) / DF,Diurno,EP_R1_PPI,2,2,-24.5,59.81,-22.3,60.71,83.01,5.4,2.21,4,4,Moderada,Moderada,Alta,Estável
Engenharia Mecatrônica (Bacharelado),Darcy Ribeiro (Plano Piloto) / DF,Diurno,EP_R2_NPPI,4,4,-65.33,-19.95,-70.59,-3.28,67.31,19.87,22.62,4,4,Moderada,Moderada,Forte queda,Forte alta
Engenharia Mecatrônica (Bacharelado),Darcy Ribeiro (Plano Piloto) / DF,Diurno,EP_R2_NPPIQ,1,1,-19.19,79.64,-19.19,79.64,98.84,0.0,0.0,2,2,Baixa,Baixa,Estável,Estável
Engenharia Mecatrônica (Bacharelado),Darcy Ribeiro (Plano Piloto) / DF,Diurno,EP_R2_PPI,2,2,1.94,1.94,10.03,-4.88,-14.91,19.81,16.71,4,4,Moderada,Moderada,Forte alta,Forte queda
Engenharia Mecatrônica (Bacharelado),Darcy Ribeiro (Plano Piloto) / DF,Diurno,EP_R2_PPIQ,1,1,-53.09,-27.9,-53.09,-27.9,25.19,0.0,0.0,2,2,Baixa,Baixa,Estável,Estável
Engenharia Mecânica (Bacharelado),Darcy Ribeiro,Diurno,AC,1,0,80.15,,80.15,,,0.0,,2,0,Baixa,Sem histórico,Estável,Indeterminada
Engenharia Mecânica (Bacharelado),Darcy Ribeiro,Diurno,CN,1,1,25.59,25.59,25.59,25.59,0.0,0.0,0.0,2,2,Baixa,Baixa,Estável,Estável
Engenharia Mecânica (Bacharelado),Darcy Ribeiro,Diurno,EP_R1_NPPI,1,1,-40.25,33.78,-40.25,33.78,74.03,0.0,0.0,2,2,Baixa,Baixa,Estável,Estável
Engenharia Mecânica (Bacharelado),Darcy Ribeiro,Diurno,EP_R1_PPI,1,1,-21.93,-3.89,-21.93,-3.89,18.04,0.0,0.0,2,2,Baixa,Baixa,Estável,Estável
Engenharia Mecânica (Bacharelado),Darcy Ribeiro,Diurno,EP_R2_NPPI,1,1,-28.12,20.95,-28.12,20.95,49.06,0.0,0.0,2,2,Baixa,Baixa,Estável,Estável
Engenharia Mecânica (Bacharelado),Darcy Ribeiro (Plano Piloto) / DF,Diurno,AC,5,5,83.12,151.18,75.24,115.88,40.64,28.17,25.04,4,4,Moderada,Moderada,Forte queda,Forte queda
Engenharia Mecânica (Bacharelado),Darcy Ribeiro (Plano Piloto) / DF,Diurno,CN,5,5,68.15,68.15,40.66,40.23,-0.43,19.0,19.23,4,4,Moderada,Moderada,Forte queda,Forte queda
Engenharia Mecânica (Bacharelado),Darcy Ribeiro (Plano Piloto) / DF,Diurno,EP_R1_NPPI,1,1,-32.36,-32.36,-32.36,-32.36,0.0,0.0,0.0,2,2,Baixa,Baixa,Estável,Estável
Engenharia Mecânica (Bacharelado),Darcy Ribeiro (Plano Piloto) / DF,Diurno,EP_R1_NPPIQ,1,1,-69.38,-69.38,-69.38,-69.38,0.0,0.0,0.0,2,2,Baixa,Baixa,Estável,Estável
Engenharia Mecânica (Bacharelado),Darcy Ribeiro (Plano Piloto) / DF,Diurno,EP_R1_PPI,3,3,22.76,22.76,17.87,11.42,-6.45,16.41,9.91,4,4,Moderada,Moderada,Queda,Forte queda
Engenharia Mecânica (Bacharelado),Darcy Ribeiro (Plano Piloto) / DF,Diurno,EP_R2_NPPI,3,3,-22.76,39.68,-22.58,31.27,53.85,4.12,26.32,4,4,Moderada,Moderada,Estável,Forte queda
Engenharia Mecânica (Bacharelado),Darcy Ribeiro (Plano Piloto) / DF,Diurno,EP_R2_NPPIQ,1,1,-1.78,66.89,-1.78,66.89,68.66,0.0,0.0,2,2,Baixa,Baixa,Estável,Estável
Engenharia Mecânica (Bacharelado),Darcy Ribeiro (Plano Piloto) / DF,Diurno,EP_R2_PPI,3,3,-68.9,42.09,-85.06,11.6,96.66,22.21,23.7,4,4,Moderada,Moderada,Forte queda,Forte queda
Engenharia Mecânica (Bacharelado),Darcy Ribeiro (Plano Piloto) / DF,Diurno,EP_R2_PPIQ,1,1,5.0,17.36,5.0,17.36,12.36,0.0,0.0,2,2,Baixa,Baixa,Estável,Estável
Engenharia Química (Bacharelado),Darcy Ribeiro,Diurno,AC,1,0,70.11,,70.11,,,0.0,,2,0,Baixa,Sem histórico,Estável,Indeterminada
Engenharia Química (Bacharelado),Darcy Ribeiro,Diurno,CN,1,1,11.14,11.14,11.14,11.14,0.0,0.0,0.0,2,2,Baixa,Baixa,Estável,Estável
Engenharia Química (Bacharelado),Darcy Ribeiro,Diurno,EP_R1_NPPI,1,1,-47.16,-47.16,-47.16,-47.16,0.0,0.0,0.0,2,2,Baixa,Baixa,Estável,Estável
Engenharia Química (Bacharelado),Darcy Ribeiro,Diurno,EP_R1_PPI,1,1,-35.92,5.34,-35.92,5.34,41.26,0.0,0.0,2,2,Baixa,Baixa,Estável,Estável
Engenharia Química (Bacharelado),Darcy Ribeiro,Diurno,EP_R2_NPPI,1,0,13.49,,13.49,,,0.0,,2,0,Baixa,Sem histórico,Estável,Indeterminada
Engenharia Química (Bacharelado),Darcy Ribeiro,Diurno,EP_R2_PPI,1,1,-40.02,-40.02,-40.02,-40.02,0.0,0.0,0.0,2,2,Baixa,Baixa,Estável,Estável
Engenharia Química (Bacharelado),Darcy Ribeiro (Plano Piloto) / DF,Diurno,AC,5,5,51.72,135.79,43.95,95.58,51.63,13.89,28.53,4,4,Moderada,Moderada,Forte queda,Forte queda
Engenharia Química (Bacharelado),Darcy Ribeiro (Plano Piloto) / DF,Diurno,CN,2,2,5.74,5.74,-2.79,-2.79,0.0,20.91,20.91,4,4,Moderada,Moderada,Forte queda,Forte queda
Engenharia Química (Bacharelado),Darcy Ribeiro (Plano Piloto) / DF,Diurno,EP_R1_NPPI,2,2,-55.77,-55.77,-60.81,-60.81,0.0,8.31,8.31,4,4,Moderada,Moderada,Forte queda,Forte queda
Engenharia Química (Bacharelado),Darcy Ribeiro (Plano Piloto) / DF,Diurno,EP_R1_PPI,3,3,27.88,27.88,19.69,30.72,11.04,7.14,3.81,4,4,Moderada,Alta,Forte queda,Alta
Engenharia Química (Bacharelado),Darcy Ribeiro (Plano Piloto) / DF,Diurno,EP_R2_NPPI,3,3,-42.45,125.82,-21.94,111.96,133.89,17.37,10.96,4,4,Moderada,Moderada,Forte alta,Forte queda
Engenharia Química (Bacharelado),Darcy Ribeiro (Plano Piloto) / DF,Diurno,EP_R2_NPPIQ,1,1,-59.3,49.09,-59.3,49.09,108.4,0.0,0.0,2,2,Baixa,Baixa,Estável,Estável
Engenharia Química (Bacharelado),Darcy Ribeiro (Plano Piloto) / DF,Diurno,EP_R2_PPI,2,2,30.81,59.01,38.29,71.19,32.9,18.33,29.84,4,4,Moderada,Moderada,Forte alta,Forte alta
Engenharia Química (Bacharelado),Darcy Ribeiro (Plano Piloto) / DF,Diurno,EP_R2_PPIQ,1,1,-17.79,2.51,-17.79,2.51,20.3,0.0,0.0,2,2,Baixa,Baixa,Estável,Estável
Engenharia de Computação (Bacharelado),Darcy Ribeiro,Diurno,CN,1,1,84.17,84.17,84.17,84.17,0.0,0.0,0.0,2,2,Baixa,Baixa,Estável,Estável
Engenharia de Computação (Bacharelado),Darcy Ribeiro,Diurno,EP_R1_NPPI,1,1,17.98,19.54,17.98,19.54,1.56,0.0,0.0,2,2,Baixa,Baixa,Estável,Estável
Engenharia de Computação (Bacharelado),Darcy Ribeiro,Diurno,EP_R1_PPI,1,1,39.28,96.05,39.28,96.05,56.77,0.0,0.0,2,2,Baixa,Baixa,Estável,Estável
Engenharia de Computação (Bacharelado),Darcy Ribeiro,Diurno,EP_R2_PPI,1,0,13.36,,13.36,,,0.0,,2,0,Baixa,Sem histórico,Estável,Indeterminada
Engenharia de Computação (Bacharelado),Darcy Ribeiro (Plano Piloto) / DF,Diurno,AC,5,5,120.92,167.22,122.13,154.7,32.57,7.34,8.48,4,4,Moderada,Moderada,Alta,Forte queda
Engenharia de Computação (Bacharelado),Darcy Ribeiro (Plano Piloto) / DF,Diurno,CN,5,5,70.72,70.72,68.29,58.16,-10.13,10.24,10.51,4,4,Moderada,Moderada,Queda,Forte queda
Engenharia de Computação (Bacharelado),Darcy Ribeiro (Plano Piloto) / DF,Diurno,EP_R1_NPPI,3,3,-26.48,-5.04,-10.76,3.81,14.57,14.8,8.98,4,4,Moderada,Moderada,Forte alta,Forte alta
Engenharia de Computação (Bacharelado),Darcy Ribeiro (Plano Piloto) / DF,Diurno,EP_R1_NPPIQ,1,1,-33.75,-33.75,-33.75,-33.75,0.0,0.0,0.0,2,2,Baixa,Baixa,Estável,Estável
Engenharia de Computação (Bacharelado),Darcy Ribeiro (Plano Piloto) / DF,Diurno,EP_R1_PPI,3,3,16.99,70.61,23.81,70.91,47.1,18.37,14.84,4,4,Moderada,Moderada,Forte alta,Estável
Engenharia de Computação (Bacharelado),Darcy Ribeiro (Plano Piloto) / DF,Diurno,EP_R2_NPPI,4,4,13.3,34.71,52.25,77.94,25.69,34.65,33.59,4,4,Moderada,Moderada,Forte alta,Forte alta
Engenharia de Computação (Bacharelado),Darcy Ribeiro (Plano Piloto) / DF,Diurno,EP_R2_NPPIQ,1,1,82.19,83.31,82.19,83.31,1.12,0.0,0.0,2,2,Baixa,Baixa,Estável,Estável
Engenharia de Computação (Bacharelado),Darcy Ribeiro (Plano Piloto) / DF,Diurno,EP_R2_NPPIQ_PCD,1,1,25.16,25.16,25.16,25.16,0.0,0.0,0.0,2,2,Baixa,Baixa,Estável,Estável
Engenharia de Computação (Bacharelado),Darcy Ribeiro (Plano Piloto) / DF,Diurno,EP_R2_PPI,4,4,-62.41,-51.3,-41.59,-35.12,6.47,18.52,28.86,4,4,Moderada,Moderada,Forte alta,Forte alta
Engenharia de Computação (Bacharelado),Darcy Ribeiro (Plano Piloto) / DF,Diurno,EP_R2_PPIQ,1,1,-67.01,55.8,-67.01,55.8,122.81,0.0,0.0,2,2,Baixa,Baixa,Estável,Estável
Engenharia de Produção (Bacharelado),Darcy Ribeiro,Noturno,AC,1,0,42.18,,42.18,,,0.0,,2,0,Baixa,Sem histórico,Estável,Indeterminada
Engenharia de Produção (Bacharelado),Darcy Ribeiro,Noturno,CN,1,1,-20.16,-20.16,-20.16,-20.16,0.0,0.0,0.0,2,2,Baixa,Baixa,Estável,Estável
Engenharia de Produção (Bacharelado),Darcy Ribeiro,Noturno,EP_R1_NPPI,1,1,-47.97,-47.97,-47.97,-47.97,0.0,0.0,0.0,2,2,Baixa,Baixa,Estável,Estável
Engenharia de Produção (Bacharelado),Darcy Ribeiro,Noturno,EP_R1_PPI,1,1,-5.05,-5.05,-5.05,-5.05,0.0,0.0,0.0,2,2,Baixa,Baixa,Estável,Estável
Engenharia de Produção (Bacharelado),Darcy Ribeiro,Noturno,EP_R2_NPPI,1,1,46.82,71.43,46.82,71.43,24.61,0.0,0.0,2,2,Baixa,Baixa,Estável,Estável
Engenharia de Produção (Bacharelado),Darcy Ribeiro,Noturno,EP_R2_PPI,1,1,-86.27,14.27,-86.27,14.27,100.54,0.0,0.0,2,2,Baixa,Baixa,Estável,Estável
Engenharia de Produção (Bacharelado),Darcy Ribeiro (Plano Piloto) / DF,Noturno,AC,5,5,49.03,130.07,14.48,99.18,84.7,26.76,21.18,4,4,Moderada,Moderada,Forte queda,Forte queda
Engenharia de Produção (Bacharelado),Darcy Ribeiro (Plano Piloto) / DF,Noturno,CN,5,5,-31.73,-31.73,-46.29,-47.11,-0.82,19.24,20.41,4,4,Moderada,Moderada,Forte queda,Forte queda
Engenharia de Produção (Bacharelado),Darcy Ribeiro (Plano Piloto) / DF,Noturno,EP_R1_NPPIQ,1,1,-20.59,-16.27,-20.59,-16.27,4.32,0.0,0.0,2,2,Baixa,Baixa,Estável,Estável
Engenharia de Produção (Bacharelado),Darcy Ribeiro (Plano Piloto) / DF,Noturno,EP_R1_PPI,1,1,11.4,11.4,11.4,11.4,0.0,0.0,0.0,2,2,Baixa,Baixa,Estável,Estável
Engenharia de Produção (Bacharelado),Darcy Ribeiro (Plano Piloto) / DF,Noturno,EP_R2_NPPI,1,1,-30.75,-18.06,-30.75,-18.06,12.69,0.0,0.0,2,2,Baixa,Baixa,Estável,Estável
Engenharia de Produção (Bacharelado),Darcy Ribeiro (Plano Piloto) / DF,Noturno,EP_R2_NPPIQ,1,1,-30.46,60.18,-30.46,60.18,90.65,0.0,0.0,2,2,Baixa,Baixa,Estável,Estável
Engenharia de Produção (Bacharelado),Darcy Ribeiro (Plano Piloto) / DF,Noturno,EP_R2_PPIQ,1,1,-5.76,-5.76,-5.76,-5.76,0.0,0.0,0.0,2,2,Baixa,Baixa,Estável,Estável
Engenharia de Redes de Comunicação (Bacharelado),Darcy Ribeiro,Diurno,AC,1,1,1.7,71.84,1.7,71.84,70.15,0.0,0.0,2,2,Baixa,Baixa,Estável,Estável
Engenharia de Redes de Comunicação (Bacharelado),Darcy Ribeiro,Diurno,CN,1,1,24.5,24.5,24.5,24.5,0.0,0.0,0.0,2,2,Baixa,Baixa,Estável,Estável
Engenharia de Redes de Comunicação (Bacharelado),Darcy Ribeiro,Diurno,EP_R1_NPPI,1,1,-43.86,-43.86,-43.86,-43.86,0.0,0.0,0.0,2,2,Baixa,Baixa,Estável,Estável
Engenharia de Redes de Comunicação (Bacharelado),Darcy Ribeiro,Diurno,EP_R2_NPPI,1,1,-67.49,-21.4,-67.49,-21.4,46.09,0.0,0.0,2,2,Baixa,Baixa,Estável,Estável
Engenharia de Redes de Comunicação (Bacharelado),Darcy Ribeiro,Diurno,EP_R2_PPI,1,1,-41.37,24.51,-41.37,24.51,65.88,0.0,0.0,2,2,Baixa,Baixa,Estável,Estável
Engenharia de Redes de Comunicação (Bacharelado),Darcy Ribeiro (Plano Piloto) / DF,Diurno,AC,5,5,34.7,63.41,17.56,45.95,28.39,16.95,12.8,4,4,Moderada,Moderada,Forte queda,Forte queda
Engenharia de Redes de Comunicação (Bacharelado),Darcy Ribeiro (Plano Piloto) / DF,Diurno,CN,4,4,-20.38,-20.38,0.78,0.59,-0.19,20.86,20.86,4,4,Moderada,Moderada,Forte alta,Forte alta
Engenharia de Redes de Comunicação (Bacharelado),Darcy Ribeiro (Plano Piloto) / DF,Diurno,EP_R1_NPPI,1,1,-66.49,-9.02,-66.49,-9.02,57.47,0.0,0.0,2,2,Baixa,Baixa,Estável,Estável
Engenharia de Redes de Comunicação (Bacharelado),Darcy Ribeiro (Plano Piloto) / DF,Diurno,EP_R1_NPPIQ,1,1,-55.12,-55.12,-55.12,-55.12,0.0,0.0,0.0,2,2,Baixa,Baixa,Estável,Estável
Engenharia de Redes de Comunicação (Bacharelado),Darcy Ribeiro (Plano Piloto) / DF,Diurno,EP_R1_PPI,2,2,-22.55,-22.55,-21.94,-21.94,0.0,2.34,2.34,4,4,Moderada,Moderada,Estável,Estável
Engenharia de Redes de Comunicação (Bacharelado),Darcy Ribeiro (Plano Piloto) / DF,Diurno,EP_R2_NPPI,3,3,-25.06,7.87,-23.82,6.4,30.22,11.74,21.05,4,4,Moderada,Moderada,Alta,Queda
Engenharia de Redes de Comunicação (Bacharelado),Darcy Ribeiro (Plano Piloto) / DF,Diurno,EP_R2_NPPIQ,1,1,-73.19,2.3,-73.19,2.3,75.48,0.0,0.0,2,2,Baixa,Baixa,Estável,Estável
Engenharia de Redes de Comunicação (Bacharelado),Darcy Ribeiro (Plano Piloto) / DF,Diurno,EP_R2_PPI,2,2,-14.19,13.09,-11.16,13.86,25.01,11.63,2.92,4,4,Moderada,Moderada,Alta,Estável
Engenharia de Redes de Comunicação (Bacharelado),Darcy Ribeiro (Plano Piloto) / DF,Diurno,EP_R2_PPIQ,1,1,-54.02,-24.93,-54.02,-24.93,29.09,0.0,0.0,2,2,Baixa,Baixa,Estável,Estável
Engenharias (FGA),Gama (FGA),Diurno,AC,1,0,50.2,,50.2,,,0.0,,2,0,Baixa,Sem histórico,Estável,Indeterminada
Engenharias (FGA),Gama (FGA),Diurno,CN,1,1,3.56,62.95,3.56,62.95,59.39,0.0,0.0,2,2,Baixa,Baixa,Estável,Estável
Engenharias (FGA),Gama (FGA),Diurno,EP_R1_NPPI,1,1,-53.71,45.62,-53.71,45.62,99.33,0.0,0.0,2,2,Baixa,Baixa,Estável,Estável
Engenharias (FGA),Gama (FGA),Diurno,EP_R1_PPI,1,1,-67.13,17.18,-67.13,17.18,84.3,0.0,0.0,2,2,Baixa,Baixa,Estável,Estável
Engenharias (FGA),Gama (FGA),Diurno,EP_R2_NPPI,1,1,12.5,93.64,12.5,93.64,81.14,0.0,0.0,2,2,Baixa,Baixa,Estável,Estável
Engenharias (FGA),Gama (FGA),Diurno,EP_R2_PPI,1,1,-54.93,44.72,-54.93,44.72,99.65,0.0,0.0,2,2,Baixa,Baixa,Estável,Estável
Engenharias (FGA),Gama / DF,Diurno,AC,5,5,61.7,145.39,75.28,120.49,45.21,30.87,18.41,4,4,Moderada,Moderada,Forte alta,Forte queda
Engenharias (FGA),Gama / DF,Diurno,CN,5,5,17.21,55.53,22.88,44.91,22.03,12.95,15.85,4,4,Moderada,Moderada,Forte alta,Forte queda
Engenharias (FGA),Gama / DF,Diurno,EP_R1_NPPI,3,3,-36.99,53.84,-34.84,60.67,95.51,3.21,15.13,4,4,Alta,Moderada,Alta,Forte alta
Engenharias (FGA),Gama / DF,Diurno,EP_R1_NPPIQ,1,1,-52.56,-11.45,-52.56,-11.45,41.11,0.0,0.0,2,2,Baixa,Baixa,Estável,Estável
Engenharias (FGA),Gama / DF,Diurno,EP_R1_PPI,3,3,-48.14,32.61,-48.06,42.93,90.98,2.51,12.54,4,4,Alta,Moderada,Estável,Forte alta
Engenharias (FGA),Gama / DF,Diurno,EP_R2_NPPI,4,4,-90.27,-6.59,-51.32,20.73,72.04,30.55,24.14,4,4,Moderada,Moderada,Forte alta,Forte alta
Engenharias (FGA),Gama / DF,Diurno,EP_R2_NPPIQ,1,1,-8.2,60.62,-8.2,60.62,68.82,0.0,0.0,2,2,Baixa,Baixa,Estável,Estável
Engenharias (FGA),Gama / DF,Diurno,EP_R2_NPPIQ_PCD,1,1,-2.52,19.28,-2.52,19.28,21.8,0.0,0.0,2,2,Baixa,Baixa,Estável,Estável
Engenharias (FGA),Gama / DF,Diurno,EP_R2_PPI,3,3,-44.06,107.39,-42.72,117.32,160.04,10.35,31.28,4,4,Moderada,Moderada,Alta,Forte alta
Engenharias (FGA),Gama / DF,Diurno,EP_R2_PPIQ,1,1,-63.2,17.99,-63.2,17.99,81.19,0.0,0.0,2,2,Baixa,Baixa,Estável,Estável
Estatística (Bacharelado),Darcy Ribeiro,Diurno,AC,1,0,34.51,,34.51,,,0.0,,2,0,Baixa,Sem histórico,Estável,Indeterminada
Estatística (Bacharelado),Darcy Ribeiro,Diurno,CN,1,1,-38.07,-38.07,-38.07,-38.07,0.0,0.0,0.0,2,2,Baixa,Baixa,Estável,Estável
Estatística (Bacharelado),Darcy Ribeiro,Diurno,EP_R1_PPI,1,1,-20.06,-12.04,-20.06,-12.04,8.02,0.0,0.0,2,2,Baixa,Baixa,Estável,Estável
Estatística (Bacharelado),Darcy Ribeiro,Diurno,EP_R2_NPPI,1,1,-19.12,-19.12,-19.12,-19.12,0.0,0.0,0.0,2,2,Baixa,Baixa,Estável,Estável
Estatística (Bacharelado),Darcy Ribeiro,Diurno,EP_R2_PPI,1,1,-39.18,-39.18,-39.18,-39.18,0.0,0.0,0.0,2,2,Baixa,Baixa,Estável,Estável
Estatística (Bacharelado),Darcy Ribeiro (Plano Piloto) / DF,Diurno,AC,5,5,14.48,111.41,0.37,90.8,90.43,13.17,14.24,4,4,Moderada,Moderada,Forte queda,Forte queda
Estatística (Bacharelado),Darcy Ribeiro (Plano Piloto) / DF,Diurno,CN,3,3,8.24,8.24,1.73,-2.71,-4.44,13.36,9.21,4,4,Moderada,Moderada,Forte queda,Forte queda
Estatística (Bacharelado),Darcy Ribeiro (Plano Piloto) / DF,Diurno,EP_R1_NPPI,1,1,-32.74,-32.74,-32.74,-32.74,0.0,0.0,0.0,2,2,Baixa,Baixa,Estável,Estável
Estatística (Bacharelado),Darcy Ribeiro (Plano Piloto) / DF,Diurno,EP_R2_NPPI,3,3,-34.55,-13.14,-45.04,-10.5,34.54,12.84,4.19,4,4,Moderada,Moderada,Forte queda,Alta
Estatística (Bacharelado),Darcy Ribeiro (Plano Piloto) / DF,Diurno,EP_R2_NPPIQ,1,1,-27.07,22.54,-27.07,22.54,49.61,0.0,0.0,2,2,Baixa,Baixa,Estável,Estável
Estatística (Bacharelado),Darcy Ribeiro (Plano Piloto) / DF,Diurno,EP_R2_PPI,1,1,0.03,0.03,0.03,0.03,0.0,0.0,0.0,2,2,Baixa,Baixa,Estável,Estável
Estatística (Bacharelado),Darcy Ribeiro (Plano Piloto) / DF,Diurno,EP_R2_PPIQ,1,1,-34.45,-34.45,-34.45,-34.45,0.0,0.0,0.0,2,2,Baixa,Baixa,Estável,Estável
Farmácia (Bacharelado),Ceilândi a (FCE),Diurno,AC,1,1,-1.21,74.56,-1.21,74.56,75.77,0.0,0.0,2,2,Baixa,Baixa,Estável,Estável
Farmácia (Bacharelado),Ceilândi a (FCE),Diurno,CN,1,1,3.74,3.74,3.74,3.74,0.0,0.0,0.0,2,2,Baixa,Baixa,Estável,Estável
Farmácia (Bacharelado),Ceilândi a (FCE),Diurno,EP_R1_NPPI,1,1,-47.03,60.9,-47.03,60.9,107.93,0.0,0.0,2,2,Baixa,Baixa,Estável,Estável
Farmácia (Bacharelado),Ceilândi a (FCE),Diurno,EP_R1_PPI,1,1,2.82,2.82,2.82,2.82,0.0,0.0,0.0,2,2,Baixa,Baixa,Estável,Estável
Farmácia (Bacharelado),Ceilândi a (FCE),Diurno,EP_R2_NPPI,1,1,22.31,28.16,22.31,28.16,5.85,0.0,0.0,2,2,Baixa,Baixa,Estável,Estável
Farmácia (Bacharelado),Ceilândi a (FCE),Diurno,EP_R2_PPI,1,1,-17.25,63.72,-17.25,63.72,80.97,0.0,0.0,2,2,Baixa,Baixa,Estável,Estável
Farmácia (Bacharelado),Ceilândia / DF,Diurno,AC,5,5,31.94,92.24,36.95,68.2,31.25,21.38,16.84,4,4,Moderada,Moderada,Forte alta,Forte queda
Farmácia (Bacharelado),Ceilândia / DF,Diurno,CN,5,5,15.62,15.62,1.71,1.65,-0.06,9.57,9.6,4,4,Moderada,Moderada,Forte queda,Forte queda
Farmácia (Bacharelado),Ceilândia / DF,Diurno,EP_R1_NPPI,4,4,-52.23,-42.09,-49.06,-46.47,2.58,4.07,18.11,4,4,Moderada,Moderada,Alta,Queda
Farmácia (Bacharelado),Ceilândia / DF,Diurno,EP_R1_NPPIQ,1,1,-33.17,14.39,-33.17,14.39,47.57,0.0,0.0,2,2,Baixa,Baixa,Estável,Estável
Farmácia (Bacharelado),Ceilândia / DF,Diurno,EP_R1_PPI,3,3,-42.82,-3.48,-39.61,7.01,46.62,2.64,13.19,4,4,Alta,Moderada,Alta,Forte alta
Farmácia (Bacharelado),Ceilândia / DF,Diurno,EP_R2_NPPI,4,4,-86.27,-18.42,-57.75,13.21,70.96,22.52,23.61,4,4,Moderada,Moderada,Forte alta,Forte alta
Farmácia (Bacharelado),Ceilândia / DF,Diurno,EP_R2_NPPIQ,1,1,14.8,18.8,14.8,18.8,4.0,0.0,0.0,2,2,Baixa,Baixa,Estável,Estável
Farmácia (Bacharelado),Ceilândia / DF,Diurno,EP_R2_PPI,3,3,-59.03,1.5,-52.07,-6.24,45.83,8.96,8.0,4,4,Moderada,Moderada,Forte alta,Forte queda
Farmácia (Bacharelado),Ceilândia / DF,Diurno,EP_R2_PPIQ,1,1,-83.68,-4.71,-83.68,-4.71,78.97,0.0,0.0,2,2,Baixa,Baixa,Estável,Estável
Farmácia (Bacharelado),Darcy Ribeiro,Diurno,AC,1,0,60.3,,60.3,,,0.0,,2,0,Baixa,Sem histórico,Estável,Indeterminada
Farmácia (Bacharelado),Darcy Ribeiro,Diurno,CN,1,1,51.59,51.59,51.59,51.59,0.0,0.0,0.0,2,2,Baixa,Baixa,Estável,Estável
Farmácia (Bacharelado),Darcy Ribeiro,Diurno,EP_R1_NPPI,1,1,15.34,15.8,15.34,15.8,0.45,0.0,0.0,2,2,Baixa,Baixa,Estável,Estável
Farmácia (Bacharelado),Darcy Ribeiro,Diurno,EP_R1_PPI,1,1,-5.17,25.81,-5.17,25.81,30.99,0.0,0.0,2,2,Baixa,Baixa,Estável,Estável
Farmácia (Bacharelado),Darcy Ribeiro,Diurno,EP_R2_NPPI,1,1,18.04,52.68,18.04,52.68,34.65,0.0,0.0,2,2,Baixa,Baixa,Estável,Estável
Farmácia (Bacharelado),Darcy Ribeiro,Diurno,EP_R2_PPI,1,1,-34.08,-15.67,-34.08,-15.67,18.42,0.0,0.0,2,2,Baixa,Baixa,Estável,Estável
Farmácia (Bacharelado),Darcy Ribeiro,Noturno,AC,1,1,-1.56,29.54,-1.56,29.54,31.09,0.0,0.0,2,2,Baixa,Baixa,Estável,Estável
Farmácia (Bacharelado),Darcy Ribeiro,Noturno,CN,1,1,40.0,40.0,40.0,40.0,0.0,0.0,0.0,2,2,Baixa,Baixa,Estável,Estável
Farmácia (Bacharelado),Darcy Ribeiro,Noturno,EP_R1_NPPI,1,1,-10.71,-10.71,-10.71,-10.71,0.0,0.0,0.0,2,2,Baixa,Baixa,Estável,Estável
Farmácia (Bacharelado),Darcy Ribeiro,Noturno,EP_R1_PPI,1,1,-35.37,-22.45,-35.37,-22.45,12.92,0.0,0.0,2,2,Baixa,Baixa,Estável,Estável
Farmácia (Bacharelado),Darcy Ribeiro,Noturno,EP_R2_NPPI,1,1,1.05,1.05,1.05,1.05,0.0,0.0,0.0,2,2,Baixa,Baixa,Estável,Estável
Farmácia (Bacharelado),Darcy Ribeiro,Noturno,EP_R2_PPI,1,1,-73.52,-0.57,-73.52,-0.57,72.94,0.0,0.0,2,2,Baixa,Baixa,Estável,Estável
Farmácia (Bacharelado),Darcy Ribeiro (Plano Piloto) / DF,Diurno,AC,5,5,51.18,93.96,53.17,89.05,35.88,6.16,6.28,4,4,Moderada,Moderada,Alta,Queda
Farmácia (Bacharelado),Darcy Ribeiro (Plano Piloto) / DF,Diurno,CN,4,4,15.9,15.9,15.17,11.64,-3.53,7.25,5.34,4,4,Moderada,Moderada,Estável,Queda
Farmácia (Bacharelado),Darcy Ribeiro (Plano Piloto) / DF,Diurno,EP_R1_NPPI,3,3,-19.55,56.66,-19.71,49.54,69.25,2.39,16.5,4,4,Alta,Moderada,Estável,Forte queda
Farmácia (Bacharelado),Darcy Ribeiro (Plano Piloto) / DF,Diurno,EP_R1_NPPIQ,1,1,-45.41,3.37,-45.41,3.37,48.78,0.0,0.0,2,2,Baixa,Baixa,Estável,Estável
Farmácia (Bacharelado),Darcy Ribeiro (Plano Piloto) / DF,Diurno,EP_R1_PPI,3,3,-30.83,-30.83,-18.89,-17.99,0.9,11.81,12.24,4,4,Moderada,Moderada,Forte alta,Forte alta
Farmácia (Bacharelado),Darcy Ribeiro (Plano Piloto) / DF,Diurno,EP_R2_NPPI,4,4,-18.15,16.2,2.98,26.85,23.87,18.57,16.01,4,4,Moderada,Moderada,Forte alta,Forte alta
Farmácia (Bacharelado),Darcy Ribeiro (Plano Piloto) / DF,Diurno,EP_R2_NPPIQ,1,1,50.7,50.7,50.7,50.7,0.0,0.0,0.0,2,2,Baixa,Baixa,Estável,Estável
Farmácia (Bacharelado),Darcy Ribeiro (Plano Piloto) / DF,Diurno,EP_R2_NPPIQ_PCD,1,1,0.12,0.12,0.12,0.12,0.0,0.0,0.0,2,2,Baixa,Baixa,Estável,Estável
Farmácia (Bacharelado),Darcy Ribeiro (Plano Piloto) / DF,Diurno,EP_R2_PPI,3,3,-63.95,27.15,-55.85,28.44,84.29,8.86,2.38,4,4,Moderada,Alta,Forte alta,Alta
Farmácia (Bacharelado),Darcy Ribeiro (Plano Piloto) / DF,Diurno,EP_R2_PPIQ,1,1,-19.97,38.95,-19.97,38.95,58.92,0.0,0.0,2,2,Baixa,Baixa,Estável,Estável
Farmácia (Bacharelado),Darcy Ribeiro (Plano Piloto) / DF,Noturno,AC,5,5,18.05,45.64,6.39,38.11,31.72,15.18,5.35,4,4,Moderada,Moderada,Forte queda,Forte queda
Farmácia (Bacharelado),Darcy Ribeiro (Plano Piloto) / DF,Noturno,CN,2,2,25.62,25.62,24.64,24.64,0.0,1.62,1.62,4,4,Moderada,Moderada,Estável,Estável
Farmácia (Bacharelado),Darcy Ribeiro (Plano Piloto) / DF,Noturno,EP_R1_NPPI,2,2,-14.03,2.8,-10.28,-1.38,8.9,6.19,6.9,4,4,Moderada,Moderada,Alta,Queda
Farmácia (Bacharelado),Darcy Ribeiro (Plano Piloto) / DF,Noturno,EP_R1_NPPIQ,1,1,-32.37,-7.88,-32.37,-7.88,24.49,0.0,0.0,2,2,Baixa,Baixa,Estável,Estável
Farmácia (Bacharelado),Darcy Ribeiro (Plano Piloto) / DF,Noturno,EP_R1_PPI,3,3,-4.34,-4.34,10.22,16.31,6.09,28.02,20.8,4,4,Moderada,Moderada,Forte alta,Forte alta
Farmácia (Bacharelado),Darcy Ribeiro (Plano Piloto) / DF,Noturno,EP_R2_NPPI,3,3,-37.35,5.19,-14.78,24.26,39.04,22.18,29.63,4,4,Moderada,Moderada,Forte alta,Forte alta
Farmácia (Bacharelado),Darcy Ribeiro (Plano Piloto) / DF,Noturno,EP_R2_NPPIQ,1,1,-10.12,7.34,-10.12,7.34,17.45,0.0,0.0,2,2,Baixa,Baixa,Estável,Estável
Farmácia (Bacharelado),Darcy Ribeiro (Plano Piloto) / DF,Noturno,EP_R2_PPI,2,2,-48.92,-1.44,-44.16,-4.14,40.03,11.65,6.6,4,4,Moderada,Moderada,Alta,Queda
Farmácia (Bacharelado),Darcy Ribeiro (Plano Piloto) / DF,Noturno,EP_R2_PPIQ,1,1,-46.67,-21.56,-46.67,-21.56,25.1,0.0,0.0,2,2,Baixa,Baixa,Estável,Estável
Filosofia (Bacharelado/Licenciatura),Darcy Ribeiro,Diurno,AC,1,1,-69.9,33.58,-69.9,33.58,103.48,0.0,0.0,2,2,Baixa,Baixa,Estável,Estável
Filosofia (Bacharelado/Licenciatura),Darcy Ribeiro,Diurno,EP_R1_NPPI,1,1,-68.14,-68.14,-68.14,-68.14,0.0,0.0,0.0,2,2,Baixa,Baixa,Estável,Estável
Filosofia (Bacharelado/Licenciatura),Darcy Ribeiro,Diurno,EP_R2_NPPI,1,1,45.22,45.22,45.22,45.22,0.0,0.0,0.0,2,2,Baixa,Baixa,Estável,Estável
Filosofia (Bacharelado/Licenciatura),Darcy Ribeiro,Diurno,EP_R2_PPI,1,1,-86.32,1.64,-86.32,1.64,87.96,0.0,0.0,2,2,Baixa,Baixa,Estável,Estável
Filosofia (Bacharelado/Licenciatura),Darcy Ribeiro (Plano Piloto) / DF,Diurno,AC,4,4,-100.43,-3.55,-86.55,1.21,87.75,13.87,22.89,4,4,Moderada,Moderada,Forte alta,Alta
Filosofia (Bacharelado/Licenciatura),Darcy Ribeiro (Plano Piloto) / DF,Diurno,CN,2,2,-23.6,-23.6,-26.21,-28.06,-1.85,9.99,17.08,4,4,Moderada,Moderada,Queda,Queda
Filosofia (Bacharelado/Licenciatura),Darcy Ribeiro (Plano Piloto) / DF,Diurno,EP_R1_NPPI,2,2,-17.95,-17.95,-18.04,-18.04,0.0,0.37,0.37,4,4,Moderada,Moderada,Estável,Estável
Filosofia (Bacharelado/Licenciatura),Darcy Ribeiro (Plano Piloto) / DF,Diurno,EP_R1_PPI,2,2,-37.56,-37.56,-30.14,-30.14,0.0,12.23,12.23,4,4,Moderada,Moderada,Forte alta,Forte alta
Filosofia (Bacharelado/Licenciatura),Darcy Ribeiro (Plano Piloto) / DF,Diurno,EP_R2_NPPI,2,2,-68.19,-15.97,-81.24,-34.98,46.26,21.53,31.36,4,4,Moderada,Moderada,Forte queda,Forte queda
Filosofia (Bacharelado/Licenciatura),Darcy Ribeiro (Plano Piloto) / DF,Diurno,EP_R2_PPI,2,2,-24.86,-18.08,-27.57,-19.66,7.91,6.64,3.88,4,4,Moderada,Moderada,Queda,Queda
Filosofia (Bacharelado/Licenciatura),Darcy Ribeiro (Plano Piloto) / DF,Diurno,EP_R2_PPI_PCD,1,1,-48.45,-48.45,-48.45,-48.45,0.0,0.0,0.0,2,2,Baixa,Baixa,Estável,Estável
Filosofia (Licenciatura),Darcy Ribeiro,Noturno,AC,1,1,-52.98,37.48,-52.98,37.48,90.46,0.0,0.0,2,2,Baixa,Baixa,Estável,Estável
Filosofia (Licenciatura),Darcy Ribeiro,Noturno,EP_R1_PPI,1,1,-59.77,-59.77,-59.77,-59.77,0.0,0.0,0.0,2,2,Baixa,Baixa,Estável,Estável
Filosofia (Licenciatura),Darcy Ribeiro,Noturno,EP_R2_PPI,1,1,-63.59,-63.59,-63.59,-63.59,0.0,0.0,0.0,2,2,Baixa,Baixa,Estável,Estável
Filosofia (Licenciatura),Darcy Ribeiro (Plano Piloto) / DF,Noturno,AC,3,3,-52.16,5.22,-54.76,0.2,54.96,6.27,9.97,4,4,Moderada,Moderada,Queda,Forte queda
Filosofia (Licenciatura),Darcy Ribeiro (Plano Piloto) / DF,Noturno,EP_R2_NPPI,1,1,-22.52,-22.52,-22.52,-22.52,0.0,0.0,0.0,2,2,Baixa,Baixa,Estável,Estável
Filosofia (Licenciatura),Darcy Ribeiro (Plano Piloto) / DF,Noturno,EP_R2_PPI,1,1,-20.76,-20.76,-20.76,-20.76,0.0,0.0,0.0,2,2,Baixa,Baixa,Estável,Estável
Fisioterapia (Bacharelado),Ceilândi a (FCE),Diurno,AC,1,0,30.62,,30.62,,,0.0,,2,0,Baixa,Sem histórico,Estável,Indeterminada
Fisioterapia (Bacharelado),Ceilândi a (FCE),Diurno,CN,1,1,23.7,23.7,23.7,23.7,0.0,0.0,0.0,2,2,Baixa,Baixa,Estável,Estável
Fisioterapia (Bacharelado),Ceilândi a (FCE),Diurno,EP_R1_NPPI,1,1,0.52,17.75,0.52,17.75,17.23,0.0,0.0,2,2,Baixa,Baixa,Estável,Estável
Fisioterapia (Bacharelado),Ceilândi a (FCE),Diurno,EP_R1_PPI,1,1,-13.42,3.5,-13.42,3.5,16.92,0.0,0.0,2,2,Baixa,Baixa,Estável,Estável
Fisioterapia (Bacharelado),Ceilândi a (FCE),Diurno,EP_R2_NPPI,1,1,10.7,24.25,10.7,24.25,13.54,0.0,0.0,2,2,Baixa,Baixa,Estável,Estável
Fisioterapia (Bacharelado),Ceilândi a (FCE),Diurno,EP_R2_PPI,1,1,-7.66,20.71,-7.66,20.71,28.38,0.0,0.0,2,2,Baixa,Baixa,Estável,Estável
Fisioterapia (Bacharelado),Ceilândia / DF,Diurno,AC,5,5,30.23,81.87,26.32,67.24,40.92,3.64,9.82,4,4,Alta,Moderada,Queda,Forte queda
Fisioterapia (Bacharelado),Ceilândia / DF,Diurno,CN,5,5,13.64,13.64,6.06,2.62,-3.44,5.72,9.37,4,4,Moderada,Moderada,Forte queda,Forte queda
Fisioterapia (Bacharelado),Ceilândia / DF,Diurno,EP_R1_NPPI,4,4,-65.97,-65.97,-44.8,-39.04,5.76,17.09,30.41,4,4,Moderada,Moderada,Forte alta,Forte alta
Fisioterapia (Bacharelado),Ceilândia / DF,Diurno,EP_R1_NPPIQ,1,1,-35.24,-33.08,-35.24,-33.08,2.16,0.0,0.0,2,2,Baixa,Baixa,Estável,Estável
Fisioterapia (Bacharelado),Ceilândia / DF,Diurno,EP_R1_PPI,3,3,-29.53,-6.08,-39.17,-3.66,35.52,8.4,5.81,4,4,Moderada,Moderada,Forte queda,Alta
Fisioterapia (Bacharelado),Ceilândia / DF,Diurno,EP_R1_PPIQ,1,1,-59.03,-59.03,-59.03,-59.03,0.0,0.0,0.0,2,2,Baixa,Baixa,Estável,Estável
Fisioterapia (Bacharelado),Ceilândia / DF,Diurno,EP_R2_NPPI,4,4,-19.89,-0.3,-8.98,6.47,15.44,11.78,9.97,4,4,Moderada,Moderada,Forte alta,Forte alta
Fisioterapia (Bacharelado),Ceilândia / DF,Diurno,EP_R2_NPPIQ,1,1,12.99,24.75,12.99,24.75,11.76,0.0,0.0,2,2,Baixa,Baixa,Estável,Estável
Fisioterapia (Bacharelado),Ceilândia / DF,Diurno,EP_R2_PPI,4,4,-79.76,-46.13,-75.82,-50.83,24.99,17.14,22.82,4,4,Moderada,Moderada,Alta,Queda
Fisioterapia (Bacharelado),Ceilândia / DF,Diurno,EP_R2_PPIQ,1,1,-59.56,8.86,-59.56,8.86,68.42,0.0,0.0,2,2,Baixa,Baixa,Estável,Estável
Fonoaudiologia (Bacharelado),Ceilândi a (FCE),Diurno,AC,1,1,-14.93,11.36,-14.93,11.36,26.29,0.0,0.0,2,2,Baixa,Baixa,Estável,Estável
Fonoaudiologia (Bacharelado),Ceilândi a (FCE),Diurno,CN,1,1,46.72,46.72,46.72,46.72,0.0,0.0,0.0,2,2,Baixa,Baixa,Estável,Estável
Fonoaudiologia (Bacharelado),Ceilândi a (FCE),Diurno,EP_R1_NPPI,1,1,-8.66,18.26,-8.66,18.26,26.91,0.0,0.0,2,2,Baixa,Baixa,Estável,Estável
Fonoaudiologia (Bacharelado),Ceilândi a (FCE),Diurno,EP_R1_PPI,1,1,-11.76,14.63,-11.76,14.63,26.39,0.0,0.0,2,2,Baixa,Baixa,Estável,Estável
Fonoaudiologia (Bacharelado),Ceilândi a (FCE),Diurno,EP_R2_NPPI,1,1,25.15,25.15,25.15,25.15,0.0,0.0,0.0,2,2,Baixa,Baixa,Estável,Estável
Fonoaudiologia (Bacharelado),Ceilândi a (FCE),Diurno,EP_R2_PPI,1,1,-69.72,23.48,-69.72,23.48,93.21,0.0,0.0,2,2,Baixa,Baixa,Estável,Estável
Fonoaudiologia (Bacharelado),Ceilândia / DF,Diurno,AC,5,5,16.72,40.51,14.79,29.98,15.19,8.87,10.06,4,4,Moderada,Moderada,Queda,Forte queda
Fonoaudiologia (Bacharelado),Ceilândia / DF,Diurno,CN,4,4,5.4,5.4,4.15,-6.3,-10.45,7.33,12.16,4,4,Moderada,Moderada,Queda,Forte queda
Fonoaudiologia (Bacharelado),Ceilândia / DF,Diurno,EP_R1_NPPI,3,3,-27.26,-17.72,-28.96,-17.7,11.26,2.19,5.29,4,4,Alta,Moderada,Queda,Estável
Fonoaudiologia (Bacharelado),Ceilândia / DF,Diurno,EP_R1_NPPIQ,1,1,-60.12,-60.12,-60.12,-60.12,0.0,0.0,0.0,2,2,Baixa,Baixa,Estável,Estável
Fonoaudiologia (Bacharelado),Ceilândia / DF,Diurno,EP_R1_PPI,3,3,-68.61,20.45,-72.1,9.62,81.73,18.1,11.11,4,4,Moderada,Moderada,Queda,Forte queda
Fonoaudiologia (Bacharelado),Ceilândia / DF,Diurno,EP_R2_NPPI,4,4,-66.13,-37.89,-52.49,-22.71,29.78,11.57,13.54,4,4,Moderada,Moderada,Forte alta,Forte alta
Fonoaudiologia (Bacharelado),Ceilândia / DF,Diurno,EP_R2_NPPIQ,1,1,-20.38,5.72,-20.38,5.72,26.1,0.0,0.0,2,2,Baixa,Baixa,Estável,Estável
Fonoaudiologia (Bacharelado),Ceilândia / DF,Diurno,EP_R2_NPPIQ_PCD,1,1,-43.82,-43.82,-43.82,-43.82,0.0,0.0,0.0,2,2,Baixa,Baixa,Estável,Estável
Fonoaudiologia (Bacharelado),Ceilândia / DF,Diurno,EP_R2_PPI,3,3,-49.84,-49.84,-51.8,-44.33,7.48,3.11,10.34,4,4,Alta,Moderada,Queda,Forte alta
Fonoaudiologia (Bacharelado),Ceilândia / DF,Diurno,EP_R2_PPIQ,1,1,-48.36,-48.36,-48.36,-48.36,0.0,0.0,0.0,2,2,Baixa,Baixa,Estável,Estável
Física (Bacharelado),Darcy Ribeiro,Diurno,AC,1,0,91.72,,91.72,,,0.0,,2,0,Baixa,Sem histórico,Estável,Indeterminada
Física (Bacharelado),Darcy Ribeiro,Diurno,EP_R1_NPPI,1,1,-59.26,65.81,-59.26,65.81,125.08,0.0,0.0,2,2,Baixa,Baixa,Estável,Estável
Física (Bacharelado),Darcy Ribeiro,Diurno,EP_R1_PPI,1,1,39.23,39.23,39.23,39.23,0.0,0.0,0.0,2,2,Baixa,Baixa,Estável,Estável
Física (Bacharelado),Darcy Ribeiro,Diurno,EP_R2_NPPI,1,1,-4.15,48.86,-4.15,48.86,53.01,0.0,0.0,2,2,Baixa,Baixa,Estável,Estável
Física (Bacharelado),Darcy Ribeiro,Diurno,EP_R2_PPI,1,1,20.11,20.11,20.11,20.11,0.0,0.0,0.0,2,2,Baixa,Baixa,Estável,Estável
Física (Bacharelado),Darcy Ribeiro (Plano Piloto) / DF,Diurno,AC,4,4,14.17,97.59,18.64,110.26,91.62,13.37,10.55,4,4,Moderada,Moderada,Alta,Forte alta
Física (Bacharelado),Darcy Ribeiro (Plano Piloto) / DF,Diurno,CN,3,3,37.14,37.14,52.24,26.17,-26.07,18.07,27.57,4,4,Moderada,Moderada,Forte alta,Forte queda
Física (Bacharelado),Darcy Ribeiro (Plano Piloto) / DF,Diurno,EP_R1_NPPI,2,2,-15.35,7.37,-13.38,-7.8,5.58,3.24,25.01,4,4,Moderada,Moderada,Alta,Forte queda
Física (Bacharelado),Darcy Ribeiro (Plano Piloto) / DF,Diurno,EP_R1_PPI,2,2,72.77,72.77,97.35,97.35,0.0,60.22,60.22,4,4,Moderada,Moderada,Forte alta,Forte alta
Física (Bacharelado),Darcy Ribeiro (Plano Piloto) / DF,Diurno,EP_R2_NPPI,3,3,-57.41,41.03,-70.12,66.65,136.77,16.43,25.11,4,4,Moderada,Moderada,Forte queda,Forte alta
Física (Bacharelado),Darcy Ribeiro (Plano Piloto) / DF,Diurno,EP_R2_NPPIQ,1,1,-29.3,5.54,-29.3,5.54,34.84,0.0,0.0,2,2,Baixa,Baixa,Estável,Estável
Física (Bacharelado),Darcy Ribeiro (Plano Piloto) / DF,Diurno,EP_R2_PPI,2,2,-19.36,-19.36,-14.93,-27.02,-12.09,10.85,18.76,4,4,Moderada,Moderada,Alta,Forte queda
Física (Bacharelado),Darcy Ribeiro (Plano Piloto) / DF,Diurno,EP_R2_PPIQ,1,1,-15.86,-15.86,-15.86,-15.86,0.0,0.0,0.0,2,2,Baixa,Baixa,Estável,Estável
Física (Licenciatura),Darcy Ribeiro,Noturno,AC,1,1,-68.14,94.26,-68.14,94.26,162.4,0.0,0.0,2,2,Baixa,Baixa,Estável,Estável
Física (Licenciatura),Darcy Ribeiro,Noturno,EP_R2_NPPI,1,1,-30.16,26.66,-30.16,26.66,56.82,0.0,0.0,2,2,Baixa,Baixa,Estável,Estável
Física (Licenciatura),Darcy Ribeiro (Plano Piloto) / DF,Noturno,AC,4,4,-62.27,125.68,-43.62,138.82,182.44,15.72,25.45,4,4,Moderada,Moderada,Forte alta,Forte alta
Física (Licenciatura),Darcy Ribeiro (Plano Piloto) / DF,Noturno,CN,1,1,-46.23,-46.23,-46.23,-46.23,0.0,0.0,0.0,2,2,Baixa,Baixa,Estável,Estável
Física (Licenciatura),Darcy Ribeiro (Plano Piloto) / DF,Noturno,EP_R1_NPPI,1,1,-59.91,26.84,-59.91,26.84,86.75,0.0,0.0,2,2,Baixa,Baixa,Estável,Estável
Geofísica (Bacharelado),Darcy Ribeiro,Diurno,AC,1,1,-48.24,8.28,-48.24,8.28,56.52,0.0,0.0,2,2,Baixa,Baixa,Estável,Estável
Geofísica (Bacharelado),Darcy Ribeiro,Diurno,CN,1,1,-6.22,-6.22,-6.22,-6.22,0.0,0.0,0.0,2,2,Baixa,Baixa,Estável,Estável
Geofísica (Bacharelado),Darcy Ribeiro,Diurno,EP_R2_NPPI,1,1,-27.06,-27.06,-27.06,-27.06,0.0,0.0,0.0,2,2,Baixa,Baixa,Estável,Estável
Geofísica (Bacharelado),Darcy Ribeiro (Plano Piloto) / DF,Diurno,AC,4,4,-47.99,45.31,-41.93,48.07,90.0,7.89,7.52,4,4,Moderada,Moderada,Forte alta,Alta
Geofísica (Bacharelado),Darcy Ribeiro (Plano Piloto) / DF,Diurno,EP_R1_NPPI,2,2,-50.01,-50.01,-54.13,-54.13,0.0,6.8,6.8,4,4,Moderada,Moderada,Queda,Queda
Geofísica (Bacharelado),Darcy Ribeiro (Plano Piloto) / DF,Diurno,EP_R1_PPI,1,1,-16.26,-16.26,-16.26,-16.26,0.0,0.0,0.0,2,2,Baixa,Baixa,Estável,Estável
Geofísica (Bacharelado),Darcy Ribeiro (Plano Piloto) / DF,Diurno,EP_R2_NPPI,1,1,-48.56,-48.56,-48.56,-48.56,0.0,0.0,0.0,2,2,Baixa,Baixa,Estável,Estável
Geofísica (Bacharelado),Darcy Ribeiro (Plano Piloto) / DF,Diurno,EP_R2_PPI,1,1,-20.9,-20.9,-20.9,-20.9,0.0,0.0,0.0,2,2,Baixa,Baixa,Estável,Estável
Geografia (Bacharelado/Licenciatura),Darcy Ribeiro,Diurno,AC,1,1,-11.71,44.5,-11.71,44.5,56.21,0.0,0.0,2,2,Baixa,Baixa,Estável,Estável
Geografia (Bacharelado/Licenciatura),Darcy Ribeiro,Diurno,CN,1,1,-8.34,-8.34,-8.34,-8.34,0.0,0.0,0.0,2,2,Baixa,Baixa,Estável,Estável
Geografia (Bacharelado/Licenciatura),Darcy Ribeiro,Diurno,EP_R1_NPPI,1,1,13.32,13.32,13.32,13.32,0.0,0.0,0.0,2,2,Baixa,Baixa,Estável,Estável
Geografia (Bacharelado/Licenciatura),Darcy Ribeiro,Diurno,EP_R1_PPI,1,1,-24.91,3.9,-24.91,3.9,28.81,0.0,0.0,2,2,Baixa,Baixa,Estável,Estável
Geografia (Bacharelado/Licenciatura),Darcy Ribeiro,Diurno,EP_R2_NPPI,1,1,-8.56,19.94,-8.56,19.94,28.49,0.0,0.0,2,2,Baixa,Baixa,Estável,Estável
Geografia (Bacharelado/Licenciatura),Darcy Ribeiro,Diurno,EP_R2_PPI,1,1,-28.34,-20.37,-28.34,-20.37,7.97,0.0,0.0,2,2,Baixa,Baixa,Estável,Estável
Geografia (Bacharelado/Licenciatura),Darcy Ribeiro (Plano Piloto) / DF,Diurno,AC,4,4,-90.02,129.34,-76.94,121.86,198.8,17.38,22.94,4,4,Moderada,Moderada,Forte alta,Forte queda
Geografia (Bacharelado/Licenciatura),Darcy Ribeiro (Plano Piloto) / DF,Diurno,CN,1,1,-51.63,-41.47,-51.63,-41.47,10.16,0.0,0.0,2,2,Baixa,Baixa,Estável,Estável
Geografia (Bacharelado/Licenciatura),Darcy Ribeiro (Plano Piloto) / DF,Diurno,EP_R1_NPPI,3,3,7.67,7.67,6.0,11.81,5.82,15.09,15.46,4,4,Moderada,Moderada,Queda,Alta
Geografia (Bacharelado/Licenciatura),Darcy Ribeiro (Plano Piloto) / DF,Diurno,EP_R1_PPI,1,1,-53.49,-53.49,-53.49,-53.49,0.0,0.0,0.0,2,2,Baixa,Baixa,Estável,Estável
Geografia (Bacharelado/Licenciatura),Darcy Ribeiro (Plano Piloto) / DF,Diurno,EP_R2_NPPI,2,2,-8.19,18.37,-4.32,21.13,25.45,14.84,10.58,4,4,Moderada,Moderada,Alta,Alta
Geografia (Bacharelado/Licenciatura),Darcy Ribeiro (Plano Piloto) / DF,Diurno,EP_R2_NPPIQ,1,1,-66.84,-44.52,-66.84,-44.52,22.32,0.0,0.0,2,2,Baixa,Baixa,Estável,Estável
Geografia (Bacharelado/Licenciatura),Darcy Ribeiro (Plano Piloto) / DF,Diurno,EP_R2_PPI,2,2,-16.39,7.07,-16.29,16.94,33.23,0.16,16.28,4,4,Moderada,Moderada,Estável,Forte alta
Geologia (Bacharelado),Darcy Ribeiro,Diurno,AC,1,1,-68.73,68.34,-68.73,68.34,137.07,0.0,0.0,2,2,Baixa,Baixa,Estável,Estável
Geologia (Bacharelado),Darcy Ribeiro,Diurno,CN,1,1,-33.97,-33.97,-33.97,-33.97,0.0,0.0,0.0,2,2,Baixa,Baixa,Estável,Estável
Geologia (Bacharelado),Darcy Ribeiro,Diurno,EP_R1_NPPI,1,1,-36.35,-36.35,-36.35,-36.35,0.0,0.0,0.0,2,2,Baixa,Baixa,Estável,Estável
Geologia (Bacharelado),Darcy Ribeiro,Diurno,EP_R1_PPI,1,1,-59.4,-59.4,-59.4,-59.4,0.0,0.0,0.0,2,2,Baixa,Baixa,Estável,Estável
Geologia (Bacharelado),Darcy Ribeiro,Diurno,EP_R2_NPPI,1,1,33.86,33.86,33.86,33.86,0.0,0.0,0.0,2,2,Baixa,Baixa,Estável,Estável
Geologia (Bacharelado),Darcy Ribeiro (Plano Piloto) / DF,Diurno,AC,4,4,-63.49,80.1,-56.73,89.78,146.51,8.32,11.54,4,4,Moderada,Moderada,Forte alta,Forte alta
Geologia (Bacharelado),Darcy Ribeiro (Plano Piloto) / DF,Diurno,CN,1,1,-36.67,-36.67,-36.67,-36.67,0.0,0.0,0.0,2,2,Baixa,Baixa,Estável,Estável
Geologia (Bacharelado),Darcy Ribeiro (Plano Piloto) / DF,Diurno,EP_R1_PPI,2,2,-3.5,-3.5,1.13,1.13,0.0,7.64,7.64,4,4,Moderada,Moderada,Alta,Alta
Geologia (Bacharelado),Darcy Ribeiro (Plano Piloto) / DF,Diurno,EP_R2_NPPI,2,2,9.26,9.26,12.4,12.4,0.0,12.02,12.02,4,4,Moderada,Moderada,Alta,Alta
Geologia (Bacharelado),Darcy Ribeiro (Plano Piloto) / DF,Diurno,EP_R2_PPI,1,1,-34.36,-10.74,-34.36,-10.74,23.62,0.0,0.0,2,2,Baixa,Baixa,Estável,Estável
Gestão Ambiental (Bacharelado),Planalti na (FUP),Noturno,EP_R2_NPPI,1,1,-73.51,39.12,-73.51,39.12,112.63,0.0,0.0,2,2,Baixa,Baixa,Estável,Estável
Gestão Ambiental (Bacharelado),Planalti na (FUP),Noturno,EP_R2_PPI,1,1,-34.14,-34.14,-34.14,-34.14,0.0,0.0,0.0,2,2,Baixa,Baixa,Estável,Estável
Gestão Ambiental (Bacharelado),Planaltina / DF,Noturno,AC,2,2,-46.76,31.98,-44.19,47.66,91.86,6.28,38.43,4,4,Moderada,Moderada,Alta,Forte alta
Gestão Ambiental (Bacharelado),Planaltina / DF,Noturno,EP_R2_NPPI,1,1,-10.73,-10.73,-10.73,-10.73,0.0,0.0,0.0,2,2,Baixa,Baixa,Estável,Estável
Gestão de Agronegócio (Bacharelado),Darcy Ribeiro,Noturno,AC,1,1,-61.03,11.19,-61.03,11.19,72.22,0.0,0.0,2,2,Baixa,Baixa,Estável,Estável
Gestão de Agronegócio (Bacharelado),Darcy Ribeiro,Noturno,EP_R1_PPI,1,1,-57.62,-57.62,-57.62,-57.62,0.0,0.0,0.0,2,2,Baixa,Baixa,Estável,Estável
Gestão de Agronegócio (Bacharelado),Darcy Ribeiro,Noturno,EP_R2_PPI,1,1,-44.8,-33.64,-44.8,-33.64,11.16,0.0,0.0,2,2,Baixa,Baixa,Estável,Estável
Gestão de Agronegócio (Bacharelado),Darcy Ribeiro (Plano Piloto) / DF,Noturno,AC,4,4,-46.18,16.69,-48.73,12.52,61.25,11.07,15.08,4,4,Moderada,Moderada,Queda,Queda
Gestão de Agronegócio (Bacharelado),Darcy Ribeiro (Plano Piloto) / DF,Noturno,CN,2,2,-12.02,-12.02,-10.9,-10.9,0.0,4.31,4.31,4,4,Moderada,Moderada,Alta,Alta
Gestão de Agronegócio (Bacharelado),Darcy Ribeiro (Plano Piloto) / DF,Noturno,EP_R1_NPPI,1,1,-32.97,-32.97,-32.97,-32.97,0.0,0.0,0.0,2,2,Baixa,Baixa,Estável,Estável
Gestão de Agronegócio (Bacharelado),Darcy Ribeiro (Plano Piloto) / DF,Noturno,EP_R2_NPPI,2,2,-48.11,-48.11,-46.18,-52.03,-5.85,7.4,14.99,4,4,Moderada,Moderada,Alta,Queda
Gestão de Políticas Públicas (Bacharelado),Darcy Ribeiro,Noturno,AC,1,1,-51.54,51.64,-51.54,51.64,103.18,0.0,0.0,2,2,Baixa,Baixa,Estável,Estável
Gestão de Políticas Públicas (Bacharelado),Darcy Ribeiro,Noturno,CN,1,1,-66.75,-66.75,-66.75,-66.75,0.0,0.0,0.0,2,2,Baixa,Baixa,Estável,Estável
Gestão de Políticas Públicas (Bacharelado),Darcy Ribeiro,Noturno,EP_R1_NPPI,1,1,-94.96,-94.96,-94.96,-94.96,0.0,0.0,0.0,2,2,Baixa,Baixa,Estável,Estável
Gestão de Políticas Públicas (Bacharelado),Darcy Ribeiro,Noturno,EP_R1_PPI,1,1,-67.26,9.48,-67.26,9.48,76.74,0.0,0.0,2,2,Baixa,Baixa,Estável,Estável
Gestão de Políticas Públicas (Bacharelado),Darcy Ribeiro,Noturno,EP_R2_NPPI,1,1,-81.61,-11.42,-81.61,-11.42,70.19,0.0,0.0,2,2,Baixa,Baixa,Estável,Estável
Gestão de Políticas Públicas (Bacharelado),Darcy Ribeiro,Noturno,EP_R2_PPI,1,1,-66.12,-0.68,-66.12,-0.68,65.44,0.0,0.0,2,2,Baixa,Baixa,Estável,Estável
Gestão de Políticas Públicas (Bacharelado),Darcy Ribeiro (Plano Piloto) / DF,Noturno,AC,4,4,-2.83,64.85,-0.59,67.76,68.36,19.52,2.05,4,4,Moderada,Alta,Alta,Alta
Gestão de Políticas Públicas (Bacharelado),Darcy Ribeiro (Plano Piloto) / DF,Noturno,CN,4,4,-10.58,-10.58,-6.19,-12.56,-6.36,4.1,7.05,4,4,Moderada,Moderada,Alta,Queda
Gestão de Políticas Públicas (Bacharelado),Darcy Ribeiro (Plano Piloto) / DF,Noturno,EP_R1_NPPI,3,3,-58.9,-41.16,-62.7,-46.42,16.28,13.55,9.16,4,4,Moderada,Moderada,Queda,Forte queda
Gestão de Políticas Públicas (Bacharelado),Darcy Ribeiro (Plano Piloto) / DF,Noturno,EP_R1_NPPIQ,1,1,-34.13,-29.67,-34.13,-29.67,4.46,0.0,0.0,2,2,Baixa,Baixa,Estável,Estável
Gestão de Políticas Públicas (Bacharelado),Darcy Ribeiro (Plano Piloto) / DF,Noturno,EP_R1_PPI,3,3,-41.06,-34.96,-31.87,-33.49,-1.62,17.27,6.48,4,4,Moderada,Moderada,Forte alta,Alta
Gestão de Políticas Públicas (Bacharelado),Darcy Ribeiro (Plano Piloto) / DF,Noturno,EP_R2_NPPI,3,3,-64.37,20.88,-57.89,18.55,76.45,7.63,7.91,4,4,Moderada,Moderada,Forte alta,Queda
Gestão de Políticas Públicas (Bacharelado),Darcy Ribeiro (Plano Piloto) / DF,Noturno,EP_R2_NPPIQ,1,1,-39.71,-11.76,-39.71,-11.76,27.96,0.0,0.0,2,2,Baixa,Baixa,Estável,Estável
Gestão de Políticas Públicas (Bacharelado),Darcy Ribeiro (Plano Piloto) / DF,Noturno,EP_R2_PPI,2,2,-36.2,-36.2,-34.15,-38.67,-4.52,7.86,9.46,4,4,Moderada,Moderada,Alta,Queda
Gestão de Políticas Públicas (Bacharelado),Darcy Ribeiro (Plano Piloto) / DF,Noturno,EP_R2_PPIQ,1,1,-50.03,-41.0,-50.03,-41.0,9.03,0.0,0.0,2,2,Baixa,Baixa,Estável,Estável
Gestão do Agronegócio (Bacharelado),Planalti na (FUP),Diurno,AC,1,1,-78.14,-78.14,-78.14,-78.14,0.0,0.0,0.0,2,2,Baixa,Baixa,Estável,Estável
Gestão do Agronegócio (Bacharelado),Planaltina / DF,Diurno,AC,4,4,-82.79,-28.82,-78.12,-25.55,52.58,3.24,4.4,4,4,Alta,Moderada,Alta,Alta
Gestão do Agronegócio (Bacharelado),Planaltina / DF,Diurno,CN,1,1,-45.11,-45.11,-45.11,-45.11,0.0,0.0,0.0,2,2,Baixa,Baixa,Estável,Estável
Gestão do Agronegócio (Bacharelado),Planaltina / DF,Diurno,EP_R2_NPPI,1,1,-54.11,-22.5,-54.11,-22.5,31.61,0.0,0.0,2,2,Baixa,Baixa,Estável,Estável
História (Bacharelado/Licenciatura),Darcy Ribeiro,Diurno,AC,1,0,44.05,,44.05,,,0.0,,2,0,Baixa,Sem histórico,Estável,Indeterminada
História (Bacharelado/Licenciatura),Darcy Ribeiro,Diurno,CN,1,1,13.24,13.24,13.24,13.24,0.0,0.0,0.0,2,2,Baixa,Baixa,Estável,Estável
História (Bacharelado/Licenciatura),Darcy Ribeiro,Diurno,EP_R1_NPPI,1,1,11.68,53.11,11.68,53.11,41.43,0.0,0.0,2,2,Baixa,Baixa,Estável,Estável
História (Bacharelado/Licenciatura),Darcy Ribeiro,Diurno,EP_R1_PPI,1,1,-11.32,15.34,-11.32,15.34,26.66,0.0,0.0,2,2,Baixa,Baixa,Estável,Estável
História (Bacharelado/Licenciatura),Darcy Ribeiro,Diurno,EP_R2_NPPI,1,1,24.19,24.46,24.19,24.46,0.27,0.0,0.0,2,2,Baixa,Baixa,Estável,Estável
História (Bacharelado/Licenciatura),Darcy Ribeiro,Diurno,EP_R2_PPI,1,1,0.91,44.73,0.91,44.73,43.82,0.0,0.0,2,2,Baixa,Baixa,Estável,Estável
História (Bacharelado/Licenciatura),Darcy Ribeiro (Plano Piloto) / DF,Diurno,AC,5,5,47.47,96.5,36.37,76.73,40.36,8.54,14.42,4,4,Moderada,Moderada,Forte queda,Forte queda
História (Bacharelado/Licenciatura),Darcy Ribeiro (Plano Piloto) / DF,Diurno,CN,5,5,-27.23,-27.23,-29.98,-33.16,-3.18,9.96,14.64,4,4,Moderada,Moderada,Queda,Forte queda
História (Bacharelado/Licenciatura),Darcy Ribeiro (Plano Piloto) / DF,Diurno,EP_R1_NPPI,3,3,19.37,52.74,16.71,44.33,27.61,8.03,11.6,4,4,Moderada,Moderada,Queda,Forte queda
História (Bacharelado/Licenciatura),Darcy Ribeiro (Plano Piloto) / DF,Diurno,EP_R1_NPPIQ,1,1,-17.03,14.5,-17.03,14.5,31.54,0.0,0.0,2,2,Baixa,Baixa,Estável,Estável
História (Bacharelado/Licenciatura),Darcy Ribeiro (Plano Piloto) / DF,Diurno,EP_R1_PPI,3,3,-24.22,10.21,-25.2,15.09,40.29,8.56,5.47,4,4,Moderada,Moderada,Estável,Alta
História (Bacharelado/Licenciatura),Darcy Ribeiro (Plano Piloto) / DF,Diurno,EP_R2_NPPI,4,4,-54.2,-12.4,-33.94,-3.04,30.9,21.11,15.36,4,4,Moderada,Moderada,Forte alta,Forte alta
História (Bacharelado/Licenciatura),Darcy Ribeiro (Plano Piloto) / DF,Diurno,EP_R2_NPPIQ,1,1,21.42,21.42,21.42,21.42,0.0,0.0,0.0,2,2,Baixa,Baixa,Estável,Estável
História (Bacharelado/Licenciatura),Darcy Ribeiro (Plano Piloto) / DF,Diurno,EP_R2_NPPIQ_PCD,1,1,-4.96,-4.96,-4.96,-4.96,0.0,0.0,0.0,2,2,Baixa,Baixa,Estável,Estável
História (Bacharelado/Licenciatura),Darcy Ribeiro (Plano Piloto) / DF,Diurno,EP_R2_PPI,3,3,-41.89,-6.3,-44.53,-12.29,32.24,7.14,6.86,4,4,Moderada,Moderada,Queda,Forte queda
História (Bacharelado/Licenciatura),Darcy Ribeiro (Plano Piloto) / DF,Diurno,EP_R2_PPIQ,1,1,-31.06,16.43,-31.06,16.43,47.49,0.0,0.0,2,2,Baixa,Baixa,Estável,Estável
História (Bacharelado/Licenciatura),Darcy Ribeiro (Plano Piloto) / DF,Diurno,EP_R2_PPIQ_PCD,1,1,-30.96,-30.96,-30.96,-30.96,0.0,0.0,0.0,2,2,Baixa,Baixa,Estável,Estável
História (Licenciatura),Darcy Ribeiro,Noturno,AC,1,1,-38.56,24.31,-38.56,24.31,62.87,0.0,0.0,2,2,Baixa,Baixa,Estável,Estável
História (Licenciatura),Darcy Ribeiro,Noturno,CN,1,1,25.06,25.06,25.06,25.06,0.0,0.0,0.0,2,2,Baixa,Baixa,Estável,Estável
História (Licenciatura),Darcy Ribeiro,Noturno,EP_R1_NPPI,1,1,-17.65,-17.22,-17.65,-17.22,0.43,0.0,0.0,2,2,Baixa,Baixa,Estável,Estável
História (Licenciatura),Darcy Ribeiro,Noturno,EP_R1_PPI,1,1,-9.04,32.41,-9.04,32.41,41.46,0.0,0.0,2,2,Baixa,Baixa,Estável,Estável
História (Licenciatura),Darcy Ribeiro,Noturno,EP_R2_NPPI,1,1,-8.93,1.03,-8.93,1.03,9.96,0.0,0.0,2,2,Baixa,Baixa,Estável,Estável
História (Licenciatura),Darcy Ribeiro,Noturno,EP_R2_PPI,1,1,-34.56,50.64,-34.56,50.64,85.2,0.0,0.0,2,2,Baixa,Baixa,Estável,Estável
História (Licenciatura),Darcy Ribeiro (Plano Piloto) / DF,Noturno,AC,4,4,-85.39,45.43,-84.78,36.72,121.51,7.5,7.59,4,4,Moderada,Moderada,Estável,Forte queda
História (Licenciatura),Darcy Ribeiro (Plano Piloto) / DF,Noturno,CN,2,2,-27.16,-27.16,-26.62,-26.62,0.0,8.24,8.24,4,4,Moderada,Moderada,Estável,Estável
História (Licenciatura),Darcy Ribeiro (Plano Piloto) / DF,Noturno,EP_R1_NPPI,3,3,-47.86,4.55,-28.92,19.18,48.1,15.73,23.42,4,4,Moderada,Moderada,Forte alta,Forte alta
História (Licenciatura),Darcy Ribeiro (Plano Piloto) / DF,Noturno,EP_R1_PPI,3,3,-17.73,-17.73,-18.75,-23.16,-4.41,8.81,4.66,4,4,Moderada,Moderada,Queda,Forte queda
História (Licenciatura),Darcy Ribeiro (Plano Piloto) / DF,Noturno,EP_R2_NPPI,2,2,-25.48,-17.18,-21.89,-22.13,-0.24,13.72,18.95,4,4,Moderada,Moderada,Alta,Queda
História (Licenciatura),Darcy Ribeiro (Plano Piloto) / DF,Noturno,EP_R2_NPPIQ,1,1,-61.21,-26.63,-61.21,-26.63,34.58,0.0,0.0,2,2,Baixa,Baixa,Estável,Estável
História (Licenciatura),Darcy Ribeiro (Plano Piloto) / DF,Noturno,EP_R2_PPI,2,2,-24.3,-9.64,-18.17,-13.76,4.41,15.01,10.1,4,4,Moderada,Moderada,Forte alta,Queda
Japonês (Licenciatura),Darcy Ribeiro,Noturno,AC,1,1,-62.92,18.81,-62.92,18.81,81.73,0.0,0.0,2,2,Baixa,Baixa,Estável,Estável
Japonês (Licenciatura),Darcy Ribeiro,Noturno,EP_R2_NPPI,1,1,2.28,2.28,2.28,2.28,0.0,0.0,0.0,2,2,Baixa,Baixa,Estável,Estável
Japonês (Licenciatura),Darcy Ribeiro,Noturno,EP_R2_PPI_PCD,1,1,5.9,5.9,5.9,5.9,0.0,0.0,0.0,2,2,Baixa,Baixa,Estável,Estável
Japonês (Licenciatura),Darcy Ribeiro (Plano Piloto) / DF,Noturno,AC,4,4,-83.56,-45.66,-67.38,-29.26,38.12,14.49,13.73,4,4,Moderada,Moderada,Forte alta,Forte alta
Japonês (Licenciatura),Darcy Ribeiro (Plano Piloto) / DF,Noturno,CN,2,2,-59.48,-59.48,-57.65,-57.65,0.0,4.49,4.49,4,4,Moderada,Moderada,Alta,Alta
Japonês (Licenciatura),Darcy Ribeiro (Plano Piloto) / DF,Noturno,EP_R2_NPPI,2,2,-18.52,-18.52,-18.05,-18.05,0.0,0.79,0.79,4,4,Moderada,Moderada,Estável,Estável
Jornalismo (Bacharelado),Darcy Ribeiro,Diurno,AC,1,0,85.01,,85.01,,,0.0,,2,0,Baixa,Sem histórico,Estável,Indeterminada
Jornalismo (Bacharelado),Darcy Ribeiro,Diurno,CN,1,1,76.01,76.01,76.01,76.01,0.0,0.0,0.0,2,2,Baixa,Baixa,Estável,Estável
Jornalismo (Bacharelado),Darcy Ribeiro,Diurno,EP_R1_NPPI,1,1,40.54,40.54,40.54,40.54,0.0,0.0,0.0,2,2,Baixa,Baixa,Estável,Estável
Jornalismo (Bacharelado),Darcy Ribeiro,Diurno,EP_R1_PPI,1,1,5.24,7.8,5.24,7.8,2.56,0.0,0.0,2,2,Baixa,Baixa,Estável,Estável
Jornalismo (Bacharelado),Darcy Ribeiro,Diurno,EP_R2_NPPI,1,1,69.46,69.46,69.46,69.46,0.0,0.0,0.0,2,2,Baixa,Baixa,Estável,Estável
Jornalismo (Bacharelado),Darcy Ribeiro,Diurno,EP_R2_PPI,1,1,23.78,43.84,23.78,43.84,20.06,0.0,0.0,2,2,Baixa,Baixa,Estável,Estável
Jornalismo (Bacharelado),Darcy Ribeiro (Plano Piloto) / DF,Diurno,AC,5,5,85.9,103.7,83.07,98.27,15.2,1.94,6.2,4,4,Muito alta,Moderada,Queda,Forte queda
Jornalismo (Bacharelado),Darcy Ribeiro (Plano Piloto) / DF,Diurno,CN,5,5,52.71,52.71,42.22,40.49,-1.73,8.33,8.52,4,4,Moderada,Moderada,Forte queda,Forte queda
Jornalismo (Bacharelado),Darcy Ribeiro (Plano Piloto) / DF,Diurno,EP_R1_NPPI,4,4,-11.96,-11.96,-5.22,-5.27,-0.05,5.08,5.05,4,4,Moderada,Moderada,Forte alta,Forte alta
Jornalismo (Bacharelado),Darcy Ribeiro (Plano Piloto) / DF,Diurno,EP_R1_NPPIQ,1,1,-37.17,-31.77,-37.17,-31.77,5.4,0.0,0.0,2,2,Baixa,Baixa,Estável,Estável
Jornalismo (Bacharelado),Darcy Ribeiro (Plano Piloto) / DF,Diurno,EP_R1_PPI,3,3,18.93,19.95,16.15,18.33,2.18,18.35,12.04,4,4,Moderada,Moderada,Queda,Queda
Jornalismo (Bacharelado),Darcy Ribeiro (Plano Piloto) / DF,Diurno,EP_R2_NPPI,4,4,17.0,17.0,23.73,20.6,-3.13,7.09,7.21,4,4,Moderada,Moderada,Forte alta,Alta
Jornalismo (Bacharelado),Darcy Ribeiro (Plano Piloto) / DF,Diurno,EP_R2_NPPIQ,1,1,41.61,41.61,41.61,41.61,0.0,0.0,0.0,2,2,Baixa,Baixa,Estável,Estável
Jornalismo (Bacharelado),Darcy Ribeiro (Plano Piloto) / DF,Diurno,EP_R2_PPI,4,4,-53.57,-0.52,-42.16,10.11,52.26,13.7,7.53,4,4,Moderada,Moderada,Forte alta,Forte alta
Jornalismo (Bacharelado),Darcy Ribeiro (Plano Piloto) / DF,Diurno,EP_R2_PPIQ,1,1,-49.26,20.15,-49.26,20.15,69.41,0.0,0.0,2,2,Baixa,Baixa,Estável,Estável
Letras - Espanhol (Licenciatura),Darcy Ribeiro,Noturno,AC,1,1,-98.76,13.7,-98.76,13.7,112.46,0.0,0.0,2,2,Baixa,Baixa,Estável,Estável
Letras - Espanhol (Licenciatura),Darcy Ribeiro,Noturno,EP_R1_NPPI,1,1,-27.42,-27.42,-27.42,-27.42,0.0,0.0,0.0,2,2,Baixa,Baixa,Estável,Estável
Letras - Espanhol (Licenciatura),Darcy Ribeiro,Noturno,EP_R1_PPI,1,1,-54.88,-36.4,-54.88,-36.4,18.47,0.0,0.0,2,2,Baixa,Baixa,Estável,Estável
Letras - Espanhol (Licenciatura),Darcy Ribeiro,Noturno,EP_R2_PPI,1,1,-45.26,-45.26,-45.26,-45.26,0.0,0.0,0.0,2,2,Baixa,Baixa,Estável,Estável
Letras - Espanhol (Licenciatura),Darcy Ribeiro (Plano Piloto) / DF,Noturno,AC,4,4,-79.03,-60.69,-74.7,-55.96,18.74,6.42,14.59,4,4,Moderada,Moderada,Alta,Alta
Letras - Espanhol (Licenciatura),Darcy Ribeiro (Plano Piloto) / DF,Noturno,EP_R1_PPI,1,1,-44.3,-44.3,-44.3,-44.3,0.0,0.0,0.0,2,2,Baixa,Baixa,Estável,Estável
Letras - Espanhol (Licenciatura),Darcy Ribeiro (Plano Piloto) / DF,Noturno,EP_R2_NPPI,2,2,-47.19,21.38,-48.18,31.25,79.44,2.43,24.18,4,4,Moderada,Moderada,Estável,Forte alta
Letras - Espanhol (Licenciatura),Darcy Ribeiro (Plano Piloto) / DF,Noturno,EP_R2_PPI,2,2,-14.49,-14.49,-4.46,-4.46,0.0,16.55,16.55,4,4,Moderada,Moderada,Forte alta,Forte alta
Letras - Francês (Bacharelado/Licenciatura),Darcy Ribeiro,Diurno,AC,1,1,-44.51,28.36,-44.51,28.36,72.87,0.0,0.0,2,2,Baixa,Baixa,Estável,Estável
Letras - Francês (Bacharelado/Licenciatura),Darcy Ribeiro,Diurno,EP_R1_NPPI,1,1,-2.64,-2.64,-2.64,-2.64,0.0,0.0,0.0,2,2,Baixa,Baixa,Estável,Estável
Letras - Francês (Bacharelado/Licenciatura),Darcy Ribeiro,Diurno,EP_R2_NPPI,1,1,-43.65,-43.65,-43.65,-43.65,0.0,0.0,0.0,2,2,Baixa,Baixa,Estável,Estável
Letras - Francês (Bacharelado/Licenciatura),Darcy Ribeiro,Diurno,EP_R2_PPI,1,1,-48.72,-8.91,-48.72,-8.91,39.81,0.0,0.0,2,2,Baixa,Baixa,Estável,Estável
Letras - Francês (Bacharelado/Licenciatura),Darcy Ribeiro (Plano Piloto) / DF,Diurno,AC,3,3,-87.34,-26.04,-86.73,-25.81,60.92,8.94,8.65,4,4,Moderada,Moderada,Estável,Estável
Letras - Francês (Bacharelado/Licenciatura),Darcy Ribeiro (Plano Piloto) / DF,Diurno,CN,1,1,-84.37,-84.37,-84.37,-84.37,0.0,0.0,0.0,2,2,Baixa,Baixa,Estável,Estável
Letras - Francês (Bacharelado/Licenciatura),Darcy Ribeiro (Plano Piloto) / DF,Diurno,EP_R1_NPPI,1,1,-48.69,0.2,-48.69,0.2,48.9,0.0,0.0,2,2,Baixa,Baixa,Estável,Estável
Letras - Francês (Bacharelado/Licenciatura),Darcy Ribeiro (Plano Piloto) / DF,Diurno,EP_R2_NPPI,2,2,-33.8,-33.8,-34.94,-34.94,0.0,4.35,4.35,4,4,Moderada,Moderada,Queda,Queda
Letras - Francês (Bacharelado/Licenciatura),Darcy Ribeiro (Plano Piloto) / DF,Diurno,EP_R2_PPI,2,2,-80.31,-20.31,-90.2,-20.22,69.98,24.23,0.23,4,4,Moderada,Moderada,Forte queda,Estável
Letras - Inglês (Bacharelado/Licenciatura),Darcy Ribeiro,Diurno,AC,1,1,32.55,50.64,32.55,50.64,18.1,0.0,0.0,2,2,Baixa,Baixa,Estável,Estável
Letras - Inglês (Bacharelado/Licenciatura),Darcy Ribeiro,Diurno,CN,1,1,-25.64,-25.64,-25.64,-25.64,0.0,0.0,0.0,2,2,Baixa,Baixa,Estável,Estável
Letras - Inglês (Bacharelado/Licenciatura),Darcy Ribeiro,Diurno,EP_R1_NPPI,1,1,-3.97,-3.97,-3.97,-3.97,0.0,0.0,0.0,2,2,Baixa,Baixa,Estável,Estável
Letras - Inglês (Bacharelado/Licenciatura),Darcy Ribeiro,Diurno,EP_R1_PPI,1,1,-42.02,-39.52,-42.02,-39.52,2.5,0.0,0.0,2,2,Baixa,Baixa,Estável,Estável
Letras - Inglês (Bacharelado/Licenciatura),Darcy Ribeiro,Diurno,EP_R2_NPPI,1,1,27.84,27.84,27.84,27.84,0.0,0.0,0.0,2,2,Baixa,Baixa,Estável,Estável
Letras - Inglês (Bacharelado/Licenciatura),Darcy Ribeiro,Diurno,EP_R2_PPI,1,1,1.85,17.92,1.85,17.92,16.07,0.0,0.0,2,2,Baixa,Baixa,Estável,Estável
Letras - Inglês (Bacharelado/Licenciatura),Darcy Ribeiro (Plano Piloto) / DF,Diurno,AC,5,5,15.31,83.04,12.44,68.17,55.73,3.64,12.38,4,4,Alta,Moderada,Queda,Forte queda
Letras - Inglês (Bacharelado/Licenciatura),Darcy Ribeiro (Plano Piloto) / DF,Diurno,CN,3,3,-17.01,-17.01,1.44,-0.82,-2.26,17.69,14.34,4,4,Moderada,Moderada,Forte alta,Forte alta
Letras - Inglês (Bacharelado/Licenciatura),Darcy Ribeiro (Plano Piloto) / DF,Diurno,EP_R1_NPPI,4,4,-26.44,-26.44,-20.9,-28.13,-7.23,4.54,11.74,4,4,Moderada,Moderada,Forte alta,Queda
Letras - Inglês (Bacharelado/Licenciatura),Darcy Ribeiro (Plano Piloto) / DF,Diurno,EP_R1_PPI,3,3,-18.63,-17.68,-26.54,-16.67,9.87,9.48,6.87,4,4,Moderada,Moderada,Forte queda,Alta
Letras - Inglês (Bacharelado/Licenciatura),Darcy Ribeiro (Plano Piloto) / DF,Diurno,EP_R2_NPPI,4,4,-40.91,-19.45,-31.98,-13.4,18.58,17.08,12.32,4,4,Moderada,Moderada,Forte alta,Forte alta
Letras - Inglês (Bacharelado/Licenciatura),Darcy Ribeiro (Plano Piloto) / DF,Diurno,EP_R2_NPPIQ,1,1,-14.23,12.04,-14.23,12.04,26.26,0.0,0.0,2,2,Baixa,Baixa,Estável,Estável
Letras - Inglês (Bacharelado/Licenciatura),Darcy Ribeiro (Plano Piloto) / DF,Diurno,EP_R2_PPI,3,3,-77.78,-77.78,-58.11,-57.75,0.36,15.66,24.48,4,4,Moderada,Moderada,Forte alta,Forte alta
Letras - Inglês (Bacharelado/Licenciatura),Darcy Ribeiro (Plano Piloto) / DF,Diurno,EP_R2_PPIQ,1,1,-34.49,-34.49,-34.49,-34.49,0.0,0.0,0.0,2,2,Baixa,Baixa,Estável,Estável
Letras - Português (Bacharelado/Licenciatura),Darcy Ribeiro,Diurno,AC,1,1,41.36,52.96,41.36,52.96,11.6,0.0,0.0,2,2,Baixa,Baixa,Estável,Estável
Letras - Português (Bacharelado/Licenciatura),Darcy Ribeiro,Diurno,CN,1,1,8.58,8.58,8.58,8.58,0.0,0.0,0.0,2,2,Baixa,Baixa,Estável,Estável
Letras - Português (Bacharelado/Licenciatura),Darcy Ribeiro,Diurno,EP_R1_NPPI,1,1,8.4,8.4,8.4,8.4,0.0,0.0,0.0,2,2,Baixa,Baixa,Estável,Estável
Letras - Português (Bacharelado/Licenciatura),Darcy Ribeiro,Diurno,EP_R1_PPI,1,1,-10.11,26.32,-10.11,26.32,36.44,0.0,0.0,2,2,Baixa,Baixa,Estável,Estável
Letras - Português (Bacharelado/Licenciatura),Darcy Ribeiro,Diurno,EP_R2_NPPI,1,1,23.43,23.43,23.43,23.43,0.0,0.0,0.0,2,2,Baixa,Baixa,Estável,Estável
Letras - Português (Bacharelado/Licenciatura),Darcy Ribeiro,Diurno,EP_R2_PPI,1,1,-13.15,25.8,-13.15,25.8,38.94,0.0,0.0,2,2,Baixa,Baixa,Estável,Estável
Letras - Português (Bacharelado/Licenciatura),Darcy Ribeiro (Plano Piloto) / DF,Diurno,AC,5,5,46.68,88.7,37.96,65.76,27.8,10.95,15.57,4,4,Moderada,Moderada,Forte queda,Forte queda
Letras - Português (Bacharelado/Licenciatura),Darcy Ribeiro (Plano Piloto) / DF,Diurno,CN,5,5,30.13,30.13,15.97,12.39,-3.57,13.17,12.6,4,4,Moderada,Moderada,Forte queda,Forte queda
Letras - Português (Bacharelado/Licenciatura),Darcy Ribeiro (Plano Piloto) / DF,Diurno,EP_R1_NPPI,4,4,-26.31,-26.31,-8.5,-4.79,3.71,12.63,16.85,4,4,Moderada,Moderada,Forte alta,Forte alta
Letras - Português (Bacharelado/Licenciatura),Darcy Ribeiro (Plano Piloto) / DF,Diurno,EP_R1_NPPIQ,1,1,-21.14,-21.14,-21.14,-21.14,0.0,0.0,0.0,2,2,Baixa,Baixa,Estável,Estável
Letras - Português (Bacharelado/Licenciatura),Darcy Ribeiro (Plano Piloto) / DF,Diurno,EP_R1_PPI,3,3,-21.58,1.74,-13.43,6.46,19.89,8.19,10.17,4,4,Moderada,Moderada,Forte alta,Alta
Letras - Português (Bacharelado/Licenciatura),Darcy Ribeiro (Plano Piloto) / DF,Diurno,EP_R2_NPPI,4,4,-53.69,-27.21,-31.68,-22.67,9.01,18.73,23.03,4,4,Moderada,Moderada,Forte alta,Alta
Letras - Português (Bacharelado/Licenciatura),Darcy Ribeiro (Plano Piloto) / DF,Diurno,EP_R2_NPPIQ,1,1,-39.52,-1.81,-39.52,-1.81,37.71,0.0,0.0,2,2,Baixa,Baixa,Estável,Estável
Letras - Português (Bacharelado/Licenciatura),Darcy Ribeiro (Plano Piloto) / DF,Diurno,EP_R2_PPI,3,3,-23.76,9.73,-28.87,-8.28,20.59,14.09,14.22,4,4,Moderada,Moderada,Forte queda,Forte queda
Letras - Português (Bacharelado/Licenciatura),Darcy Ribeiro (Plano Piloto) / DF,Diurno,EP_R2_PPIQ,1,1,-30.58,-30.58,-30.58,-30.58,0.0,0.0,0.0,2,2,Baixa,Baixa,Estável,Estável
Letras - Português (Licenciatura),Darcy Ribeiro,Noturno,AC,1,1,-70.53,78.09,-70.53,78.09,148.62,0.0,0.0,2,2,Baixa,Baixa,Estável,Estável
Letras - Português (Licenciatura),Darcy Ribeiro,Noturno,EP_R1_NPPI,1,1,6.56,6.56,6.56,6.56,0.0,0.0,0.0,2,2,Baixa,Baixa,Estável,Estável
Letras - Português (Licenciatura),Darcy Ribeiro,Noturno,EP_R2_NPPI,1,1,-51.27,-51.27,-51.27,-51.27,0.0,0.0,0.0,2,2,Baixa,Baixa,Estável,Estável
Letras - Português (Licenciatura),Darcy Ribeiro,Noturno,EP_R2_PPI,1,1,-23.9,-23.9,-23.9,-23.9,0.0,0.0,0.0,2,2,Baixa,Baixa,Estável,Estável
Letras - Português (Licenciatura),Darcy Ribeiro (Plano Piloto) / DF,Noturno,AC,4,4,-56.96,23.04,-56.3,21.96,78.26,1.84,3.09,4,4,Muito alta,Alta,Estável,Queda
Letras - Português (Licenciatura),Darcy Ribeiro (Plano Piloto) / DF,Noturno,CN,1,1,-31.96,-31.96,-31.96,-31.96,0.0,0.0,0.0,2,2,Baixa,Baixa,Estável,Estável
Letras - Português (Licenciatura),Darcy Ribeiro (Plano Piloto) / DF,Noturno,EP_R1_NPPI,2,2,-45.74,14.78,-41.84,43.46,85.3,6.45,47.3,4,4,Moderada,Moderada,Alta,Forte alta
Letras - Português (Licenciatura),Darcy Ribeiro (Plano Piloto) / DF,Noturno,EP_R1_PPI,1,1,-39.82,-20.99,-39.82,-20.99,18.83,0.0,0.0,2,2,Baixa,Baixa,Estável,Estável
Letras - Português (Licenciatura),Darcy Ribeiro (Plano Piloto) / DF,Noturno,EP_R2_NPPI,3,3,-8.79,-7.48,-13.12,-8.82,4.3,3.65,7.34,4,4,Alta,Moderada,Queda,Queda
Letras - Português (Licenciatura),Darcy Ribeiro (Plano Piloto) / DF,Noturno,EP_R2_PPI,2,2,-13.59,-13.59,-13.62,-13.62,0.0,0.04,0.04,4,4,Moderada,Moderada,Estável,Estável
Letras – Português do Brasil como Segunda Língua (Licenciatura),Darcy Ribeiro,Diurno,AC,1,1,-10.94,45.04,-10.94,45.04,55.98,0.0,0.0,2,2,Baixa,Baixa,Estável,Estável
Letras – Português do Brasil como Segunda Língua (Licenciatura),Darcy Ribeiro,Diurno,EP_R1_NPPI,1,1,-35.82,-25.7,-35.82,-25.7,10.12,0.0,0.0,2,2,Baixa,Baixa,Estável,Estável
Letras – Português do Brasil como Segunda Língua (Licenciatura),Darcy Ribeiro,Diurno,EP_R1_PPI,1,1,-35.98,-35.98,-35.98,-35.98,0.0,0.0,0.0,2,2,Baixa,Baixa,Estável,Estável
Letras – Português do Brasil como Segunda Língua (Licenciatura),Darcy Ribeiro,Diurno,EP_R2_NPPI,1,1,-47.36,-3.59,-47.36,-3.59,43.78,0.0,0.0,2,2,Baixa,Baixa,Estável,Estável
Letras – Português do Brasil como Segunda Língua (Licenciatura),Darcy Ribeiro,Diurno,EP_R2_PPI,1,1,-60.95,-38.12,-60.95,-38.12,22.83,0.0,0.0,2,2,Baixa,Baixa,Estável,Estável
Letras – Português do Brasil como Segunda Língua (Licenciatura),Darcy Ribeiro (Plano Piloto) / DF,Diurno,AC,4,4,-75.9,-4.15,-68.77,8.09,76.86,8.85,15.3,4,4,Moderada,Moderada,Forte alta,Forte alta
Letras – Português do Brasil como Segunda Língua (Licenciatura),Darcy Ribeiro (Plano Piloto) / DF,Diurno,CN,2,2,-45.76,-45.76,-53.5,-53.5,0.0,12.75,12.75,4,4,Moderada,Moderada,Forte queda,Forte queda
Letras – Português do Brasil como Segunda Língua (Licenciatura),Darcy Ribeiro (Plano Piloto) / DF,Diurno,EP_R1_NPPI,2,2,-41.56,-41.56,-43.55,-43.55,0.0,7.65,7.65,4,4,Moderada,Moderada,Queda,Queda
Letras – Português do Brasil como Segunda Língua (Licenciatura),Darcy Ribeiro (Plano Piloto) / DF,Diurno,EP_R1_PPI,2,2,-48.36,-48.36,-45.28,-45.28,0.0,5.08,5.08,4,4,Moderada,Moderada,Alta,Alta
Letras – Português do Brasil como Segunda Língua (Licenciatura),Darcy Ribeiro (Plano Piloto) / DF,Diurno,EP_R2_NPPI,2,2,-4.69,-4.69,-1.4,-1.4,0.0,8.05,8.05,4,4,Moderada,Moderada,Alta,Alta
Letras – Português do Brasil como Segunda Língua (Licenciatura),Darcy Ribeiro (Plano Piloto) / DF,Diurno,EP_R2_PPI,2,2,3.9,3.9,18.46,12.98,-5.48,35.69,22.25,4,4,Moderada,Moderada,Forte alta,Forte alta
Letras – Tradução – Espanhol (Bacharelado),Darcy Ribeiro,Noturno,AC,1,1,-59.58,-24.42,-59.58,-24.42,35.16,0.0,0.0,2,2,Baixa,Baixa,Estável,Estável
Letras – Tradução – Espanhol (Bacharelado),Darcy Ribeiro,Noturno,EP_R2_NPPI,1,1,-48.8,-25.87,-48.8,-25.87,22.93,0.0,0.0,2,2,Baixa,Baixa,Estável,Estável
Letras – Tradução – Espanhol (Bacharelado),Darcy Ribeiro (Plano Piloto) / DF,Noturno,AC,4,4,-56.27,-56.27,-60.4,-61.09,-0.69,4.57,8.65,4,4,Moderada,Moderada,Queda,Queda
Letras – Tradução – Espanhol (Bacharelado),Darcy Ribeiro (Plano Piloto) / DF,Noturno,EP_R1_PPI,1,1,-45.08,-45.08,-45.08,-45.08,0.0,0.0,0.0,2,2,Baixa,Baixa,Estável,Estável
Letras – Tradução – Espanhol (Bacharelado),Darcy Ribeiro (Plano Piloto) / DF,Noturno,EP_R2_NPPI,2,2,-74.1,-24.36,-76.14,-22.26,53.88,7.82,8.06,4,4,Moderada,Moderada,Queda,Alta
Letras – Tradução – Espanhol (Bacharelado),Darcy Ribeiro (Plano Piloto) / DF,Noturno,EP_R2_PPI,1,1,-26.22,-26.22,-26.22,-26.22,0.0,0.0,0.0,2,2,Baixa,Baixa,Estável,Estável
Letras – Tradução – Francês (Bacharelado),Darcy Ribeiro,Diurno,AC,1,1,-28.61,14.02,-28.61,14.02,42.63,0.0,0.0,2,2,Baixa,Baixa,Estável,Estável
Letras – Tradução – Francês (Bacharelado),Darcy Ribeiro (Plano Piloto) / DF,Diurno,AC,4,4,-18.6,-18.6,-17.15,18.23,35.38,14.78,29.64,4,4,Moderada,Moderada,Alta,Forte alta
Letras – Tradução – Francês (Bacharelado),Darcy Ribeiro (Plano Piloto) / DF,Diurno,EP_R2_PPI,1,1,-28.72,-28.72,-28.72,-28.72,0.0,0.0,0.0,2,2,Baixa,Baixa,Estável,Estável
Letras – Tradução – Inglês (Bacharelado),Darcy Ribeiro,Diurno,AC,1,1,14.88,72.13,14.88,72.13,57.26,0.0,0.0,2,2,Baixa,Baixa,Estável,Estável
Letras – Tradução – Inglês (Bacharelado),Darcy Ribeiro,Diurno,CN,1,1,-51.29,-51.29,-51.29,-51.29,0.0,0.0,0.0,2,2,Baixa,Baixa,Estável,Estável
Letras – Tradução – Inglês (Bacharelado),Darcy Ribeiro,Diurno,EP_R1_PPI,1,1,-63.4,-41.3,-63.4,-41.3,22.1,0.0,0.0,2,2,Baixa,Baixa,Estável,Estável
Letras – Tradução – Inglês (Bacharelado),Darcy Ribeiro,Diurno,EP_R2_NPPI,1,1,2.8,45.05,2.8,45.05,42.25,0.0,0.0,2,2,Baixa,Baixa,Estável,Estável
Letras – Tradução – Inglês (Bacharelado),Darcy Ribeiro,Diurno,EP_R2_PPI,1,1,-34.88,-23.75,-34.88,-23.75,11.14,0.0,0.0,2,2,Baixa,Baixa,Estável,Estável
Letras – Tradução – Inglês (Bacharelado),Darcy Ribeiro (Plano Piloto) / DF,Diurno,AC,5,5,-75.98,32.72,-61.79,16.98,78.77,16.12,16.57,4,4,Moderada,Moderada,Forte alta,Forte queda
Letras – Tradução – Inglês (Bacharelado),Darcy Ribeiro (Plano Piloto) / DF,Diurno,CN,3,3,8.67,8.67,16.58,9.6,-6.98,18.0,6.26,4,4,Moderada,Moderada,Forte alta,Estável
Letras – Tradução – Inglês (Bacharelado),Darcy Ribeiro (Plano Piloto) / DF,Diurno,EP_R1_NPPI,1,1,21.24,21.24,21.24,21.24,0.0,0.0,0.0,2,2,Baixa,Baixa,Estável,Estável
Letras – Tradução – Inglês (Bacharelado),Darcy Ribeiro (Plano Piloto) / DF,Diurno,EP_R1_PPI,2,2,-50.12,-0.82,-45.3,13.79,59.09,7.95,24.09,4,4,Moderada,Moderada,Alta,Forte alta
Letras – Tradução – Inglês (Bacharelado),Darcy Ribeiro (Plano Piloto) / DF,Diurno,EP_R2_NPPI,3,3,-20.76,-20.34,-5.84,-20.65,-14.8,17.6,9.9,4,4,Moderada,Moderada,Forte alta,Estável
Letras – Tradução – Inglês (Bacharelado),Darcy Ribeiro (Plano Piloto) / DF,Diurno,EP_R2_NPPIQ,1,1,-59.74,-59.74,-59.74,-59.74,0.0,0.0,0.0,2,2,Baixa,Baixa,Estável,Estável
Letras – Tradução – Inglês (Bacharelado),Darcy Ribeiro (Plano Piloto) / DF,Diurno,EP_R2_NPPIQ_PCD,1,1,-20.51,-20.51,-20.51,-20.51,0.0,0.0,0.0,2,2,Baixa,Baixa,Estável,Estável
Letras – Tradução – Inglês (Bacharelado),Darcy Ribeiro (Plano Piloto) / DF,Diurno,EP_R2_PPI,1,1,-62.08,1.32,-62.08,1.32,63.4,0.0,0.0,2,2,Baixa,Baixa,Estável,Estável
Línguas Estrangeiras Aplicadas (Bacharelado),Darcy Ribeiro,Diurno,AC,1,1,-55.95,50.27,-55.95,50.27,106.22,0.0,0.0,2,2,Baixa,Baixa,Estável,Estável
Línguas Estrangeiras Aplicadas (Bacharelado),Darcy Ribeiro,Diurno,CN,1,1,-34.47,-34.47,-34.47,-34.47,0.0,0.0,0.0,2,2,Baixa,Baixa,Estável,Estável
Línguas Estrangeiras Aplicadas (Bacharelado),Darcy Ribeiro,Diurno,EP_R1_NPPI,1,1,47.66,47.66,47.66,47.66,0.0,0.0,0.0,2,2,Baixa,Baixa,Estável,Estável
Línguas Estrangeiras Aplicadas (Bacharelado),Darcy Ribeiro,Diurno,EP_R2_NPPI,1,1,-13.84,-0.94,-13.84,-0.94,12.9,0.0,0.0,2,2,Baixa,Baixa,Estável,Estável
Línguas Estrangeiras Aplicadas (Bacharelado),Darcy Ribeiro,Diurno,EP_R2_PPI,1,1,21.42,21.42,21.42,21.42,0.0,0.0,0.0,2,2,Baixa,Baixa,Estável,Estável
Línguas Estrangeiras Aplicadas (Bacharelado),Darcy Ribeiro (Plano Piloto) / DF,Diurno,AC,4,4,-60.26,-0.94,-56.56,4.72,61.29,4.95,17.31,4,4,Moderada,Moderada,Alta,Forte alta
Línguas Estrangeiras Aplicadas (Bacharelado),Darcy Ribeiro (Plano Piloto) / DF,Diurno,CN,1,1,44.58,44.58,44.58,44.58,0.0,0.0,0.0,2,2,Baixa,Baixa,Estável,Estável
Línguas Estrangeiras Aplicadas (Bacharelado),Darcy Ribeiro (Plano Piloto) / DF,Diurno,EP_R1_NPPI,1,1,-2.77,-2.77,-2.77,-2.77,0.0,0.0,0.0,2,2,Baixa,Baixa,Estável,Estável
Línguas Estrangeiras Aplicadas (Bacharelado),Darcy Ribeiro (Plano Piloto) / DF,Diurno,EP_R1_PPI,2,2,-46.0,-32.92,-47.7,-33.52,14.17,6.5,2.33,4,4,Moderada,Moderada,Queda,Estável
Línguas Estrangeiras Aplicadas (Bacharelado),Darcy Ribeiro (Plano Piloto) / DF,Diurno,EP_R2_NPPI,2,2,-2.63,16.55,5.05,21.11,16.06,18.81,11.17,4,4,Moderada,Moderada,Forte alta,Alta
Línguas Estrangeiras Aplicadas (Bacharelado),Darcy Ribeiro (Plano Piloto) / DF,Diurno,EP_R2_NPPIQ,1,1,-67.76,-67.76,-67.76,-67.76,0.0,0.0,0.0,2,2,Baixa,Baixa,Estável,Estável
Línguas Estrangeiras Aplicadas (Bacharelado),Darcy Ribeiro (Plano Piloto) / DF,Diurno,EP_R2_PPI,2,2,-15.78,-15.78,9.57,-24.81,-34.39,41.82,14.9,4,4,Moderada,Moderada,Forte alta,Forte queda
Matemática (Bacharelado/Licenciatura),Darcy Ribeiro,Diurno,AC,1,1,22.51,91.16,22.51,91.16,68.64,0.0,0.0,2,2,Baixa,Baixa,Estável,Estável
Matemática (Bacharelado/Licenciatura),Darcy Ribeiro,Diurno,EP_R1_NPPI,1,1,-51.32,-0.1,-51.32,-0.1,51.22,0.0,0.0,2,2,Baixa,Baixa,Estável,Estável
Matemática (Bacharelado/Licenciatura),Darcy Ribeiro,Diurno,EP_R1_PPI,1,1,1.93,1.93,1.93,1.93,0.0,0.0,0.0,2,2,Baixa,Baixa,Estável,Estável
Matemática (Bacharelado/Licenciatura),Darcy Ribeiro,Diurno,EP_R2_NPPI,1,1,40.09,40.09,40.09,40.09,0.0,0.0,0.0,2,2,Baixa,Baixa,Estável,Estável
Matemática (Bacharelado/Licenciatura),Darcy Ribeiro,Diurno,EP_R2_PPI,1,1,-60.0,32.68,-60.0,32.68,92.68,0.0,0.0,2,2,Baixa,Baixa,Estável,Estável
Matemática (Bacharelado/Licenciatura),Darcy Ribeiro (Plano Piloto) / DF,Diurno,AC,5,5,-20.74,105.88,-22.9,80.83,103.74,7.74,17.15,4,4,Moderada,Moderada,Queda,Forte queda
Matemática (Bacharelado/Licenciatura),Darcy Ribeiro (Plano Piloto) / DF,Diurno,CN,4,4,-31.24,-31.24,-12.74,-12.74,0.0,16.77,16.77,4,4,Moderada,Moderada,Forte alta,Forte alta
Matemática (Bacharelado/Licenciatura),Darcy Ribeiro (Plano Piloto) / DF,Diurno,EP_R1_NPPI,3,3,-20.21,8.08,-13.52,29.87,43.4,22.5,34.57,4,4,Moderada,Moderada,Forte alta,Forte alta
Matemática (Bacharelado/Licenciatura),Darcy Ribeiro (Plano Piloto) / DF,Diurno,EP_R1_PPI,3,3,-6.05,13.3,-22.76,0.13,22.88,13.04,11.69,4,4,Moderada,Moderada,Forte queda,Forte queda
Matemática (Bacharelado/Licenciatura),Darcy Ribeiro (Plano Piloto) / DF,Diurno,EP_R2_NPPI,4,4,-53.02,-53.02,-29.22,-37.36,-8.14,18.88,18.89,4,4,Moderada,Moderada,Forte alta,Forte alta
Matemática (Bacharelado/Licenciatura),Darcy Ribeiro (Plano Piloto) / DF,Diurno,EP_R2_NPPIQ,1,1,-20.66,-20.66,-20.66,-20.66,0.0,0.0,0.0,2,2,Baixa,Baixa,Estável,Estável
Matemática (Bacharelado/Licenciatura),Darcy Ribeiro (Plano Piloto) / DF,Diurno,EP_R2_PPI,3,3,-51.87,21.22,-51.54,28.35,79.9,0.78,8.72,4,4,Alta,Moderada,Estável,Forte alta
Matemática (Bacharelado/Licenciatura),Darcy Ribeiro (Plano Piloto) / DF,Diurno,EP_R2_PPIQ,1,1,-29.96,-29.96,-29.96,-29.96,0.0,0.0,0.0,2,2,Baixa,Baixa,Estável,Estável
Matemática (Licenciatura),Darcy Ribeiro,Noturno,AC,1,1,-49.2,9.67,-49.2,9.67,58.88,0.0,0.0,2,2,Baixa,Baixa,Estável,Estável
Matemática (Licenciatura),Darcy Ribeiro,Noturno,CN,1,1,2.63,2.63,2.63,2.63,0.0,0.0,0.0,2,2,Baixa,Baixa,Estável,Estável
Matemática (Licenciatura),Darcy Ribeiro,Noturno,EP_R1_PPI,1,1,-38.18,-20.67,-38.18,-20.67,17.51,0.0,0.0,2,2,Baixa,Baixa,Estável,Estável
Matemática (Licenciatura),Darcy Ribeiro,Noturno,EP_R2_NPPI,1,1,-54.59,1.69,-54.59,1.69,56.28,0.0,0.0,2,2,Baixa,Baixa,Estável,Estável
Matemática (Licenciatura),Darcy Ribeiro,Noturno,EP_R2_PPI,1,1,-11.48,23.13,-11.48,23.13,34.61,0.0,0.0,2,2,Baixa,Baixa,Estável,Estável
Matemática (Licenciatura),Darcy Ribeiro (Plano Piloto) / DF,Noturno,AC,4,4,-51.64,31.38,-57.46,40.86,98.31,4.63,16.91,4,4,Moderada,Moderada,Forte queda,Forte alta
Matemática (Licenciatura),Darcy Ribeiro (Plano Piloto) / DF,Noturno,CN,2,2,-64.38,-64.38,-82.29,-82.29,0.0,43.86,43.86,4,4,Moderada,Moderada,Forte queda,Forte queda
Matemática (Licenciatura),Darcy Ribeiro (Plano Piloto) / DF,Noturno,EP_R1_PPI,1,1,23.1,23.1,23.1,23.1,0.0,0.0,0.0,2,2,Baixa,Baixa,Estável,Estável
Matemática (Licenciatura),Darcy Ribeiro (Plano Piloto) / DF,Noturno,EP_R2_PPI,1,1,-33.51,-15.93,-33.51,-15.93,17.57,0.0,0.0,2,2,Baixa,Baixa,Estável,Estável
Medicina (Bacharelado),Darcy Ribeiro,Diurno,EP_R1_PPI,1,1,70.43,77.74,70.43,77.74,7.31,0.0,0.0,2,2,Baixa,Baixa,Estável,Estável
Medicina (Bacharelado),Darcy Ribeiro,Diurno,EP_R1_PPI_PCD,1,1,-6.69,-6.69,-6.69,-6.69,0.0,0.0,0.0,2,2,Baixa,Baixa,Estável,Estável
Medicina (Bacharelado),Darcy Ribeiro (Plano Piloto) / DF,Diurno,AC,5,5,166.75,190.33,167.33,188.25,20.92,2.61,4.46,4,4,Alta,Moderada,Estável,Queda
Medicina (Bacharelado),Darcy Ribeiro (Plano Piloto) / DF,Diurno,CN,5,5,120.05,120.05,128.51,128.41,-0.1,6.78,6.79,4,4,Moderada,Moderada,Forte alta,Forte alta
Medicina (Bacharelado),Darcy Ribeiro (Plano Piloto) / DF,Diurno,EP_R1_NPPI,4,4,88.01,109.38,89.27,107.74,18.47,1.88,5.38,4,4,Muito alta,Moderada,Alta,Queda
Medicina (Bacharelado),Darcy Ribeiro (Plano Piloto) / DF,Diurno,EP_R1_NPPIQ,1,1,98.65,98.65,98.65,98.65,0.0,0.0,0.0,2,2,Baixa,Baixa,Estável,Estável
Medicina (Bacharelado),Darcy Ribeiro (Plano Piloto) / DF,Diurno,EP_R1_NPPIQ_PCD,1,1,46.78,46.78,46.78,46.78,0.0,0.0,0.0,2,2,Baixa,Baixa,Estável,Estável
Medicina (Bacharelado),Darcy Ribeiro (Plano Piloto) / DF,Diurno,EP_R1_PPI,4,4,55.92,61.26,58.76,68.86,10.11,5.33,14.12,4,4,Moderada,Moderada,Alta,Forte alta
Medicina (Bacharelado),Darcy Ribeiro (Plano Piloto) / DF,Diurno,EP_R1_PPIQ,1,1,81.45,96.8,81.45,96.8,15.35,0.0,0.0,2,2,Baixa,Baixa,Estável,Estável
Medicina (Bacharelado),Darcy Ribeiro (Plano Piloto) / DF,Diurno,EP_R1_PPI_PCD,1,1,-40.02,-40.02,-40.02,-40.02,0.0,0.0,0.0,2,2,Baixa,Baixa,Estável,Estável
Medicina (Bacharelado),Darcy Ribeiro (Plano Piloto) / DF,Diurno,EP_R2_NPPI,4,4,155.1,155.1,163.49,156.37,-7.12,7.86,8.26,4,4,Moderada,Moderada,Forte alta,Alta
Medicina (Bacharelado),Darcy Ribeiro (Plano Piloto) / DF,Diurno,EP_R2_NPPIQ,1,1,162.28,162.28,162.28,162.28,0.0,0.0,0.0,2,2,Baixa,Baixa,Estável,Estável
Medicina (Bacharelado),Darcy Ribeiro (Plano Piloto) / DF,Diurno,EP_R2_NPPIQ_PCD,1,1,103.22,103.22,103.22,103.22,0.0,0.0,0.0,2,2,Baixa,Baixa,Estável,Estável
Medicina (Bacharelado),Darcy Ribeiro (Plano Piloto) / DF,Diurno,EP_R2_NPPI_PCD,1,1,107.51,107.51,107.51,107.51,0.0,0.0,0.0,2,2,Baixa,Baixa,Estável,Estável
Medicina (Bacharelado),Darcy Ribeiro (Plano Piloto) / DF,Diurno,EP_R2_PPI,4,4,78.63,98.02,84.81,105.03,20.22,7.03,7.26,4,4,Moderada,Moderada,Forte alta,Forte alta
Medicina (Bacharelado),Darcy Ribeiro (Plano Piloto) / DF,Diurno,EP_R2_PPIQ,1,1,115.8,119.95,115.8,119.95,4.15,0.0,0.0,2,2,Baixa,Baixa,Estável,Estável
Medicina (Bacharelado),Darcy Ribeiro (Plano Piloto) / DF,Diurno,EP_R2_PPIQ_PCD,1,1,-27.58,-2.38,-27.58,-2.38,25.21,0.0,0.0,2,2,Baixa,Baixa,Estável,Estável
Medicina Veterinária (Bacharelado),Darcy Ribeiro,Diurno,AC,1,0,82.8,,82.8,,,0.0,,2,0,Baixa,Sem histórico,Estável,Indeterminada
Medicina Veterinária (Bacharelado),Darcy Ribeiro,Diurno,CN,1,1,68.27,68.27,68.27,68.27,0.0,0.0,0.0,2,2,Baixa,Baixa,Estável,Estável
Medicina Veterinária (Bacharelado),Darcy Ribeiro,Diurno,EP_R1_NPPI,1,1,7.07,34.65,7.07,34.65,27.59,0.0,0.0,2,2,Baixa,Baixa,Estável,Estável
Medicina Veterinária (Bacharelado),Darcy Ribeiro,Diurno,EP_R1_PPI,1,1,9.78,22.88,9.78,22.88,13.1,0.0,0.0,2,2,Baixa,Baixa,Estável,Estável
Medicina Veterinária (Bacharelado),Darcy Ribeiro,Diurno,EP_R2_NPPI,1,1,50.94,54.2,50.94,54.2,3.26,0.0,0.0,2,2,Baixa,Baixa,Estável,Estável
Medicina Veterinária (Bacharelado),Darcy Ribeiro,Diurno,EP_R2_PPI,1,1,60.74,65.44,60.74,65.44,4.7,0.0,0.0,2,2,Baixa,Baixa,Estável,Estável
Medicina Veterinária (Bacharelado),Darcy Ribeiro (Plano Piloto) / DF,Diurno,AC,5,5,66.64,99.68,68.39,90.64,22.24,3.44,11.69,4,4,Alta,Moderada,Alta,Forte queda
Medicina Veterinária (Bacharelado),Darcy Ribeiro (Plano Piloto) / DF,Diurno,CN,5,5,55.86,55.86,56.42,50.95,-5.46,4.46,5.76,4,4,Moderada,Moderada,Estável,Queda
Medicina Veterinária (Bacharelado),Darcy Ribeiro (Plano Piloto) / DF,Diurno,EP_R1_NPPI,4,4,-2.81,16.67,-4.92,23.27,28.19,5.53,6.25,4,4,Moderada,Moderada,Queda,Forte alta
Medicina Veterinária (Bacharelado),Darcy Ribeiro (Plano Piloto) / DF,Diurno,EP_R1_NPPIQ,1,1,-18.65,20.35,-18.65,20.35,39.0,0.0,0.0,2,2,Baixa,Baixa,Estável,Estável
Medicina Veterinária (Bacharelado),Darcy Ribeiro (Plano Piloto) / DF,Diurno,EP_R1_PPI,3,3,-33.59,27.24,-37.99,26.6,64.59,5.14,4.64,4,4,Moderada,Moderada,Queda,Estável
Medicina Veterinária (Bacharelado),Darcy Ribeiro (Plano Piloto) / DF,Diurno,EP_R1_PPIQ,1,1,-40.56,10.0,-40.56,10.0,50.56,0.0,0.0,2,2,Baixa,Baixa,Estável,Estável
Medicina Veterinária (Bacharelado),Darcy Ribeiro (Plano Piloto) / DF,Diurno,EP_R2_NPPI,4,4,37.33,41.76,45.33,43.78,-1.55,7.17,7.58,4,4,Moderada,Moderada,Forte alta,Alta
Medicina Veterinária (Bacharelado),Darcy Ribeiro (Plano Piloto) / DF,Diurno,EP_R2_NPPIQ,1,1,53.43,53.43,53.43,53.43,0.0,0.0,0.0,2,2,Baixa,Baixa,Estável,Estável
Medicina Veterinária (Bacharelado),Darcy Ribeiro (Plano Piloto) / DF,Diurno,EP_R2_NPPIQ_PCD,1,1,-34.55,-34.55,-34.55,-34.55,0.0,0.0,0.0,2,2,Baixa,Baixa,Estável,Estável
Medicina Veterinária (Bacharelado),Darcy Ribeiro (Plano Piloto) / DF,Diurno,EP_R2_PPI,4,4,-62.78,-29.38,-43.88,-1.88,42.01,23.77,24.06,4,4,Moderada,Moderada,Forte alta,Forte alta
Medicina Veterinária (Bacharelado),Darcy Ribeiro (Plano Piloto) / DF,Diurno,EP_R2_PPIQ,1,1,11.52,23.97,11.52,23.97,12.45,0.0,0.0,2,2,Baixa,Baixa,Estável,Estável
Museologia (Bacharelado),Darcy Ribeiro,Diurno,AC,1,1,-69.55,21.71,-69.55,21.71,91.26,0.0,0.0,2,2,Baixa,Baixa,Estável,Estável
Museologia (Bacharelado),Darcy Ribeiro,Diurno,CN,1,1,-59.2,-59.2,-59.2,-59.2,0.0,0.0,0.0,2,2,Baixa,Baixa,Estável,Estável
Museologia (Bacharelado),Darcy Ribeiro,Diurno,EP_R2_NPPI,1,1,-83.17,-5.93,-83.17,-5.93,77.24,0.0,0.0,2,2,Baixa,Baixa,Estável,Estável
Museologia (Bacharelado),Darcy Ribeiro,Diurno,EP_R2_PPI,1,1,-51.81,-48.41,-51.81,-48.41,3.4,0.0,0.0,2,2,Baixa,Baixa,Estável,Estável
Museologia (Bacharelado),Darcy Ribeiro (Plano Piloto) / DF,Diurno,AC,4,4,-79.4,19.14,-75.17,15.39,90.56,7.2,6.81,4,4,Moderada,Moderada,Alta,Queda
Museologia (Bacharelado),Darcy Ribeiro (Plano Piloto) / DF,Diurno,CN,2,2,-38.9,-38.9,-36.45,-36.45,0.0,9.39,9.39,4,4,Moderada,Moderada,Alta,Alta
Museologia (Bacharelado),Darcy Ribeiro (Plano Piloto) / DF,Diurno,EP_R1_NPPI,1,1,-54.78,-54.78,-54.78,-54.78,0.0,0.0,0.0,2,2,Baixa,Baixa,Estável,Estável
Museologia (Bacharelado),Darcy Ribeiro (Plano Piloto) / DF,Diurno,EP_R2_NPPI,1,1,-86.04,-63.77,-86.04,-63.77,22.27,0.0,0.0,2,2,Baixa,Baixa,Estável,Estável
Museologia (Bacharelado),Darcy Ribeiro (Plano Piloto) / DF,Diurno,EP_R2_PPI,1,1,-75.47,-75.47,-75.47,-75.47,0.0,0.0,0.0,2,2,Baixa,Baixa,Estável,Estável
Música (Bacharelado),Darcy Ribeiro (Plano Piloto) / DF,Diurno,AC,4,4,-2.41,65.65,-2.63,72.94,75.57,4.97,22.79,4,4,Moderada,Moderada,Estável,Forte alta
Música (Licenciatura),Darcy Ribeiro,Diurno,AC,1,1,-52.88,59.14,-52.88,59.14,112.03,0.0,0.0,2,2,Baixa,Baixa,Estável,Estável
Música (Licenciatura),Darcy Ribeiro,Diurno,EP_R1_NPPI,1,1,13.33,13.33,13.33,13.33,0.0,0.0,0.0,2,2,Baixa,Baixa,Estável,Estável
Música (Licenciatura),Darcy Ribeiro,Noturno,EP_R2_NPPI,1,1,17.12,17.12,17.12,17.12,0.0,0.0,0.0,2,2,Baixa,Baixa,Estável,Estável
Música (Licenciatura),Darcy Ribeiro (Plano Piloto) / DF,Diurno,AC,4,4,-15.97,132.27,-17.55,126.64,144.19,14.55,54.35,4,4,Moderada,Moderada,Queda,Forte queda
Música (Licenciatura),Darcy Ribeiro (Plano Piloto) / DF,Diurno,EP_R1_NPPI,1,1,-69.94,-69.94,-69.94,-69.94,0.0,0.0,0.0,2,2,Baixa,Baixa,Estável,Estável
Música (Licenciatura),Darcy Ribeiro (Plano Piloto) / DF,Diurno,EP_R2_NPPI,2,2,30.34,42.0,43.29,59.8,16.5,21.35,29.36,4,4,Moderada,Moderada,Forte alta,Forte alta
Música (Licenciatura),Darcy Ribeiro (Plano Piloto) / DF,Diurno,EP_R2_PPI,1,1,-64.02,-64.02,-64.02,-64.02,0.0,0.0,0.0,2,2,Baixa,Baixa,Estável,Estável
Nutrição (Bacharelado),Darcy Ribeiro,Diurno,AC,1,1,64.37,93.95,64.37,93.95,29.58,0.0,0.0,2,2,Baixa,Baixa,Estável,Estável
Nutrição (Bacharelado),Darcy Ribeiro,Diurno,CN,1,1,27.71,27.71,27.71,27.71,0.0,0.0,0.0,2,2,Baixa,Baixa,Estável,Estável
Nutrição (Bacharelado),Darcy Ribeiro,Diurno,EP_R1_NPPI,1,1,18.95,18.95,18.95,18.95,0.0,0.0,0.0,2,2,Baixa,Baixa,Estável,Estável
Nutrição (Bacharelado),Darcy Ribeiro,Diurno,EP_R1_PPI,1,1,-47.36,22.81,-47.36,22.81,70.17,0.0,0.0,2,2,Baixa,Baixa,Estável,Estável
Nutrição (Bacharelado),Darcy Ribeiro,Diurno,EP_R2_NPPI,1,1,48.36,48.36,48.36,48.36,0.0,0.0,0.0,2,2,Baixa,Baixa,Estável,Estável
Nutrição (Bacharelado),Darcy Ribeiro,Diurno,EP_R2_PPI,1,1,-13.87,14.26,-13.87,14.26,28.13,0.0,0.0,2,2,Baixa,Baixa,Estável,Estável
Nutrição (Bacharelado),Darcy Ribeiro (Plano Piloto) / DF,Diurno,AC,5,5,70.1,99.32,67.84,83.21,15.37,7.18,14.04,4,4,Moderada,Moderada,Queda,Forte queda
Nutrição (Bacharelado),Darcy Ribeiro (Plano Piloto) / DF,Diurno,CN,5,5,50.78,50.78,37.8,34.52,-3.28,11.77,11.98,4,4,Moderada,Moderada,Forte queda,Forte queda
Nutrição (Bacharelado),Darcy Ribeiro (Plano Piloto) / DF,Diurno,EP_R1_NPPI,4,4,4.71,4.71,8.77,7.92,-0.85,5.43,4.14,4,4,Moderada,Moderada,Alta,Alta
Nutrição (Bacharelado),Darcy Ribeiro (Plano Piloto) / DF,Diurno,EP_R1_NPPIQ,1,1,-26.22,13.91,-26.22,13.91,40.13,0.0,0.0,2,2,Baixa,Baixa,Estável,Estável
Nutrição (Bacharelado),Darcy Ribeiro (Plano Piloto) / DF,Diurno,EP_R1_PPI,3,3,-25.6,3.04,-19.6,3.39,22.99,12.37,1.22,4,4,Moderada,Alta,Forte alta,Estável
Nutrição (Bacharelado),Darcy Ribeiro (Plano Piloto) / DF,Diurno,EP_R1_PPIQ,1,1,-31.89,-31.89,-31.89,-31.89,0.0,0.0,0.0,2,2,Baixa,Baixa,Estável,Estável
Nutrição (Bacharelado),Darcy Ribeiro (Plano Piloto) / DF,Diurno,EP_R2_NPPI,4,4,3.41,36.9,9.21,34.21,25.01,14.52,7.82,4,4,Moderada,Moderada,Forte alta,Queda
Nutrição (Bacharelado),Darcy Ribeiro (Plano Piloto) / DF,Diurno,EP_R2_NPPIQ,1,1,31.53,31.53,31.53,31.53,0.0,0.0,0.0,2,2,Baixa,Baixa,Estável,Estável
Nutrição (Bacharelado),Darcy Ribeiro (Plano Piloto) / DF,Diurno,EP_R2_PPI,4,4,-67.72,-67.72,-62.24,-44.48,17.76,16.89,32.29,4,4,Moderada,Moderada,Forte alta,Forte alta
Nutrição (Bacharelado),Darcy Ribeiro (Plano Piloto) / DF,Diurno,EP_R2_PPIQ,1,1,-7.67,10.94,-7.67,10.94,18.6,0.0,0.0,2,2,Baixa,Baixa,Estável,Estável
Odontologia (Bacharelado),Darcy Ribeiro,Diurno,AC,1,0,81.78,,81.78,,,0.0,,2,0,Baixa,Sem histórico,Estável,Indeterminada
Odontologia (Bacharelado),Darcy Ribeiro,Diurno,CN,1,1,71.78,71.78,71.78,71.78,0.0,0.0,0.0,2,2,Baixa,Baixa,Estável,Estável
Odontologia (Bacharelado),Darcy Ribeiro,Diurno,EP_R1_NPPI,1,1,19.79,19.79,19.79,19.79,0.0,0.0,0.0,2,2,Baixa,Baixa,Estável,Estável
Odontologia (Bacharelado),Darcy Ribeiro,Diurno,EP_R1_PPI,1,1,16.77,54.23,16.77,54.23,37.46,0.0,0.0,2,2,Baixa,Baixa,Estável,Estável
Odontologia (Bacharelado),Darcy Ribeiro,Diurno,EP_R2_NPPI,1,1,66.22,66.22,66.22,66.22,0.0,0.0,0.0,2,2,Baixa,Baixa,Estável,Estável
Odontologia (Bacharelado),Darcy Ribeiro,Diurno,EP_R2_PPI,1,1,41.18,97.12,41.18,97.12,55.94,0.0,0.0,2,2,Baixa,Baixa,Estável,Estável
Odontologia (Bacharelado),Darcy Ribeiro (Plano Piloto) / DF,Diurno,AC,5,5,91.44,127.25,88.27,107.29,19.02,5.68,14.94,4,4,Moderada,Moderada,Queda,Forte queda
Odontologia (Bacharelado),Darcy Ribeiro (Plano Piloto) / DF,Diurno,CN,5,5,55.21,55.21,36.16,33.31,-2.85,14.94,18.52,4,4,Moderada,Moderada,Forte queda,Forte queda
Odontologia (Bacharelado),Darcy Ribeiro (Plano Piloto) / DF,Diurno,EP_R1_NPPI,4,4,11.18,11.18,25.51,19.51,-6.0,12.6,14.39,4,4,Moderada,Moderada,Forte alta,Forte alta
Odontologia (Bacharelado),Darcy Ribeiro (Plano Piloto) / DF,Diurno,EP_R1_NPPIQ,1,1,-36.85,-34.53,-36.85,-34.53,2.32,0.0,0.0,2,2,Baixa,Baixa,Estável,Estável
Odontologia (Bacharelado),Darcy Ribeiro (Plano Piloto) / DF,Diurno,EP_R1_PPI,3,3,-2.39,50.58,-6.68,44.42,51.1,13.52,5.31,4,4,Moderada,Moderada,Queda,Forte queda
Odontologia (Bacharelado),Darcy Ribeiro (Plano Piloto) / DF,Diurno,EP_R1_PPIQ,1,1,-62.3,-47.77,-62.3,-47.77,14.52,0.0,0.0,2,2,Baixa,Baixa,Estável,Estável
Odontologia (Bacharelado),Darcy Ribeiro (Plano Piloto) / DF,Diurno,EP_R2_NPPI,4,4,35.47,36.07,61.6,57.38,-4.22,19.67,16.32,4,4,Moderada,Moderada,Forte alta,Forte alta
Odontologia (Bacharelado),Darcy Ribeiro (Plano Piloto) / DF,Diurno,EP_R2_NPPIQ,1,1,84.07,84.07,84.07,84.07,0.0,0.0,0.0,2,2,Baixa,Baixa,Estável,Estável
Odontologia (Bacharelado),Darcy Ribeiro (Plano Piloto) / DF,Diurno,EP_R2_PPI,4,4,-50.63,2.93,-47.57,-2.06,45.51,24.2,20.48,4,4,Moderada,Moderada,Alta,Queda
Odontologia (Bacharelado),Darcy Ribeiro (Plano Piloto) / DF,Diurno,EP_R2_PPIQ,1,1,-28.31,0.73,-28.31,0.73,29.04,0.0,0.0,2,2,Baixa,Baixa,Estável,Estável
Pedagogia (Licenciatura),Darcy Ribeiro,Diurno,AC,1,1,-20.97,44.38,-20.97,44.38,65.35,0.0,0.0,2,2,Baixa,Baixa,Estável,Estável
Pedagogia (Licenciatura),Darcy Ribeiro,Diurno,CN,1,1,-15.76,-9.93,-15.76,-9.93,5.83,0.0,0.0,2,2,Baixa,Baixa,Estável,Estável
Pedagogia (Licenciatura),Darcy Ribeiro,Diurno,EP_R1_NPPI,1,1,-34.76,25.72,-34.76,25.72,60.48,0.0,0.0,2,2,Baixa,Baixa,Estável,Estável
Pedagogia (Licenciatura),Darcy Ribeiro,Diurno,EP_R1_PPI,1,1,-36.47,26.62,-36.47,26.62,63.09,0.0,0.0,2,2,Baixa,Baixa,Estável,Estável
Pedagogia (Licenciatura),Darcy Ribeiro,Diurno,EP_R2_NPPI,1,1,-15.68,22.02,-15.68,22.02,37.7,0.0,0.0,2,2,Baixa,Baixa,Estável,Estável
Pedagogia (Licenciatura),Darcy Ribeiro,Diurno,EP_R2_PPI,1,1,-28.41,6.63,-28.41,6.63,35.04,0.0,0.0,2,2,Baixa,Baixa,Estável,Estável
Pedagogia (Licenciatura),Darcy Ribeiro,Noturno,AC,1,1,-58.68,-3.16,-58.68,-3.16,55.52,0.0,0.0,2,2,Baixa,Baixa,Estável,Estável
Pedagogia (Licenciatura),Darcy Ribeiro,Noturno,CN,1,1,17.69,17.69,17.69,17.69,0.0,0.0,0.0,2,2,Baixa,Baixa,Estável,Estável
Pedagogia (Licenciatura),Darcy Ribeiro,Noturno,EP_R1_NPPI,1,1,-33.84,-8.82,-33.84,-8.82,25.03,0.0,0.0,2,2,Baixa,Baixa,Estável,Estável
Pedagogia (Licenciatura),Darcy Ribeiro,Noturno,EP_R1_PPI,1,1,-53.28,-41.61,-53.28,-41.61,11.67,0.0,0.0,2,2,Baixa,Baixa,Estável,Estável
Pedagogia (Licenciatura),Darcy Ribeiro,Noturno,EP_R2_NPPI,1,1,-62.62,-17.58,-62.62,-17.58,45.05,0.0,0.0,2,2,Baixa,Baixa,Estável,Estável
Pedagogia (Licenciatura),Darcy Ribeiro,Noturno,EP_R2_PPI,1,1,-28.92,-28.92,-28.92,-28.92,0.0,0.0,0.0,2,2,Baixa,Baixa,Estável,Estável
Pedagogia (Licenciatura),Darcy Ribeiro (Plano Piloto) / DF,Diurno,AC,5,5,-4.67,65.01,-15.64,46.94,62.59,9.98,12.28,4,4,Moderada,Moderada,Forte queda,Forte queda
Pedagogia (Licenciatura),Darcy Ribeiro (Plano Piloto) / DF,Diurno,CN,4,4,-26.75,-22.22,-12.8,-16.87,-4.07,17.61,10.5,4,4,Moderada,Moderada,Forte alta,Forte alta
Pedagogia (Licenciatura),Darcy Ribeiro (Plano Piloto) / DF,Diurno,EP_R1_NPPI,3,3,-2.29,26.29,-5.27,8.56,13.84,21.6,15.1,4,4,Moderada,Moderada,Queda,Forte queda
Pedagogia (Licenciatura),Darcy Ribeiro (Plano Piloto) / DF,Diurno,EP_R1_NPPIQ,1,1,-58.94,-20.0,-58.94,-20.0,38.94,0.0,0.0,2,2,Baixa,Baixa,Estável,Estável
Pedagogia (Licenciatura),Darcy Ribeiro (Plano Piloto) / DF,Diurno,EP_R1_PPI,3,3,-69.47,-11.15,-62.34,-9.12,53.22,6.55,4.14,4,4,Moderada,Moderada,Forte alta,Alta
Pedagogia (Licenciatura),Darcy Ribeiro (Plano Piloto) / DF,Diurno,EP_R2_NPPI,4,4,-70.17,-54.7,-47.33,-40.14,7.19,17.8,15.4,4,4,Moderada,Moderada,Forte alta,Forte alta
Pedagogia (Licenciatura),Darcy Ribeiro (Plano Piloto) / DF,Diurno,EP_R2_NPPIQ,1,1,-39.07,-5.11,-39.07,-5.11,33.96,0.0,0.0,2,2,Baixa,Baixa,Estável,Estável
Pedagogia (Licenciatura),Darcy Ribeiro (Plano Piloto) / DF,Diurno,EP_R2_PPI,3,3,-92.89,17.83,-87.96,17.33,105.29,5.01,7.59,4,4,Moderada,Moderada,Alta,Estável
Pedagogia (Licenciatura),Darcy Ribeiro (Plano Piloto) / DF,Diurno,EP_R2_PPIQ,1,1,-62.24,-20.3,-62.24,-20.3,41.94,0.0,0.0,2,2,Baixa,Baixa,Estável,Estável
Pedagogia (Licenciatura),Darcy Ribeiro (Plano Piloto) / DF,Noturno,AC,4,4,-24.61,-8.02,-25.64,-1.92,23.71,19.98,5.45,4,4,Moderada,Moderada,Queda,Forte alta
Pedagogia (Licenciatura),Darcy Ribeiro (Plano Piloto) / DF,Noturno,CN,4,4,-25.37,-25.37,-30.37,-31.62,-1.25,3.69,5.44,4,4,Alta,Moderada,Forte queda,Forte queda
Pedagogia (Licenciatura),Darcy Ribeiro (Plano Piloto) / DF,Noturno,EP_R1_NPPI,2,2,-65.56,-52.91,-66.41,-54.78,11.63,3.25,7.17,4,4,Moderada,Moderada,Estável,Queda
Pedagogia (Licenciatura),Darcy Ribeiro (Plano Piloto) / DF,Noturno,EP_R1_PPI,2,2,-96.1,-18.33,-97.61,-17.91,79.69,2.48,0.69,4,4,Moderada,Moderada,Queda,Estável
Pedagogia (Licenciatura),Darcy Ribeiro (Plano Piloto) / DF,Noturno,EP_R2_NPPI,3,3,-66.34,-38.72,-59.49,-32.78,26.71,5.41,5.96,4,4,Moderada,Moderada,Forte alta,Forte alta
Pedagogia (Licenciatura),Darcy Ribeiro (Plano Piloto) / DF,Noturno,EP_R2_NPPIQ,1,1,-73.34,-46.1,-73.34,-46.1,27.24,0.0,0.0,2,2,Baixa,Baixa,Estável,Estável
Pedagogia (Licenciatura),Darcy Ribeiro (Plano Piloto) / DF,Noturno,EP_R2_PPI,3,3,-16.97,-16.97,-3.04,-16.5,-13.47,23.04,0.47,4,4,Moderada,Alta,Forte alta,Estável
Psicologia (Bacharelado / Licenciatura / Psicólogo),Darcy Ribeiro,Diurno,CN,1,1,60.23,60.23,60.23,60.23,0.0,0.0,0.0,2,2,Baixa,Baixa,Estável,Estável
Psicologia (Bacharelado / Licenciatura / Psicólogo),Darcy Ribeiro,Diurno,EP_R1_NPPI,1,1,47.86,69.85,47.86,69.85,21.99,0.0,0.0,2,2,Baixa,Baixa,Estável,Estável
Psicologia (Bacharelado / Licenciatura / Psicólogo),Darcy Ribeiro,Diurno,EP_R1_PPI,1,1,23.24,34.13,23.24,34.13,10.9,0.0,0.0,2,2,Baixa,Baixa,Estável,Estável
Psicologia (Bacharelado / Licenciatura / Psicólogo),Darcy Ribeiro,Diurno,EP_R2_PPI,1,1,43.34,66.08,43.34,66.08,22.74,0.0,0.0,2,2,Baixa,Baixa,Estável,Estável
Psicologia (Bacharelado / Licenciatura / Psicólogo),Darcy Ribeiro (Plano Piloto) / DF,Diurno,AC,5,5,92.69,149.9,92.08,137.43,45.35,1.89,8.6,4,4,Muito alta,Moderada,Estável,Forte queda
Psicologia (Bacharelado / Licenciatura / Psicólogo),Darcy Ribeiro (Plano Piloto) / DF,Diurno,CN,5,5,83.14,83.14,68.13,63.14,-4.99,11.5,14.11,4,4,Moderada,Moderada,Forte queda,Forte queda
Psicologia (Bacharelado / Licenciatura / Psicólogo),Darcy Ribeiro (Plano Piloto) / DF,Diurno,EP_R1_NPPI,4,4,3.28,8.52,13.48,15.2,1.73,8.55,9.45,4,4,Moderada,Moderada,Forte alta,Forte alta
Psicologia (Bacharelado / Licenciatura / Psicólogo),Darcy Ribeiro (Plano Piloto) / DF,Diurno,EP_R1_NPPIQ,1,1,0.74,19.87,0.74,19.87,19.13,0.0,0.0,2,2,Baixa,Baixa,Estável,Estável
Psicologia (Bacharelado / Licenciatura / Psicólogo),Darcy Ribeiro (Plano Piloto) / DF,Diurno,EP_R1_NPPI_PCD,1,1,-11.54,-11.54,-11.54,-11.54,0.0,0.0,0.0,2,2,Baixa,Baixa,Estável,Estável
Psicologia (Bacharelado / Licenciatura / Psicólogo),Darcy Ribeiro (Plano Piloto) / DF,Diurno,EP_R1_PPI,4,4,-60.08,-34.65,-39.41,-17.1,22.31,20.06,23.94,4,4,Moderada,Moderada,Forte alta,Forte alta
Psicologia (Bacharelado / Licenciatura / Psicólogo),Darcy Ribeiro (Plano Piloto) / DF,Diurno,EP_R1_PPIQ,1,1,-37.31,2.58,-37.31,2.58,39.89,0.0,0.0,2,2,Baixa,Baixa,Estável,Estável
Psicologia (Bacharelado / Licenciatura / Psicólogo),Darcy Ribeiro (Plano Piloto) / DF,Diurno,EP_R2_NPPI,4,4,62.17,80.75,71.86,84.06,12.19,8.88,4.55,4,4,Moderada,Moderada,Forte alta,Alta
Psicologia (Bacharelado / Licenciatura / Psicólogo),Darcy Ribeiro (Plano Piloto) / DF,Diurno,EP_R2_NPPIQ,1,1,75.15,75.15,75.15,75.15,0.0,0.0,0.0,2,2,Baixa,Baixa,Estável,Estável
Psicologia (Bacharelado / Licenciatura / Psicólogo),Darcy Ribeiro (Plano Piloto) / DF,Diurno,EP_R2_NPPIQ_PCD,1,1,-2.93,-2.93,-2.93,-2.93,0.0,0.0,0.0,2,2,Baixa,Baixa,Estável,Estável
Psicologia (Bacharelado / Licenciatura / Psicólogo),Darcy Ribeiro (Plano Piloto) / DF,Diurno,EP_R2_NPPI_PCD,1,1,2.41,2.41,2.41,2.41,0.0,0.0,0.0,2,2,Baixa,Baixa,Estável,Estável
Psicologia (Bacharelado / Licenciatura / Psicólogo),Darcy Ribeiro (Plano Piloto) / DF,Diurno,EP_R2_PPI,4,4,-3.29,10.34,5.46,15.78,10.32,7.12,15.93,4,4,Moderada,Moderada,Forte alta,Forte alta
Psicologia (Bacharelado / Licenciatura / Psicólogo),Darcy Ribeiro (Plano Piloto) / DF,Diurno,EP_R2_PPIQ,1,1,29.32,44.61,29.32,44.61,15.3,0.0,0.0,2,2,Baixa,Baixa,Estável,Estável
Química (Bacharelado),Darcy Ribeiro,Diurno,AC,1,1,16.7,89.25,16.7,89.25,72.55,0.0,0.0,2,2,Baixa,Baixa,Estável,Estável
Química (Bacharelado),Darcy Ribeiro,Diurno,CN,1,1,-22.82,-22.82,-22.82,-22.82,0.0,0.0,0.0,2,2,Baixa,Baixa,Estável,Estável
Química (Bacharelado),Darcy Ribeiro,Diurno,EP_R1_NPPI,1,1,-31.14,10.83,-31.14,10.83,41.97,0.0,0.0,2,2,Baixa,Baixa,Estável,Estável
Química (Bacharelado),Darcy Ribeiro,Diurno,EP_R2_NPPI,1,1,-37.59,57.93,-37.59,57.93,95.52,0.0,0.0,2,2,Baixa,Baixa,Estável,Estável
Química (Bacharelado),Darcy Ribeiro,Diurno,EP_R2_PPI,1,1,-22.66,21.49,-22.66,21.49,44.15,0.0,0.0,2,2,Baixa,Baixa,Estável,Estável
Química (Bacharelado),Darcy Ribeiro (Plano Piloto) / DF,Diurno,AC,5,5,5.56,107.23,18.08,94.95,76.86,14.54,9.64,4,4,Moderada,Moderada,Forte alta,Forte queda
Química (Bacharelado),Darcy Ribeiro (Plano Piloto) / DF,Diurno,CN,4,4,-10.18,-10.18,-11.5,-11.5,0.0,3.77,3.77,4,4,Alta,Alta,Queda,Queda
Química (Bacharelado),Darcy Ribeiro (Plano Piloto) / DF,Diurno,EP_R1_NPPI,2,2,-57.81,20.5,-93.91,17.03,110.94,59.54,5.73,4,4,Moderada,Moderada,Forte queda,Queda
Química (Bacharelado),Darcy Ribeiro (Plano Piloto) / DF,Diurno,EP_R1_PPI,1,1,22.56,26.65,22.56,26.65,4.09,0.0,0.0,2,2,Baixa,Baixa,Estável,Estável
Química (Bacharelado),Darcy Ribeiro (Plano Piloto) / DF,Diurno,EP_R2_NPPI,4,4,-76.37,-76.37,-72.49,-52.29,20.2,14.17,27.08,4,4,Moderada,Moderada,Alta,Forte alta
Química (Bacharelado),Darcy Ribeiro (Plano Piloto) / DF,Diurno,EP_R2_NPPIQ,1,1,-54.78,11.65,-54.78,11.65,66.44,0.0,0.0,2,2,Baixa,Baixa,Estável,Estável
Química (Bacharelado),Darcy Ribeiro (Plano Piloto) / DF,Diurno,EP_R2_PPI,2,2,-43.67,-43.67,-55.99,-55.99,0.0,30.18,30.18,4,4,Moderada,Moderada,Forte queda,Forte queda
Química (Bacharelado),Darcy Ribeiro (Plano Piloto) / DF,Diurno,EP_R2_PPIQ,1,1,-12.87,-12.87,-12.87,-12.87,0.0,0.0,0.0,2,2,Baixa,Baixa,Estável,Estável
Química (Licenciatura),Darcy Ribeiro,Noturno,AC,1,1,-32.77,-32.77,-32.77,-32.77,0.0,0.0,0.0,2,2,Baixa,Baixa,Estável,Estável
Química (Licenciatura),Darcy Ribeiro,Noturno,CN,1,1,-44.64,-44.64,-44.64,-44.64,0.0,0.0,0.0,2,2,Baixa,Baixa,Estável,Estável
Química (Licenciatura),Darcy Ribeiro,Noturno,EP_R1_NPPI,1,1,13.39,13.39,13.39,13.39,0.0,0.0,0.0,2,2,Baixa,Baixa,Estável,Estável
Química (Licenciatura),Darcy Ribeiro,Noturno,EP_R2_NPPI,1,1,11.48,11.48,11.48,11.48,0.0,0.0,0.0,2,2,Baixa,Baixa,Estável,Estável
Química (Licenciatura),Darcy Ribeiro,Noturno,EP_R2_PPI,1,1,-24.26,-24.26,-24.26,-24.26,0.0,0.0,0.0,2,2,Baixa,Baixa,Estável,Estável
Química (Licenciatura),Darcy Ribeiro (Plano Piloto) / DF,Noturno,AC,4,4,-54.7,44.04,-49.26,42.93,92.19,13.47,12.8,4,4,Moderada,Moderada,Forte alta,Queda
Química (Licenciatura),Darcy Ribeiro (Plano Piloto) / DF,Noturno,EP_R1_NPPI,1,1,-30.87,-30.87,-30.87,-30.87,0.0,0.0,0.0,2,2,Baixa,Baixa,Estável,Estável
Química (Licenciatura),Darcy Ribeiro (Plano Piloto) / DF,Noturno,EP_R1_PPI,1,1,-59.08,-1.06,-59.08,-1.06,58.02,0.0,0.0,2,2,Baixa,Baixa,Estável,Estável
Química (Licenciatura),Darcy Ribeiro (Plano Piloto) / DF,Noturno,EP_R2_NPPI,3,3,-22.38,-22.24,-15.07,-25.71,-10.63,15.66,3.27,4,4,Moderada,Alta,Forte alta,Queda
Química (Licenciatura),Darcy Ribeiro (Plano Piloto) / DF,Noturno,EP_R2_PPI,1,1,-35.79,12.1,-35.79,12.1,47.89,0.0,0.0,2,2,Baixa,Baixa,Estável,Estável
Química Tecnológica (Bacharelado),Darcy Ribeiro,Diurno,AC,1,1,-23.38,65.91,-23.38,65.91,89.29,0.0,0.0,2,2,Baixa,Baixa,Estável,Estável
Química Tecnológica (Bacharelado),Darcy Ribeiro,Diurno,CN,1,1,-2.18,-2.18,-2.18,-2.18,0.0,0.0,0.0,2,2,Baixa,Baixa,Estável,Estável
Química Tecnológica (Bacharelado),Darcy Ribeiro,Diurno,EP_R1_NPPI,1,1,23.34,23.34,23.34,23.34,0.0,0.0,0.0,2,2,Baixa,Baixa,Estável,Estável
Química Tecnológica (Bacharelado),Darcy Ribeiro,Diurno,EP_R2_NPPI,1,1,-27.68,-27.68,-27.68,-27.68,0.0,0.0,0.0,2,2,Baixa,Baixa,Estável,Estável
Química Tecnológica (Bacharelado),Darcy Ribeiro (Plano Piloto) / DF,Diurno,AC,4,4,-30.09,126.28,-37.67,124.62,162.29,8.44,36.95,4,4,Moderada,Moderada,Forte queda,Queda
Química Tecnológica (Bacharelado),Darcy Ribeiro (Plano Piloto) / DF,Diurno,CN,1,1,-32.24,-32.24,-32.24,-32.24,0.0,0.0,0.0,2,2,Baixa,Baixa,Estável,Estável
Química Tecnológica (Bacharelado),Darcy Ribeiro (Plano Piloto) / DF,Diurno,EP_R2_NPPI,3,3,-53.72,-27.07,-59.77,-30.71,29.07,23.4,15.57,4,4,Moderada,Moderada,Forte queda,Queda
Química Tecnológica (Bacharelado),Darcy Ribeiro (Plano Piloto) / DF,Diurno,EP_R2_PPI,2,2,-30.9,31.36,-28.46,44.18,72.64,5.98,31.4,4,4,Moderada,Moderada,Alta,Forte alta
Relações Internacionais (Bacharelado),Darcy Ribeiro,Diurno,AC,1,0,98.31,,98.31,,,0.0,,2,0,Baixa,Sem histórico,Estável,Indeterminada
Relações Internacionais (Bacharelado),Darcy Ribeiro,Diurno,CN,1,1,47.56,47.56,47.56,47.56,0.0,0.0,0.0,2,2,Baixa,Baixa,Estável,Estável
Relações Internacionais (Bacharelado),Darcy Ribeiro,Diurno,EP_R1_NPPI,1,1,11.12,64.54,11.12,64.54,53.42,0.0,0.0,2,2,Baixa,Baixa,Estável,Estável
Relações Internacionais (Bacharelado),Darcy Ribeiro,Diurno,EP_R1_PPI,1,1,17.31,73.8,17.31,73.8,56.49,0.0,0.0,2,2,Baixa,Baixa,Estável,Estável
Relações Internacionais (Bacharelado),Darcy Ribeiro,Diurno,EP_R2_PPI,1,0,46.91,,46.91,,,0.0,,2,0,Baixa,Sem histórico,Estável,Indeterminada
Relações Internacionais (Bacharelado),Darcy Ribeiro (Plano Piloto) / DF,Diurno,AC,5,5,105.1,162.48,97.83,140.5,42.67,6.39,14.89,4,4,Moderada,Moderada,Forte queda,Forte queda
Relações Internacionais (Bacharelado),Darcy Ribeiro (Plano Piloto) / DF,Diurno,CN,5,5,100.78,100.78,94.58,94.15,-0.43,10.52,10.12,4,4,Moderada,Moderada,Forte queda,Forte queda
Relações Internacionais (Bacharelado),Darcy Ribeiro (Plano Piloto) / DF,Diurno,EP_R1_NPPI,4,4,-5.02,0.8,2.94,2.85,-0.09,6.4,15.6,4,4,Moderada,Moderada,Forte alta,Alta
Relações Internacionais (Bacharelado),Darcy Ribeiro (Plano Piloto) / DF,Diurno,EP_R1_NPPIQ,1,1,-59.28,22.16,-59.28,22.16,81.45,0.0,0.0,2,2,Baixa,Baixa,Estável,Estável
Relações Internacionais (Bacharelado),Darcy Ribeiro (Plano Piloto) / DF,Diurno,EP_R1_PPI,3,3,-25.57,81.01,-23.65,79.92,103.57,3.82,32.94,4,4,Alta,Moderada,Alta,Queda
Relações Internacionais (Bacharelado),Darcy Ribeiro (Plano Piloto) / DF,Diurno,EP_R2_NPPI,4,4,34.21,34.3,45.01,37.62,-7.4,8.01,11.53,4,4,Moderada,Moderada,Forte alta,Alta
Relações Internacionais (Bacharelado),Darcy Ribeiro (Plano Piloto) / DF,Diurno,EP_R2_NPPIQ,1,1,72.13,90.75,72.13,90.75,18.63,0.0,0.0,2,2,Baixa,Baixa,Estável,Estável
Relações Internacionais (Bacharelado),Darcy Ribeiro (Plano Piloto) / DF,Diurno,EP_R2_NPPI_PCD,1,1,22.69,22.69,22.69,22.69,0.0,0.0,0.0,2,2,Baixa,Baixa,Estável,Estável
Relações Internacionais (Bacharelado),Darcy Ribeiro (Plano Piloto) / DF,Diurno,EP_R2_PPI,4,4,-29.25,-2.28,-22.29,-1.97,20.32,6.52,13.93,4,4,Moderada,Moderada,Forte alta,Estável
Relações Internacionais (Bacharelado),Darcy Ribeiro (Plano Piloto) / DF,Diurno,EP_R2_PPIQ,1,1,1.23,60.34,1.23,60.34,59.11,0.0,0.0,2,2,Baixa,Baixa,Estável,Estável
Saúde Coletiva (Bacharelado),Ceilândi a (FCE),Diurno,AC,1,1,-68.0,-8.4,-68.0,-8.4,59.59,0.0,0.0,2,2,Baixa,Baixa,Estável,Estável
Saúde Coletiva (Bacharelado),Ceilândi a (FCE),Diurno,EP_R1_NPPI,1,1,-55.28,-31.58,-55.28,-31.58,23.7,0.0,0.0,2,2,Baixa,Baixa,Estável,Estável
Saúde Coletiva (Bacharelado),Ceilândi a (FCE),Diurno,EP_R2_NPPI,1,1,-95.9,-28.2,-95.9,-28.2,67.71,0.0,0.0,2,2,Baixa,Baixa,Estável,Estável
Saúde Coletiva (Bacharelado),Ceilândi a (FCE),Diurno,EP_R2_PPI,1,1,-58.61,-58.61,-58.61,-58.61,0.0,0.0,0.0,2,2,Baixa,Baixa,Estável,Estável
Saúde Coletiva (Bacharelado),Ceilândia / DF,Diurno,AC,4,4,-73.06,-3.92,-73.26,2.09,75.35,3.84,4.32,4,4,Alta,Moderada,Estável,Forte alta
Saúde Coletiva (Bacharelado),Ceilândia / DF,Diurno,CN,2,2,-39.76,-28.88,-48.47,-33.05,15.42,14.37,6.89,4,4,Moderada,Moderada,Forte queda,Queda
Saúde Coletiva (Bacharelado),Ceilândia / DF,Diurno,EP_R1_NPPI,2,2,-92.73,-92.73,-94.51,-96.81,-2.3,6.8,15.63,4,4,Moderada,Moderada,Queda,Queda
Saúde Coletiva (Bacharelado),Ceilândia / DF,Diurno,EP_R1_PPI,2,2,-34.48,-34.48,-26.51,-39.91,-13.4,19.52,13.3,4,4,Moderada,Moderada,Forte alta,Forte queda
Saúde Coletiva (Bacharelado),Ceilândia / DF,Diurno,EP_R2_NPPI,3,3,-42.44,-23.87,-45.57,-22.33,23.24,6.08,5.74,4,4,Moderada,Moderada,Queda,Alta
Saúde Coletiva (Bacharelado),Ceilândia / DF,Diurno,EP_R2_PPI,2,2,-76.2,-9.79,-78.34,-10.66,67.68,5.24,2.14,4,4,Moderada,Moderada,Queda,Estável
Saúde Coletiva (Bacharelado),Darcy Ribeiro,Noturno,AC,1,1,-55.14,-44.55,-55.14,-44.55,10.58,0.0,0.0,2,2,Baixa,Baixa,Estável,Estável
Saúde Coletiva (Bacharelado),Darcy Ribeiro,Noturno,CN,1,1,-38.73,-38.73,-38.73,-38.73,0.0,0.0,0.0,2,2,Baixa,Baixa,Estável,Estável
Saúde Coletiva (Bacharelado),Darcy Ribeiro,Noturno,EP_R1_NPPI,1,1,-1.39,-1.39,-1.39,-1.39,0.0,0.0,0.0,2,2,Baixa,Baixa,Estável,Estável
Saúde Coletiva (Bacharelado),Darcy Ribeiro,Noturno,EP_R1_PPI,1,1,-64.75,-22.83,-64.75,-22.83,41.92,0.0,0.0,2,2,Baixa,Baixa,Estável,Estável
Saúde Coletiva (Bacharelado),Darcy Ribeiro,Noturno,EP_R2_NPPI,1,1,-71.56,-36.05,-71.56,-36.05,35.51,0.0,0.0,2,2,Baixa,Baixa,Estável,Estável
Saúde Coletiva (Bacharelado),Darcy Ribeiro,Noturno,EP_R2_PPI,1,1,-20.34,-20.34,-20.34,-20.34,0.0,0.0,0.0,2,2,Baixa,Baixa,Estável,Estável
Saúde Coletiva (Bacharelado),Darcy Ribeiro (Plano Piloto) / DF,Noturno,AC,4,4,-72.56,9.48,-80.21,6.09,86.3,7.88,4.78,4,4,Moderada,Moderada,Forte queda,Queda
Saúde Coletiva (Bacharelado),Darcy Ribeiro (Plano Piloto) / DF,Noturno,CN,1,1,-37.51,-37.51,-37.51,-37.51,0.0,0.0,0.0,2,2,Baixa,Baixa,Estável,Estável
Saúde Coletiva (Bacharelado),Darcy Ribeiro (Plano Piloto) / DF,Noturno,EP_R1_NPPI,1,1,-5.5,-5.5,-5.5,-5.5,0.0,0.0,0.0,2,2,Baixa,Baixa,Estável,Estável
Saúde Coletiva (Bacharelado),Darcy Ribeiro (Plano Piloto) / DF,Noturno,EP_R1_PPI,2,2,-78.91,-78.91,-67.84,-67.84,0.0,18.26,18.26,4,4,Moderada,Moderada,Forte alta,Forte alta
Saúde Coletiva (Bacharelado),Darcy Ribeiro (Plano Piloto) / DF,Noturno,EP_R2_NPPI,2,2,-85.04,-50.55,-91.19,-53.82,37.37,23.53,12.52,4,4,Moderada,Moderada,Forte queda,Queda
Saúde Coletiva (Bacharelado),Darcy Ribeiro (Plano Piloto) / DF,Noturno,EP_R2_PPI,1,1,-88.5,-45.44,-88.5,-45.44,43.05,0.0,0.0,2,2,Baixa,Baixa,Estável,Estável
Serviço Social (Bacharelado),Darcy Ribeiro,Diurno,AC,1,1,3.92,58.12,3.92,58.12,54.2,0.0,0.0,2,2,Baixa,Baixa,Estável,Estável
Serviço Social (Bacharelado),Darcy Ribeiro,Diurno,CN,1,1,14.69,14.69,14.69,14.69,0.0,0.0,0.0,2,2,Baixa,Baixa,Estável,Estável
Serviço Social (Bacharelado),Darcy Ribeiro,Diurno,EP_R1_PPI,1,1,-10.26,19.6,-10.26,19.6,29.86,0.0,0.0,2,2,Baixa,Baixa,Estável,Estável
Serviço Social (Bacharelado),Darcy Ribeiro,Diurno,EP_R2_NPPI,1,1,-58.67,-11.65,-58.67,-11.65,47.02,0.0,0.0,2,2,Baixa,Baixa,Estável,Estável
Serviço Social (Bacharelado),Darcy Ribeiro,Diurno,EP_R2_PPI,1,1,-33.22,1.08,-33.22,1.08,34.3,0.0,0.0,2,2,Baixa,Baixa,Estável,Estável
Serviço Social (Bacharelado),Darcy Ribeiro,Noturno,AC,1,1,-76.15,-17.92,-76.15,-17.92,58.23,0.0,0.0,2,2,Baixa,Baixa,Estável,Estável
Serviço Social (Bacharelado),Darcy Ribeiro,Noturno,EP_R1_NPPI,1,1,-35.08,-35.08,-35.08,-35.08,0.0,0.0,0.0,2,2,Baixa,Baixa,Estável,Estável
Serviço Social (Bacharelado),Darcy Ribeiro,Noturno,EP_R1_PPI,1,1,-42.52,-26.01,-42.52,-26.01,16.51,0.0,0.0,2,2,Baixa,Baixa,Estável,Estável
Serviço Social (Bacharelado),Darcy Ribeiro,Noturno,EP_R2_NPPI,1,1,-37.74,-14.88,-37.74,-14.88,22.86,0.0,0.0,2,2,Baixa,Baixa,Estável,Estável
Serviço Social (Bacharelado),Darcy Ribeiro (Plano Piloto) / DF,Diurno,AC,4,4,-49.34,58.36,-42.31,50.48,92.78,5.74,9.05,4,4,Moderada,Moderada,Forte alta,Forte queda
Serviço Social (Bacharelado),Darcy Ribeiro (Plano Piloto) / DF,Diurno,CN,4,4,-34.48,-34.48,-33.93,-37.26,-3.33,12.11,16.86,4,4,Moderada,Moderada,Estável,Queda
Serviço Social (Bacharelado),Darcy Ribeiro (Plano Piloto) / DF,Diurno,EP_R1_NPPI,2,2,-19.62,-18.3,-13.23,-15.4,-2.17,24.47,11.11,4,4,Moderada,Moderada,Forte alta,Alta
Serviço Social (Bacharelado),Darcy Ribeiro (Plano Piloto) / DF,Diurno,EP_R1_PPI,2,2,-21.3,-21.3,-19.01,-20.73,-1.72,8.78,2.18,4,4,Moderada,Moderada,Alta,Estável
Serviço Social (Bacharelado),Darcy Ribeiro (Plano Piloto) / DF,Diurno,EP_R2_NPPI,3,3,-61.49,-36.38,-61.81,-28.17,33.64,2.74,6.46,4,4,Alta,Moderada,Estável,Forte alta
Serviço Social (Bacharelado),Darcy Ribeiro (Plano Piloto) / DF,Diurno,EP_R2_NPPIQ,1,1,-49.66,-35.42,-49.66,-35.42,14.25,0.0,0.0,2,2,Baixa,Baixa,Estável,Estável
Serviço Social (Bacharelado),Darcy Ribeiro (Plano Piloto) / DF,Diurno,EP_R2_PPI,2,2,-46.94,-3.06,-43.84,-1.25,42.59,7.61,4.45,4,4,Moderada,Moderada,Alta,Alta
Serviço Social (Bacharelado),Darcy Ribeiro (Plano Piloto) / DF,Diurno,EP_R2_PPIQ,1,1,-37.84,-37.84,-37.84,-37.84,0.0,0.0,0.0,2,2,Baixa,Baixa,Estável,Estável
Serviço Social (Bacharelado),Darcy Ribeiro (Plano Piloto) / DF,Noturno,AC,4,4,-61.12,-3.13,-63.11,-3.0,60.11,2.38,3.72,4,4,Alta,Alta,Queda,Estável
Serviço Social (Bacharelado),Darcy Ribeiro (Plano Piloto) / DF,Noturno,CN,3,3,-9.96,-9.96,-12.83,-14.56,-1.73,8.89,6.94,4,4,Moderada,Moderada,Queda,Queda
Serviço Social (Bacharelado),Darcy Ribeiro (Plano Piloto) / DF,Noturno,EP_R1_NPPI,2,2,-31.82,-31.82,-22.6,-22.6,0.0,15.21,15.21,4,4,Moderada,Moderada,Forte alta,Forte alta
Serviço Social (Bacharelado),Darcy Ribeiro (Plano Piloto) / DF,Noturno,EP_R1_PPI,2,2,-46.65,-46.65,-47.64,-47.64,0.0,3.78,3.78,4,4,Moderada,Moderada,Estável,Estável
Serviço Social (Bacharelado),Darcy Ribeiro (Plano Piloto) / DF,Noturno,EP_R2_NPPI,2,2,-61.62,-61.62,-66.29,-70.56,-4.28,11.45,21.92,4,4,Moderada,Moderada,Queda,Forte queda
Serviço Social (Bacharelado),Darcy Ribeiro (Plano Piloto) / DF,Noturno,EP_R2_PPI,2,2,-45.24,-45.24,-44.43,-47.03,-2.6,3.08,6.86,4,4,Moderada,Moderada,Estável,Queda
"Teoria, Crítica e História da Arte (Bacharelado)",Darcy Ribeiro,Noturno,AC,1,1,-0.05,50.76,-0.05,50.76,50.82,0.0,0.0,2,2,Baixa,Baixa,Estável,Estável
"Teoria, Crítica e História da Arte (Bacharelado)",Darcy Ribeiro,Noturno,EP_R2_NPPI,1,1,-27.62,-13.5,-27.62,-13.5,14.11,0.0,0.0,2,2,Baixa,Baixa,Estável,Estável
"Teoria, Crítica e História da Arte (Bacharelado)",Darcy Ribeiro (Plano Piloto) / DF,Noturno,AC,4,4,-22.04,8.62,-24.86,23.16,48.02,14.59,21.59,4,4,Moderada,Moderada,Queda,Forte alta
"Teoria, Crítica e História da Arte (Bacharelado)",Darcy Ribeiro (Plano Piloto) / DF,Noturno,CN,1,1,4.74,4.74,4.74,4.74,0.0,0.0,0.0,2,2,Baixa,Baixa,Estável,Estável
"Teoria, Crítica e História da Arte (Bacharelado)",Darcy Ribeiro (Plano Piloto) / DF,Noturno,EP_R1_PPI,1,1,3.16,3.16,3.16,3.16,0.0,0.0,0.0,2,2,Baixa,Baixa,Estável,Estável
"Teoria, Crítica e História da Arte (Bacharelado)",Darcy Ribeiro (Plano Piloto) / DF,Noturno,EP_R2_PPI,1,1,-51.34,-51.34,-51.34,-51.34,0.0,0.0,0.0,2,2,Baixa,Baixa,Estável,Estável
Terapia Ocupacional (Bacharelado),Ceilândi a (FCE),Diurno,AC,1,1,-21.68,19.32,-21.68,19.32,41.01,0.0,0.0,2,2,Baixa,Baixa,Estável,Estável
Terapia Ocupacional (Bacharelado),Ceilândi a (FCE),Diurno,CN,1,1,-8.71,-8.71,-8.71,-8.71,0.0,0.0,0.0,2,2,Baixa,Baixa,Estável,Estável
Terapia Ocupacional (Bacharelado),Ceilândi a (FCE),Diurno,EP_R1_NPPI,1,1,-29.11,-25.42,-29.11,-25.42,3.7,0.0,0.0,2,2,Baixa,Baixa,Estável,Estável
Terapia Ocupacional (Bacharelado),Ceilândi a (FCE),Diurno,EP_R1_PPI,1,1,-62.3,-38.06,-62.3,-38.06,24.24,0.0,0.0,2,2,Baixa,Baixa,Estável,Estável
Terapia Ocupacional (Bacharelado),Ceilândi a (FCE),Diurno,EP_R2_NPPI,1,1,-14.52,37.81,-14.52,37.81,52.33,0.0,0.0,2,2,Baixa,Baixa,Estável,Estável
Terapia Ocupacional (Bacharelado),Ceilândi a (FCE),Diurno,EP_R2_PPI,1,1,-69.77,9.31,-69.77,9.31,79.07,0.0,0.0,2,2,Baixa,Baixa,Estável,Estável
Terapia Ocupacional (Bacharelado),Ceilândia / DF,Diurno,AC,5,5,2.71,46.76,-0.38,33.34,33.72,13.78,8.95,4,4,Moderada,Moderada,Queda,Forte queda
Terapia Ocupacional (Bacharelado),Ceilândia / DF,Diurno,CN,4,4,-18.44,-18.44,-16.55,-16.72,-0.16,4.12,4.32,4,4,Moderada,Moderada,Alta,Alta
Terapia Ocupacional (Bacharelado),Ceilândia / DF,Diurno,EP_R1_NPPI,3,3,-88.6,-3.99,-74.43,-13.32,61.11,11.06,7.23,4,4,Moderada,Moderada,Forte alta,Forte queda
Terapia Ocupacional (Bacharelado),Ceilândia / DF,Diurno,EP_R1_NPPIQ,1,1,-82.86,-36.85,-82.86,-36.85,46.0,0.0,0.0,2,2,Baixa,Baixa,Estável,Estável
Terapia Ocupacional (Bacharelado),Ceilândia / DF,Diurno,EP_R1_PPI,2,2,-16.7,-16.7,8.33,-46.7,-55.03,41.28,49.47,4,4,Moderada,Moderada,Forte alta,Forte queda
Terapia Ocupacional (Bacharelado),Ceilândia / DF,Diurno,EP_R2_NPPI,4,4,-98.32,-37.28,-84.39,-35.63,48.76,11.86,13.8,4,4,Moderada,Moderada,Forte alta,Alta
Terapia Ocupacional (Bacharelado),Ceilândia / DF,Diurno,EP_R2_NPPIQ,1,1,-14.67,-6.04,-14.67,-6.04,8.64,0.0,0.0,2,2,Baixa,Baixa,Estável,Estável
Terapia Ocupacional (Bacharelado),Ceilândia / DF,Diurno,EP_R2_PPI,2,2,-37.68,-4.11,-37.06,-2.29,34.77,2.38,6.96,4,4,Moderada,Moderada,Estável,Alta
Terapia Ocupacional (Bacharelado),Ceilândia / DF,Diurno,EP_R2_PPIQ,1,1,-72.22,-22.38,-72.22,-22.38,49.84,0.0,0.0,2,2,Baixa,Baixa,Estável,Estável
Turismo (Bacharelado),Darcy Ribeiro,Diurno,AC,1,1,-89.92,12.68,-89.92,12.68,102.59,0.0,0.0,2,2,Baixa,Baixa,Estável,Estável
Turismo (Bacharelado),Darcy Ribeiro,Diurno,CN,1,1,-21.95,-21.95,-21.95,-21.95,0.0,0.0,0.0,2,2,Baixa,Baixa,Estável,Estável
Turismo (Bacharelado),Darcy Ribeiro,Diurno,EP_R1_NPPI,1,1,-64.42,-64.42,-64.42,-64.42,0.0,0.0,0.0,2,2,Baixa,Baixa,Estável,Estável
Turismo (Bacharelado),Darcy Ribeiro,Diurno,EP_R1_PPI,1,1,-54.81,-54.81,-54.81,-54.81,0.0,0.0,0.0,2,2,Baixa,Baixa,Estável,Estável
Turismo (Bacharelado),Darcy Ribeiro,Diurno,EP_R2_NPPI,1,1,-79.51,-24.63,-79.51,-24.63,54.88,0.0,0.0,2,2,Baixa,Baixa,Estável,Estável
Turismo (Bacharelado),Darcy Ribeiro (Plano Piloto) / DF,Diurno,AC,4,4,-62.25,51.49,-65.35,39.29,104.63,10.09,17.45,4,4,Moderada,Moderada,Queda,Forte queda
Turismo (Bacharelado),Darcy Ribeiro (Plano Piloto) / DF,Diurno,CN,3,3,-53.59,-53.59,-57.22,-57.22,0.0,8.81,8.81,4,4,Moderada,Moderada,Queda,Queda
Turismo (Bacharelado),Darcy Ribeiro (Plano Piloto) / DF,Diurno,EP_R1_NPPI,2,2,-13.36,-7.22,-11.52,-4.86,6.66,7.07,9.03,4,4,Moderada,Moderada,Alta,Alta
Turismo (Bacharelado),Darcy Ribeiro (Plano Piloto) / DF,Diurno,EP_R2_NPPI,3,3,-70.35,-23.01,-58.13,-19.62,38.52,9.58,5.03,4,4,Moderada,Moderada,Forte alta,Alta
Turismo (Bacharelado),Darcy Ribeiro (Plano Piloto) / DF,Diurno,EP_R2_PPI,1,1,-68.24,-14.64,-68.24,-14.64,53.6,0.0,0.0,2,2,Baixa,Baixa,Estável,Estável
