id_oferta,id_oferta_num,curso,campus,turno,modalidade,observacoes_min,observacoes_max,primeira_nota_min,ultima_nota_min,primeira_nota_max,ultima_nota_max,media_historica_min,mediana_historica_min,minimo_historico_min,maximo_historico_min,amplitude_historica_min,desvio_historico_min,coef_var_min,consistencia_min,mudancas_min,volatilidade_min,media_historica_max,mediana_historica_max,minimo_historico_max,maximo_historico_max,amplitude_historica_max,desvio_historico_max,coef_var_max,consistencia_max,mudancas_max,volatilidade_max,persistencia_min,r2_persistencia_min,regressao_linear_min,r2_regressao_linear_min,regressao_ponderada_min,r2_regressao_ponderada_min,media_movel_min,r2_media_movel_min,persistencia_max,r2_persistencia_max,regressao_linear_max,r2_regressao_linear_max,regressao_ponderada_max,r2_regressao_ponderada_max,media_movel_max,r2_media_movel_max,ensemble_min,ensemble_mediana_min,ensemble_desvio_min,ensemble_amplitude_min,ensemble_n_modelos_min,ensemble_max,ensemble_mediana_max,ensemble_desvio_max,ensemble_amplitude_max,ensemble_n_modelos_max
Administração (Bacharelado) | Darcy Ribeiro | Diurno | AC | EP=False | R=NA | GE=NA | PCD=False | SM=NA,1,Administração (Bacharelado),Darcy Ribeiro,Diurno,AC,6,6,-5.813,38.131,69.035,99.156,26.868,37.418,-5.813,46.485,52.298,23.412,87.136,80.0,2.0,35.681,82.398,96.546,12.807,120.3,107.493,37.802,45.877,60.0,2,65.453,38.131,,37.962,0.064,28.688,-0.031,29.51,,99.156,,64.876,0.061,62.418,0.059,78.226,,33.573,33.736,5.177,9.443,4,76.169,71.551,16.825,36.738,4
Administração (Bacharelado) | Darcy Ribeiro | Noturno | AC | EP=False | R=NA | GE=NA | PCD=False | SM=NA,2,Administração (Bacharelado),Darcy Ribeiro,Noturno,AC,6,6,-98.9,-7.05,38.986,44.901,-38.006,-16.271,-98.9,-2.777,96.123,42.97,-113.06,60.0,2.0,68.732,40.601,47.522,-40.646,98.221,138.867,45.085,111.043,60.0,4,73.686,-7.05,,-17.479,0.065,-29.29,0.019,-33.119,,44.901,,2.085,0.209,0.305,0.208,31.431,,-21.734,-23.384,11.838,26.069,4,19.68,16.758,22.054,44.596,4
Administração (Bacharelado) | Darcy Ribeiro | Diurno | CN | EP=False | R=NA | GE=NEGROS | PCD=False | SM=NA,3,Administração (Bacharelado),Darcy Ribeiro,Diurno,CN,6,6,-40.808,-12.58,3.022,6.842,-28.12,-26.694,-54.707,-4.981,49.726,22.874,-81.344,60.0,4.0,48.142,-7.373,1.368,-49.856,44.699,94.555,36.28,-492.069,60.0,3,76.162,-12.58,,-24.194,0.008,-23.703,0.008,-27.185,,6.842,,-10.52,0.002,-5.991,-0.007,-8.122,,-21.916,-23.949,6.411,14.605,4,-4.448,-7.057,7.751,17.362,4
Administração (Bacharelado) | Darcy Ribeiro | Noturno | CN | EP=False | R=NA | GE=NEGROS | PCD=False | SM=NA,4,Administração (Bacharelado),Darcy Ribeiro,Noturno,CN,5,5,-3.806,-54.846,1.212,-53.83,-23.06,-6.548,-54.846,-1.176,53.67,26.464,-114.765,50.0,3.0,43.831,-6.654,1.212,-53.83,19.031,72.861,27.61,-414.944,50.0,1,29.73,-54.846,,-58.81,0.468,-59.141,0.467,-30.223,,-53.83,,-48.142,0.579,-59.904,0.455,-14.281,,-50.755,-56.828,13.826,28.918,4,-44.039,-50.986,20.412,45.623,4
Administração (Bacharelado) | Darcy Ribeiro | Diurno | EP_R1_NPPI | EP=True | R=R1 | GE=NPPI | PCD=False | SM=1.5,5,Administração (Bacharelado),Darcy Ribeiro,Diurno,EP_R1_NPPI,4,4,-90.624,-59.221,-3.524,-21.197,-51.749,-50.495,-90.624,-15.383,75.241,31.566,-60.997,66.667,1.0,56.273,-2.144,-1.766,-21.197,16.153,37.35,15.322,-714.546,66.667,1,27.969,-59.221,,-34.793,0.077,-53.332,-0.096,-48.358,,-21.197,,-11.358,0.096,-19.532,-0.046,-3.987,,-48.926,-50.845,10.416,24.428,4,-14.019,-15.445,7.95,17.21,4
Administração (Bacharelado) | Darcy Ribeiro | Noturno | EP_R1_NPPI | EP=True | R=R1 | GE=NPPI | PCD=False | SM=1.5,6,Administração (Bacharelado),Darcy Ribeiro,Noturno,EP_R1_NPPI,4,4,-64.264,-45.664,-17.504,6.082,-43.377,-40.222,-64.264,-28.8,35.464,15.577,-35.91,66.667,1.0,25.462,-8.615,-5.711,-34.78,11.743,46.523,21.557,-250.23,66.667,2,47.455,-45.664,,-30.922,0.17,-40.192,-0.007,-40.886,,6.082,,-2.556,0.021,-0.233,0.015,-7.403,,-39.416,-40.539,6.163,14.742,4,-1.028,-1.394,5.602,13.485,4
Administração (Bacharelado) | Darcy Ribeiro | Diurno | EP_R1_NPPIQ | EP=True | R=R1 | GE=NPPIQ | PCD=False | SM=1.0,7,Administração (Bacharelado),Darcy Ribeiro,Diurno,EP_R1_NPPIQ,1,1,-67.831,-67.831,-19.227,-19.227,-67.831,-67.831,-67.831,-67.831,0.0,0.0,0.0,100.0,0.0,0.0,-19.227,-19.227,-19.227,-19.227,0.0,0.0,0.0,100.0,0,0.0,-67.831,,,,,,-67.831,,-19.227,,,,,,-19.227,,-67.831,-67.831,0.0,0.0,2,-19.227,-19.227,0.0,0.0,2
Administração (Bacharelado) | Darcy Ribeiro | Diurno | EP_R1_PPI | EP=True | R=R1 | GE=PPI | PCD=False | SM=1.5,8,Administração (Bacharelado),Darcy Ribeiro,Diurno,EP_R1_PPI,4,4,-32.289,-53.789,-1.11,-9.772,-42.766,-42.494,-53.789,-32.289,21.5,9.419,-22.024,100.0,0.0,1.148,7.238,7.574,-9.772,23.576,33.348,15.355,212.143,66.667,1,25.647,-53.789,,-60.975,0.997,-61.193,0.996,-46.408,,-9.772,,-1.088,0.078,-11.231,-0.14,5.573,,-55.591,-57.382,7.022,14.785,4,-4.13,-5.43,7.867,16.804,4
Administração (Bacharelado) | Darcy Ribeiro | Noturno | EP_R1_PPI | EP=True | R=R1 | GE=PPI | PCD=False | SM=1.5,9,Administração (Bacharelado),Darcy Ribeiro,Noturno,EP_R1_PPI,3,3,2.342,-46.477,2.342,-16.586,-38.741,-46.477,-72.089,2.342,74.431,37.814,-97.606,50.0,1.0,70.741,-8.798,-12.149,-16.586,2.342,18.928,9.899,-112.519,100.0,0,7.109,-46.477,,-87.56,0.417,-70.886,0.335,-46.878,,-16.586,,-27.726,0.914,-26.05,0.902,-11.952,,-62.95,-58.882,19.986,41.083,4,-20.578,-21.318,7.558,15.773,4
Administração (Bacharelado) | Darcy Ribeiro | Diurno | EP_R2_NPPI | EP=True | R=R2 | GE=NPPI | PCD=False | SM=1.5,10,Administração (Bacharelado),Darcy Ribeiro,Diurno,EP_R2_NPPI,5,5,-80.471,-77.484,-26.835,-34.03,-31.063,-11.331,-80.471,13.596,94.067,44.632,-143.68,75.0,1.0,66.797,22.259,33.653,-34.03,85.005,119.035,51.531,231.504,75.0,1,78.449,-77.484,,-21.793,0.012,-53.685,-0.275,-29.003,,-34.03,,2.537,0.041,-32.203,-0.214,17.876,,-45.491,-41.344,25.325,55.691,4,-11.455,-14.833,25.795,51.906,4
Administração (Bacharelado) | Darcy Ribeiro | Noturno | EP_R2_NPPI | EP=True | R=R2 | GE=NPPI | PCD=False | SM=1.5,11,Administração (Bacharelado),Darcy Ribeiro,Noturno,EP_R2_NPPI,4,4,-30.302,-63.326,31.847,12.204,-28.627,-21.404,-63.326,-8.376,54.95,25.012,-87.372,66.667,1.0,36.858,15.661,13.598,3.601,31.847,28.246,11.83,75.538,66.667,1,13.402,-63.326,,-54.427,0.284,-68.977,0.115,-33.787,,12.204,,-1.919,0.589,3.173,0.496,12.145,,-55.129,-58.877,15.437,35.19,4,6.401,7.659,6.984,14.123,4
Administração (Bacharelado) | Darcy Ribeiro | Diurno | EP_R2_NPPIQ | EP=True | R=R2 | GE=NPPIQ | PCD=False | SM=1.0,12,Administração (Bacharelado),Darcy Ribeiro,Diurno,EP_R2_NPPIQ,1,1,-17.433,-17.433,18.394,18.394,-17.433,-17.433,-17.433,-17.433,0.0,0.0,0.0,100.0,0.0,0.0,18.394,18.394,18.394,18.394,0.0,0.0,0.0,100.0,0,0.0,-17.433,,,,,,-17.433,,18.394,,,,,,18.394,,-17.433,-17.433,0.0,0.0,2,18.394,18.394,0.0,0.0,2
Administração (Bacharelado) | Darcy Ribeiro | Noturno | EP_R2_NPPIQ | EP=True | R=R2 | GE=NPPIQ | PCD=False | SM=1.0,13,Administração (Bacharelado),Darcy Ribeiro,Noturno,EP_R2_NPPIQ,1,1,-55.503,-55.503,-4.817,-4.817,-55.503,-55.503,-55.503,-55.503,0.0,0.0,0.0,100.0,0.0,0.0,-4.817,-4.817,-4.817,-4.817,0.0,0.0,0.0,100.0,0,0.0,-55.503,,,,,,-55.503,,-4.817,,,,,,-4.817,,-55.503,-55.503,0.0,0.0,2,-4.817,-4.817,0.0,0.0,2
Administração (Bacharelado) | Darcy Ribeiro | Diurno | EP_R2_PPI | EP=True | R=R2 | GE=PPI | PCD=False | SM=1.5,14,Administração (Bacharelado),Darcy Ribeiro,Diurno,EP_R2_PPI,4,4,-66.919,-51.29,-1.149,2.093,-41.334,-42.102,-66.919,-14.213,52.706,22.805,-55.171,66.667,1.0,37.412,4.658,1.368,-1.149,17.044,18.193,8.363,179.556,66.667,1,15.688,-51.29,,-24.937,0.138,-39.153,-0.056,-38.055,,2.093,,11.189,0.163,7.841,0.083,5.964,,-38.359,-38.604,10.772,26.353,4,6.772,6.903,3.795,9.096,4
Administração (Bacharelado) | Darcy Ribeiro | Noturno | EP_R2_PPI | EP=True | R=R2 | GE=PPI | PCD=False | SM=1.5,15,Administração (Bacharelado),Darcy Ribeiro,Noturno,EP_R2_PPI,3,3,-74.731,-84.174,-4.551,-84.174,-70.191,-74.731,-84.174,-51.667,32.507,16.722,-23.824,50.0,1.0,39.295,-31.612,-6.11,-84.174,-4.551,79.623,45.527,-144.02,100.0,0,54.097,-84.174,,-79.634,0.08,-88.896,-0.049,-71.764,,-84.174,,-111.235,0.765,-123.986,0.732,-44.882,,-81.117,-81.904,7.292,17.131,4,-91.069,-97.704,34.981,79.103,4
Administração (Bacharelado) | Darcy Ribeiro | Diurno | EP_R2_PPIQ | EP=True | R=R2 | GE=PPIQ | PCD=False | SM=1.0,16,Administração (Bacharelado),Darcy Ribeiro,Diurno,EP_R2_PPIQ,1,1,-25.422,-25.422,-3.245,-3.245,-25.422,-25.422,-25.422,-25.422,0.0,0.0,0.0,100.0,0.0,0.0,-3.245,-3.245,-3.245,-3.245,0.0,0.0,0.0,100.0,0,0.0,-25.422,,,,,,-25.422,,-3.245,,,,,,-3.245,,-25.422,-25.422,0.0,0.0,2,-3.245,-3.245,0.0,0.0,2
Agronomia (Bacharelado) | Darcy Ribeiro | Diurno | AC | EP=False | R=NA | GE=NA | PCD=False | SM=NA,17,Agronomia (Bacharelado),Darcy Ribeiro,Diurno,AC,6,6,-82.562,-5.377,39.359,112.172,-34.375,-8.274,-95.148,-5.377,89.771,42.405,-123.361,60.0,2.0,70.645,56.917,67.5,-49.448,112.172,161.62,59.647,104.798,60.0,2,108.034,-5.377,,-21.67,0.026,-32.309,-0.013,-31.35,,112.172,,61.668,0.002,61.612,0.002,58.048,,-22.676,-26.51,12.494,26.932,4,73.375,61.64,25.92,54.124,4
Agronomia (Bacharelado) | Darcy Ribeiro | Diurno | CN | EP=False | R=NA | GE=NEGROS | PCD=False | SM=NA,18,Agronomia (Bacharelado),Darcy Ribeiro,Diurno,CN,5,5,-56.023,-22.112,-9.606,-14.127,-50.545,-56.023,-86.604,-13.14,73.464,32.126,-63.56,50.0,2.0,56.735,-9.118,-9.606,-66.324,32.518,98.842,36.998,-405.773,50.0,3,78.596,-22.112,,-44.693,0.009,-34.118,-0.079,-50.921,,-14.127,,-7.445,0.001,-5.445,-0.0,-8.349,,-37.961,-39.405,12.639,28.809,4,-8.842,-7.897,3.727,8.682,4
Agronomia (Bacharelado) | Darcy Ribeiro | Diurno | EP_R1_NPPI | EP=True | R=R1 | GE=NPPI | PCD=False | SM=1.5,19,Agronomia (Bacharelado),Darcy Ribeiro,Diurno,EP_R1_NPPI,3,3,-64.547,-28.599,-64.547,19.269,-47.828,-50.337,-64.547,-28.599,35.948,18.105,-37.854,100.0,0.0,5.323,-3.813,19.269,-64.547,33.84,98.387,53.1,-1392.717,50.0,1,79.873,-28.599,,-16.298,0.995,-16.784,0.994,-41.836,,19.269,,57.272,0.434,41.891,0.354,10.157,,-25.879,-22.692,12.063,25.538,4,32.147,30.58,21.413,47.115,4
Agronomia (Bacharelado) | Darcy Ribeiro | Diurno | EP_R1_NPPIQ | EP=True | R=R1 | GE=NPPIQ | PCD=False | SM=1.0,20,Agronomia (Bacharelado),Darcy Ribeiro,Diurno,EP_R1_NPPIQ,1,1,-56.39,-56.39,-56.39,-56.39,-56.39,-56.39,-56.39,-56.39,0.0,0.0,0.0,100.0,0.0,0.0,-56.39,-56.39,-56.39,-56.39,0.0,0.0,0.0,100.0,0,0.0,-56.39,,,,,,-56.39,,-56.39,,,,,,-56.39,,-56.39,-56.39,0.0,0.0,2,-56.39,-56.39,0.0,0.0,2
Agronomia (Bacharelado) | Darcy Ribeiro | Diurno | EP_R1_PPI | EP=True | R=R1 | GE=PPI | PCD=False | SM=1.5,21,Agronomia (Bacharelado),Darcy Ribeiro,Diurno,EP_R1_PPI,4,4,-73.408,-64.647,-29.038,-16.992,-70.283,-69.028,-82.722,-60.355,22.367,9.913,-14.105,66.667,2.0,22.043,-40.531,-31.206,-82.722,-16.992,65.73,28.968,-71.472,66.667,1,57.992,-64.647,,-69.304,0.003,-68.3,-0.003,-70.087,,-16.992,,-43.834,0.003,-29.821,-0.114,-41.192,,-68.084,-68.802,2.406,5.44,4,-32.96,-35.506,12.259,26.842,4
Agronomia (Bacharelado) | Darcy Ribeiro | Diurno | EP_R2_NPPI | EP=True | R=R2 | GE=NPPI | PCD=False | SM=1.5,22,Agronomia (Bacharelado),Darcy Ribeiro,Diurno,EP_R2_NPPI,4,4,-58.889,-35.875,21.927,1.054,-58.995,-52.99,-94.126,-35.875,58.251,25.235,-42.775,66.667,2.0,52.765,21.669,23.662,1.054,38.297,37.243,15.443,71.267,66.667,1,20.997,-35.875,,-53.494,0.013,-44.203,-0.055,-57.895,,1.054,,2.789,0.399,-5.354,0.26,17.893,,-47.867,-48.848,9.822,22.02,4,4.096,1.922,9.842,23.246,4
Agronomia (Bacharelado) | Darcy Ribeiro | Diurno | EP_R2_NPPIQ | EP=True | R=R2 | GE=NPPIQ | PCD=False | SM=1.0,23,Agronomia (Bacharelado),Darcy Ribeiro,Diurno,EP_R2_NPPIQ,1,1,-58.036,-58.036,-13.042,-13.042,-58.036,-58.036,-58.036,-58.036,0.0,0.0,0.0,100.0,0.0,0.0,-13.042,-13.042,-13.042,-13.042,0.0,0.0,0.0,100.0,0,0.0,-58.036,,,,,,-58.036,,-13.042,,,,,,-13.042,,-58.036,-58.036,0.0,0.0,2,-13.042,-13.042,0.0,0.0,2
Agronomia (Bacharelado) | Darcy Ribeiro | Diurno | EP_R2_PPI | EP=True | R=R2 | GE=PPI | PCD=False | SM=1.5,24,Agronomia (Bacharelado),Darcy Ribeiro,Diurno,EP_R2_PPI,4,3,-67.906,-61.917,-36.5,-4.933,-72.736,-73.751,-81.527,-61.917,19.61,9.394,-12.915,66.667,1.0,16.015,-23.405,-28.783,-36.5,-4.933,31.567,16.456,-70.31,100.0,0,11.408,-61.917,,-68.727,0.049,-62.467,-0.173,-71.935,,-4.933,,-1.075,0.789,2.339,0.766,-18.144,,-66.262,-65.598,4.883,10.018,4,-5.453,-3.004,8.967,20.483,4
Agronomia (Bacharelado) | Darcy Ribeiro | Diurno | EP_R2_PPIQ | EP=True | R=R2 | GE=PPIQ | PCD=False | SM=1.0,25,Agronomia (Bacharelado),Darcy Ribeiro,Diurno,EP_R2_PPIQ,1,1,-62.778,-62.778,-36.2,-36.2,-62.778,-62.778,-62.778,-62.778,0.0,0.0,0.0,100.0,0.0,0.0,-36.2,-36.2,-36.2,-36.2,0.0,0.0,0.0,100.0,0,0.0,-62.778,,,,,,-62.778,,-36.2,,,,,,-36.2,,-62.778,-62.778,0.0,0.0,2,-36.2,-36.2,0.0,0.0,2
Arquitetura e Urbanismo (Bacharelado) | Darcy Ribeiro | Diurno | AC | EP=False | R=NA | GE=NA | PCD=False | SM=NA,26,Arquitetura e Urbanismo (Bacharelado),Darcy Ribeiro,Diurno,AC,6,5,65.986,98.047,111.643,146.303,79.586,79.452,64.82,98.047,33.227,13.352,16.777,80.0,2.0,20.718,116.522,121.99,77.537,146.303,68.766,25.173,21.603,75.0,2,47.648,98.047,,93.196,0.297,92.623,0.296,82.826,,146.303,,122.953,0.024,128.773,-0.017,118.18,,91.673,92.91,6.38,15.221,4,129.052,125.863,12.289,28.123,4
Arquitetura e Urbanismo (Bacharelado) | Darcy Ribeiro | Noturno | AC | EP=False | R=NA | GE=NA | PCD=False | SM=NA,27,Arquitetura e Urbanismo (Bacharelado),Darcy Ribeiro,Noturno,AC,6,6,-31.822,48.138,62.419,74.131,24.09,33.66,-31.822,61.623,93.445,37.087,153.954,80.0,2.0,50.006,63.998,71.021,15.316,87.641,72.325,25.328,39.576,60.0,4,48.288,48.138,,57.422,0.231,42.523,0.132,32.026,,74.131,,53.451,0.05,52.257,0.048,61.487,,45.027,45.33,10.624,25.396,4,60.331,57.469,10.071,21.874,4
Arquitetura e Urbanismo (Bacharelado) | Darcy Ribeiro | Diurno | CN | EP=False | R=NA | GE=NEGROS | PCD=False | SM=NA,28,Arquitetura e Urbanismo (Bacharelado),Darcy Ribeiro,Diurno,CN,6,6,46.911,65.15,54.412,65.15,54.41,50.52,27.497,85.859,58.362,19.643,36.103,60.0,4.0,38.219,55.66,53.793,27.497,85.859,58.362,19.306,34.687,60.0,4,36.6,65.15,,54.699,0.0,58.656,-0.025,54.478,,65.15,,52.198,0.009,57.585,-0.038,54.836,,58.246,56.678,4.987,10.672,4,57.442,56.21,5.589,12.952,4
Arquitetura e Urbanismo (Bacharelado) | Darcy Ribeiro | Noturno | CN | EP=False | R=NA | GE=NEGROS | PCD=False | SM=NA,29,Arquitetura e Urbanismo (Bacharelado),Darcy Ribeiro,Noturno,CN,6,6,-66.223,23.271,-53.075,23.271,-25.271,-26.274,-66.223,23.271,89.494,36.803,-145.634,80.0,2.0,45.849,-23.08,-26.274,-56.427,23.271,79.698,34.174,-148.073,80.0,2,42.857,23.271,,21.031,0.452,29.137,0.423,-14.246,,23.271,,16.649,0.386,27.258,0.327,-13.62,,14.798,22.151,19.662,43.383,4,13.389,19.96,18.531,40.879,4
Arquitetura e Urbanismo (Bacharelado) | Darcy Ribeiro | Diurno | EP_R1_NPPI | EP=True | R=R1 | GE=NPPI | PCD=False | SM=1.5,30,Arquitetura e Urbanismo (Bacharelado),Darcy Ribeiro,Diurno,EP_R1_NPPI,4,4,-74.003,-14.415,-50.838,58.507,-7.936,2.969,-74.003,36.319,110.322,48.873,-615.796,66.667,1.0,72.623,25.838,47.841,-50.838,58.507,109.345,51.986,201.203,100.0,0,46.35,-14.415,,40.746,0.265,11.728,0.088,1.8,,58.507,,112.758,0.745,95.155,0.688,43.222,,9.965,6.764,23.178,55.161,4,77.411,76.831,32.096,69.536,4
Arquitetura e Urbanismo (Bacharelado) | Darcy Ribeiro | Noturno | EP_R1_NPPI | EP=True | R=R1 | GE=NPPI | PCD=False | SM=1.5,31,Arquitetura e Urbanismo (Bacharelado),Darcy Ribeiro,Noturno,EP_R1_NPPI,3,3,-65.025,-19.787,5.459,-19.787,-29.209,-19.787,-65.025,-2.815,62.21,32.157,-110.094,50.0,1.0,55.99,-0.537,5.459,-19.787,12.718,32.505,17.062,-3179.216,50.0,1,28.117,-19.787,,16.029,0.495,2.832,0.424,-21.669,,-19.787,,-25.783,0.547,-32.41,0.484,-4.744,,-5.649,-8.478,18.243,37.698,4,-20.681,-22.785,11.809,27.666,4
Arquitetura e Urbanismo (Bacharelado) | Darcy Ribeiro | Diurno | EP_R1_NPPIQ | EP=True | R=R1 | GE=NPPIQ | PCD=False | SM=1.0,32,Arquitetura e Urbanismo (Bacharelado),Darcy Ribeiro,Diurno,EP_R1_NPPIQ,1,1,-32.379,-32.379,4.506,4.506,-32.379,-32.379,-32.379,-32.379,0.0,0.0,0.0,100.0,0.0,0.0,4.506,4.506,4.506,4.506,0.0,0.0,0.0,100.0,0,0.0,-32.379,,,,,,-32.379,,4.506,,,,,,4.506,,-32.379,-32.379,0.0,0.0,2,4.506,4.506,0.0,0.0,2
Arquitetura e Urbanismo (Bacharelado) | Darcy Ribeiro | Diurno | EP_R1_PPI | EP=True | R=R1 | GE=PPI | PCD=False | SM=1.5,33,Arquitetura e Urbanismo (Bacharelado),Darcy Ribeiro,Diurno,EP_R1_PPI,4,4,-44.527,-23.28,18.536,23.159,-16.892,-19.846,-44.527,16.653,61.18,25.364,-150.156,66.667,1.0,48.647,30.218,27.254,18.536,47.826,29.29,12.879,42.621,66.667,1,22.771,-23.28,,-9.223,0.024,-22.832,-0.12,-15.358,,23.159,,37.804,0.093,30.308,-0.077,31.735,,-17.673,-19.095,6.704,14.057,4,30.751,31.021,6.015,14.645,4
Arquitetura e Urbanismo (Bacharelado) | Darcy Ribeiro | Noturno | EP_R1_PPI | EP=True | R=R1 | GE=PPI | PCD=False | SM=1.5,34,Arquitetura e Urbanismo (Bacharelado),Darcy Ribeiro,Noturno,EP_R1_PPI,3,3,-46.6,-20.256,-28.781,-20.256,-24.467,-20.256,-46.6,-6.545,40.055,20.357,-83.201,50.0,1.0,38.018,-18.527,-20.256,-28.781,-6.545,22.236,11.218,-60.55,50.0,1,25.418,-20.256,,1.877,0.419,-7.084,0.337,-20.076,,-20.256,,-10.002,0.144,-15.994,0.025,-17.106,,-11.385,-13.58,10.78,22.133,4,-15.84,-16.55,4.29,10.254,4
Arquitetura e Urbanismo (Bacharelado) | Darcy Ribeiro | Diurno | EP_R2_NPPI | EP=True | R=R2 | GE=NPPI | PCD=False | SM=1.5,35,Arquitetura e Urbanismo (Bacharelado),Darcy Ribeiro,Diurno,EP_R2_NPPI,5,5,23.187,-33.969,39.321,4.708,34.598,49.823,-33.969,74.542,108.511,42.645,123.259,50.0,1.0,56.131,58.894,61.77,4.708,108.759,104.051,39.547,67.149,50.0,1,54.468,-33.969,,3.18,0.151,-24.808,-0.091,27.616,,4.708,,43.57,0.042,16.455,-0.222,55.489,,-6.995,-10.814,27.966,61.585,4,30.056,30.013,23.501,50.781,4
Arquitetura e Urbanismo (Bacharelado) | Darcy Ribeiro | Noturno | EP_R2_NPPI | EP=True | R=R2 | GE=NPPI | PCD=False | SM=1.5,36,Arquitetura e Urbanismo (Bacharelado),Darcy Ribeiro,Noturno,EP_R2_NPPI,4,4,-25.804,-44.019,12.181,37.832,-28.281,-27.511,-44.019,-14.083,29.936,12.333,-43.607,66.667,1.0,15.41,13.738,12.31,-7.5,37.832,45.332,18.58,135.25,66.667,2,33.416,-44.019,,-45.726,0.534,-51.031,0.441,-31.77,,37.832,,27.992,0.157,37.006,0.039,16.588,,-43.137,-44.873,8.144,19.26,4,29.855,32.499,9.904,21.244,4
Arquitetura e Urbanismo (Bacharelado) | Darcy Ribeiro | Diurno | EP_R2_NPPIQ | EP=True | R=R2 | GE=NPPIQ | PCD=False | SM=1.0,37,Arquitetura e Urbanismo (Bacharelado),Darcy Ribeiro,Diurno,EP_R2_NPPIQ,1,1,65.505,65.505,97.824,97.824,65.505,65.505,65.505,65.505,0.0,0.0,0.0,100.0,0.0,0.0,97.824,97.824,97.824,97.824,0.0,0.0,0.0,100.0,0,0.0,65.505,,,,,,65.505,,97.824,,,,,,97.824,,65.505,65.505,0.0,0.0,2,97.824,97.824,0.0,0.0,2
Arquitetura e Urbanismo (Bacharelado) | Darcy Ribeiro | Noturno | EP_R2_NPPIQ | EP=True | R=R2 | GE=NPPIQ | PCD=False | SM=1.0,38,Arquitetura e Urbanismo (Bacharelado),Darcy Ribeiro,Noturno,EP_R2_NPPIQ,1,1,-57.497,-57.497,11.923,11.923,-57.497,-57.497,-57.497,-57.497,0.0,0.0,0.0,100.0,0.0,0.0,11.923,11.923,11.923,11.923,0.0,0.0,0.0,100.0,0,0.0,-57.497,,,,,,-57.497,,11.923,,,,,,11.923,,-57.497,-57.497,0.0,0.0,2,11.923,11.923,0.0,0.0,2
Arquitetura e Urbanismo (Bacharelado) | Darcy Ribeiro | Diurno | EP_R2_PPI | EP=True | R=R2 | GE=PPI | PCD=False | SM=1.5,39,Arquitetura e Urbanismo (Bacharelado),Darcy Ribeiro,Diurno,EP_R2_PPI,4,4,-33.644,-10.139,16.99,15.247,-2.715,2.182,-33.644,18.42,52.064,24.186,-890.733,66.667,1.0,39.68,34.726,34.843,15.247,53.972,38.725,21.504,61.926,66.667,1,37.22,-10.139,,13.934,0.126,-1.407,-0.075,0.615,,15.247,,33.1,0.002,18.214,-0.238,34.401,,0.751,-0.396,9.951,24.073,4,25.24,25.657,9.915,19.154,4
Arquitetura e Urbanismo (Bacharelado) | Darcy Ribeiro | Noturno | EP_R2_PPI | EP=True | R=R2 | GE=PPI | PCD=False | SM=1.5,40,Arquitetura e Urbanismo (Bacharelado),Darcy Ribeiro,Noturno,EP_R2_PPI,4,4,-17.044,-39.05,-17.044,-39.05,-37.176,-28.047,-81.638,-10.972,70.666,32.002,-86.082,66.667,2.0,57.805,-18.222,-14.008,-39.05,-5.822,33.228,14.623,-80.25,66.667,1,22.428,-39.05,,-71.347,0.304,-64.044,0.278,-44.01,,-39.05,,-33.439,0.289,-41.299,0.144,-21.265,,-54.613,-54.027,15.531,32.297,4,-33.763,-36.244,8.964,20.034,4
Arquitetura e Urbanismo (Bacharelado) | Darcy Ribeiro | Diurno | EP_R2_PPIQ | EP=True | R=R2 | GE=PPIQ | PCD=False | SM=1.0,41,Arquitetura e Urbanismo (Bacharelado),Darcy Ribeiro,Diurno,EP_R2_PPIQ,1,1,12.661,12.661,61.488,61.488,12.661,12.661,12.661,12.661,0.0,0.0,0.0,100.0,0.0,0.0,61.488,61.488,61.488,61.488,0.0,0.0,0.0,100.0,0,0.0,12.661,,,,,,12.661,,61.488,,,,,,61.488,,12.661,12.661,0.0,0.0,2,61.488,61.488,0.0,0.0,2
Arquivologia (Bacharelado) | Darcy Ribeiro | Noturno | AC | EP=False | R=NA | GE=NA | PCD=False | SM=NA,42,Arquivologia (Bacharelado),Darcy Ribeiro,Noturno,AC,5,5,-46.303,-57.868,-10.847,41.329,-62.403,-57.868,-82.039,-46.303,35.736,13.889,-22.257,75.0,2.0,21.444,9.017,-5.298,-13.001,41.329,54.33,25.975,288.073,75.0,2,44.227,-57.868,,-63.443,0.001,-56.447,-0.148,-62.975,,41.329,,42.128,0.416,43.084,0.413,15.46,,-60.183,-60.422,3.547,6.996,4,35.5,41.729,13.379,27.624,4
Arquivologia (Bacharelado) | Darcy Ribeiro | Noturno | CN | EP=False | R=NA | GE=NEGROS | PCD=False | SM=NA,43,Arquivologia (Bacharelado),Darcy Ribeiro,Noturno,CN,3,3,-71.228,10.221,-71.228,10.221,-44.656,-71.228,-72.96,10.221,83.181,47.532,-106.442,50.0,1.0,60.043,-44.656,-71.228,-72.96,10.221,83.181,47.532,-106.442,50.0,1,60.043,10.221,,36.793,0.734,50.945,0.697,-31.081,,10.221,,36.793,0.734,50.945,0.697,-31.081,,16.72,23.507,36.062,82.026,4,16.72,23.507,36.062,82.026,4
Arquivologia (Bacharelado) | Darcy Ribeiro | Noturno | EP_R1_NPPI | EP=True | R=R1 | GE=NPPI | PCD=False | SM=1.5,44,Arquivologia (Bacharelado),Darcy Ribeiro,Noturno,EP_R1_NPPI,2,2,-47.977,-30.721,-47.977,-19.2,-39.349,-39.349,-47.977,-30.721,17.256,12.202,-31.009,100.0,0.0,0.0,-33.588,-33.588,-47.977,-19.2,28.777,20.348,-60.581,100.0,0,0.0,-30.721,,-13.465,1.0,-13.465,1.0,-36.473,,-19.2,,9.577,1.0,9.577,1.0,-28.792,,-23.531,-22.093,11.858,23.008,4,-7.21,-4.812,19.775,38.369,4
Arquivologia (Bacharelado) | Darcy Ribeiro | Noturno | EP_R2_NPPI | EP=True | R=R2 | GE=NPPI | PCD=False | SM=1.5,45,Arquivologia (Bacharelado),Darcy Ribeiro,Noturno,EP_R2_NPPI,3,3,-55.757,-34.645,-55.757,-30.382,-49.832,-55.757,-59.094,-34.645,24.449,13.258,-26.605,50.0,1.0,19.648,-48.411,-55.757,-59.094,-30.382,28.712,15.702,-32.436,50.0,1,22.662,-34.645,,-29.09,0.803,-26.825,0.775,-46.313,,-30.382,,-23.609,0.819,-21.033,0.793,-44.182,,-34.218,-31.867,8.707,19.489,4,-29.802,-26.995,10.366,23.148,4
Arquivologia (Bacharelado) | Darcy Ribeiro | Noturno | EP_R2_NPPIQ | EP=True | R=R2 | GE=NPPIQ | PCD=False | SM=1.0,46,Arquivologia (Bacharelado),Darcy Ribeiro,Noturno,EP_R2_NPPIQ,1,1,-70.619,-70.619,-31.332,-31.332,-70.619,-70.619,-70.619,-70.619,0.0,0.0,0.0,100.0,0.0,0.0,-31.332,-31.332,-31.332,-31.332,0.0,0.0,0.0,100.0,0,0.0,-70.619,,,,,,-70.619,,-31.332,,,,,,-31.332,,-70.619,-70.619,0.0,0.0,2,-31.332,-31.332,0.0,0.0,2
Arquivologia (Bacharelado) | Darcy Ribeiro | Noturno | EP_R2_PPI | EP=True | R=R2 | GE=PPI | PCD=False | SM=1.5,47,Arquivologia (Bacharelado),Darcy Ribeiro,Noturno,EP_R2_PPI,2,2,-36.22,-66.41,-34.267,-66.41,-51.315,-51.315,-66.41,-36.22,30.19,21.348,-41.601,100.0,0.0,0.0,-50.338,-50.338,-66.41,-34.267,32.143,22.729,-45.151,100.0,0,0.0,-66.41,,-81.505,1.0,-81.505,1.0,-56.347,,-66.41,,-82.481,1.0,-82.481,1.0,-55.696,,-71.442,-73.958,12.325,25.158,4,-71.767,-74.446,13.122,26.786,4
Artes Cênicas (Bacharelado) | Darcy Ribeiro | Diurno | AC | EP=False | R=NA | GE=NA | PCD=False | SM=NA,48,Artes Cênicas (Bacharelado),Darcy Ribeiro,Diurno,AC,6,6,-35.963,23.679,47.134,42.35,-7.114,-11.186,-35.963,27.497,63.46,30.574,-429.767,60.0,3.0,20.519,42.471,35.787,22.845,88.886,66.041,24.754,58.285,60.0,3,48.225,23.679,,45.017,0.831,46.811,0.829,5.298,,42.35,,35.542,0.022,33.343,0.018,40.821,,30.201,34.348,19.648,41.513,4,38.014,38.182,4.267,9.007,4
Artes Cênicas (Bacharelado) | Darcy Ribeiro | Diurno | EP_R1_NPPI | EP=True | R=R1 | GE=NPPI | PCD=False | SM=1.5,49,Artes Cênicas (Bacharelado),Darcy Ribeiro,Diurno,EP_R1_NPPI,1,1,-64.508,-64.508,-64.508,-64.508,-64.508,-64.508,-64.508,-64.508,0.0,0.0,0.0,100.0,0.0,0.0,-64.508,-64.508,-64.508,-64.508,0.0,0.0,0.0,100.0,0,0.0,-64.508,,,,,,-64.508,,-64.508,,,,,,-64.508,,-64.508,-64.508,0.0,0.0,2,-64.508,-64.508,0.0,0.0,2
Artes Cênicas (Bacharelado) | Darcy Ribeiro | Diurno | EP_R1_PPI | EP=True | R=R1 | GE=PPI | PCD=False | SM=1.5,50,Artes Cênicas (Bacharelado),Darcy Ribeiro,Diurno,EP_R1_PPI,3,3,-5.726,-42.49,-5.726,-42.49,-15.928,-5.726,-42.49,0.432,42.922,23.209,-145.709,50.0,1.0,34.705,-15.928,-5.726,-42.49,0.432,42.922,23.209,-145.709,50.0,1,34.705,-42.49,,-52.114,0.798,-56.134,0.769,-22.055,,-42.49,,-52.114,0.798,-56.134,0.769,-22.055,,-43.198,-47.302,15.214,34.079,4,-43.198,-47.302,15.214,34.079,4
Artes Cênicas (Bacharelado) | Darcy Ribeiro | Diurno | EP_R2_NPPI | EP=True | R=R2 | GE=NPPI | PCD=False | SM=1.5,51,Artes Cênicas (Bacharelado),Darcy Ribeiro,Diurno,EP_R2_NPPI,3,3,19.746,-19.882,19.746,-1.832,-2.223,-6.534,-19.882,19.746,39.628,20.163,-906.864,100.0,0.0,9.144,3.793,-1.832,-6.534,19.746,26.28,14.014,369.438,50.0,1,21.908,-19.882,,-27.936,0.991,-28.642,0.99,-8.828,,-1.832,,-12.663,0.84,-10.592,0.827,0.197,,-21.322,-23.909,9.229,19.814,4,-6.223,-6.212,6.352,12.86,4
Artes Cênicas (Bacharelado) | Darcy Ribeiro | Diurno | EP_R2_NPPIQ | EP=True | R=R2 | GE=NPPIQ | PCD=False | SM=1.0,52,Artes Cênicas (Bacharelado),Darcy Ribeiro,Diurno,EP_R2_NPPIQ,1,1,-30.791,-30.791,18.165,18.165,-30.791,-30.791,-30.791,-30.791,0.0,0.0,0.0,100.0,0.0,0.0,18.165,18.165,18.165,18.165,0.0,0.0,0.0,100.0,0,0.0,-30.791,,,,,,-30.791,,18.165,,,,,,18.165,,-30.791,-30.791,0.0,0.0,2,18.165,18.165,0.0,0.0,2
Artes Cênicas (Bacharelado) | Darcy Ribeiro | Diurno | EP_R2_NPPIQ_PCD | EP=True | R=R2 | GE=NPPIQ | PCD=True | SM=1.0,53,Artes Cênicas (Bacharelado),Darcy Ribeiro,Diurno,EP_R2_NPPIQ_PCD,1,1,-33.372,-33.372,-33.372,-33.372,-33.372,-33.372,-33.372,-33.372,0.0,0.0,0.0,100.0,0.0,0.0,-33.372,-33.372,-33.372,-33.372,0.0,0.0,0.0,100.0,0,0.0,-33.372,,,,,,-33.372,,-33.372,,,,,,-33.372,,-33.372,-33.372,0.0,0.0,2,-33.372,-33.372,0.0,0.0,2
Artes Cênicas (Bacharelado) | Darcy Ribeiro | Diurno | EP_R2_PPI | EP=True | R=R2 | GE=PPI | PCD=False | SM=1.5,54,Artes Cênicas (Bacharelado),Darcy Ribeiro,Diurno,EP_R2_PPI,1,1,-58.968,-58.968,-58.968,-58.968,-58.968,-58.968,-58.968,-58.968,0.0,0.0,0.0,100.0,0.0,0.0,-58.968,-58.968,-58.968,-58.968,0.0,0.0,0.0,100.0,0,0.0,-58.968,,,,,,-58.968,,-58.968,,,,,,-58.968,,-58.968,-58.968,0.0,0.0,2,-58.968,-58.968,0.0,0.0,2
Artes Cênicas (Licenciatura) | Darcy Ribeiro | Diurno | AC | EP=False | R=NA | GE=NA | PCD=False | SM=NA,55,Artes Cênicas (Licenciatura),Darcy Ribeiro,Diurno,AC,1,1,-12.384,-12.384,29.579,29.579,-12.384,-12.384,-12.384,-12.384,0.0,0.0,0.0,100.0,0.0,0.0,29.579,29.579,29.579,29.579,0.0,0.0,0.0,100.0,0,0.0,-12.384,,,,,,-12.384,,29.579,,,,,,29.579,,-12.384,-12.384,0.0,0.0,2,29.579,29.579,0.0,0.0,2
Artes Cênicas (Licenciatura) | Darcy Ribeiro | Noturno | AC | EP=False | R=NA | GE=NA | PCD=False | SM=NA,56,Artes Cênicas (Licenciatura),Darcy Ribeiro,Noturno,AC,1,1,-53.375,-53.375,16.725,16.725,-53.375,-53.375,-53.375,-53.375,0.0,0.0,0.0,100.0,0.0,0.0,16.725,16.725,16.725,16.725,0.0,0.0,0.0,100.0,0,0.0,-53.375,,,,,,-53.375,,16.725,,,,,,16.725,,-53.375,-53.375,0.0,0.0,2,16.725,16.725,0.0,0.0,2
Artes Cênicas (Licenciatura) | Darcy Ribeiro | Diurno | EP_R2_NPPIQ | EP=True | R=R2 | GE=NPPIQ | PCD=False | SM=1.0,57,Artes Cênicas (Licenciatura),Darcy Ribeiro,Diurno,EP_R2_NPPIQ,1,1,-49.808,-49.808,-49.808,-49.808,-49.808,-49.808,-49.808,-49.808,0.0,0.0,0.0,100.0,0.0,0.0,-49.808,-49.808,-49.808,-49.808,0.0,0.0,0.0,100.0,0,0.0,-49.808,,,,,,-49.808,,-49.808,,,,,,-49.808,,-49.808,-49.808,0.0,0.0,2,-49.808,-49.808,0.0,0.0,2
Artes Cênicas (Licenciatura) | Darcy Ribeiro | Diurno | EP_R2_PPIQ | EP=True | R=R2 | GE=PPIQ | PCD=False | SM=1.0,58,Artes Cênicas (Licenciatura),Darcy Ribeiro,Diurno,EP_R2_PPIQ,1,1,-62.337,-62.337,-53.522,-53.522,-62.337,-62.337,-62.337,-62.337,0.0,0.0,0.0,100.0,0.0,0.0,-53.522,-53.522,-53.522,-53.522,0.0,0.0,0.0,100.0,0,0.0,-62.337,,,,,,-62.337,,-53.522,,,,,,-53.522,,-62.337,-62.337,0.0,0.0,2,-53.522,-53.522,0.0,0.0,2
Artes Cênicas (Literatura) | Darcy Ribeiro | Diurno | AC | EP=False | R=NA | GE=NA | PCD=False | SM=NA,59,Artes Cênicas (Literatura),Darcy Ribeiro,Diurno,AC,4,4,-52.165,-1.077,19.702,21.881,-20.971,-25.174,-52.165,18.627,70.792,35.297,-168.312,66.667,2.0,74.411,39.162,20.792,18.627,96.437,77.81,38.207,97.563,66.667,2,76.199,-1.077,,0.37,0.097,-4.149,0.089,-16.703,,21.881,,60.248,0.081,45.552,0.007,43.379,,-5.39,-2.613,7.774,17.073,4,42.765,44.466,15.811,38.367,4
Artes Cênicas (Literatura) | Darcy Ribeiro | Noturno | AC | EP=False | R=NA | GE=NA | PCD=False | SM=NA,60,Artes Cênicas (Literatura),Darcy Ribeiro,Noturno,AC,1,1,-68.863,-68.863,25.467,25.467,-68.863,-68.863,-68.863,-68.863,0.0,0.0,0.0,100.0,0.0,0.0,25.467,25.467,25.467,25.467,0.0,0.0,0.0,100.0,0,0.0,-68.863,,,,,,-68.863,,25.467,,,,,,25.467,,-68.863,-68.863,0.0,0.0,2,25.467,25.467,0.0,0.0,2
Artes Cênicas (Literatura) | Darcy Ribeiro | Diurno | EP_R1_NPPI | EP=True | R=R1 | GE=NPPI | PCD=False | SM=1.5,61,Artes Cênicas (Literatura),Darcy Ribeiro,Diurno,EP_R1_NPPI,2,2,14.969,-42.056,14.969,-5.063,-13.543,-13.543,-42.056,14.969,57.025,40.323,-297.728,100.0,0.0,0.0,4.953,4.953,-5.063,14.969,20.032,14.165,285.984,100.0,0,0.0,-42.056,,-99.081,1.0,-99.081,1.0,-23.048,,-5.063,,-25.095,1.0,-25.095,1.0,1.614,,-65.816,-70.568,39.187,76.033,4,-13.41,-15.079,13.766,26.709,4
Artes Cênicas (Literatura) | Darcy Ribeiro | Noturno | EP_R1_PPI | EP=True | R=R1 | GE=PPI | PCD=False | SM=1.5,62,Artes Cênicas (Literatura),Darcy Ribeiro,Noturno,EP_R1_PPI,1,1,-10.798,-10.798,-10.798,-10.798,-10.798,-10.798,-10.798,-10.798,0.0,0.0,0.0,100.0,0.0,0.0,-10.798,-10.798,-10.798,-10.798,0.0,0.0,0.0,100.0,0,0.0,-10.798,,,,,,-10.798,,-10.798,,,,,,-10.798,,-10.798,-10.798,0.0,0.0,2,-10.798,-10.798,0.0,0.0,2
Artes Cênicas (Literatura) | Darcy Ribeiro | Diurno | EP_R2_NPPI | EP=True | R=R2 | GE=NPPI | PCD=False | SM=1.5,63,Artes Cênicas (Literatura),Darcy Ribeiro,Diurno,EP_R2_NPPI,1,1,-21.566,-21.566,-21.566,-21.566,-21.566,-21.566,-21.566,-21.566,0.0,0.0,0.0,100.0,0.0,0.0,-21.566,-21.566,-21.566,-21.566,0.0,0.0,0.0,100.0,0,0.0,-21.566,,,,,,-21.566,,-21.566,,,,,,-21.566,,-21.566,-21.566,0.0,0.0,2,-21.566,-21.566,0.0,0.0,2
Artes Cênicas (Literatura) | Darcy Ribeiro | Noturno | EP_R2_NPPI | EP=True | R=R2 | GE=NPPI | PCD=False | SM=1.5,64,Artes Cênicas (Literatura),Darcy Ribeiro,Noturno,EP_R2_NPPI,1,1,-68.553,-68.553,-68.553,-68.553,-68.553,-68.553,-68.553,-68.553,0.0,0.0,0.0,100.0,0.0,0.0,-68.553,-68.553,-68.553,-68.553,0.0,0.0,0.0,100.0,0,0.0,-68.553,,,,,,-68.553,,-68.553,,,,,,-68.553,,-68.553,-68.553,0.0,0.0,2,-68.553,-68.553,0.0,0.0,2
Artes Cênicas (Literatura) | Darcy Ribeiro | Diurno | EP_R2_PPI | EP=True | R=R2 | GE=PPI | PCD=False | SM=1.5,65,Artes Cênicas (Literatura),Darcy Ribeiro,Diurno,EP_R2_PPI,1,1,-49.617,-49.617,-49.617,-49.617,-49.617,-49.617,-49.617,-49.617,0.0,0.0,0.0,100.0,0.0,0.0,-49.617,-49.617,-49.617,-49.617,0.0,0.0,0.0,100.0,0,0.0,-49.617,,,,,,-49.617,,-49.617,,,,,,-49.617,,-49.617,-49.617,0.0,0.0,2,-49.617,-49.617,0.0,0.0,2
Artes Visuais (Bacharelado) | Darcy Ribeiro | Diurno | AC | EP=False | R=NA | GE=NA | PCD=False | SM=NA,66,Artes Visuais (Bacharelado),Darcy Ribeiro,Diurno,AC,6,6,-54.583,13.225,41.796,75.062,-20.002,-19.65,-68.761,29.41,98.171,37.916,-189.563,60.0,3.0,55.73,40.637,44.768,9.382,75.062,65.68,26.194,64.458,60.0,3,47.288,13.225,,22.556,0.36,15.888,0.341,-9.869,,75.062,,55.689,0.094,60.922,0.07,44.22,,10.45,14.557,14.103,32.425,4,58.973,58.305,12.794,30.842,4
Artes Visuais (Bacharelado) | Darcy Ribeiro | Diurno | CN | EP=False | R=NA | GE=NEGROS | PCD=False | SM=NA,67,Artes Visuais (Bacharelado),Darcy Ribeiro,Diurno,CN,1,1,-21.925,-21.925,-21.925,-21.925,-21.925,-21.925,-21.925,-21.925,0.0,0.0,0.0,100.0,0.0,0.0,-21.925,-21.925,-21.925,-21.925,0.0,0.0,0.0,100.0,0,0.0,-21.925,,,,,,-21.925,,-21.925,,,,,,-21.925,,-21.925,-21.925,0.0,0.0,2,-21.925,-21.925,0.0,0.0,2
Artes Visuais (Bacharelado) | Darcy Ribeiro | Diurno | EP_R2_NPPI | EP=True | R=R2 | GE=NPPI | PCD=False | SM=1.5,68,Artes Visuais (Bacharelado),Darcy Ribeiro,Diurno,EP_R2_NPPI,3,3,-37.278,-73.314,-37.278,-3.219,-29.701,-37.278,-73.314,21.489,94.803,47.854,-161.118,50.0,1.0,108.59,-6.336,-3.219,-37.278,21.489,58.767,29.507,-465.708,50.0,1,59.026,-73.314,,-43.93,0.038,-65.133,-0.066,-35.707,,-3.219,,26.165,0.52,16.929,0.468,-0.659,,-54.521,-54.532,17.625,37.607,4,9.804,8.135,14.113,29.384,4
Artes Visuais (Bacharelado) | Darcy Ribeiro | Diurno | EP_R2_NPPIQ | EP=True | R=R2 | GE=NPPIQ | PCD=False | SM=1.0,69,Artes Visuais (Bacharelado),Darcy Ribeiro,Diurno,EP_R2_NPPIQ,1,1,-64.314,-64.314,-16.574,-16.574,-64.314,-64.314,-64.314,-64.314,0.0,0.0,0.0,100.0,0.0,0.0,-16.574,-16.574,-16.574,-16.574,0.0,0.0,0.0,100.0,0,0.0,-64.314,,,,,,-64.314,,-16.574,,,,,,-16.574,,-64.314,-64.314,0.0,0.0,2,-16.574,-16.574,0.0,0.0,2
Artes Visuais (Licenciatura) | Darcy Ribeiro | Diurno | AC | EP=False | R=NA | GE=NA | PCD=False | SM=NA,70,Artes Visuais (Licenciatura),Darcy Ribeiro,Diurno,AC,3,3,-56.057,-7.957,28.223,70.753,-51.341,-56.057,-90.01,-7.957,82.053,41.229,-80.304,50.0,1.0,82.029,51.117,54.376,28.223,70.753,42.53,21.451,41.965,100.0,0,6.913,-7.957,,-15.266,0.34,-1.732,0.248,-43.325,,70.753,,83.015,0.983,81.874,0.98,58.206,,-17.07,-11.612,18.356,41.592,4,73.462,76.314,11.578,24.809,4
Artes Visuais (Licenciatura) | Darcy Ribeiro | Noturno | AC | EP=False | R=NA | GE=NA | PCD=False | SM=NA,71,Artes Visuais (Licenciatura),Darcy Ribeiro,Noturno,AC,1,1,-13.502,-13.502,-13.502,-13.502,-13.502,-13.502,-13.502,-13.502,0.0,0.0,0.0,100.0,0.0,0.0,-13.502,-13.502,-13.502,-13.502,0.0,0.0,0.0,100.0,0,0.0,-13.502,,,,,,-13.502,,-13.502,,,,,,-13.502,,-13.502,-13.502,0.0,0.0,2,-13.502,-13.502,0.0,0.0,2
Artes Visuais (Licenciatura) | Darcy Ribeiro | Diurno | CN | EP=False | R=NA | GE=NEGROS | PCD=False | SM=NA,72,Artes Visuais (Licenciatura),Darcy Ribeiro,Diurno,CN,2,2,-30.845,-33.237,-30.845,-33.237,-32.041,-32.041,-33.237,-30.845,2.392,1.691,-5.279,100.0,0.0,0.0,-32.041,-32.041,-33.237,-30.845,2.392,1.691,-5.279,100.0,0,0.0,-33.237,,-33.835,1.0,-33.835,1.0,-32.44,,-33.237,,-33.835,1.0,-33.835,1.0,-32.44,,-33.337,-33.536,0.661,1.395,4,-33.337,-33.536,0.661,1.395,4
Artes Visuais (Licenciatura) | Darcy Ribeiro | Diurno | EP_R1_NPPI | EP=True | R=R1 | GE=NPPI | PCD=False | SM=1.5,73,Artes Visuais (Licenciatura),Darcy Ribeiro,Diurno,EP_R1_NPPI,1,1,-23.748,-23.748,-23.748,-23.748,-23.748,-23.748,-23.748,-23.748,0.0,0.0,0.0,100.0,0.0,0.0,-23.748,-23.748,-23.748,-23.748,0.0,0.0,0.0,100.0,0,0.0,-23.748,,,,,,-23.748,,-23.748,,,,,,-23.748,,-23.748,-23.748,0.0,0.0,2,-23.748,-23.748,0.0,0.0,2
Artes Visuais (Licenciatura) | Darcy Ribeiro | Diurno | EP_R1_PPI | EP=True | R=R1 | GE=PPI | PCD=False | SM=1.5,74,Artes Visuais (Licenciatura),Darcy Ribeiro,Diurno,EP_R1_PPI,1,1,-23.125,-23.125,-23.125,-23.125,-23.125,-23.125,-23.125,-23.125,0.0,0.0,0.0,100.0,0.0,0.0,-23.125,-23.125,-23.125,-23.125,0.0,0.0,0.0,100.0,0,0.0,-23.125,,,,,,-23.125,,-23.125,,,,,,-23.125,,-23.125,-23.125,0.0,0.0,2,-23.125,-23.125,0.0,0.0,2
Artes Visuais (Licenciatura) | Darcy Ribeiro | Diurno | EP_R2_NPPI | EP=True | R=R2 | GE=NPPI | PCD=False | SM=1.5,75,Artes Visuais (Licenciatura),Darcy Ribeiro,Diurno,EP_R2_NPPI,3,3,29.145,-59.575,29.145,-16.763,-17.375,-21.695,-59.575,29.145,88.72,44.517,-256.216,100.0,0.0,9.164,15.584,29.145,-16.763,34.369,51.132,28.135,180.539,50.0,1,39.85,-59.575,,-83.915,0.993,-82.403,0.992,-32.162,,-16.763,,-18.847,0.666,-25.422,0.619,7.932,,-64.514,-70.989,24.273,51.753,4,-13.275,-17.805,14.612,33.355,4
Artes Visuais (Licenciatura) | Darcy Ribeiro | Diurno | EP_R2_PPI | EP=True | R=R2 | GE=PPI | PCD=False | SM=1.5,76,Artes Visuais (Licenciatura),Darcy Ribeiro,Diurno,EP_R2_PPI,2,2,-17.979,-22.141,-17.979,-22.141,-20.06,-20.06,-22.141,-17.979,4.162,2.943,-14.671,100.0,0.0,0.0,-20.06,-20.06,-22.141,-17.979,4.162,2.943,-14.671,100.0,0,0.0,-22.141,,-24.222,1.0,-24.222,1.0,-20.754,,-22.141,,-24.222,1.0,-24.222,1.0,-20.754,,-22.835,-23.181,1.699,3.468,4,-22.835,-23.181,1.699,3.468,4
Biblioteconomia (Bacharelado) | Darcy Ribeiro | Diurno | AC | EP=False | R=NA | GE=NA | PCD=False | SM=NA,77,Biblioteconomia (Bacharelado),Darcy Ribeiro,Diurno,AC,5,5,-37.863,-57.49,15.722,36.282,-65.71,-69.572,-82.692,-37.863,44.829,18.562,-28.248,50.0,3.0,29.974,33.842,28.392,15.722,60.65,44.928,16.695,49.332,50.0,2,31.725,-57.49,,-74.13,0.053,-63.109,-0.181,-68.444,,36.282,,36.685,0.007,33.508,-0.01,34.418,,-65.793,-65.777,7.134,16.64,4,35.223,35.35,1.511,3.177,4
Biblioteconomia (Bacharelado) | Darcy Ribeiro | Diurno | CN | EP=False | R=NA | GE=NEGROS | PCD=False | SM=NA,78,Biblioteconomia (Bacharelado),Darcy Ribeiro,Diurno,CN,4,4,-13.884,-46.402,-13.884,-46.402,-28.064,-25.985,-46.402,-13.884,32.518,15.129,-53.91,100.0,0.0,6.611,-28.064,-25.985,-46.402,-13.884,32.518,15.129,-53.91,100.0,0,6.611,-46.402,,-56.108,0.949,-55.846,0.948,-33.78,,-46.402,,-56.108,0.949,-55.846,0.948,-33.78,,-48.034,-51.124,10.52,22.327,4,-48.034,-51.124,10.52,22.327,4
Biblioteconomia (Bacharelado) | Darcy Ribeiro | Diurno | EP_R1_NPPI | EP=True | R=R1 | GE=NPPI | PCD=False | SM=1.5,79,Biblioteconomia (Bacharelado),Darcy Ribeiro,Diurno,EP_R1_NPPI,3,3,-36.505,-15.523,-15.885,-15.523,-41.492,-36.505,-72.447,-15.523,56.924,28.788,-69.382,50.0,1.0,65.666,-21.988,-15.885,-34.556,-15.523,19.033,10.886,-49.508,50.0,1,26.661,-15.523,,-20.51,0.133,-5.032,0.011,-37.995,,-15.523,,-21.626,0.0,-15.342,-0.14,-21.928,,-19.765,-18.016,13.759,32.963,4,-18.605,-18.574,3.666,6.586,4
Biblioteconomia (Bacharelado) | Darcy Ribeiro | Diurno | EP_R1_PPI | EP=True | R=R1 | GE=PPI | PCD=False | SM=1.5,80,Biblioteconomia (Bacharelado),Darcy Ribeiro,Diurno,EP_R1_PPI,2,2,-41.515,-59.315,-41.515,-59.315,-50.415,-50.415,-59.315,-41.515,17.8,12.587,-24.966,100.0,0.0,0.0,-50.415,-50.415,-59.315,-41.515,17.8,12.587,-24.966,100.0,0,0.0,-59.315,,-77.115,1.0,-77.115,1.0,-53.382,,-59.315,,-77.115,1.0,-77.115,1.0,-53.382,,-66.732,-68.215,12.232,23.733,4,-66.732,-68.215,12.232,23.733,4
Biblioteconomia (Bacharelado) | Darcy Ribeiro | Diurno | EP_R2_NPPI | EP=True | R=R2 | GE=NPPI | PCD=False | SM=1.5,81,Biblioteconomia (Bacharelado),Darcy Ribeiro,Diurno,EP_R2_NPPI,4,4,-18.898,-30.853,-18.898,22.648,-29.26,-24.876,-57.03,-10.259,46.771,20.348,-69.542,66.667,2.0,38.077,14.896,16.062,-18.898,46.357,65.255,27.211,182.676,66.667,1,32.803,-30.853,,-49.919,0.275,-46.411,0.26,-33.392,,22.648,,55.275,0.587,44.859,0.514,22.972,,-40.144,-39.902,9.429,19.066,4,36.439,33.915,16.302,32.627,4
Biblioteconomia (Bacharelado) | Darcy Ribeiro | Diurno | EP_R2_NPPIQ | EP=True | R=R2 | GE=NPPIQ | PCD=False | SM=1.0,82,Biblioteconomia (Bacharelado),Darcy Ribeiro,Diurno,EP_R2_NPPIQ,1,1,-54.547,-54.547,-52.729,-52.729,-54.547,-54.547,-54.547,-54.547,0.0,0.0,0.0,100.0,0.0,0.0,-52.729,-52.729,-52.729,-52.729,0.0,0.0,0.0,100.0,0,0.0,-54.547,,,,,,-54.547,,-52.729,,,,,,-52.729,,-54.547,-54.547,0.0,0.0,2,-52.729,-52.729,0.0,0.0,2
Biblioteconomia (Bacharelado) | Darcy Ribeiro | Diurno | EP_R2_PPI | EP=True | R=R2 | GE=PPI | PCD=False | SM=1.5,83,Biblioteconomia (Bacharelado),Darcy Ribeiro,Diurno,EP_R2_PPI,3,3,-9.93,-45.652,-9.93,-45.652,-33.539,-45.036,-45.652,-9.93,35.722,20.449,-60.969,100.0,0.0,24.388,-33.539,-45.036,-45.652,-9.93,35.722,20.449,-60.969,100.0,0,24.388,-45.652,,-69.261,0.763,-63.513,0.73,-39.493,,-45.652,,-69.261,0.763,-63.513,0.73,-39.493,,-54.48,-54.582,14.173,29.768,4,-54.48,-54.582,14.173,29.768,4
Biologia (Bacharelado) | Darcy Ribeiro | Diurno | AC | EP=False | R=NA | GE=NA | PCD=False | SM=NA,84,Biologia (Bacharelado),Darcy Ribeiro,Diurno,AC,5,5,47.639,78.793,102.589,119.236,67.391,70.253,47.639,92.094,44.455,19.416,28.811,75.0,2.0,34.7,118.196,119.236,55.263,174.618,119.355,44.252,37.439,50.0,2,76.416,78.793,,80.359,0.161,75.468,0.127,70.073,,119.236,,102.962,0.043,91.725,0.014,112.458,,76.173,77.131,4.55,10.287,4,106.595,107.71,11.951,27.511,4
Biologia (Bacharelado) | Darcy Ribeiro | Diurno | CN | EP=False | R=NA | GE=NEGROS | PCD=False | SM=NA,85,Biologia (Bacharelado),Darcy Ribeiro,Diurno,CN,5,5,-8.39,29.652,-0.152,29.652,7.988,23.621,-29.292,29.652,58.944,25.688,321.567,75.0,2.0,48.358,9.636,23.621,-29.292,29.652,58.944,24.617,255.467,75.0,2,47.243,29.652,,16.54,0.04,15.329,0.039,9.533,,29.652,,13.2,0.008,13.474,0.006,10.082,,17.763,15.934,8.495,20.119,4,16.602,13.337,8.835,19.57,4
Biologia (Bacharelado) | Darcy Ribeiro | Diurno | EP_R1_NPPI | EP=True | R=R1 | GE=NPPI | PCD=False | SM=1.5,86,Biologia (Bacharelado),Darcy Ribeiro,Diurno,EP_R1_NPPI,4,4,-58.578,-64.765,-3.085,-36.085,-9.895,-23.784,-64.765,72.752,137.517,64.932,-656.206,66.667,1.0,115.734,12.014,5.694,-36.085,72.752,108.837,45.595,379.521,66.667,1,75.302,-64.765,,-7.214,0.001,-48.122,-0.219,-13.91,,-36.085,,-7.956,0.074,-34.811,-0.116,4.15,,-33.503,-31.016,27.484,57.551,4,-18.676,-21.384,19.995,40.235,4
Biologia (Bacharelado) | Darcy Ribeiro | Diurno | EP_R1_NPPIQ | EP=True | R=R1 | GE=NPPIQ | PCD=False | SM=1.0,87,Biologia (Bacharelado),Darcy Ribeiro,Diurno,EP_R1_NPPIQ,1,1,-78.848,-78.848,-26.937,-26.937,-78.848,-78.848,-78.848,-78.848,0.0,0.0,0.0,100.0,0.0,0.0,-26.937,-26.937,-26.937,-26.937,0.0,0.0,0.0,100.0,0,0.0,-78.848,,,,,,-78.848,,-26.937,,,,,,-26.937,,-78.848,-78.848,0.0,0.0,2,-26.937,-26.937,0.0,0.0,2
Biologia (Bacharelado) | Darcy Ribeiro | Diurno | EP_R1_NPPI_PCD | EP=True | R=R1 | GE=NPPI | PCD=True | SM=1.5,88,Biologia (Bacharelado),Darcy Ribeiro,Diurno,EP_R1_NPPI_PCD,1,1,6.759,6.759,6.759,6.759,6.759,6.759,6.759,6.759,0.0,0.0,0.0,100.0,0.0,0.0,6.759,6.759,6.759,6.759,0.0,0.0,0.0,100.0,0,0.0,6.759,,,,,,6.759,,6.759,,,,,,6.759,,6.759,6.759,0.0,0.0,2,6.759,6.759,0.0,0.0,2
Biologia (Bacharelado) | Darcy Ribeiro | Diurno | EP_R1_PPI | EP=True | R=R1 | GE=PPI | PCD=False | SM=1.5,89,Biologia (Bacharelado),Darcy Ribeiro,Diurno,EP_R1_PPI,3,3,-42.429,-4.111,-6.123,3.96,-16.435,-4.111,-42.429,-2.765,39.664,22.522,-137.034,50.0,1.0,28.998,29.229,3.96,-6.123,89.849,95.972,52.74,180.44,50.0,1,128.595,-4.111,,15.721,0.874,12.105,0.86,-10.049,,3.96,,51.946,0.08,29.089,-0.02,30.909,,3.417,3.997,12.448,25.77,4,28.976,29.999,19.64,47.986,4
Biologia (Bacharelado) | Darcy Ribeiro | Diurno | EP_R2_NPPI | EP=True | R=R2 | GE=NPPI | PCD=False | SM=1.5,90,Biologia (Bacharelado),Darcy Ribeiro,Diurno,EP_R2_NPPI,4,4,5.725,5.963,31.993,29.19,19.414,15.751,5.725,40.429,34.704,16.807,86.573,66.667,1.0,30.018,32.766,30.722,29.19,40.429,11.239,5.263,16.062,66.667,2,11.195,5.963,,26.168,0.062,16.783,-0.126,20.194,,29.19,,33.412,0.006,32.157,-0.036,32.894,,17.277,18.488,8.482,20.205,4,31.914,32.526,1.887,4.222,4
Biologia (Bacharelado) | Darcy Ribeiro | Diurno | EP_R2_NPPIQ | EP=True | R=R2 | GE=NPPIQ | PCD=False | SM=1.0,91,Biologia (Bacharelado),Darcy Ribeiro,Diurno,EP_R2_NPPIQ,1,1,29.597,29.597,56.051,56.051,29.597,29.597,29.597,29.597,0.0,0.0,0.0,100.0,0.0,0.0,56.051,56.051,56.051,56.051,0.0,0.0,0.0,100.0,0,0.0,29.597,,,,,,29.597,,56.051,,,,,,56.051,,29.597,29.597,0.0,0.0,2,56.051,56.051,0.0,0.0,2
Biologia (Bacharelado) | Darcy Ribeiro | Diurno | EP_R2_NPPI_PCD | EP=True | R=R2 | GE=NPPI | PCD=True | SM=1.5,92,Biologia (Bacharelado),Darcy Ribeiro,Diurno,EP_R2_NPPI_PCD,1,1,-25.671,-25.671,-25.671,-25.671,-25.671,-25.671,-25.671,-25.671,0.0,0.0,0.0,100.0,0.0,0.0,-25.671,-25.671,-25.671,-25.671,0.0,0.0,0.0,100.0,0,0.0,-25.671,,,,,,-25.671,,-25.671,,,,,,-25.671,,-25.671,-25.671,0.0,0.0,2,-25.671,-25.671,0.0,0.0,2
Biologia (Bacharelado) | Darcy Ribeiro | Diurno | EP_R2_PPI | EP=True | R=R2 | GE=PPI | PCD=False | SM=1.5,93,Biologia (Bacharelado),Darcy Ribeiro,Diurno,EP_R2_PPI,4,4,-40.62,-80.211,42.573,-58.11,-37.745,-45.39,-80.211,20.011,100.222,42.038,-111.373,66.667,1.0,67.01,-3.564,0.64,-58.11,42.573,100.683,47.114,-1321.842,100.0,0,20.488,-80.211,,-66.532,0.181,-87.529,0.048,-47.192,,-58.11,,-74.193,0.867,-83.154,0.848,-21.423,,-70.366,-73.372,17.731,40.337,4,-59.22,-66.152,27.245,61.731,4
Biologia (Bacharelado) | Darcy Ribeiro | Diurno | EP_R2_PPIQ | EP=True | R=R2 | GE=PPIQ | PCD=False | SM=1.0,94,Biologia (Bacharelado),Darcy Ribeiro,Diurno,EP_R2_PPIQ,1,1,-67.982,-67.982,8.016,8.016,-67.982,-67.982,-67.982,-67.982,0.0,0.0,0.0,100.0,0.0,0.0,8.016,8.016,8.016,8.016,0.0,0.0,0.0,100.0,0,0.0,-67.982,,,,,,-67.982,,8.016,,,,,,8.016,,-67.982,-67.982,0.0,0.0,2,8.016,8.016,0.0,0.0,2
Biologia (Licenciatura) | Darcy Ribeiro | Diurno | AC | EP=False | R=NA | GE=NA | PCD=False | SM=NA,95,Biologia (Licenciatura),Darcy Ribeiro,Diurno,AC,1,1,61.373,61.373,143.74,143.74,61.373,61.373,61.373,61.373,0.0,0.0,0.0,100.0,0.0,0.0,143.74,143.74,143.74,143.74,0.0,0.0,0.0,100.0,0,0.0,61.373,,,,,,61.373,,143.74,,,,,,143.74,,61.373,61.373,0.0,0.0,2,143.74,143.74,0.0,0.0,2
Biologia (Licenciatura) | Darcy Ribeiro | Noturno | AC | EP=False | R=NA | GE=NA | PCD=False | SM=NA,96,Biologia (Licenciatura),Darcy Ribeiro,Noturno,AC,5,4,-36.584,-14.729,45.635,54.739,-15.744,-14.729,-36.584,5.948,42.532,19.736,-125.359,50.0,3.0,40.424,77.398,61.205,45.635,141.546,95.911,43.711,56.476,66.667,1,86.012,-14.729,,-5.439,0.07,-9.926,0.034,-13.136,,54.739,,73.581,0.003,53.625,-0.115,75.07,,-10.807,-11.531,4.099,9.29,4,64.254,64.16,11.654,21.444,4
Biologia (Licenciatura) | Darcy Ribeiro | Diurno | CN | EP=False | R=NA | GE=NEGROS | PCD=False | SM=NA,97,Biologia (Licenciatura),Darcy Ribeiro,Diurno,CN,1,1,45.804,45.804,45.804,45.804,45.804,45.804,45.804,45.804,0.0,0.0,0.0,100.0,0.0,0.0,45.804,45.804,45.804,45.804,0.0,0.0,0.0,100.0,0,0.0,45.804,,,,,,45.804,,45.804,,,,,,45.804,,45.804,45.804,0.0,0.0,2,45.804,45.804,0.0,0.0,2
Biologia (Licenciatura) | Darcy Ribeiro | Noturno | CN | EP=False | R=NA | GE=NEGROS | PCD=False | SM=NA,98,Biologia (Licenciatura),Darcy Ribeiro,Noturno,CN,3,3,9.788,-17.183,35.977,-17.183,11.089,9.788,-17.183,40.662,57.845,28.944,261.019,50.0,1.0,62.734,19.819,35.977,-17.183,40.662,57.845,32.13,162.119,50.0,1,44.215,-17.183,,-20.85,0.533,-25.093,0.472,6.594,,-17.183,,-27.086,0.932,-28.877,0.924,10.959,,-14.133,-19.017,14.191,31.687,4,-15.547,-22.134,18.404,39.836,4
Biologia (Licenciatura) | Darcy Ribeiro | Diurno | EP_R1_NPPI | EP=True | R=R1 | GE=NPPI | PCD=False | SM=1.5,99,Biologia (Licenciatura),Darcy Ribeiro,Diurno,EP_R1_NPPI,1,1,38.006,38.006,47.711,47.711,38.006,38.006,38.006,38.006,0.0,0.0,0.0,100.0,0.0,0.0,47.711,47.711,47.711,47.711,0.0,0.0,0.0,100.0,0,0.0,38.006,,,,,,38.006,,47.711,,,,,,47.711,,38.006,38.006,0.0,0.0,2,47.711,47.711,0.0,0.0,2
Biologia (Licenciatura) | Darcy Ribeiro | Noturno | EP_R1_NPPI | EP=True | R=R1 | GE=NPPI | PCD=False | SM=1.5,100,Biologia (Licenciatura),Darcy Ribeiro,Noturno,EP_R1_NPPI,3,3,-18.134,-34.27,22.642,-8.304,-32.616,-34.27,-45.443,-18.134,27.309,13.729,-42.095,50.0,1.0,27.211,-3.706,-8.304,-25.456,22.642,48.098,24.376,-657.756,50.0,1,46.139,-34.27,,-48.752,0.345,-42.338,0.254,-35.305,,-8.304,,-34.652,0.403,-23.777,0.319,-8.864,,-40.166,-38.822,6.753,14.482,4,-18.899,-16.32,12.714,26.348,4
Biologia (Licenciatura) | Darcy Ribeiro | Diurno | EP_R1_PPI | EP=True | R=R1 | GE=PPI | PCD=False | SM=1.5,101,Biologia (Licenciatura),Darcy Ribeiro,Diurno,EP_R1_PPI,0,1,,,-7.024,-7.024,,,,,,,,,,,-7.024,-7.024,-7.024,-7.024,0.0,0.0,0.0,100.0,0,0.0,,,,,,,,,-7.024,,,,,,-7.024,,,,,,0,-7.024,-7.024,0.0,0.0,2
Biologia (Licenciatura) | Darcy Ribeiro | Noturno | EP_R1_PPI | EP=True | R=R1 | GE=PPI | PCD=False | SM=1.5,102,Biologia (Licenciatura),Darcy Ribeiro,Noturno,EP_R1_PPI,3,3,-57.415,-32.04,-43.489,-17.529,-38.388,-32.04,-57.415,-25.71,31.705,16.779,-43.708,50.0,1.0,26.895,-9.648,-17.529,-43.489,32.075,75.564,38.394,-397.957,50.0,1,88.507,-32.04,,-20.261,0.383,-25.336,0.296,-34.159,,-17.529,,0.683,0.024,-13.926,-0.114,-5.321,,-27.949,-28.688,6.357,13.898,4,-9.023,-9.623,8.252,18.212,4
Biologia (Licenciatura) | Darcy Ribeiro | Diurno | EP_R2_NPPI | EP=True | R=R2 | GE=NPPI | PCD=False | SM=1.5,103,Biologia (Licenciatura),Darcy Ribeiro,Diurno,EP_R2_NPPI,1,1,51.276,51.276,55.29,55.29,51.276,51.276,51.276,51.276,0.0,0.0,0.0,100.0,0.0,0.0,55.29,55.29,55.29,55.29,0.0,0.0,0.0,100.0,0,0.0,51.276,,,,,,51.276,,55.29,,,,,,55.29,,51.276,51.276,0.0,0.0,2,55.29,55.29,0.0,0.0,2
Biologia (Licenciatura) | Darcy Ribeiro | Noturno | EP_R2_NPPI | EP=True | R=R2 | GE=NPPI | PCD=False | SM=1.5,104,Biologia (Licenciatura),Darcy Ribeiro,Noturno,EP_R2_NPPI,4,4,-20.37,3.563,18.629,3.563,-10.327,-8.404,-44.203,19.703,63.906,27.947,-270.632,66.667,2.0,62.372,4.722,11.096,-44.203,40.899,85.102,36.042,763.288,66.667,2,70.513,3.563,,-8.354,0.001,-6.815,-0.0,-9.932,,3.563,,-27.853,0.218,-22.754,0.208,-1.793,,-5.384,-7.584,6.099,13.495,4,-12.209,-12.273,15.418,31.416,4
Biologia (Licenciatura) | Darcy Ribeiro | Noturno | EP_R2_NPPIQ | EP=True | R=R2 | GE=NPPIQ | PCD=False | SM=1.0,105,Biologia (Licenciatura),Darcy Ribeiro,Noturno,EP_R2_NPPIQ,1,1,-40.608,-40.608,7.61,7.61,-40.608,-40.608,-40.608,-40.608,0.0,0.0,0.0,100.0,0.0,0.0,7.61,7.61,7.61,7.61,0.0,0.0,0.0,100.0,0,0.0,-40.608,,,,,,-40.608,,7.61,,,,,,7.61,,-40.608,-40.608,0.0,0.0,2,7.61,7.61,0.0,0.0,2
Biologia (Licenciatura) | Darcy Ribeiro | Diurno | EP_R2_PPI | EP=True | R=R2 | GE=PPI | PCD=False | SM=1.5,106,Biologia (Licenciatura),Darcy Ribeiro,Diurno,EP_R2_PPI,1,1,21.358,21.358,36.304,36.304,21.358,21.358,21.358,21.358,0.0,0.0,0.0,100.0,0.0,0.0,36.304,36.304,36.304,36.304,0.0,0.0,0.0,100.0,0,0.0,21.358,,,,,,21.358,,36.304,,,,,,36.304,,21.358,21.358,0.0,0.0,2,36.304,36.304,0.0,0.0,2
Biologia (Licenciatura) | Darcy Ribeiro | Noturno | EP_R2_PPI | EP=True | R=R2 | GE=PPI | PCD=False | SM=1.5,107,Biologia (Licenciatura),Darcy Ribeiro,Noturno,EP_R2_PPI,4,4,-17.581,-14.417,-17.581,9.672,-25.56,-22.234,-43.355,-14.417,28.938,12.99,-50.823,66.667,1.0,24.412,-3.447,-3.954,-17.786,11.906,29.692,16.464,-477.601,66.667,2,17.876,-14.417,,-27.304,0.005,-19.655,-0.169,-25.909,,9.672,,24.415,0.764,24.01,0.763,2.125,,-21.821,-22.782,5.952,12.887,4,15.056,16.841,11.015,22.29,4
Biotecnologia (Bacharelado) | Darcy Ribeiro | Diurno | AC | EP=False | R=NA | GE=NA | PCD=False | SM=NA,108,Biotecnologia (Bacharelado),Darcy Ribeiro,Diurno,AC,6,6,13.962,67.536,103.116,157.41,46.788,62.272,-13.439,87.359,100.798,38.337,81.938,60.0,4.0,69.102,119.757,141.502,20.763,157.41,136.647,52.513,43.849,60.0,2,91.568,67.536,,44.465,0.001,38.077,-0.016,46.235,,157.41,,105.08,0.022,104.913,0.022,116.263,,49.078,45.35,12.794,29.459,4,120.916,110.671,24.902,52.497,4
Biotecnologia (Bacharelado) | Darcy Ribeiro | Diurno | CN | EP=False | R=NA | GE=NEGROS | PCD=False | SM=NA,109,Biotecnologia (Bacharelado),Darcy Ribeiro,Diurno,CN,5,5,-40.953,64.205,-1.459,64.205,37.907,64.205,-40.953,72.345,113.298,47.152,124.389,50.0,1.0,36.858,45.805,64.205,-1.459,72.345,73.804,31.273,68.273,50.0,1,24.371,64.205,,107.79,0.563,86.633,0.432,54.299,,64.205,,93.38,0.593,80.38,0.479,56.932,,78.232,75.419,23.901,53.492,4,73.724,72.293,16.363,36.449,4
Biotecnologia (Bacharelado) | Darcy Ribeiro | Diurno | EP_R1_NPPI | EP=True | R=R1 | GE=NPPI | PCD=False | SM=1.5,110,Biotecnologia (Bacharelado),Darcy Ribeiro,Diurno,EP_R1_NPPI,4,4,-62.356,-32.078,44.477,-32.078,-45.11,-43.003,-62.356,-32.078,30.278,14.06,-31.168,100.0,0.0,6.166,-3.959,-4.832,-50.648,44.477,95.125,44.767,-1130.824,66.667,2,87.757,-32.078,,-18.579,0.95,-20.265,0.942,-39.804,,-32.078,,-43.11,0.204,-34.983,0.187,-11.789,,-27.681,-26.171,10.069,21.225,4,-30.49,-33.53,13.313,31.321,4
Biotecnologia (Bacharelado) | Darcy Ribeiro | Diurno | EP_R1_NPPIQ | EP=True | R=R1 | GE=NPPIQ | PCD=False | SM=1.0,111,Biotecnologia (Bacharelado),Darcy Ribeiro,Diurno,EP_R1_NPPIQ,1,1,22.903,22.903,22.903,22.903,22.903,22.903,22.903,22.903,0.0,0.0,0.0,100.0,0.0,0.0,22.903,22.903,22.903,22.903,0.0,0.0,0.0,100.0,0,0.0,22.903,,,,,,22.903,,22.903,,,,,,22.903,,22.903,22.903,0.0,0.0,2,22.903,22.903,0.0,0.0,2
Biotecnologia (Bacharelado) | Darcy Ribeiro | Diurno | EP_R1_PPI | EP=True | R=R1 | GE=PPI | PCD=False | SM=1.5,112,Biotecnologia (Bacharelado),Darcy Ribeiro,Diurno,EP_R1_PPI,3,3,-47.176,-25.889,-47.176,42.794,-34.343,-29.963,-47.176,-25.889,21.287,11.299,-32.901,100.0,0.0,9.291,2.838,12.895,-47.176,42.794,89.97,45.82,1614.722,100.0,0,21.335,-25.889,,-13.056,0.887,-15.246,0.872,-30.795,,42.794,,92.808,0.964,87.779,0.959,17.833,,-21.246,-20.567,8.482,17.739,4,60.303,65.286,36.156,74.975,4
Biotecnologia (Bacharelado) | Darcy Ribeiro | Diurno | EP_R2_NPPI | EP=True | R=R2 | GE=NPPI | PCD=False | SM=1.5,113,Biotecnologia (Bacharelado),Darcy Ribeiro,Diurno,EP_R2_NPPI,5,5,-60.398,-84.167,32.963,-24.822,-7.042,2.909,-84.167,55.938,140.105,63.585,-902.894,75.0,1.0,88.072,51.173,32.963,-24.822,130.314,155.136,59.689,116.641,50.0,1,75.63,-84.167,,-37.212,0.063,-82.111,-0.217,-13.747,,-24.822,,-1.334,0.215,-37.51,0.009,39.505,,-54.309,-59.662,34.651,70.42,4,-6.04,-13.078,33.86,77.014,4
Biotecnologia (Bacharelado) | Darcy Ribeiro | Diurno | EP_R2_NPPIQ | EP=True | R=R2 | GE=NPPIQ | PCD=False | SM=1.0,114,Biotecnologia (Bacharelado),Darcy Ribeiro,Diurno,EP_R2_NPPIQ,1,1,-36.957,-36.957,43.54,43.54,-36.957,-36.957,-36.957,-36.957,0.0,0.0,0.0,100.0,0.0,0.0,43.54,43.54,43.54,43.54,0.0,0.0,0.0,100.0,0,0.0,-36.957,,,,,,-36.957,,43.54,,,,,,43.54,,-36.957,-36.957,0.0,0.0,2,43.54,43.54,0.0,0.0,2
Biotecnologia (Bacharelado) | Darcy Ribeiro | Diurno | EP_R2_PPI | EP=True | R=R2 | GE=PPI | PCD=False | SM=1.5,115,Biotecnologia (Bacharelado),Darcy Ribeiro,Diurno,EP_R2_PPI,4,4,-40.891,-25.817,40.546,-25.817,-32.611,-33.354,-53.337,-10.399,42.938,18.598,-57.03,66.667,2.0,32.868,44.408,49.711,-25.817,104.025,129.842,53.883,121.337,66.667,1,94.248,-25.817,,-10.571,0.375,-11.165,0.374,-28.203,,-25.817,,5.922,0.136,-23.712,-0.015,36.71,,-18.939,-18.491,9.373,17.632,4,-1.724,-8.895,29.437,62.528,4
Biotecnologia (Bacharelado) | Darcy Ribeiro | Diurno | EP_R2_PPIQ | EP=True | R=R2 | GE=PPIQ | PCD=False | SM=1.0,116,Biotecnologia (Bacharelado),Darcy Ribeiro,Diurno,EP_R2_PPIQ,1,1,-47.168,-47.168,-47.168,-47.168,-47.168,-47.168,-47.168,-47.168,0.0,0.0,0.0,100.0,0.0,0.0,-47.168,-47.168,-47.168,-47.168,0.0,0.0,0.0,100.0,0,0.0,-47.168,,,,,,-47.168,,-47.168,,,,,,-47.168,,-47.168,-47.168,0.0,0.0,2,-47.168,-47.168,0.0,0.0,2
Ciência Política (Bacharelado) | Darcy Ribeiro | Diurno | AC | EP=False | R=NA | GE=NA | PCD=False | SM=NA,117,Ciência Política (Bacharelado),Darcy Ribeiro,Diurno,AC,6,6,-16.226,55.467,118.576,112.083,31.669,49.195,-16.226,55.467,71.693,31.588,99.746,60.0,2.0,47.124,95.834,111.566,27.872,128.48,100.608,37.561,39.194,60.0,2,52.574,55.467,,52.927,0.129,42.748,0.066,36.73,,112.083,,58.995,0.275,68.327,0.237,87.063,,46.968,47.838,8.763,18.737,4,81.617,77.695,23.425,53.088,4
Ciência Política (Bacharelado) | Darcy Ribeiro | Diurno | CN | EP=False | R=NA | GE=NEGROS | PCD=False | SM=NA,118,Ciência Política (Bacharelado),Darcy Ribeiro,Diurno,CN,6,6,-6.36,48.441,63.804,48.441,19.562,11.203,-6.889,59.772,66.661,29.263,149.594,60.0,3.0,44.353,31.256,36.141,-6.889,63.804,70.693,30.811,98.577,60.0,3,57.921,48.441,,52.191,0.355,47.783,0.341,27.331,,48.441,,28.803,0.002,37.76,-0.05,30.672,,43.937,48.112,11.24,24.861,4,36.419,34.216,8.895,19.638,4
Ciência Política (Bacharelado) | Darcy Ribeiro | Diurno | EP_R1_NPPI | EP=True | R=R1 | GE=NPPI | PCD=False | SM=1.5,119,Ciência Política (Bacharelado),Darcy Ribeiro,Diurno,EP_R1_NPPI,4,4,-23.763,-21.736,2.994,15.499,-29.484,-25.849,-44.5,-21.736,22.764,10.338,-35.065,66.667,1.0,20.108,-7.882,-9.546,-27.935,15.499,43.434,20.566,-260.914,66.667,1,34.288,-21.736,,-32.104,0.017,-26.717,-0.119,-30.008,,15.499,,2.959,0.074,16.661,-0.148,-5.714,,-27.641,-28.362,4.518,10.369,4,7.351,9.229,10.694,22.376,4
Ciência Política (Bacharelado) | Darcy Ribeiro | Diurno | EP_R1_NPPIQ | EP=True | R=R1 | GE=NPPIQ | PCD=False | SM=1.0,120,Ciência Política (Bacharelado),Darcy Ribeiro,Diurno,EP_R1_NPPIQ,1,1,-33.164,-33.164,-3.3,-3.3,-33.164,-33.164,-33.164,-33.164,0.0,0.0,0.0,100.0,0.0,0.0,-3.3,-3.3,-3.3,-3.3,0.0,0.0,0.0,100.0,0,0.0,-33.164,,,,,,-33.164,,-3.3,,,,,,-3.3,,-33.164,-33.164,0.0,0.0,2,-3.3,-3.3,0.0,0.0,2
Ciência Política (Bacharelado) | Darcy Ribeiro | Diurno | EP_R1_PPI | EP=True | R=R1 | GE=PPI | PCD=False | SM=1.5,121,Ciência Política (Bacharelado),Darcy Ribeiro,Diurno,EP_R1_PPI,4,4,-20.735,-15.546,4.398,-3.077,-20.308,-18.14,-30.87,-14.082,16.788,7.598,-37.412,66.667,2.0,16.612,6.288,0.66,-18.086,41.919,60.005,25.527,405.937,66.667,2,51.064,-15.546,,-20.614,0.0,-18.879,-0.026,-20.369,,-3.077,,-14.319,0.174,-18.821,0.158,2.167,,-18.852,-19.624,2.333,5.068,4,-8.513,-8.698,9.723,20.988,4
Ciência Política (Bacharelado) | Darcy Ribeiro | Diurno | EP_R2_NPPI | EP=True | R=R2 | GE=NPPI | PCD=False | SM=1.5,122,Ciência Política (Bacharelado),Darcy Ribeiro,Diurno,EP_R2_NPPI,4,4,-48.057,16.428,24.311,22.171,-16.566,-17.317,-48.057,16.428,64.485,26.551,-160.279,66.667,2.0,25.748,23.508,23.241,20.572,26.979,6.407,2.775,11.804,66.667,2,4.96,16.428,,29.751,0.811,30.352,0.811,-7.302,,22.171,,20.301,0.356,20.088,0.353,22.867,,17.307,23.09,17.62,37.655,4,21.357,21.236,1.374,2.779,4
Ciência Política (Bacharelado) | Darcy Ribeiro | Diurno | EP_R2_NPPIQ | EP=True | R=R2 | GE=NPPIQ | PCD=False | SM=1.0,123,Ciência Política (Bacharelado),Darcy Ribeiro,Diurno,EP_R2_NPPIQ,1,1,13.769,13.769,47.698,47.698,13.769,13.769,13.769,13.769,0.0,0.0,0.0,100.0,0.0,0.0,47.698,47.698,47.698,47.698,0.0,0.0,0.0,100.0,0,0.0,13.769,,,,,,13.769,,47.698,,,,,,47.698,,13.769,13.769,0.0,0.0,2,47.698,47.698,0.0,0.0,2
Ciência Política (Bacharelado) | Darcy Ribeiro | Diurno | EP_R2_NPPIQ_PCD | EP=True | R=R2 | GE=NPPIQ | PCD=True | SM=1.0,124,Ciência Política (Bacharelado),Darcy Ribeiro,Diurno,EP_R2_NPPIQ_PCD,1,1,-31.841,-31.841,-24.216,-24.216,-31.841,-31.841,-31.841,-31.841,0.0,0.0,0.0,100.0,0.0,0.0,-24.216,-24.216,-24.216,-24.216,0.0,0.0,0.0,100.0,0,0.0,-31.841,,,,,,-31.841,,-24.216,,,,,,-24.216,,-31.841,-31.841,0.0,0.0,2,-24.216,-24.216,0.0,0.0,2
Ciência Política (Bacharelado) | Darcy Ribeiro | Diurno | EP_R2_PPI | EP=True | R=R2 | GE=PPI | PCD=False | SM=1.5,125,Ciência Política (Bacharelado),Darcy Ribeiro,Diurno,EP_R2_PPI,4,4,-68.378,-30.791,55.251,5.586,-49.211,-48.837,-68.378,-30.791,37.587,15.397,-31.287,100.0,0.0,8.371,11.828,0.267,-8.471,55.251,63.722,29.561,249.911,66.667,1,41.007,-30.791,,-20.295,0.941,-20.594,0.94,-43.428,,5.586,,-24.566,0.404,-9.694,0.278,4.55,,-28.777,-25.692,10.918,23.133,4,-6.031,-2.572,14.187,30.152,4
Ciência Política (Bacharelado) | Darcy Ribeiro | Diurno | EP_R2_PPIQ | EP=True | R=R2 | GE=PPIQ | PCD=False | SM=1.0,126,Ciência Política (Bacharelado),Darcy Ribeiro,Diurno,EP_R2_PPIQ,1,1,-37.151,-37.151,-5.97,-5.97,-37.151,-37.151,-37.151,-37.151,0.0,0.0,0.0,100.0,0.0,0.0,-5.97,-5.97,-5.97,-5.97,0.0,0.0,0.0,100.0,0,0.0,-37.151,,,,,,-37.151,,-5.97,,,,,,-5.97,,-37.151,-37.151,0.0,0.0,2,-5.97,-5.97,0.0,0.0,2
Ciência da Computação (Bacharelado) | Darcy Ribeiro | Diurno | AC | EP=False | R=NA | GE=NA | PCD=False | SM=NA,127,Ciência da Computação (Bacharelado),Darcy Ribeiro,Diurno,AC,6,6,78.303,135.827,141.416,166.528,120.698,125.414,78.303,143.984,65.681,24.633,20.409,80.0,2.0,27.083,163.997,167.532,126.56,192.19,65.63,25.869,15.774,60.0,4,47.131,135.827,,148.907,0.375,137.872,0.252,127.414,,166.528,,158.885,0.011,150.955,-0.046,162.78,,137.505,136.849,8.846,21.492,4,159.787,160.832,6.664,15.573,4
Ciência da Computação (Bacharelado) | Darcy Ribeiro | Diurno | CN | EP=False | R=NA | GE=NEGROS | PCD=False | SM=NA,128,Ciência da Computação (Bacharelado),Darcy Ribeiro,Diurno,CN,6,6,44.904,117.648,57.682,117.648,89.841,87.318,44.904,137.024,92.12,33.759,37.577,80.0,2.0,51.225,91.971,87.318,57.682,137.024,79.342,30.614,33.287,80.0,2,50.078,117.648,,125.351,0.316,115.811,0.267,98.296,,117.648,,121.092,0.259,113.985,0.226,98.904,,114.276,116.729,11.427,27.055,4,112.907,115.817,9.776,22.188,4
Ciência da Computação (Bacharelado) | Darcy Ribeiro | Diurno | EP_R1_NPPI | EP=True | R=R1 | GE=NPPI | PCD=False | SM=1.5,129,Ciência da Computação (Bacharelado),Darcy Ribeiro,Diurno,EP_R1_NPPI,5,5,-75.28,8.647,-0.86,18.344,1.768,8.992,-75.28,46.784,122.064,45.781,2590.027,75.0,1.0,68.282,38.212,21.805,-0.86,86.756,87.616,36.282,94.949,50.0,1,54.622,8.647,,40.786,0.202,17.943,0.062,10.438,,18.344,,36.771,0.0,14.235,-0.216,37.892,,19.454,14.191,14.781,32.139,4,26.811,27.558,12.273,23.657,4
Ciência da Computação (Bacharelado) | Darcy Ribeiro | Diurno | EP_R1_NPPIQ | EP=True | R=R1 | GE=NPPIQ | PCD=False | SM=1.0,130,Ciência da Computação (Bacharelado),Darcy Ribeiro,Diurno,EP_R1_NPPIQ,1,1,-38.263,-38.263,32.989,32.989,-38.263,-38.263,-38.263,-38.263,0.0,0.0,0.0,100.0,0.0,0.0,32.989,32.989,32.989,32.989,0.0,0.0,0.0,100.0,0,0.0,-38.263,,,,,,-38.263,,32.989,,,,,,32.989,,-38.263,-38.263,0.0,0.0,2,32.989,32.989,0.0,0.0,2
Ciência da Computação (Bacharelado) | Darcy Ribeiro | Diurno | EP_R1_PPI | EP=True | R=R1 | GE=PPI | PCD=False | SM=1.5,131,Ciência da Computação (Bacharelado),Darcy Ribeiro,Diurno,EP_R1_PPI,5,5,-34.939,-18.098,-2.517,-7.693,-8.109,-7.916,-34.939,11.4,46.339,19.321,-238.253,50.0,1.0,27.945,20.86,6.671,-7.693,79.464,87.157,35.546,170.404,75.0,1,57.74,-18.098,,-3.081,0.019,-16.078,-0.235,-6.992,,-7.693,,-4.084,0.137,-20.414,0.018,15.317,,-11.062,-11.535,7.186,15.017,4,-4.219,-5.888,14.787,35.731,4
Ciência da Computação (Bacharelado) | Darcy Ribeiro | Diurno | EP_R1_PPIQ | EP=True | R=R1 | GE=PPIQ | PCD=False | SM=1.0,132,Ciência da Computação (Bacharelado),Darcy Ribeiro,Diurno,EP_R1_PPIQ,1,1,0.178,0.178,0.178,0.178,0.178,0.178,0.178,0.178,0.0,0.0,0.0,100.0,0.0,0.0,0.178,0.178,0.178,0.178,0.0,0.0,0.0,100.0,0,0.0,0.178,,,,,,0.178,,0.178,,,,,,0.178,,0.178,0.178,0.0,0.0,2,0.178,0.178,0.0,0.0,2
Ciência da Computação (Bacharelado) | Darcy Ribeiro | Diurno | EP_R2_NPPI | EP=True | R=R2 | GE=NPPI | PCD=False | SM=1.5,133,Ciência da Computação (Bacharelado),Darcy Ribeiro,Diurno,EP_R2_NPPI,5,5,9.801,77.535,115.857,77.535,88.255,107.146,9.801,131.855,122.054,48.062,54.458,50.0,1.0,62.398,128.39,124.221,77.535,181.985,104.45,38.171,29.73,50.0,1,49.739,77.535,,126.558,0.176,95.445,-0.059,96.767,,77.535,,99.958,0.154,75.582,-0.075,122.071,,99.076,96.106,20.312,49.023,4,93.787,88.746,21.86,46.489,4
Ciência da Computação (Bacharelado) | Darcy Ribeiro | Diurno | EP_R2_NPPIQ | EP=True | R=R2 | GE=NPPIQ | PCD=False | SM=1.0,134,Ciência da Computação (Bacharelado),Darcy Ribeiro,Diurno,EP_R2_NPPIQ,1,1,118.288,118.288,118.288,118.288,118.288,118.288,118.288,118.288,0.0,0.0,0.0,100.0,0.0,0.0,118.288,118.288,118.288,118.288,0.0,0.0,0.0,100.0,0,0.0,118.288,,,,,,118.288,,118.288,,,,,,118.288,,118.288,118.288,0.0,0.0,2,118.288,118.288,0.0,0.0,2
Ciência da Computação (Bacharelado) | Darcy Ribeiro | Diurno | EP_R2_NPPIQ_PCD | EP=True | R=R2 | GE=NPPIQ | PCD=True | SM=1.0,135,Ciência da Computação (Bacharelado),Darcy Ribeiro,Diurno,EP_R2_NPPIQ_PCD,1,1,42.861,42.861,42.861,42.861,42.861,42.861,42.861,42.861,0.0,0.0,0.0,100.0,0.0,0.0,42.861,42.861,42.861,42.861,0.0,0.0,0.0,100.0,0,0.0,42.861,,,,,,42.861,,42.861,,,,,,42.861,,42.861,42.861,0.0,0.0,2,42.861,42.861,0.0,0.0,2
Ciência da Computação (Bacharelado) | Darcy Ribeiro | Diurno | EP_R2_NPPI_PCD | EP=True | R=R2 | GE=NPPI | PCD=True | SM=1.5,136,Ciência da Computação (Bacharelado),Darcy Ribeiro,Diurno,EP_R2_NPPI_PCD,1,1,-10.517,-10.517,-10.517,-10.517,-10.517,-10.517,-10.517,-10.517,0.0,0.0,0.0,100.0,0.0,0.0,-10.517,-10.517,-10.517,-10.517,0.0,0.0,0.0,100.0,0,0.0,-10.517,,,,,,-10.517,,-10.517,,,,,,-10.517,,-10.517,-10.517,0.0,0.0,2,-10.517,-10.517,0.0,0.0,2
Ciência da Computação (Bacharelado) | Darcy Ribeiro | Diurno | EP_R2_PPI | EP=True | R=R2 | GE=PPI | PCD=False | SM=1.5,137,Ciência da Computação (Bacharelado),Darcy Ribeiro,Diurno,EP_R2_PPI,5,5,12.338,-12.086,54.187,22.791,24.249,29.628,-12.086,53.97,66.056,25.235,104.066,75.0,1.0,40.201,58.102,56.75,22.791,91.909,69.118,24.763,42.62,50.0,3,44.524,-12.086,,16.897,0.024,1.109,-0.196,22.615,,22.791,,47.375,0.052,35.743,-0.072,55.718,,7.134,9.003,15.713,34.701,4,40.407,41.559,14.319,32.927,4
Ciência da Computação (Bacharelado) | Darcy Ribeiro | Diurno | EP_R2_PPIQ | EP=True | R=R2 | GE=PPIQ | PCD=False | SM=1.0,138,Ciência da Computação (Bacharelado),Darcy Ribeiro,Diurno,EP_R2_PPIQ,1,1,48.884,48.884,74.724,74.724,48.884,48.884,48.884,48.884,0.0,0.0,0.0,100.0,0.0,0.0,74.724,74.724,74.724,74.724,0.0,0.0,0.0,100.0,0,0.0,48.884,,,,,,48.884,,74.724,,,,,,74.724,,48.884,48.884,0.0,0.0,2,74.724,74.724,0.0,0.0,2
Ciência da Computação (Bacharelado) | Darcy Ribeiro | Diurno | EP_R2_PPI_PCD | EP=True | R=R2 | GE=PPI | PCD=True | SM=1.5,139,Ciência da Computação (Bacharelado),Darcy Ribeiro,Diurno,EP_R2_PPI_PCD,1,1,-13.051,-13.051,-13.051,-13.051,-13.051,-13.051,-13.051,-13.051,0.0,0.0,0.0,100.0,0.0,0.0,-13.051,-13.051,-13.051,-13.051,0.0,0.0,0.0,100.0,0,0.0,-13.051,,,,,,-13.051,,-13.051,,,,,,-13.051,,-13.051,-13.051,0.0,0.0,2,-13.051,-13.051,0.0,0.0,2
Ciências Ambientais (Bacharelado) | Darcy Ribeiro | Noturno | AC | EP=False | R=NA | GE=NA | PCD=False | SM=NA,140,Ciências Ambientais (Bacharelado),Darcy Ribeiro,Noturno,AC,5,5,-86.73,-60.711,22.379,-15.392,-70.227,-63.616,-88.634,-51.442,37.192,16.57,-23.596,50.0,3.0,28.636,30.62,18.579,-15.392,118.33,133.722,51.19,167.18,75.0,1,80.608,-60.711,,-51.297,0.334,-52.937,0.326,-65.946,,-15.392,,-28.609,0.343,-37.95,0.325,18.309,,-57.723,-56.824,6.849,14.649,4,-15.911,-22.001,24.618,56.259,4
Ciências Ambientais (Bacharelado) | Darcy Ribeiro | Noturno | CN | EP=False | R=NA | GE=NEGROS | PCD=False | SM=NA,141,Ciências Ambientais (Bacharelado),Darcy Ribeiro,Noturno,CN,4,4,-35.352,-39.988,-30.498,-39.988,-32.329,-36.648,-39.988,-16.032,23.956,11.029,-34.115,66.667,1.0,20.621,-31.116,-34.222,-39.988,-16.032,23.956,10.851,-34.874,66.667,1,18.215,-39.988,,-41.285,0.176,-45.557,0.101,-34.12,,-39.988,,-43.712,0.359,-47.013,0.313,-33.635,,-40.237,-40.636,4.721,11.437,4,-41.087,-41.85,5.737,13.378,4
Ciências Ambientais (Bacharelado) | Darcy Ribeiro | Noturno | EP_R1_NPPI | EP=True | R=R1 | GE=NPPI | PCD=False | SM=1.5,142,Ciências Ambientais (Bacharelado),Darcy Ribeiro,Noturno,EP_R1_NPPI,1,1,-6.827,-6.827,-6.827,-6.827,-6.827,-6.827,-6.827,-6.827,0.0,0.0,0.0,100.0,0.0,0.0,-6.827,-6.827,-6.827,-6.827,0.0,0.0,0.0,100.0,0,0.0,-6.827,,,,,,-6.827,,-6.827,,,,,,-6.827,,-6.827,-6.827,0.0,0.0,2,-6.827,-6.827,0.0,0.0,2
Ciências Ambientais (Bacharelado) | Darcy Ribeiro | Noturno | EP_R2_NPPI | EP=True | R=R2 | GE=NPPI | PCD=False | SM=1.5,143,Ciências Ambientais (Bacharelado),Darcy Ribeiro,Noturno,EP_R2_NPPI,3,3,-49.599,-29.414,-33.542,-13.823,-10.988,-29.414,-49.599,46.048,95.647,50.415,-458.809,50.0,1.0,120.992,-0.439,-13.823,-33.542,46.048,79.59,41.449,-9441.606,50.0,1,98.614,-29.414,,18.41,0.146,-2.639,0.054,-7.624,,-13.823,,25.972,0.174,8.956,0.085,2.848,,-5.317,-5.132,19.631,47.824,4,5.988,5.902,16.437,39.795,4
Ciências Ambientais (Bacharelado) | Darcy Ribeiro | Noturno | EP_R2_PPI | EP=True | R=R2 | GE=PPI | PCD=False | SM=1.5,144,Ciências Ambientais (Bacharelado),Darcy Ribeiro,Noturno,EP_R2_PPI,4,4,-59.986,-51.524,-33.277,-51.524,-38.595,-39.354,-59.986,-15.686,44.3,20.654,-53.515,66.667,1.0,36.492,-31.49,-29.376,-51.524,-15.686,35.838,15.171,-48.178,66.667,1,22.055,-51.524,,-35.123,0.008,-48.851,-0.213,-37.901,,-51.524,,-47.622,0.302,-56.351,0.136,-34.717,,-43.35,-43.376,8.051,16.401,4,-47.553,-49.573,9.273,21.634,4
Ciências Contábeis (Bacharelado) | Darcy Ribeiro | Diurno | AC | EP=False | R=NA | GE=NA | PCD=False | SM=NA,145,Ciências Contábeis (Bacharelado),Darcy Ribeiro,Diurno,AC,6,6,-77.991,17.85,70.338,82.737,-21.983,8.725,-102.261,17.85,120.111,53.5,-243.374,60.0,4.0,92.453,60.895,72.274,-10.335,84.034,94.369,35.679,58.591,60.0,3,63.831,17.85,,-7.889,0.02,-18.605,-0.005,-18.627,,82.737,,43.696,0.066,46.681,0.062,56.8,,-6.818,-13.247,17.205,36.477,4,57.478,51.74,17.748,39.041,4
Ciências Contábeis (Bacharelado) | Darcy Ribeiro | Noturno | AC | EP=False | R=NA | GE=NA | PCD=False | SM=NA,146,Ciências Contábeis (Bacharelado),Darcy Ribeiro,Noturno,AC,5,5,-71.302,-27.789,44.077,31.88,-50.109,-62.176,-71.302,-20.052,51.25,24.299,-48.493,50.0,2.0,43.568,41.978,44.077,31.88,46.127,14.247,5.789,13.79,50.0,3,7.319,-27.789,,-34.66,0.104,-32.379,0.092,-47.586,,31.88,,32.867,0.635,30.839,0.547,40.285,,-35.604,-33.52,8.484,19.797,4,33.968,32.373,4.292,9.446,4
Ciências Contábeis (Bacharelado) | Darcy Ribeiro | Diurno | CN | EP=False | R=NA | GE=NEGROS | PCD=False | SM=NA,147,Ciências Contábeis (Bacharelado),Darcy Ribeiro,Diurno,CN,5,4,5.872,-0.627,5.872,14.496,-4.823,-0.627,-30.284,25.609,55.893,22.917,-475.187,50.0,3.0,50.096,12.402,10.184,3.632,25.609,21.977,9.973,80.41,66.667,2,21.975,-0.627,,-5.645,0.0,-3.784,-0.005,-5.316,,14.496,,15.248,0.029,13.564,0.02,12.597,,-3.843,-4.55,2.292,5.018,4,13.976,14.03,1.149,2.651,4
Ciências Contábeis (Bacharelado) | Darcy Ribeiro | Noturno | CN | EP=False | R=NA | GE=NEGROS | PCD=False | SM=NA,148,Ciências Contábeis (Bacharelado),Darcy Ribeiro,Noturno,CN,3,3,-2.467,-40.834,25.446,-24.325,-37.835,-40.834,-70.205,-2.467,67.738,33.968,-89.78,50.0,1.0,68.666,-7.952,-24.325,-24.978,25.446,50.424,28.926,-363.738,50.0,1,36.117,-40.834,,-66.611,0.319,-55.281,0.224,-44.23,,-24.325,,-45.281,0.74,-39.322,0.704,-16.247,,-51.739,-49.756,11.676,25.777,4,-31.294,-31.823,13.355,29.033,4
Ciências Contábeis (Bacharelado) | Darcy Ribeiro | Diurno | EP_R1_NPPI | EP=True | R=R1 | GE=NPPI | PCD=False | SM=1.5,149,Ciências Contábeis (Bacharelado),Darcy Ribeiro,Diurno,EP_R1_NPPI,3,4,-33.95,-49.303,-9.24,44.815,-39.73,-35.936,-49.303,-33.95,15.353,8.35,-21.017,100.0,0.0,8.048,19.409,21.03,-9.24,44.815,54.055,23.283,119.958,100.0,0,3.264,-49.303,,-50.296,0.686,-52.409,0.652,-42.288,,44.815,,64.348,0.993,63.051,0.992,28.397,,-48.574,-49.799,4.386,10.12,4,50.153,53.933,17.026,35.952,4
Ciências Contábeis (Bacharelado) | Darcy Ribeiro | Noturno | EP_R1_NPPI | EP=True | R=R1 | GE=NPPI | PCD=False | SM=1.5,150,Ciências Contábeis (Bacharelado),Darcy Ribeiro,Noturno,EP_R1_NPPI,3,3,-54.029,-54.966,-54.029,-29.047,-57.05,-54.966,-62.154,-54.029,8.125,4.445,-7.792,50.0,1.0,10.828,-30.169,-29.047,-54.029,-7.43,46.599,23.32,-77.298,50.0,1,48.236,-54.966,,-56.394,0.007,-54.689,-0.133,-57.206,,-29.047,,-15.252,0.134,-23.608,0.012,-26.005,,-55.814,-55.68,1.192,2.517,4,-23.478,-24.807,5.918,13.795,4
Ciências Contábeis (Bacharelado) | Darcy Ribeiro | Diurno | EP_R1_NPPIQ | EP=True | R=R1 | GE=NPPIQ | PCD=False | SM=1.0,151,Ciências Contábeis (Bacharelado),Darcy Ribeiro,Diurno,EP_R1_NPPIQ,1,1,-24.064,-24.064,-24.064,-24.064,-24.064,-24.064,-24.064,-24.064,0.0,0.0,0.0,100.0,0.0,0.0,-24.064,-24.064,-24.064,-24.064,0.0,0.0,0.0,100.0,0,0.0,-24.064,,,,,,-24.064,,-24.064,,,,,,-24.064,,-24.064,-24.064,0.0,0.0,2,-24.064,-24.064,0.0,0.0,2
Ciências Contábeis (Bacharelado) | Darcy Ribeiro | Diurno | EP_R1_PPI | EP=True | R=R1 | GE=PPI | PCD=False | SM=1.5,152,Ciências Contábeis (Bacharelado),Darcy Ribeiro,Diurno,EP_R1_PPI,2,3,-45.199,-59.857,13.346,-59.857,-52.528,-52.528,-59.857,-45.199,14.658,10.365,-19.732,100.0,0.0,0.0,-30.57,-45.199,-59.857,13.346,73.203,38.732,-126.7,100.0,0,31.033,-59.857,,-74.515,1.0,-74.515,1.0,-54.971,,-59.857,,-103.773,0.893,-96.458,0.878,-42.77,,-65.964,-67.186,10.073,19.544,4,-75.715,-78.158,29.18,61.002,4
Ciências Contábeis (Bacharelado) | Darcy Ribeiro | Noturno | EP_R1_PPI | EP=True | R=R1 | GE=PPI | PCD=False | SM=1.5,153,Ciências Contábeis (Bacharelado),Darcy Ribeiro,Noturno,EP_R1_PPI,2,2,-50.721,1.491,-38.632,1.491,-24.615,-24.615,-50.721,1.491,52.212,36.919,-149.988,100.0,0.0,0.0,-18.57,-18.57,-38.632,1.491,40.123,28.371,-152.776,100.0,0,0.0,1.491,,53.703,1.0,53.703,1.0,-15.913,,1.491,,41.614,1.0,41.614,1.0,-11.883,,23.246,27.597,35.879,69.616,4,18.209,21.552,27.572,53.497,4
Ciências Contábeis (Bacharelado) | Darcy Ribeiro | Diurno | EP_R2_NPPI | EP=True | R=R2 | GE=NPPI | PCD=False | SM=1.5,154,Ciências Contábeis (Bacharelado),Darcy Ribeiro,Diurno,EP_R2_NPPI,4,5,-26.025,-75.965,9.416,-49.701,-45.556,-40.116,-75.965,-26.025,49.94,22.86,-50.18,100.0,0.0,11.286,12.111,9.416,-49.701,55.242,104.943,39.797,328.597,50.0,2,61.375,-75.965,,-78.398,0.796,-85.02,0.749,-54.052,,-49.701,,-9.287,0.08,-31.154,-0.089,7.356,,-73.359,-77.181,13.428,30.967,4,-20.697,-20.221,24.952,57.057,4
Ciências Contábeis (Bacharelado) | Darcy Ribeiro | Noturno | EP_R2_NPPI | EP=True | R=R2 | GE=NPPI | PCD=False | SM=1.5,155,Ciências Contábeis (Bacharelado),Darcy Ribeiro,Noturno,EP_R2_NPPI,3,3,-68.678,-60.649,-68.678,0.749,-68.454,-68.678,-76.035,-60.649,15.386,7.695,-11.242,50.0,1.0,16.082,-19.449,0.749,-68.678,9.581,78.259,42.861,-220.375,50.0,1,61.583,-60.649,,-60.425,0.272,-56.635,0.17,-67.116,,0.749,,49.978,0.656,35.462,0.608,-7.878,,-61.206,-60.537,4.349,10.481,4,19.578,18.106,27.597,57.856,4
Ciências Contábeis (Bacharelado) | Darcy Ribeiro | Diurno | EP_R2_NPPIQ | EP=True | R=R2 | GE=NPPIQ | PCD=False | SM=1.0,156,Ciências Contábeis (Bacharelado),Darcy Ribeiro,Diurno,EP_R2_NPPIQ,1,1,-50.333,-50.333,11.211,11.211,-50.333,-50.333,-50.333,-50.333,0.0,0.0,0.0,100.0,0.0,0.0,11.211,11.211,11.211,11.211,0.0,0.0,0.0,100.0,0,0.0,-50.333,,,,,,-50.333,,11.211,,,,,,11.211,,-50.333,-50.333,0.0,0.0,2,11.211,11.211,0.0,0.0,2
Ciências Contábeis (Bacharelado) | Darcy Ribeiro | Noturno | EP_R2_NPPIQ | EP=True | R=R2 | GE=NPPIQ | PCD=False | SM=1.0,157,Ciências Contábeis (Bacharelado),Darcy Ribeiro,Noturno,EP_R2_NPPIQ,1,1,-36.706,-36.706,-21.206,-21.206,-36.706,-36.706,-36.706,-36.706,0.0,0.0,0.0,100.0,0.0,0.0,-21.206,-21.206,-21.206,-21.206,0.0,0.0,0.0,100.0,0,0.0,-36.706,,,,,,-36.706,,-21.206,,,,,,-21.206,,-36.706,-36.706,0.0,0.0,2,-21.206,-21.206,0.0,0.0,2
Ciências Contábeis (Bacharelado) | Darcy Ribeiro | Diurno | EP_R2_PPI | EP=True | R=R2 | GE=PPI | PCD=False | SM=1.5,158,Ciências Contábeis (Bacharelado),Darcy Ribeiro,Diurno,EP_R2_PPI,3,4,-43.271,-21.687,60.116,-21.687,-34.241,-37.765,-43.271,-21.687,21.584,11.215,-32.754,100.0,0.0,7.476,20.561,21.908,-21.687,60.116,81.803,36.172,175.923,66.667,2,52.977,-21.687,,-18.934,0.798,-16.659,0.777,-30.644,,-21.687,,-32.334,0.57,-33.412,0.57,9.982,,-21.981,-20.31,6.13,13.985,4,-19.363,-27.011,20.266,43.394,4
Ciências Contábeis (Bacharelado) | Darcy Ribeiro | Noturno | EP_R2_PPI | EP=True | R=R2 | GE=PPI | PCD=False | SM=1.5,159,Ciências Contábeis (Bacharelado),Darcy Ribeiro,Noturno,EP_R2_PPI,4,4,-37.932,-29.321,-13.347,-6.142,-43.373,-45.118,-53.936,-29.321,24.615,11.809,-27.228,66.667,1.0,19.879,-1.921,-5.372,-13.347,16.406,29.753,12.799,-666.26,66.667,1,25.609,-29.321,,-37.323,0.07,-29.526,-0.148,-42.163,,-6.142,,-1.769,0.0,-8.028,-0.12,-1.891,,-34.583,-33.424,6.278,12.842,4,-4.457,-4.016,3.131,6.259,4
Ciências Contábeis (Bacharelado) | Darcy Ribeiro | Diurno | EP_R2_PPIQ | EP=True | R=R2 | GE=PPIQ | PCD=False | SM=1.0,160,Ciências Contábeis (Bacharelado),Darcy Ribeiro,Diurno,EP_R2_PPIQ,1,1,-81.153,-81.153,-5.417,-5.417,-81.153,-81.153,-81.153,-81.153,0.0,0.0,0.0,100.0,0.0,0.0,-5.417,-5.417,-5.417,-5.417,0.0,0.0,0.0,100.0,0,0.0,-81.153,,,,,,-81.153,,-5.417,,,,,,-5.417,,-81.153,-81.153,0.0,0.0,2,-5.417,-5.417,0.0,0.0,2
Ciências Contábeis (Bacharelado) | Darcy Ribeiro | Noturno | EP_R2_PPIQ | EP=True | R=R2 | GE=PPIQ | PCD=False | SM=1.0,161,Ciências Contábeis (Bacharelado),Darcy Ribeiro,Noturno,EP_R2_PPIQ,1,1,-72.809,-72.809,-37.134,-37.134,-72.809,-72.809,-72.809,-72.809,0.0,0.0,0.0,100.0,0.0,0.0,-37.134,-37.134,-37.134,-37.134,0.0,0.0,0.0,100.0,0,0.0,-72.809,,,,,,-72.809,,-37.134,,,,,,-37.134,,-72.809,-72.809,0.0,0.0,2,-37.134,-37.134,0.0,0.0,2
Ciências Econômicas (Bacharelado) | Darcy Ribeiro | Diurno | AC | EP=False | R=NA | GE=NA | PCD=False | SM=NA,162,Ciências Econômicas (Bacharelado),Darcy Ribeiro,Diurno,AC,6,5,39.606,98.037,170.983,136.512,79.392,91.398,39.606,105.597,65.991,27.393,34.504,60.0,4.0,43.65,136.687,149.64,75.802,170.983,95.181,36.2,26.484,50.0,3,56.05,98.037,,97.574,0.126,88.448,0.058,83.721,,136.512,,98.401,0.404,103.783,0.387,127.169,,91.945,93.011,7.04,14.316,4,116.466,115.476,18.29,38.111,4
Ciências Econômicas (Bacharelado) | Darcy Ribeiro | Diurno | CN | EP=False | R=NA | GE=NEGROS | PCD=False | SM=NA,163,Ciências Econômicas (Bacharelado),Darcy Ribeiro,Diurno,CN,6,6,52.181,83.431,54.601,83.431,45.157,45.439,13.26,83.431,70.171,26.92,59.614,60.0,3.0,45.31,45.56,46.65,13.26,83.431,70.171,27.064,59.403,60.0,3,45.846,83.431,,61.573,0.106,73.38,-0.011,49.066,,83.431,,60.766,0.09,73.034,-0.035,49.181,,66.862,67.477,14.852,34.365,4,66.603,66.9,14.856,34.25,4
Ciências Econômicas (Bacharelado) | Darcy Ribeiro | Diurno | EP_R1_NPPI | EP=True | R=R1 | GE=NPPI | PCD=False | SM=1.5,164,Ciências Econômicas (Bacharelado),Darcy Ribeiro,Diurno,EP_R1_NPPI,5,5,-19.708,-56.632,37.407,-56.632,-34.657,-37.553,-60.912,1.518,62.43,26.042,-75.141,75.0,2.0,48.802,10.474,35.066,-56.632,37.407,94.039,40.469,386.381,75.0,2,53.9,-56.632,,-49.804,0.094,-55.529,0.067,-38.023,,-56.632,,-35.729,0.362,-50.287,0.289,0.206,,-49.997,-52.667,8.525,18.609,4,-35.61,-43.008,25.431,56.838,4
Ciências Econômicas (Bacharelado) | Darcy Ribeiro | Diurno | EP_R1_NPPIQ | EP=True | R=R1 | GE=NPPIQ | PCD=False | SM=1.0,165,Ciências Econômicas (Bacharelado),Darcy Ribeiro,Diurno,EP_R1_NPPIQ,1,1,-30.927,-30.927,-30.927,-30.927,-30.927,-30.927,-30.927,-30.927,0.0,0.0,0.0,100.0,0.0,0.0,-30.927,-30.927,-30.927,-30.927,0.0,0.0,0.0,100.0,0,0.0,-30.927,,,,,,-30.927,,-30.927,,,,,,-30.927,,-30.927,-30.927,0.0,0.0,2,-30.927,-30.927,0.0,0.0,2
Ciências Econômicas (Bacharelado) | Darcy Ribeiro | Diurno | EP_R1_PPI | EP=True | R=R1 | GE=PPI | PCD=False | SM=1.5,166,Ciências Econômicas (Bacharelado),Darcy Ribeiro,Diurno,EP_R1_PPI,3,3,-31.962,-10.898,3.364,67.95,-22.817,-25.591,-31.962,-10.898,21.064,10.803,-47.344,100.0,0.0,5.885,33.463,29.074,3.364,67.95,64.586,32.516,97.171,100.0,0,9.31,-10.898,,-1.753,0.951,-0.366,0.944,-19.306,,67.95,,98.049,0.986,100.243,0.984,44.227,,-8.081,-6.326,8.822,18.94,4,77.617,82.999,26.694,56.016,4
Ciências Econômicas (Bacharelado) | Darcy Ribeiro | Diurno | EP_R2_NPPI | EP=True | R=R2 | GE=NPPI | PCD=False | SM=1.5,167,Ciências Econômicas (Bacharelado),Darcy Ribeiro,Diurno,EP_R2_NPPI,5,5,-31.155,-64.258,71.256,-22.961,3.012,-8.931,-64.258,74.425,138.683,56.339,1870.602,50.0,1.0,73.934,58.102,71.256,-22.961,116.541,139.502,51.097,87.943,75.0,2,67.133,-64.258,,-33.023,0.114,-70.595,-0.136,-4.996,,-22.961,,8.134,0.266,-18.083,0.118,46.998,,-43.218,-48.64,30.315,65.599,4,3.522,-4.974,32.039,69.959,4
Ciências Econômicas (Bacharelado) | Darcy Ribeiro | Diurno | EP_R2_NPPIQ | EP=True | R=R2 | GE=NPPIQ | PCD=False | SM=1.0,168,Ciências Econômicas (Bacharelado),Darcy Ribeiro,Diurno,EP_R2_NPPIQ,1,1,18.823,18.823,94.124,94.124,18.823,18.823,18.823,18.823,0.0,0.0,0.0,100.0,0.0,0.0,94.124,94.124,94.124,94.124,0.0,0.0,0.0,100.0,0,0.0,18.823,,,,,,18.823,,94.124,,,,,,94.124,,18.823,18.823,0.0,0.0,2,94.124,94.124,0.0,0.0,2
Ciências Econômicas (Bacharelado) | Darcy Ribeiro | Diurno | EP_R2_PPI | EP=True | R=R2 | GE=PPI | PCD=False | SM=1.5,169,Ciências Econômicas (Bacharelado),Darcy Ribeiro,Diurno,EP_R2_PPI,4,4,-48.677,-37.254,23.009,59.411,-37.674,-39.014,-48.677,-23.99,24.687,10.297,-27.333,66.667,1.0,15.437,36.404,39.246,7.712,59.411,51.699,25.14,69.058,66.667,2,52.763,-37.254,,-24.91,0.41,-29.144,0.325,-35.121,,59.411,,51.762,0.1,55.607,0.088,39.476,,-31.607,-32.132,5.632,12.343,4,51.564,53.685,8.643,19.935,4
Ciências Econômicas (Bacharelado) | Darcy Ribeiro | Diurno | EP_R2_PPIQ | EP=True | R=R2 | GE=PPIQ | PCD=False | SM=1.0,170,Ciências Econômicas (Bacharelado),Darcy Ribeiro,Diurno,EP_R2_PPIQ,1,1,-17.699,-17.699,30.922,30.922,-17.699,-17.699,-17.699,-17.699,0.0,0.0,0.0,100.0,0.0,0.0,30.922,30.922,30.922,30.922,0.0,0.0,0.0,100.0,0,0.0,-17.699,,,,,,-17.699,,30.922,,,,,,30.922,,-17.699,-17.699,0.0,0.0,2,30.922,30.922,0.0,0.0,2
Ciências Naturais (Licenciatura) | Planaltina | Diurno | AC | EP=False | R=NA | GE=NA | PCD=False | SM=NA,171,Ciências Naturais (Licenciatura),Planaltina,Diurno,AC,5,5,-78.584,-78.391,-15.361,13.11,-79.819,-78.584,-85.5,-71.509,13.991,5.764,-7.221,50.0,3.0,12.566,-11.367,9.258,-85.5,21.657,107.157,43.666,-384.137,50.0,3,73.865,-78.391,,-79.253,0.002,-79.139,0.002,-79.767,,13.11,,33.867,0.275,32.812,0.274,-1.254,,-79.138,-79.196,0.568,1.376,4,19.634,22.961,16.883,35.121,4
Ciências Naturais (Licenciatura) | Planaltina | Noturno | AC | EP=False | R=NA | GE=NA | PCD=False | SM=NA,172,Ciências Naturais (Licenciatura),Planaltina,Noturno,AC,3,3,-76.854,-52.216,-20.469,9.125,-63.865,-62.526,-76.854,-52.216,24.638,12.373,-19.374,100.0,0.0,2.841,-17.018,-20.469,-39.709,9.125,48.834,24.599,-144.551,50.0,1,48.136,-52.216,,-39.227,0.991,-39.897,0.99,-59.759,,9.125,,12.576,0.362,23.922,0.272,-12.085,,-47.775,-46.056,9.974,20.532,4,8.384,10.851,15.039,36.007,4
Ciências Naturais (Licenciatura) | Planaltina | Noturno | CN | EP=False | R=NA | GE=NEGROS | PCD=False | SM=NA,173,Ciências Naturais (Licenciatura),Planaltina,Noturno,CN,1,1,-90.203,-90.203,-90.203,-90.203,-90.203,-90.203,-90.203,-90.203,0.0,0.0,0.0,100.0,0.0,0.0,-90.203,-90.203,-90.203,-90.203,0.0,0.0,0.0,100.0,0,0.0,-90.203,,,,,,-90.203,,-90.203,,,,,,-90.203,,-90.203,-90.203,0.0,0.0,2,-90.203,-90.203,0.0,0.0,2
Ciências Naturais (Licenciatura) | Planaltina | Diurno | EP_R1_PPI | EP=True | R=R1 | GE=PPI | PCD=False | SM=1.5,174,Ciências Naturais (Licenciatura),Planaltina,Diurno,EP_R1_PPI,2,2,-19.534,-49.692,-19.534,-49.692,-34.613,-34.613,-49.692,-19.534,30.158,21.325,-61.61,100.0,0.0,0.0,-34.613,-34.613,-49.692,-19.534,30.158,21.325,-61.61,100.0,0,0.0,-49.692,,-79.85,1.0,-79.85,1.0,-39.639,,-49.692,,-79.85,1.0,-79.85,1.0,-39.639,,-62.258,-64.771,20.724,40.211,4,-62.258,-64.771,20.724,40.211,4
Ciências Naturais (Licenciatura) | Planaltina | Diurno | EP_R2_PPI | EP=True | R=R2 | GE=PPI | PCD=False | SM=1.5,175,Ciências Naturais (Licenciatura),Planaltina,Diurno,EP_R2_PPI,2,2,-38.144,-36.562,-7.442,-36.562,-37.353,-37.353,-38.144,-36.562,1.582,1.119,-2.995,100.0,0.0,0.0,-22.002,-22.002,-36.562,-7.442,29.12,20.591,-93.587,100.0,0,0.0,-36.562,,-35.771,1.0,-35.771,1.0,-37.089,,-36.562,,-51.122,1.0,-51.122,1.0,-26.855,,-36.298,-36.166,0.646,1.318,4,-41.415,-43.842,11.888,24.267,4
Ciências Naturais (Licenciatura) | Planaltina | Noturno | EP_R2_PPI | EP=True | R=R2 | GE=PPI | PCD=False | SM=1.5,176,Ciências Naturais (Licenciatura),Planaltina,Noturno,EP_R2_PPI,1,1,-37.156,-37.156,-37.156,-37.156,-37.156,-37.156,-37.156,-37.156,0.0,0.0,0.0,100.0,0.0,0.0,-37.156,-37.156,-37.156,-37.156,0.0,0.0,0.0,100.0,0,0.0,-37.156,,,,,,-37.156,,-37.156,,,,,,-37.156,,-37.156,-37.156,0.0,0.0,2,-37.156,-37.156,0.0,0.0,2
Ciências Sociais – Antropologia/ Sociologia (Bacharelado/Licenciatura) | Darcy Ribeiro | Diurno | AC | EP=False | R=NA | GE=NA | PCD=False | SM=NA,177,Ciências Sociais – Antropologia/ Sociologia (Bacharelado/Licenciatura),Darcy Ribeiro,Diurno,AC,5,5,-73.444,-15.532,63.097,69.84,-16.418,-7.672,-73.444,11.533,84.977,33.498,-204.03,50.0,3.0,49.024,74.396,71.472,63.097,94.463,31.366,11.846,15.923,50.0,3,22.468,-15.532,,11.363,0.176,-6.122,0.002,-9.264,,69.84,,71.205,0.019,67.634,-0.033,73.871,,-4.889,-7.693,11.519,26.895,4,70.637,70.522,2.61,6.237,4
Ciências Sociais – Antropologia/ Sociologia (Bacharelado/Licenciatura) | Darcy Ribeiro | Diurno | CN | EP=False | R=NA | GE=NEGROS | PCD=False | SM=NA,178,Ciências Sociais – Antropologia/ Sociologia (Bacharelado/Licenciatura),Darcy Ribeiro,Diurno,CN,5,5,-2.423,-34.923,22.985,-32.091,-17.392,-9.211,-40.831,0.428,41.259,19.139,-110.047,50.0,3.0,32.183,5.378,8.448,-32.091,22.985,55.076,22.115,411.181,50.0,2,28.387,-34.923,,-41.057,0.392,-38.956,0.386,-22.368,,-32.091,,-29.043,0.621,-34.301,0.575,-1.061,,-34.326,-36.94,8.369,18.689,4,-24.124,-30.567,15.526,33.239,4
Ciências Sociais – Antropologia/ Sociologia (Bacharelado/Licenciatura) | Darcy Ribeiro | Diurno | EP_R1_NPPI | EP=True | R=R1 | GE=NPPI | PCD=False | SM=1.5,179,Ciências Sociais – Antropologia/ Sociologia (Bacharelado/Licenciatura),Darcy Ribeiro,Diurno,EP_R1_NPPI,4,4,-58.842,-65.302,12.31,-5.054,-55.379,-61.891,-65.302,-32.433,32.869,15.582,-28.137,66.667,1.0,29.499,0.12,2.576,-16.98,12.31,29.29,13.778,11457.633,66.667,2,29.405,-65.302,,-68.351,0.185,-73.705,0.126,-57.974,,-5.054,,-6.107,0.054,-3.3,0.034,-1.125,,-66.333,-66.827,6.567,15.732,4,-3.896,-4.177,2.18,4.981,4
Ciências Sociais – Antropologia/ Sociologia (Bacharelado/Licenciatura) | Darcy Ribeiro | Diurno | EP_R1_NPPIQ | EP=True | R=R1 | GE=NPPIQ | PCD=False | SM=1.0,180,Ciências Sociais – Antropologia/ Sociologia (Bacharelado/Licenciatura),Darcy Ribeiro,Diurno,EP_R1_NPPIQ,1,1,-30.926,-30.926,-30.926,-30.926,-30.926,-30.926,-30.926,-30.926,0.0,0.0,0.0,100.0,0.0,0.0,-30.926,-30.926,-30.926,-30.926,0.0,0.0,0.0,100.0,0,0.0,-30.926,,,,,,-30.926,,-30.926,,,,,,-30.926,,-30.926,-30.926,0.0,0.0,2,-30.926,-30.926,0.0,0.0,2
Ciências Sociais – Antropologia/ Sociologia (Bacharelado/Licenciatura) | Darcy Ribeiro | Diurno | EP_R1_PPI | EP=True | R=R1 | GE=PPI | PCD=False | SM=1.5,181,Ciências Sociais – Antropologia/ Sociologia (Bacharelado/Licenciatura),Darcy Ribeiro,Diurno,EP_R1_PPI,4,4,-79.622,-61.197,13.422,-32.867,-55.535,-53.51,-79.622,-35.497,44.125,19.219,-34.606,66.667,1.0,32.991,-18.897,-28.071,-32.867,13.422,46.289,21.696,-114.814,66.667,2,24.255,-61.197,,-44.298,0.091,-56.198,-0.101,-53.288,,-32.867,,-52.891,0.655,-45.552,0.597,-25.696,,-53.745,-54.743,7.095,16.899,4,-39.252,-39.21,12.251,27.196,4
Ciências Sociais – Antropologia/ Sociologia (Bacharelado/Licenciatura) | Darcy Ribeiro | Diurno | EP_R2_NPPI | EP=True | R=R2 | GE=NPPI | PCD=False | SM=1.5,182,Ciências Sociais – Antropologia/ Sociologia (Bacharelado/Licenciatura),Darcy Ribeiro,Diurno,EP_R2_NPPI,4,4,-34.495,-37.615,6.009,33.041,-37.972,-36.055,-51.116,-28.663,22.453,9.516,-25.059,66.667,2.0,20.704,33.266,32.052,6.009,62.948,56.939,23.301,70.047,66.667,1,33.876,-37.615,,-34.699,0.032,-33.165,0.019,-37.318,,33.041,,61.51,0.392,50.518,0.281,38.914,,-35.699,-36.008,2.138,4.45,4,45.996,44.716,12.638,28.47,4
Ciências Sociais – Antropologia/ Sociologia (Bacharelado/Licenciatura) | Darcy Ribeiro | Diurno | EP_R2_NPPIQ | EP=True | R=R2 | GE=NPPIQ | PCD=False | SM=1.0,183,Ciências Sociais – Antropologia/ Sociologia (Bacharelado/Licenciatura),Darcy Ribeiro,Diurno,EP_R2_NPPIQ,1,1,-91.423,-91.423,-6.3,-6.3,-91.423,-91.423,-91.423,-91.423,0.0,0.0,0.0,100.0,0.0,0.0,-6.3,-6.3,-6.3,-6.3,0.0,0.0,0.0,100.0,0,0.0,-91.423,,,,,,-91.423,,-6.3,,,,,,-6.3,,-91.423,-91.423,0.0,0.0,2,-6.3,-6.3,0.0,0.0,2
Ciências Sociais – Antropologia/ Sociologia (Bacharelado/Licenciatura) | Darcy Ribeiro | Diurno | EP_R2_NPPIQ_PCD | EP=True | R=R2 | GE=NPPIQ | PCD=True | SM=1.0,184,Ciências Sociais – Antropologia/ Sociologia (Bacharelado/Licenciatura),Darcy Ribeiro,Diurno,EP_R2_NPPIQ_PCD,1,1,-32.205,-32.205,-32.205,-32.205,-32.205,-32.205,-32.205,-32.205,0.0,0.0,0.0,100.0,0.0,0.0,-32.205,-32.205,-32.205,-32.205,0.0,0.0,0.0,100.0,0,0.0,-32.205,,,,,,-32.205,,-32.205,,,,,,-32.205,,-32.205,-32.205,0.0,0.0,2,-32.205,-32.205,0.0,0.0,2
Ciências Sociais – Antropologia/ Sociologia (Bacharelado/Licenciatura) | Darcy Ribeiro | Diurno | EP_R2_PPI | EP=True | R=R2 | GE=PPI | PCD=False | SM=1.5,185,Ciências Sociais – Antropologia/ Sociologia (Bacharelado/Licenciatura),Darcy Ribeiro,Diurno,EP_R2_PPI,4,4,-62.078,-57.603,-12.864,10.11,-67.767,-66.29,-80.884,-57.603,23.281,10.25,-15.126,66.667,1.0,18.895,6.148,4.367,-12.864,28.724,41.588,17.734,288.421,66.667,2,35.997,-57.603,,-67.006,0.001,-60.665,-0.19,-67.615,,10.11,,15.854,0.08,9.834,0.022,8.09,,-63.222,-63.835,4.89,10.012,4,10.972,9.972,3.375,7.764,4
Ciências Sociais – Antropologia/ Sociologia (Bacharelado/Licenciatura) | Darcy Ribeiro | Diurno | EP_R2_PPIQ | EP=True | R=R2 | GE=PPIQ | PCD=False | SM=1.0,186,Ciências Sociais – Antropologia/ Sociologia (Bacharelado/Licenciatura),Darcy Ribeiro,Diurno,EP_R2_PPIQ,1,1,-70.919,-70.919,-49.487,-49.487,-70.919,-70.919,-70.919,-70.919,0.0,0.0,0.0,100.0,0.0,0.0,-49.487,-49.487,-49.487,-49.487,0.0,0.0,0.0,100.0,0,0.0,-70.919,,,,,,-70.919,,-49.487,,,,,,-49.487,,-70.919,-70.919,0.0,0.0,2,-49.487,-49.487,0.0,0.0,2
Computação (Licenciatura) | Darcy Ribeiro | Noturno | AC | EP=False | R=NA | GE=NA | PCD=False | SM=NA,187,Computação (Licenciatura),Darcy Ribeiro,Noturno,AC,6,6,-96.333,-22.177,63.42,45.581,-45.556,-24.338,-105.03,-2.433,102.597,43.576,-95.655,60.0,2.0,68.093,40.884,54.5,-44.569,74.983,119.552,44.702,109.336,60.0,3,77.653,-22.177,,-36.135,0.013,-49.503,-0.044,-43.313,,45.581,,8.018,0.154,6.821,0.154,33.059,,-37.782,-39.724,11.75,27.326,4,23.37,20.539,19.12,38.76,4
Computação (Licenciatura) | Darcy Ribeiro | Noturno | CN | EP=False | R=NA | GE=NEGROS | PCD=False | SM=NA,188,Computação (Licenciatura),Darcy Ribeiro,Noturno,CN,4,4,-3.314,-23.781,-3.314,-23.781,-13.755,-13.548,-63.586,35.66,99.246,41.37,-300.76,66.667,2.0,91.859,-13.755,-13.548,-63.586,35.66,99.246,41.37,-300.76,66.667,2,91.859,-23.781,,-10.451,0.002,-13.01,-0.006,-11.863,,-23.781,,-10.451,0.002,-13.01,-0.006,-11.863,,-14.776,-12.436,6.094,13.33,4,-14.776,-12.436,6.094,13.33,4
Computação (Licenciatura) | Darcy Ribeiro | Noturno | EP_R1_NPPI | EP=True | R=R1 | GE=NPPI | PCD=False | SM=1.5,189,Computação (Licenciatura),Darcy Ribeiro,Noturno,EP_R1_NPPI,1,1,-65.745,-65.745,-51.109,-51.109,-65.745,-65.745,-65.745,-65.745,0.0,0.0,0.0,100.0,0.0,0.0,-51.109,-51.109,-51.109,-51.109,0.0,0.0,0.0,100.0,0,0.0,-65.745,,,,,,-65.745,,-51.109,,,,,,-51.109,,-65.745,-65.745,0.0,0.0,2,-51.109,-51.109,0.0,0.0,2
Computação (Licenciatura) | Darcy Ribeiro | Noturno | EP_R1_PPI | EP=True | R=R1 | GE=PPI | PCD=False | SM=1.5,190,Computação (Licenciatura),Darcy Ribeiro,Noturno,EP_R1_PPI,4,4,36.577,-5.522,36.577,-5.522,-24.848,-27.435,-81.096,36.577,117.673,51.351,-206.663,66.667,1.0,89.958,-20.584,-18.908,-81.096,36.577,117.673,49.305,-239.538,66.667,1,90.428,-5.522,,-48.485,0.057,-16.185,-0.141,-29.575,,-5.522,,-39.957,0.041,-11.068,-0.13,-24.458,,-24.942,-22.88,18.525,42.963,4,-20.251,-17.763,15.355,34.435,4
Computação (Licenciatura) | Darcy Ribeiro | Noturno | EP_R2_NPPI | EP=True | R=R2 | GE=NPPI | PCD=False | SM=1.5,191,Computação (Licenciatura),Darcy Ribeiro,Noturno,EP_R2_NPPI,4,4,-28.675,-50.802,14.464,-11.64,-39.236,-39.738,-57.125,-20.342,36.783,17.534,-44.688,66.667,2.0,38.256,-14.758,-9.923,-53.651,14.464,68.115,28.397,-192.417,66.667,2,56.963,-50.802,,-46.635,0.047,-47.037,0.047,-40.716,,-11.64,,-22.975,0.022,-10.039,-0.081,-16.402,,-46.298,-46.836,4.168,10.086,4,-15.264,-14.021,5.808,12.936,4
Computação (Licenciatura) | Darcy Ribeiro | Noturno | EP_R2_NPPIQ | EP=True | R=R2 | GE=NPPIQ | PCD=False | SM=1.0,192,Computação (Licenciatura),Darcy Ribeiro,Noturno,EP_R2_NPPIQ,1,1,-44.036,-44.036,-4.601,-4.601,-44.036,-44.036,-44.036,-44.036,0.0,0.0,0.0,100.0,0.0,0.0,-4.601,-4.601,-4.601,-4.601,0.0,0.0,0.0,100.0,0,0.0,-44.036,,,,,,-44.036,,-4.601,,,,,,-4.601,,-44.036,-44.036,0.0,0.0,2,-4.601,-4.601,0.0,0.0,2
Computação (Licenciatura) | Darcy Ribeiro | Noturno | EP_R2_NPPI_PCD | EP=True | R=R2 | GE=NPPI | PCD=True | SM=1.5,193,Computação (Licenciatura),Darcy Ribeiro,Noturno,EP_R2_NPPI_PCD,1,1,18.874,18.874,18.874,18.874,18.874,18.874,18.874,18.874,0.0,0.0,0.0,100.0,0.0,0.0,18.874,18.874,18.874,18.874,0.0,0.0,0.0,100.0,0,0.0,18.874,,,,,,18.874,,18.874,,,,,,18.874,,18.874,18.874,0.0,0.0,2,18.874,18.874,0.0,0.0,2
Computação (Licenciatura) | Darcy Ribeiro | Noturno | EP_R2_PPI | EP=True | R=R2 | GE=PPI | PCD=False | SM=1.5,194,Computação (Licenciatura),Darcy Ribeiro,Noturno,EP_R2_PPI,2,2,-51.231,-85.346,-44.126,-10.124,-68.288,-68.288,-85.346,-51.231,34.115,24.123,-35.325,100.0,0.0,0.0,-27.125,-27.125,-44.126,-10.124,34.002,24.043,-88.638,100.0,0,0.0,-85.346,,-119.461,1.0,-119.461,1.0,-73.974,,-10.124,,23.878,1.0,23.878,1.0,-21.458,,-99.561,-102.404,23.443,45.487,4,4.043,6.877,23.366,45.336,4
Comunicação Organizacional (Bacharelado) | Darcy Ribeiro | Noturno | AC | EP=False | R=NA | GE=NA | PCD=False | SM=NA,195,Comunicação Organizacional (Bacharelado),Darcy Ribeiro,Noturno,AC,6,6,-60.884,8.45,61.325,66.357,-36.423,-25.148,-98.302,8.45,106.752,37.605,-103.248,60.0,2.0,65.763,45.332,59.586,-18.384,66.357,84.741,32.275,71.196,60.0,4,58.327,8.45,,-26.59,0.02,-24.502,0.018,-34.081,,66.357,,25.181,0.111,32.526,0.08,40.534,,-19.181,-25.546,18.874,42.531,4,41.15,36.53,17.937,41.176,4
Comunicação Organizacional (Bacharelado) | Darcy Ribeiro | Noturno | CN | EP=False | R=NA | GE=NEGROS | PCD=False | SM=NA,196,Comunicação Organizacional (Bacharelado),Darcy Ribeiro,Noturno,CN,5,5,-41.513,-4.348,4.914,-4.348,-21.931,-9.15,-78.071,23.426,101.497,38.939,-177.55,50.0,3.0,64.232,-12.646,-4.348,-78.071,23.426,101.497,38.636,-305.527,50.0,3,77.998,-4.348,,19.364,0.288,11.849,0.261,-12.381,,-4.348,,2.424,0.039,4.498,0.038,-9.286,,3.621,3.75,14.55,31.745,4,-1.678,-0.962,6.324,13.784,4
Comunicação Organizacional (Bacharelado) | Darcy Ribeiro | Noturno | EP_R2_NPPI | EP=True | R=R2 | GE=NPPI | PCD=False | SM=1.5,197,Comunicação Organizacional (Bacharelado),Darcy Ribeiro,Noturno,EP_R2_NPPI,4,4,-24.715,-56.789,-24.715,-56.789,-41.926,-43.099,-56.789,-24.715,32.074,14.119,-33.678,66.667,2.0,20.226,-40.841,-40.929,-56.789,-24.715,32.074,13.512,-33.085,66.667,2,16.332,-56.789,,-62.854,0.586,-61.916,0.584,-46.111,,-56.789,,-62.854,0.708,-62.784,0.708,-45.243,,-56.918,-59.352,7.682,16.743,4,-56.918,-59.786,8.286,17.611,4
Comunicação Organizacional (Bacharelado) | Darcy Ribeiro | Noturno | EP_R2_NPPIQ | EP=True | R=R2 | GE=NPPIQ | PCD=False | SM=1.0,198,Comunicação Organizacional (Bacharelado),Darcy Ribeiro,Noturno,EP_R2_NPPIQ,1,1,-83.245,-83.245,15.877,15.877,-83.245,-83.245,-83.245,-83.245,0.0,0.0,0.0,100.0,0.0,0.0,15.877,15.877,15.877,15.877,0.0,0.0,0.0,100.0,0,0.0,-83.245,,,,,,-83.245,,15.877,,,,,,15.877,,-83.245,-83.245,0.0,0.0,2,15.877,15.877,0.0,0.0,2
Comunicação Organizacional (Bacharelado) | Darcy Ribeiro | Noturno | EP_R2_PPI | EP=True | R=R2 | GE=PPI | PCD=False | SM=1.5,199,Comunicação Organizacional (Bacharelado),Darcy Ribeiro,Noturno,EP_R2_PPI,2,2,-76.574,-46.61,-23.424,-14.593,-61.592,-61.592,-76.574,-46.61,29.964,21.188,-34.4,100.0,0.0,0.0,-19.008,-19.008,-23.424,-14.593,8.831,6.244,-32.851,100.0,0,0.0,-46.61,,-16.646,1.0,-16.646,1.0,-56.598,,-14.593,,-5.762,1.0,-5.762,1.0,-17.537,,-34.125,-31.628,20.591,39.952,4,-10.913,-10.178,6.069,11.775,4
Comunicação Organizacional (Bacharelado) | Darcy Ribeiro | Noturno | EP_R2_PPIQ | EP=True | R=R2 | GE=PPIQ | PCD=False | SM=1.0,200,Comunicação Organizacional (Bacharelado),Darcy Ribeiro,Noturno,EP_R2_PPIQ,1,1,-49.545,-49.545,-18.438,-18.438,-49.545,-49.545,-49.545,-49.545,0.0,0.0,0.0,100.0,0.0,0.0,-18.438,-18.438,-18.438,-18.438,0.0,0.0,0.0,100.0,0,0.0,-49.545,,,,,,-49.545,,-18.438,,,,,,-18.438,,-49.545,-49.545,0.0,0.0,2,-18.438,-18.438,0.0,0.0,2
Comunicação Social - Publicidade e Propaganda (Bacharelado) | Darcy Ribeiro | Diurno | AC | EP=False | R=NA | GE=NA | PCD=False | SM=NA,201,Comunicação Social - Publicidade e Propaganda (Bacharelado),Darcy Ribeiro,Diurno,AC,6,5,42.875,56.963,95.093,86.414,58.324,59.724,40.414,77.921,37.507,14.716,25.232,60.0,4.0,25.4,85.924,86.414,48.42,120.186,71.766,26.009,30.27,50.0,2,39.478,56.963,,54.796,0.016,49.225,-0.071,57.484,,86.414,,64.672,0.241,64.766,0.239,79.983,,54.617,55.879,3.778,8.258,4,73.959,72.374,10.988,21.742,4
Comunicação Social - Publicidade e Propaganda (Bacharelado) | Darcy Ribeiro | Diurno | CN | EP=False | R=NA | GE=NEGROS | PCD=False | SM=NA,202,Comunicação Social - Publicidade e Propaganda (Bacharelado),Darcy Ribeiro,Diurno,CN,6,6,39.163,44.425,52.808,44.425,33.941,41.794,-45.956,66.561,112.517,41.214,121.428,60.0,3.0,73.592,36.215,48.616,-45.956,66.561,112.517,41.93,115.78,60.0,3,74.066,44.425,,12.413,0.078,8.835,0.073,28.816,,44.425,,7.865,0.131,6.886,0.13,29.465,,23.622,20.614,16.371,35.59,4,22.16,18.665,18.136,37.539,4
Comunicação Social - Publicidade e Propaganda (Bacharelado) | Darcy Ribeiro | Diurno | EP_R1_NPPI | EP=True | R=R1 | GE=NPPI | PCD=False | SM=1.5,203,Comunicação Social - Publicidade e Propaganda (Bacharelado),Darcy Ribeiro,Diurno,EP_R1_NPPI,4,4,-49.871,28.907,2.367,28.907,-10.932,-11.382,-49.871,28.907,78.778,34.597,-316.467,66.667,2.0,49.779,2.127,3.295,-26.988,28.907,55.895,22.871,1075.163,66.667,2,43.972,28.907,,40.348,0.586,40.709,0.586,-0.676,,28.907,,14.23,0.075,25.037,-0.037,4.548,,27.322,34.628,19.453,41.385,4,18.18,19.633,11.008,24.359,4
Comunicação Social - Publicidade e Propaganda (Bacharelado) | Darcy Ribeiro | Diurno | EP_R1_NPPIQ | EP=True | R=R1 | GE=NPPIQ | PCD=False | SM=1.0,204,Comunicação Social - Publicidade e Propaganda (Bacharelado),Darcy Ribeiro,Diurno,EP_R1_NPPIQ,1,1,-29.329,-29.329,-29.329,-29.329,-29.329,-29.329,-29.329,-29.329,0.0,0.0,0.0,100.0,0.0,0.0,-29.329,-29.329,-29.329,-29.329,0.0,0.0,0.0,100.0,0,0.0,-29.329,,,,,,-29.329,,-29.329,,,,,,-29.329,,-29.329,-29.329,0.0,0.0,2,-29.329,-29.329,0.0,0.0,2
Comunicação Social - Publicidade e Propaganda (Bacharelado) | Darcy Ribeiro | Diurno | EP_R1_PPI | EP=True | R=R1 | GE=PPI | PCD=False | SM=1.5,205,Comunicação Social - Publicidade e Propaganda (Bacharelado),Darcy Ribeiro,Diurno,EP_R1_PPI,4,4,-43.64,-11.438,29.027,-1.404,-16.369,-11.472,-43.64,1.108,44.748,19.124,-116.829,66.667,2.0,30.132,13.048,12.285,-1.404,29.027,30.431,16.21,124.231,100.0,0,13.312,-11.438,,4.629,0.322,-4.307,0.212,-12.169,,-1.404,,-16.128,0.864,-15.518,0.863,7.213,,-5.821,-7.872,7.818,16.799,4,-6.459,-8.461,11.373,23.341,4
Comunicação Social - Publicidade e Propaganda (Bacharelado) | Darcy Ribeiro | Diurno | EP_R2_NPPI | EP=True | R=R2 | GE=NPPI | PCD=False | SM=1.5,206,Comunicação Social - Publicidade e Propaganda (Bacharelado),Darcy Ribeiro,Diurno,EP_R2_NPPI,5,5,-27.135,-39.668,-14.554,-12.554,16.704,22.817,-39.668,73.446,113.114,49.376,295.597,50.0,1.0,66.825,26.389,31.547,-14.554,73.446,88.0,39.369,149.186,50.0,1,54.108,-39.668,,-0.189,0.033,-35.926,-0.261,12.95,,-12.554,,20.835,0.006,-7.836,-0.292,25.155,,-15.708,-18.057,26.109,52.618,4,6.4,6.499,19.339,37.709,4
Comunicação Social - Publicidade e Propaganda (Bacharelado) | Darcy Ribeiro | Diurno | EP_R2_NPPIQ | EP=True | R=R2 | GE=NPPIQ | PCD=False | SM=1.0,207,Comunicação Social - Publicidade e Propaganda (Bacharelado),Darcy Ribeiro,Diurno,EP_R2_NPPIQ,1,1,50.59,50.59,50.59,50.59,50.59,50.59,50.59,50.59,0.0,0.0,0.0,100.0,0.0,0.0,50.59,50.59,50.59,50.59,0.0,0.0,0.0,100.0,0,0.0,50.59,,,,,,50.59,,50.59,,,,,,50.59,,50.59,50.59,0.0,0.0,2,50.59,50.59,0.0,0.0,2
Comunicação Social - Publicidade e Propaganda (Bacharelado) | Darcy Ribeiro | Diurno | EP_R2_PPI | EP=True | R=R2 | GE=PPI | PCD=False | SM=1.5,208,Comunicação Social - Publicidade e Propaganda (Bacharelado),Darcy Ribeiro,Diurno,EP_R2_PPI,4,4,-26.233,-74.578,8.751,-74.578,-20.72,-11.628,-74.578,14.955,89.533,39.855,-192.351,66.667,1.0,59.479,8.109,25.36,-74.578,56.294,130.872,58.611,722.813,66.667,1,82.867,-74.578,,-59.973,0.259,-83.722,0.081,-28.571,,-74.578,,-57.97,0.339,-90.787,0.182,-5.107,,-61.711,-67.276,24.162,55.151,4,-57.11,-66.274,37.168,85.68,4
Comunicação Social - Publicidade e Propaganda (Bacharelado) | Darcy Ribeiro | Diurno | EP_R2_PPIQ | EP=True | R=R2 | GE=PPIQ | PCD=False | SM=1.0,209,Comunicação Social - Publicidade e Propaganda (Bacharelado),Darcy Ribeiro,Diurno,EP_R2_PPIQ,1,1,-41.458,-41.458,-16.426,-16.426,-41.458,-41.458,-41.458,-41.458,0.0,0.0,0.0,100.0,0.0,0.0,-16.426,-16.426,-16.426,-16.426,0.0,0.0,0.0,100.0,0,0.0,-41.458,,,,,,-41.458,,-16.426,,,,,,-16.426,,-41.458,-41.458,0.0,0.0,2,-16.426,-16.426,0.0,0.0,2
Comunicação Social – Audiovisual (Bacharelado) | Darcy Ribeiro | Diurno | AC | EP=False | R=NA | GE=NA | PCD=False | SM=NA,210,Comunicação Social – Audiovisual (Bacharelado),Darcy Ribeiro,Diurno,AC,6,5,47.993,69.433,110.494,134.182,62.082,64.294,39.969,86.509,46.54,16.42,26.448,60.0,2.0,25.584,116.203,110.494,57.784,175.444,117.66,43.155,37.138,50.0,2,75.722,69.433,,63.217,0.001,58.651,-0.046,62.352,,134.182,,102.24,0.038,102.349,0.035,111.517,,63.413,62.785,4.475,10.782,4,112.572,106.933,15.048,31.942,4
Comunicação Social – Audiovisual (Bacharelado) | Darcy Ribeiro | Diurno | CN | EP=False | R=NA | GE=NEGROS | PCD=False | SM=NA,211,Comunicação Social – Audiovisual (Bacharelado),Darcy Ribeiro,Diurno,CN,6,6,-49.161,-55.674,-49.161,-55.674,-8.319,1.484,-55.674,48.632,104.306,38.686,-465.019,60.0,3.0,61.688,-8.319,1.484,-55.674,48.632,104.306,38.686,-465.019,60.0,3,61.688,-55.674,,-25.215,0.055,-47.733,-0.152,-12.342,,-55.674,,-25.215,0.055,-47.733,-0.152,-12.342,,-35.241,-36.474,19.987,43.332,4,-35.241,-36.474,19.987,43.332,4
Comunicação Social – Audiovisual (Bacharelado) | Darcy Ribeiro | Diurno | EP_R1_NPPI | EP=True | R=R1 | GE=NPPI | PCD=False | SM=1.5,212,Comunicação Social – Audiovisual (Bacharelado),Darcy Ribeiro,Diurno,EP_R1_NPPI,2,2,7.659,-34.127,7.659,-10.753,-13.234,-13.234,-34.127,7.659,41.786,29.547,-223.267,100.0,0.0,0.0,-1.547,-1.547,-10.753,7.659,18.412,13.019,-841.58,100.0,0,0.0,-34.127,,-75.913,1.0,-75.913,1.0,-20.198,,-10.753,,-29.165,1.0,-29.165,1.0,-4.616,,-51.538,-55.02,28.715,55.715,4,-18.425,-19.959,12.652,24.549,4
Comunicação Social – Audiovisual (Bacharelado) | Darcy Ribeiro | Diurno | EP_R1_PPI | EP=True | R=R1 | GE=PPI | PCD=False | SM=1.5,213,Comunicação Social – Audiovisual (Bacharelado),Darcy Ribeiro,Diurno,EP_R1_PPI,3,3,-40.091,-17.004,9.785,-14.344,-31.153,-36.365,-40.091,-17.004,23.087,12.394,-39.785,100.0,0.0,11.056,-13.641,-14.344,-36.365,9.785,46.15,23.083,-169.214,50.0,1,48.204,-17.004,,-8.066,0.867,-5.461,0.849,-27.306,,-14.344,,-37.77,0.273,-26.408,0.171,-17.663,,-14.459,-12.535,9.889,21.845,4,-24.046,-22.036,10.469,23.426,4
Comunicação Social – Audiovisual (Bacharelado) | Darcy Ribeiro | Diurno | EP_R2_NPPI | EP=True | R=R2 | GE=NPPI | PCD=False | SM=1.5,214,Comunicação Social – Audiovisual (Bacharelado),Darcy Ribeiro,Diurno,EP_R2_NPPI,5,5,-30.985,-42.029,9.153,-0.538,-18.187,-15.585,-42.029,5.234,47.263,18.71,-102.878,50.0,1.0,24.593,26.977,9.153,-0.538,74.452,74.99,31.675,117.415,50.0,3,65.054,-42.029,,-27.218,0.065,-40.552,-0.22,-20.194,,-0.538,,30.184,0.003,18.537,-0.073,27.69,,-32.498,-33.885,10.567,21.835,4,18.968,23.113,13.935,30.722,4
Comunicação Social – Audiovisual (Bacharelado) | Darcy Ribeiro | Diurno | EP_R2_NPPIQ | EP=True | R=R2 | GE=NPPIQ | PCD=False | SM=1.0,215,Comunicação Social – Audiovisual (Bacharelado),Darcy Ribeiro,Diurno,EP_R2_NPPIQ,1,1,41.977,41.977,41.977,41.977,41.977,41.977,41.977,41.977,0.0,0.0,0.0,100.0,0.0,0.0,41.977,41.977,41.977,41.977,0.0,0.0,0.0,100.0,0,0.0,41.977,,,,,,41.977,,41.977,,,,,,41.977,,41.977,41.977,0.0,0.0,2,41.977,41.977,0.0,0.0,2
Comunicação Social – Audiovisual (Bacharelado) | Darcy Ribeiro | Diurno | EP_R2_PPI | EP=True | R=R2 | GE=PPI | PCD=False | SM=1.5,216,Comunicação Social – Audiovisual (Bacharelado),Darcy Ribeiro,Diurno,EP_R2_PPI,3,3,-27.235,-63.885,13.364,-63.885,-39.839,-28.396,-63.885,-27.235,36.65,20.833,-52.293,100.0,0.0,24.274,-5.726,13.364,-63.885,33.343,97.228,51.348,-896.756,50.0,1,82.878,-63.885,,-76.489,0.774,-82.21,0.742,-45.947,,-63.885,,-82.975,0.566,-102.509,0.505,-18.601,,-67.133,-70.187,16.065,36.263,4,-66.993,-73.43,35.909,83.909,4
Comunicação Social – Audiovisual (Bacharelado) | Darcy Ribeiro | Diurno | EP_R2_PPIQ | EP=True | R=R2 | GE=PPIQ | PCD=False | SM=1.0,217,Comunicação Social – Audiovisual (Bacharelado),Darcy Ribeiro,Diurno,EP_R2_PPIQ,1,1,-32.295,-32.295,26.778,26.778,-32.295,-32.295,-32.295,-32.295,0.0,0.0,0.0,100.0,0.0,0.0,26.778,26.778,26.778,26.778,0.0,0.0,0.0,100.0,0,0.0,-32.295,,,,,,-32.295,,26.778,,,,,,26.778,,-32.295,-32.295,0.0,0.0,2,26.778,26.778,0.0,0.0,2
Comunicação Social – Audiovisual (Bacharelado) | Darcy Ribeiro | Diurno | EP_R2_PPI_PCD | EP=True | R=R2 | GE=PPI | PCD=True | SM=1.5,218,Comunicação Social – Audiovisual (Bacharelado),Darcy Ribeiro,Diurno,EP_R2_PPI_PCD,1,1,-6.39,-6.39,-6.39,-6.39,-6.39,-6.39,-6.39,-6.39,0.0,0.0,0.0,100.0,0.0,0.0,-6.39,-6.39,-6.39,-6.39,0.0,0.0,0.0,100.0,0,0.0,-6.39,,,,,,-6.39,,-6.39,,,,,,-6.39,,-6.39,-6.39,0.0,0.0,2,-6.39,-6.39,0.0,0.0,2
Design – Programação Visual/Projeto do Produto (Bacharelado) | Darcy Ribeiro | Diurno | AC | EP=False | R=NA | GE=NA | PCD=False | SM=NA,219,Design – Programação Visual/Projeto do Produto (Bacharelado),Darcy Ribeiro,Diurno,AC,6,6,79.753,87.407,125.943,110.73,75.548,78.81,54.836,87.407,32.571,11.231,14.866,60.0,2.0,18.714,103.319,107.888,69.182,125.943,56.761,18.97,18.361,60.0,3,31.72,87.407,,71.016,0.047,74.77,-0.022,74.469,,110.73,,86.944,0.213,92.765,0.156,99.42,,76.916,74.62,7.199,16.391,4,97.465,96.092,10.207,23.786,4
Design – Programação Visual/Projeto do Produto (Bacharelado) | Darcy Ribeiro | Diurno | CN | EP=False | R=NA | GE=NEGROS | PCD=False | SM=NA,220,Design – Programação Visual/Projeto do Produto (Bacharelado),Darcy Ribeiro,Diurno,CN,6,6,6.632,3.136,32.212,3.136,8.046,15.33,-82.226,61.424,143.65,49.034,609.43,80.0,2.0,85.194,12.309,28.12,-82.226,61.424,143.65,49.989,406.111,60.0,3,84.602,3.136,,-22.964,0.114,-33.622,0.085,0.663,,3.136,,-31.491,0.219,-37.277,0.211,1.881,,-13.197,-11.151,17.995,36.758,4,-15.938,-14.805,21.436,40.413,4
Design – Programação Visual/Projeto do Produto (Bacharelado) | Darcy Ribeiro | Diurno | EP_R1_NPPI | EP=True | R=R1 | GE=NPPI | PCD=False | SM=1.5,221,Design – Programação Visual/Projeto do Produto (Bacharelado),Darcy Ribeiro,Diurno,EP_R1_NPPI,5,5,-13.605,-63.935,-0.286,-63.935,-17.612,-13.605,-63.935,38.427,102.362,39.651,-225.141,75.0,2.0,65.488,-14.948,-3.349,-63.935,38.427,102.362,40.427,-270.456,75.0,2,67.122,-63.935,,-35.136,0.054,-53.434,-0.065,-21.506,,-63.935,,-40.463,0.111,-56.098,0.027,-20.618,,-43.503,-44.285,18.886,42.429,4,-45.279,-48.281,19.118,43.317,4
Design – Programação Visual/Projeto do Produto (Bacharelado) | Darcy Ribeiro | Diurno | EP_R1_NPPIQ | EP=True | R=R1 | GE=NPPIQ | PCD=False | SM=1.0,222,Design – Programação Visual/Projeto do Produto (Bacharelado),Darcy Ribeiro,Diurno,EP_R1_NPPIQ,1,1,-55.242,-55.242,-7.149,-7.149,-55.242,-55.242,-55.242,-55.242,0.0,0.0,0.0,100.0,0.0,0.0,-7.149,-7.149,-7.149,-7.149,0.0,0.0,0.0,100.0,0,0.0,-55.242,,,,,,-55.242,,-7.149,,,,,,-7.149,,-55.242,-55.242,0.0,0.0,2,-7.149,-7.149,0.0,0.0,2
Design – Programação Visual/Projeto do Produto (Bacharelado) | Darcy Ribeiro | Diurno | EP_R1_PPI | EP=True | R=R1 | GE=PPI | PCD=False | SM=1.5,223,Design – Programação Visual/Projeto do Produto (Bacharelado),Darcy Ribeiro,Diurno,EP_R1_PPI,4,4,-36.333,-10.378,-11.018,1.203,-25.661,-27.966,-36.333,-10.378,25.955,11.247,-43.831,100.0,0.0,4.958,-8.35,-11.221,-12.16,1.203,13.363,6.386,-76.482,66.667,1,8.046,-10.378,,-4.558,0.939,-2.714,0.925,-21.44,,1.203,,0.632,0.528,3.386,0.435,-6.553,,-9.772,-7.468,8.436,18.726,4,-0.333,0.918,4.313,9.939,4
Design – Programação Visual/Projeto do Produto (Bacharelado) | Darcy Ribeiro | Diurno | EP_R2_NPPI | EP=True | R=R2 | GE=NPPI | PCD=False | SM=1.5,224,Design – Programação Visual/Projeto do Produto (Bacharelado),Darcy Ribeiro,Diurno,EP_R2_NPPI,1,1,26.07,26.07,26.07,26.07,26.07,26.07,26.07,26.07,0.0,0.0,0.0,100.0,0.0,0.0,26.07,26.07,26.07,26.07,0.0,0.0,0.0,100.0,0,0.0,26.07,,,,,,26.07,,26.07,,,,,,26.07,,26.07,26.07,0.0,0.0,2,26.07,26.07,0.0,0.0,2
Design – Programação Visual/Projeto do Produto (Bacharelado) | Darcy Ribeiro | Diurno | EP_R2_PPI | EP=True | R=R2 | GE=PPI | PCD=False | SM=1.5,225,Design – Programação Visual/Projeto do Produto (Bacharelado),Darcy Ribeiro,Diurno,EP_R2_PPI,5,5,-22.489,-61.294,9.31,-29.644,-16.512,-22.489,-61.294,47.464,108.758,40.095,-242.815,75.0,1.0,55.858,3.87,9.31,-29.644,47.464,77.108,31.708,819.293,75.0,1,35.334,-61.294,,-64.037,0.39,-79.625,0.305,-27.073,,-29.644,,-41.086,0.558,-50.791,0.506,-6.12,,-58.007,-62.665,22.146,52.552,4,-31.91,-35.365,19.244,44.671,4
Design – Programação Visual/Projeto do Produto (Bacharelado) | Darcy Ribeiro | Diurno | EP_R2_PPIQ | EP=True | R=R2 | GE=PPIQ | PCD=False | SM=1.0,226,Design – Programação Visual/Projeto do Produto (Bacharelado),Darcy Ribeiro,Diurno,EP_R2_PPIQ,1,1,-44.318,-44.318,-44.259,-44.259,-44.318,-44.318,-44.318,-44.318,0.0,0.0,0.0,100.0,0.0,0.0,-44.259,-44.259,-44.259,-44.259,0.0,0.0,0.0,100.0,0,0.0,-44.318,,,,,,-44.318,,-44.259,,,,,,-44.259,,-44.318,-44.318,0.0,0.0,2,-44.259,-44.259,0.0,0.0,2
Direito (Bacharelado) | Darcy Ribeiro | Diurno | AC | EP=False | R=NA | GE=NA | PCD=False | SM=NA,227,Direito (Bacharelado),Darcy Ribeiro,Diurno,AC,5,5,101.827,137.491,146.068,172.039,119.53,120.424,101.827,137.491,35.664,14.809,12.389,50.0,2.0,22.976,157.236,172.039,117.929,176.907,58.978,25.159,16.001,50.0,2,47.55,137.491,,134.046,0.347,133.87,0.346,122.826,,172.039,,158.13,0.0,155.89,-0.002,156.767,,132.058,133.958,6.377,14.665,4,160.707,157.449,7.611,16.149,4
Direito (Bacharelado) | Darcy Ribeiro | Noturno | AC | EP=False | R=NA | GE=NA | PCD=False | SM=NA,228,Direito (Bacharelado),Darcy Ribeiro,Noturno,AC,6,5,56.835,104.746,124.602,126.174,83.782,81.78,56.835,104.746,47.911,17.854,21.31,80.0,2.0,20.845,118.62,126.174,82.163,131.453,49.29,20.545,17.32,75.0,2,38.255,104.746,,108.938,0.567,105.228,0.541,89.771,,126.174,,107.943,0.098,109.048,0.094,115.727,,102.171,104.987,8.476,19.167,4,114.723,112.387,8.373,18.231,4
Direito (Bacharelado) | Darcy Ribeiro | Diurno | CN | EP=False | R=NA | GE=NEGROS | PCD=False | SM=NA,229,Direito (Bacharelado),Darcy Ribeiro,Diurno,CN,6,6,67.814,85.357,109.896,112.75,74.683,71.432,50.939,101.124,50.185,17.002,22.765,60.0,2.0,28.768,103.064,104.022,81.379,130.856,49.477,18.552,18.0,60.0,3,32.697,85.357,,74.229,0.0,72.479,-0.006,74.575,,112.75,,94.91,0.055,97.534,0.043,101.123,,76.66,74.402,5.87,12.878,4,101.579,99.328,7.871,17.84,4
Direito (Bacharelado) | Darcy Ribeiro | Noturno | CN | EP=False | R=NA | GE=NEGROS | PCD=False | SM=NA,230,Direito (Bacharelado),Darcy Ribeiro,Noturno,CN,6,6,54.94,80.945,84.963,89.34,53.291,53.922,30.06,80.945,50.885,19.283,36.185,60.0,3.0,36.177,79.724,87.152,30.572,97.6,67.028,24.546,30.789,60.0,3,44.798,80.945,,62.713,0.068,70.061,-0.02,55.534,,89.34,,66.339,0.085,66.371,0.085,76.537,,67.313,66.387,10.852,25.411,4,74.647,71.454,10.908,23.001,4
Direito (Bacharelado) | Darcy Ribeiro | Diurno | EP_R1_NPPI | EP=True | R=R1 | GE=NPPI | PCD=False | SM=1.5,231,Direito (Bacharelado),Darcy Ribeiro,Diurno,EP_R1_NPPI,5,5,35.037,1.715,69.129,12.53,27.642,28.509,1.715,44.672,42.957,15.954,57.714,75.0,2.0,18.403,49.455,55.688,12.53,69.129,56.599,21.521,43.516,50.0,2,21.076,1.715,,7.718,0.433,0.455,0.317,23.215,,12.53,,16.165,0.665,10.366,0.624,42.057,,8.276,4.717,10.451,22.759,4,20.279,14.347,14.714,31.691,4
Direito (Bacharelado) | Darcy Ribeiro | Noturno | EP_R1_NPPI | EP=True | R=R1 | GE=NPPI | PCD=False | SM=1.5,232,Direito (Bacharelado),Darcy Ribeiro,Noturno,EP_R1_NPPI,5,5,-30.887,-23.726,1.416,-20.32,1.598,12.304,-30.887,26.665,57.552,27.042,1692.457,75.0,1.0,38.856,33.788,37.517,-20.32,96.173,116.493,45.542,134.787,75.0,1,74.829,-23.726,,10.203,0.028,-9.343,-0.265,3.51,,-20.32,,38.343,0.003,10.363,-0.209,34.8,,-4.839,-2.917,14.977,33.929,4,15.797,22.581,27.101,58.663,4
Direito (Bacharelado) | Darcy Ribeiro | Diurno | EP_R1_NPPIQ | EP=True | R=R1 | GE=NPPIQ | PCD=False | SM=1.0,233,Direito (Bacharelado),Darcy Ribeiro,Diurno,EP_R1_NPPIQ,1,1,14.584,14.584,66.246,66.246,14.584,14.584,14.584,14.584,0.0,0.0,0.0,100.0,0.0,0.0,66.246,66.246,66.246,66.246,0.0,0.0,0.0,100.0,0,0.0,14.584,,,,,,14.584,,66.246,,,,,,66.246,,14.584,14.584,0.0,0.0,2,66.246,66.246,0.0,0.0,2
Direito (Bacharelado) | Darcy Ribeiro | Noturno | EP_R1_NPPIQ | EP=True | R=R1 | GE=NPPIQ | PCD=False | SM=1.0,234,Direito (Bacharelado),Darcy Ribeiro,Noturno,EP_R1_NPPIQ,1,1,-26.945,-26.945,36.277,36.277,-26.945,-26.945,-26.945,-26.945,0.0,0.0,0.0,100.0,0.0,0.0,36.277,36.277,36.277,36.277,0.0,0.0,0.0,100.0,0,0.0,-26.945,,,,,,-26.945,,36.277,,,,,,36.277,,-26.945,-26.945,0.0,0.0,2,36.277,36.277,0.0,0.0,2
Direito (Bacharelado) | Darcy Ribeiro | Diurno | EP_R1_NPPI_PCD | EP=True | R=R1 | GE=NPPI | PCD=True | SM=1.5,235,Direito (Bacharelado),Darcy Ribeiro,Diurno,EP_R1_NPPI_PCD,1,1,-22.954,-22.954,-22.954,-22.954,-22.954,-22.954,-22.954,-22.954,0.0,0.0,0.0,100.0,0.0,0.0,-22.954,-22.954,-22.954,-22.954,0.0,0.0,0.0,100.0,0,0.0,-22.954,,,,,,-22.954,,-22.954,,,,,,-22.954,,-22.954,-22.954,0.0,0.0,2,-22.954,-22.954,0.0,0.0,2
Direito (Bacharelado) | Darcy Ribeiro | Diurno | EP_R1_PPI | EP=True | R=R1 | GE=PPI | PCD=False | SM=1.5,236,Direito (Bacharelado),Darcy Ribeiro,Diurno,EP_R1_PPI,5,5,-16.819,-25.544,65.641,-13.238,-3.18,1.027,-25.544,19.392,44.936,18.017,-566.572,75.0,1.0,28.994,48.397,65.641,-13.238,69.167,82.405,34.963,72.242,50.0,2,43.006,-25.544,,-2.906,0.0,-14.629,-0.238,-3.119,,-13.238,,5.691,0.414,-9.452,0.309,38.907,,-11.549,-8.874,10.819,22.638,4,5.477,-1.881,23.74,52.145,4
Direito (Bacharelado) | Darcy Ribeiro | Noturno | EP_R1_PPI | EP=True | R=R1 | GE=PPI | PCD=False | SM=1.5,237,Direito (Bacharelado),Darcy Ribeiro,Noturno,EP_R1_PPI,4,4,-26.837,-5.484,12.579,1.005,-11.526,-10.8,-26.837,2.332,29.169,12.702,-110.203,66.667,2.0,24.002,18.857,16.075,1.005,42.274,41.269,17.387,92.206,66.667,1,29.131,-5.484,,-0.123,0.215,-3.831,0.172,-9.246,,1.005,,4.501,0.182,-5.151,0.028,15.986,,-4.671,-4.657,3.785,9.122,4,4.085,2.753,8.881,21.137,4
Direito (Bacharelado) | Darcy Ribeiro | Diurno | EP_R1_PPIQ | EP=True | R=R1 | GE=PPIQ | PCD=False | SM=1.0,238,Direito (Bacharelado),Darcy Ribeiro,Diurno,EP_R1_PPIQ,1,1,-87.773,-87.773,5.701,5.701,-87.773,-87.773,-87.773,-87.773,0.0,0.0,0.0,100.0,0.0,0.0,5.701,5.701,5.701,5.701,0.0,0.0,0.0,100.0,0,0.0,-87.773,,,,,,-87.773,,5.701,,,,,,5.701,,-87.773,-87.773,0.0,0.0,2,5.701,5.701,0.0,0.0,2
Direito (Bacharelado) | Darcy Ribeiro | Noturno | EP_R1_PPIQ | EP=True | R=R1 | GE=PPIQ | PCD=False | SM=1.0,239,Direito (Bacharelado),Darcy Ribeiro,Noturno,EP_R1_PPIQ,1,1,-40.663,-40.663,-26.586,-26.586,-40.663,-40.663,-40.663,-40.663,0.0,0.0,0.0,100.0,0.0,0.0,-26.586,-26.586,-26.586,-26.586,0.0,0.0,0.0,100.0,0,0.0,-40.663,,,,,,-40.663,,-26.586,,,,,,-26.586,,-40.663,-40.663,0.0,0.0,2,-26.586,-26.586,0.0,0.0,2
Direito (Bacharelado) | Darcy Ribeiro | Diurno | EP_R1_PPI_PCD | EP=True | R=R1 | GE=PPI | PCD=True | SM=1.5,240,Direito (Bacharelado),Darcy Ribeiro,Diurno,EP_R1_PPI_PCD,1,1,-15.077,-15.077,-15.077,-15.077,-15.077,-15.077,-15.077,-15.077,0.0,0.0,0.0,100.0,0.0,0.0,-15.077,-15.077,-15.077,-15.077,0.0,0.0,0.0,100.0,0,0.0,-15.077,,,,,,-15.077,,-15.077,,,,,,-15.077,,-15.077,-15.077,0.0,0.0,2,-15.077,-15.077,0.0,0.0,2
Direito (Bacharelado) | Darcy Ribeiro | Diurno | EP_R2_NPPI | EP=True | R=R2 | GE=NPPI | PCD=False | SM=1.5,241,Direito (Bacharelado),Darcy Ribeiro,Diurno,EP_R2_NPPI,4,4,26.201,87.931,124.283,94.48,77.338,91.276,26.201,100.598,74.397,34.482,44.586,66.667,1.0,42.47,116.418,118.746,94.48,133.701,39.221,16.854,14.477,66.667,2,29.872,87.931,,123.45,0.69,110.965,0.616,86.896,,94.48,,103.117,0.24,97.698,0.172,112.973,,102.311,99.448,17.946,36.554,4,102.067,100.407,8.097,18.493,4
Direito (Bacharelado) | Darcy Ribeiro | Noturno | EP_R2_NPPI | EP=True | R=R2 | GE=NPPI | PCD=False | SM=1.5,242,Direito (Bacharelado),Darcy Ribeiro,Noturno,EP_R2_NPPI,5,5,20.26,34.633,66.642,65.065,48.672,54.367,20.26,74.138,53.878,21.288,43.738,75.0,1.0,31.116,75.06,66.642,61.664,94.779,33.115,14.876,19.819,50.0,2,23.201,34.633,,63.227,0.13,49.363,-0.108,51.906,,65.065,,84.048,0.101,77.315,-0.014,77.057,,49.782,50.635,11.761,28.594,4,75.872,77.186,7.898,18.983,4
Direito (Bacharelado) | Darcy Ribeiro | Diurno | EP_R2_NPPIQ | EP=True | R=R2 | GE=NPPIQ | PCD=False | SM=1.0,243,Direito (Bacharelado),Darcy Ribeiro,Diurno,EP_R2_NPPIQ,1,1,123.845,123.845,123.845,123.845,123.845,123.845,123.845,123.845,0.0,0.0,0.0,100.0,0.0,0.0,123.845,123.845,123.845,123.845,0.0,0.0,0.0,100.0,0,0.0,123.845,,,,,,123.845,,123.845,,,,,,123.845,,123.845,123.845,0.0,0.0,2,123.845,123.845,0.0,0.0,2
Direito (Bacharelado) | Darcy Ribeiro | Noturno | EP_R2_NPPIQ | EP=True | R=R2 | GE=NPPIQ | PCD=False | SM=1.0,244,Direito (Bacharelado),Darcy Ribeiro,Noturno,EP_R2_NPPIQ,1,1,92.181,92.181,92.842,92.842,92.181,92.181,92.181,92.181,0.0,0.0,0.0,100.0,0.0,0.0,92.842,92.842,92.842,92.842,0.0,0.0,0.0,100.0,0,0.0,92.181,,,,,,92.181,,92.842,,,,,,92.842,,92.181,92.181,0.0,0.0,2,92.842,92.842,0.0,0.0,2
Direito (Bacharelado) | Darcy Ribeiro | Diurno | EP_R2_NPPIQ_PCD | EP=True | R=R2 | GE=NPPIQ | PCD=True | SM=1.0,245,Direito (Bacharelado),Darcy Ribeiro,Diurno,EP_R2_NPPIQ_PCD,1,1,27.527,27.527,27.527,27.527,27.527,27.527,27.527,27.527,0.0,0.0,0.0,100.0,0.0,0.0,27.527,27.527,27.527,27.527,0.0,0.0,0.0,100.0,0,0.0,27.527,,,,,,27.527,,27.527,,,,,,27.527,,27.527,27.527,0.0,0.0,2,27.527,27.527,0.0,0.0,2
Direito (Bacharelado) | Darcy Ribeiro | Diurno | EP_R2_PPI | EP=True | R=R2 | GE=PPI | PCD=False | SM=1.5,246,Direito (Bacharelado),Darcy Ribeiro,Diurno,EP_R2_PPI,5,5,16.331,19.197,49.195,45.871,32.075,31.732,16.331,48.707,32.376,14.513,45.248,75.0,1.0,21.466,66.878,52.731,45.871,114.506,68.635,28.503,42.619,75.0,1,47.939,19.197,,28.702,0.015,18.882,-0.242,31.325,,45.871,,83.416,0.094,71.288,-0.008,70.554,,24.527,23.949,6.427,12.443,4,67.782,70.921,15.753,37.545,4
Direito (Bacharelado) | Darcy Ribeiro | Noturno | EP_R2_PPI | EP=True | R=R2 | GE=PPI | PCD=False | SM=1.5,247,Direito (Bacharelado),Darcy Ribeiro,Noturno,EP_R2_PPI,5,5,-10.395,-54.298,45.688,-22.6,-1.249,-10.395,-54.298,38.282,92.58,37.361,-2991.754,75.0,1.0,43.1,36.922,45.688,-22.6,77.986,100.586,43.233,117.093,50.0,1,42.477,-54.298,,-42.293,0.335,-64.165,0.143,-10.37,,-22.6,,-23.601,0.544,-42.934,0.432,23.472,,-42.781,-48.295,23.386,53.796,4,-16.416,-23.101,28.191,66.407,4
Direito (Bacharelado) | Darcy Ribeiro | Diurno | EP_R2_PPIQ | EP=True | R=R2 | GE=PPIQ | PCD=False | SM=1.0,248,Direito (Bacharelado),Darcy Ribeiro,Diurno,EP_R2_PPIQ,1,1,61.18,61.18,81.56,81.56,61.18,61.18,61.18,61.18,0.0,0.0,0.0,100.0,0.0,0.0,81.56,81.56,81.56,81.56,0.0,0.0,0.0,100.0,0,0.0,61.18,,,,,,61.18,,81.56,,,,,,81.56,,61.18,61.18,0.0,0.0,2,81.56,81.56,0.0,0.0,2
Direito (Bacharelado) | Darcy Ribeiro | Noturno | EP_R2_PPIQ | EP=True | R=R2 | GE=PPIQ | PCD=False | SM=1.0,249,Direito (Bacharelado),Darcy Ribeiro,Noturno,EP_R2_PPIQ,1,1,31.885,31.885,58.328,58.328,31.885,31.885,31.885,31.885,0.0,0.0,0.0,100.0,0.0,0.0,58.328,58.328,58.328,58.328,0.0,0.0,0.0,100.0,0,0.0,31.885,,,,,,31.885,,58.328,,,,,,58.328,,31.885,31.885,0.0,0.0,2,58.328,58.328,0.0,0.0,2
Educação Física (Bacharelado) | Darcy Ribeiro | Diurno | AC | EP=False | R=NA | GE=NA | PCD=False | SM=NA,250,Educação Física (Bacharelado),Darcy Ribeiro,Diurno,AC,4,4,-33.049,15.802,44.232,78.06,0.64,9.904,-33.049,15.802,48.851,22.666,3541.599,100.0,0.0,21.761,55.282,49.417,44.232,78.06,33.828,15.783,28.55,100.0,0,11.944,15.802,,38.054,0.727,30.643,0.673,8.123,,78.06,,82.82,0.812,87.512,0.768,60.789,,23.155,23.223,13.639,29.931,4,77.295,80.44,11.661,26.722,4
Educação Física (Bacharelado) | Darcy Ribeiro | Diurno | CN | EP=False | R=NA | GE=NEGROS | PCD=False | SM=NA,251,Educação Física (Bacharelado),Darcy Ribeiro,Diurno,CN,4,4,-14.695,32.152,27.052,32.152,6.536,4.344,-14.695,32.152,46.847,21.545,329.631,100.0,0.0,8.113,16.973,21.572,-7.405,32.152,39.557,17.579,103.57,66.667,1,31.533,32.152,,47.546,0.966,49.3,0.963,14.738,,32.152,,26.672,0.081,36.776,-0.084,18.913,,35.934,39.849,16.094,34.562,4,28.628,29.412,7.681,17.863,4
Educação Física (Bacharelado) | Darcy Ribeiro | Diurno | EP_R1_NPPI | EP=True | R=R1 | GE=NPPI | PCD=False | SM=1.5,252,Educação Física (Bacharelado),Darcy Ribeiro,Diurno,EP_R1_NPPI,4,4,-22.536,-32.422,-22.536,31.837,-34.362,-30.242,-54.427,-22.536,31.891,13.975,-40.671,66.667,2.0,29.143,-3.233,-5.411,-33.945,31.837,65.782,30.382,-939.884,66.667,1,28.586,-32.422,,-35.184,0.001,-29.678,-0.077,-34.526,,31.837,,48.962,0.787,55.268,0.765,7.206,,-32.953,-33.474,2.48,5.506,4,35.818,40.399,21.491,48.062,4
Educação Física (Bacharelado) | Darcy Ribeiro | Diurno | EP_R1_PPI | EP=True | R=R1 | GE=PPI | PCD=False | SM=1.5,253,Educação Física (Bacharelado),Darcy Ribeiro,Diurno,EP_R1_PPI,4,4,-25.052,-62.949,-25.052,11.211,-43.158,-42.316,-62.949,-25.052,37.897,18.258,-42.306,100.0,0.0,9.671,-14.608,-21.516,-26.608,11.211,37.819,17.617,-120.602,66.667,2,23.626,-62.949,,-77.488,0.943,-78.162,0.942,-50.024,,11.211,,10.433,0.539,16.583,0.478,-9.599,,-67.156,-70.218,13.405,28.138,4,7.157,10.822,11.501,26.182,4
Educação Física (Bacharelado) | Darcy Ribeiro | Diurno | EP_R2_NPPI | EP=True | R=R2 | GE=NPPI | PCD=False | SM=1.5,254,Educação Física (Bacharelado),Darcy Ribeiro,Diurno,EP_R2_NPPI,4,4,-84.571,9.385,3.39,12.097,-24.54,-11.488,-84.571,9.385,93.956,43.83,-178.603,66.667,2.0,64.311,18.05,12.328,3.39,44.154,40.764,17.906,99.203,66.667,1,32.285,9.385,,36.79,0.522,26.348,0.494,-12.274,,12.097,,32.479,0.173,24.234,0.067,20.936,,15.062,17.866,21.44,49.064,4,22.436,22.585,8.431,20.382,4
Educação Física (Bacharelado) | Darcy Ribeiro | Diurno | EP_R2_PPI | EP=True | R=R2 | GE=PPI | PCD=False | SM=1.5,255,Educação Física (Bacharelado),Darcy Ribeiro,Diurno,EP_R2_PPI,4,4,-94.317,-24.98,2.411,-3.544,-49.06,-38.472,-94.317,-24.98,69.337,30.878,-62.939,66.667,2.0,31.631,4.993,-0.411,-3.544,24.338,27.882,13.184,264.03,66.667,1,24.791,-24.98,,1.938,0.727,-6.533,0.69,-38.86,,-3.544,,-6.366,0.198,-10.813,0.141,2.722,,-17.109,-15.756,18.346,40.798,4,-4.5,-4.955,5.669,13.535,4
Educação Física (Licenciatura) | Darcy Ribeiro | Diurno | AC | EP=False | R=NA | GE=NA | PCD=False | SM=NA,256,Educação Física (Licenciatura),Darcy Ribeiro,Diurno,AC,4,4,-64.096,-13.216,10.409,39.102,-27.17,-17.236,-64.096,-10.111,53.985,25.061,-92.24,66.667,1.0,23.518,29.305,30.043,10.409,46.723,36.314,16.59,56.611,66.667,2,31.898,-13.216,,13.776,0.712,4.588,0.645,-18.98,,39.102,,44.39,0.22,40.751,0.196,32.322,,-3.458,-4.314,15.253,32.757,4,39.141,39.926,5.055,12.068,4
Educação Física (Licenciatura) | Darcy Ribeiro | Diurno | CN | EP=False | R=NA | GE=NEGROS | PCD=False | SM=NA,257,Educação Física (Licenciatura),Darcy Ribeiro,Diurno,CN,4,4,-20.627,20.087,-2.822,20.087,-5.435,-10.6,-20.627,20.087,40.714,18.767,-345.296,100.0,0.0,10.473,-0.984,-2.821,-18.38,20.087,38.467,15.847,-1610.85,66.667,1,20.42,20.087,,28.99,0.897,33.122,0.873,1.45,,20.087,,20.088,0.472,27.781,0.354,3.231,,20.913,24.539,14.069,31.672,4,17.797,20.088,10.366,24.55,4
Educação Física (Licenciatura) | Darcy Ribeiro | Diurno | EP_R1_NPPI | EP=True | R=R1 | GE=NPPI | PCD=False | SM=1.5,258,Educação Física (Licenciatura),Darcy Ribeiro,Diurno,EP_R1_NPPI,4,4,-43.227,-50.604,-20.021,-24.864,-60.013,-52.236,-92.355,-43.227,49.128,22.016,-36.684,66.667,1.0,40.74,-34.093,-22.443,-73.207,-18.279,54.928,26.225,-76.921,66.667,2,51.717,-50.604,,-75.168,0.126,-64.69,0.013,-63.044,,-24.864,,-51.457,0.117,-42.137,0.054,-37.566,,-63.376,-63.867,10.067,24.564,4,-39.006,-39.851,11.059,26.593,4
Educação Física (Licenciatura) | Darcy Ribeiro | Diurno | EP_R1_PPI | EP=True | R=R1 | GE=PPI | PCD=False | SM=1.5,259,Educação Física (Licenciatura),Darcy Ribeiro,Diurno,EP_R1_PPI,4,4,-101.251,-52.013,-27.83,-31.87,-70.712,-64.793,-101.251,-52.013,49.238,22.427,-31.716,100.0,0.0,11.891,-28.007,-27.96,-31.87,-24.238,7.632,3.118,-11.133,66.667,1,4.277,-52.013,,-29.36,0.907,-34.096,0.884,-62.442,,-31.87,,-32.0,0.437,-33.474,0.326,-28.806,,-44.478,-43.054,15.447,33.082,4,-31.538,-31.935,1.961,4.669,4
Educação Física (Licenciatura) | Darcy Ribeiro | Diurno | EP_R2_NPPI | EP=True | R=R2 | GE=NPPI | PCD=False | SM=1.5,260,Educação Física (Licenciatura),Darcy Ribeiro,Diurno,EP_R2_NPPI,4,4,-70.759,-16.337,-0.024,-15.772,-30.861,-19.113,-70.759,-14.459,56.3,26.785,-86.793,66.667,1.0,27.016,-5.54,-7.898,-19.463,13.1,32.563,15.016,-271.055,66.667,2,33.084,-16.337,,11.813,0.677,1.663,0.605,-22.326,,-15.772,,-9.21,0.016,-11.097,0.008,-6.274,,-6.297,-7.337,15.802,34.139,4,-10.588,-10.153,3.985,9.498,4
Educação Física (Licenciatura) | Darcy Ribeiro | Diurno | EP_R2_PPI | EP=True | R=R2 | GE=PPI | PCD=False | SM=1.5,261,Educação Física (Licenciatura),Darcy Ribeiro,Diurno,EP_R2_PPI,4,4,-91.266,-72.467,22.938,-34.575,-63.982,-71.466,-91.266,-21.729,69.537,29.686,-46.397,66.667,1.0,59.568,-15.068,-20.283,-42.643,22.938,65.581,29.82,-197.912,66.667,1,23.904,-72.467,,-62.066,0.001,-76.374,-0.115,-63.599,,-34.575,,-67.366,0.82,-59.966,0.789,-25.527,,-68.627,-68.033,6.906,14.308,4,-46.858,-47.271,19.986,41.838,4
Educação Física Ciclo Básico (Bacharelado/Licenciatura) | Darcy Ribeiro | Diurno | AC | EP=False | R=NA | GE=NA | PCD=False | SM=NA,262,Educação Física Ciclo Básico (Bacharelado/Licenciatura),Darcy Ribeiro,Diurno,AC,2,2,-27.052,1.609,-13.512,38.076,-12.721,-12.721,-27.052,1.609,28.661,20.266,-159.308,100.0,0.0,0.0,12.282,12.282,-13.512,38.076,51.588,36.478,297.006,100.0,0,0.0,1.609,,30.27,1.0,30.27,1.0,-7.945,,38.076,,89.664,1.0,89.664,1.0,20.88,,13.551,15.939,19.695,38.215,4,59.571,63.87,35.45,68.784,4
Educação Física Ciclo Básico (Bacharelado/Licenciatura) | Darcy Ribeiro | Diurno | CN | EP=False | R=NA | GE=NEGROS | PCD=False | SM=NA,263,Educação Física Ciclo Básico (Bacharelado/Licenciatura),Darcy Ribeiro,Diurno,CN,2,2,-34.592,-19.322,-33.682,0.653,-26.957,-26.957,-34.592,-19.322,15.27,10.798,-40.055,100.0,0.0,0.0,-16.514,-16.514,-33.682,0.653,34.335,24.279,-147.013,100.0,0,0.0,-19.322,,-4.052,1.0,-4.052,1.0,-24.412,,0.653,,34.988,1.0,34.988,1.0,-10.792,,-12.959,-11.687,10.493,20.36,4,14.959,17.82,23.594,45.78,4
Educação Física Ciclo Básico (Bacharelado/Licenciatura) | Darcy Ribeiro | Diurno | EP_R1_NPPIQ | EP=True | R=R1 | GE=NPPIQ | PCD=False | SM=1.0,264,Educação Física Ciclo Básico (Bacharelado/Licenciatura),Darcy Ribeiro,Diurno,EP_R1_NPPIQ,1,1,-69.589,-69.589,-46.355,-46.355,-69.589,-69.589,-69.589,-69.589,0.0,0.0,0.0,100.0,0.0,0.0,-46.355,-46.355,-46.355,-46.355,0.0,0.0,0.0,100.0,0,0.0,-69.589,,,,,,-69.589,,-46.355,,,,,,-46.355,,-69.589,-69.589,0.0,0.0,2,-46.355,-46.355,0.0,0.0,2
Educação Física Ciclo Básico (Bacharelado/Licenciatura) | Darcy Ribeiro | Diurno | EP_R2_NPPI | EP=True | R=R2 | GE=NPPI | PCD=False | SM=1.5,265,Educação Física Ciclo Básico (Bacharelado/Licenciatura),Darcy Ribeiro,Diurno,EP_R2_NPPI,1,1,-72.598,-72.598,-29.223,-29.223,-72.598,-72.598,-72.598,-72.598,0.0,0.0,0.0,100.0,0.0,0.0,-29.223,-29.223,-29.223,-29.223,0.0,0.0,0.0,100.0,0,0.0,-72.598,,,,,,-72.598,,-29.223,,,,,,-29.223,,-72.598,-72.598,0.0,0.0,2,-29.223,-29.223,0.0,0.0,2
Educação Física Ciclo Básico (Bacharelado/Licenciatura) | Darcy Ribeiro | Diurno | EP_R2_NPPIQ | EP=True | R=R2 | GE=NPPIQ | PCD=False | SM=1.0,266,Educação Física Ciclo Básico (Bacharelado/Licenciatura),Darcy Ribeiro,Diurno,EP_R2_NPPIQ,1,1,-16.974,-16.974,0.769,0.769,-16.974,-16.974,-16.974,-16.974,0.0,0.0,0.0,100.0,0.0,0.0,0.769,0.769,0.769,0.769,0.0,0.0,0.0,100.0,0,0.0,-16.974,,,,,,-16.974,,0.769,,,,,,0.769,,-16.974,-16.974,0.0,0.0,2,0.769,0.769,0.0,0.0,2
Educação Física Ciclo Básico (Bacharelado/Licenciatura) | Darcy Ribeiro | Diurno | EP_R2_PPIQ | EP=True | R=R2 | GE=PPIQ | PCD=False | SM=1.0,267,Educação Física Ciclo Básico (Bacharelado/Licenciatura),Darcy Ribeiro,Diurno,EP_R2_PPIQ,1,1,-86.267,-86.267,-8.852,-8.852,-86.267,-86.267,-86.267,-86.267,0.0,0.0,0.0,100.0,0.0,0.0,-8.852,-8.852,-8.852,-8.852,0.0,0.0,0.0,100.0,0,0.0,-86.267,,,,,,-86.267,,-8.852,,,,,,-8.852,,-86.267,-86.267,0.0,0.0,2,-8.852,-8.852,0.0,0.0,2
Enfermagem (Bacharelado) | Ceilândia | Diurno | AC | EP=False | R=NA | GE=NA | PCD=False | SM=NA,268,Enfermagem (Bacharelado),Ceilândia,Diurno,AC,6,6,9.2,28.045,70.871,92.811,22.712,27.239,2.383,40.205,37.822,14.124,62.184,80.0,2.0,24.656,64.59,71.095,9.145,92.811,83.666,28.713,44.454,60.0,2,50.746,28.045,,25.94,0.015,21.237,-0.053,23.481,,92.811,,55.76,0.027,62.022,-0.002,62.487,,24.676,24.71,2.955,6.808,4,68.27,62.255,16.646,37.051,4
Enfermagem (Bacharelado) | Darcy Ribeiro | Diurno | AC | EP=False | R=NA | GE=NA | PCD=False | SM=NA,269,Enfermagem (Bacharelado),Darcy Ribeiro,Diurno,AC,6,5,6.734,53.833,93.171,90.752,40.66,51.213,6.734,59.656,52.922,21.464,52.789,60.0,4.0,33.467,83.795,90.752,33.032,128.899,95.867,34.862,41.604,50.0,3,73.107,53.833,,55.492,0.136,47.67,0.056,44.191,,90.752,,72.054,0.041,71.613,0.041,80.8,,50.297,50.752,5.281,11.3,4,78.805,76.427,9.019,19.139,4
Enfermagem (Bacharelado) | Ceilândia | Diurno | CN | EP=False | R=NA | GE=NEGROS | PCD=False | SM=NA,270,Enfermagem (Bacharelado),Ceilândia,Diurno,CN,6,6,6.016,22.701,17.233,22.701,7.341,13.265,-45.031,36.97,82.001,28.467,387.761,60.0,2.0,45.736,9.211,18.873,-45.031,36.97,82.001,28.729,311.91,60.0,2,44.295,22.701,,-10.68,0.115,-8.467,0.111,3.051,,22.701,,-14.419,0.193,-10.07,0.179,3.585,,1.651,-2.708,15.27,33.381,4,0.449,-3.243,16.7,37.12,4
Enfermagem (Bacharelado) | Darcy Ribeiro | Diurno | CN | EP=False | R=NA | GE=NEGROS | PCD=False | SM=NA,271,Enfermagem (Bacharelado),Darcy Ribeiro,Diurno,CN,6,6,31.111,39.99,61.195,39.99,28.614,32.234,6.688,49.514,42.826,16.643,58.164,60.0,2.0,26.737,33.628,36.673,6.688,61.195,54.507,21.398,63.632,60.0,3,29.813,39.99,,21.205,0.057,23.997,0.039,26.85,,39.99,,11.177,0.315,19.699,0.218,28.283,,28.01,25.424,8.312,18.785,4,24.787,23.991,12.308,28.813,4
Enfermagem (Bacharelado) | Ceilândia | Diurno | EP_R1_NPPI | EP=True | R=R1 | GE=NPPI | PCD=False | SM=1.5,272,Enfermagem (Bacharelado),Ceilândia,Diurno,EP_R1_NPPI,5,5,-16.36,-49.851,12.216,-32.128,-11.204,-8.713,-49.851,14.131,63.982,24.615,-219.7,50.0,3.0,38.022,16.625,22.52,-32.128,52.752,84.88,31.065,186.865,75.0,1,49.904,-49.851,,-34.106,0.24,-47.496,0.074,-16.293,,-32.128,,-0.912,0.089,-17.974,-0.081,12.728,,-36.936,-40.801,15.41,33.558,4,-9.572,-9.443,19.593,44.856,4
Enfermagem (Bacharelado) | Darcy Ribeiro | Diurno | EP_R1_NPPI | EP=True | R=R1 | GE=NPPI | PCD=False | SM=1.5,273,Enfermagem (Bacharelado),Darcy Ribeiro,Diurno,EP_R1_NPPI,5,5,-26.556,-9.897,13.018,1.734,1.271,6.742,-26.556,26.39,52.946,20.191,1588.06,75.0,1.0,33.16,14.172,13.018,1.734,29.599,27.865,9.954,70.237,50.0,3,15.015,-9.897,,5.372,0.011,-7.167,-0.205,2.183,,1.734,,2.668,0.371,-1.261,0.284,11.616,,-2.377,-2.492,7.311,15.269,4,3.689,2.201,5.544,12.877,4
Enfermagem (Bacharelado) | Ceilândia | Diurno | EP_R1_NPPIQ | EP=True | R=R1 | GE=NPPIQ | PCD=False | SM=1.0,274,Enfermagem (Bacharelado),Ceilândia,Diurno,EP_R1_NPPIQ,1,1,-46.839,-46.839,3.143,3.143,-46.839,-46.839,-46.839,-46.839,0.0,0.0,0.0,100.0,0.0,0.0,3.143,3.143,3.143,3.143,0.0,0.0,0.0,100.0,0,0.0,-46.839,,,,,,-46.839,,3.143,,,,,,3.143,,-46.839,-46.839,0.0,0.0,2,3.143,3.143,0.0,0.0,2
Enfermagem (Bacharelado) | Darcy Ribeiro | Diurno | EP_R1_NPPIQ | EP=True | R=R1 | GE=NPPIQ | PCD=False | SM=1.0,275,Enfermagem (Bacharelado),Darcy Ribeiro,Diurno,EP_R1_NPPIQ,1,1,-31.522,-31.522,17.682,17.682,-31.522,-31.522,-31.522,-31.522,0.0,0.0,0.0,100.0,0.0,0.0,17.682,17.682,17.682,17.682,0.0,0.0,0.0,100.0,0,0.0,-31.522,,,,,,-31.522,,17.682,,,,,,17.682,,-31.522,-31.522,0.0,0.0,2,17.682,17.682,0.0,0.0,2
Enfermagem (Bacharelado) | Ceilândia | Diurno | EP_R1_PPI | EP=True | R=R1 | GE=PPI | PCD=False | SM=1.5,276,Enfermagem (Bacharelado),Ceilândia,Diurno,EP_R1_PPI,4,4,-50.128,-35.67,18.233,-13.949,-30.504,-37.454,-50.128,3.019,53.147,23.179,-75.988,66.667,2.0,47.714,16.046,21.858,-13.949,34.414,48.363,21.063,131.27,66.667,1,27.851,-35.67,,-30.225,0.0,-40.14,-0.091,-30.448,,-13.949,,-10.323,0.418,-21.446,0.279,10.772,,-34.121,-33.059,4.737,9.916,4,-8.737,-12.136,13.806,32.218,4
Enfermagem (Bacharelado) | Darcy Ribeiro | Diurno | EP_R1_PPI | EP=True | R=R1 | GE=PPI | PCD=False | SM=1.5,277,Enfermagem (Bacharelado),Darcy Ribeiro,Diurno,EP_R1_PPI,4,4,-58.894,-7.654,24.588,20.717,-11.16,-1.39,-58.894,17.032,75.926,33.38,-299.1,66.667,1.0,44.433,31.917,29.216,20.717,48.519,27.802,12.362,38.733,66.667,1,23.119,-7.654,,30.309,0.412,12.618,0.271,-2.866,,20.717,,32.682,0.001,25.271,-0.179,32.07,,8.102,4.876,17.147,37.963,4,27.685,28.671,5.733,11.965,4
Enfermagem (Bacharelado) | Ceilândia | Diurno | EP_R2_NPPI | EP=True | R=R2 | GE=NPPI | PCD=False | SM=1.5,278,Enfermagem (Bacharelado),Ceilândia,Diurno,EP_R2_NPPI,5,5,12.11,-16.271,43.716,-1.68,7.784,12.11,-16.271,26.36,42.631,17.134,220.12,50.0,3.0,29.112,25.732,35.365,-1.68,46.546,48.226,22.598,87.822,50.0,3,34.423,-16.271,,-11.42,0.349,-16.321,0.303,3.516,,-1.68,,-4.86,0.509,-5.586,0.508,18.934,,-10.124,-13.845,9.379,19.837,4,1.702,-3.27,11.612,24.52,4
Enfermagem (Bacharelado) | Darcy Ribeiro | Diurno | EP_R2_NPPI | EP=True | R=R2 | GE=NPPI | PCD=False | SM=1.5,279,Enfermagem (Bacharelado),Darcy Ribeiro,Diurno,EP_R2_NPPI,5,5,-12.543,6.012,16.446,18.469,25.183,6.012,-12.543,64.649,77.192,35.586,141.309,50.0,2.0,54.804,43.511,41.75,16.446,75.478,59.032,26.76,61.501,50.0,1,37.317,6.012,,18.698,0.009,-2.04,-0.181,23.742,,18.469,,37.626,0.013,18.797,-0.264,42.204,,11.603,12.355,11.763,25.781,4,29.274,28.212,12.429,23.735,4
Enfermagem (Bacharelado) | Ceilândia | Diurno | EP_R2_NPPIQ | EP=True | R=R2 | GE=NPPIQ | PCD=False | SM=1.0,280,Enfermagem (Bacharelado),Ceilândia,Diurno,EP_R2_NPPIQ,1,1,8.744,8.744,18.405,18.405,8.744,8.744,8.744,8.744,0.0,0.0,0.0,100.0,0.0,0.0,18.405,18.405,18.405,18.405,0.0,0.0,0.0,100.0,0,0.0,8.744,,,,,,8.744,,18.405,,,,,,18.405,,8.744,8.744,0.0,0.0,2,18.405,18.405,0.0,0.0,2
Enfermagem (Bacharelado) | Darcy Ribeiro | Diurno | EP_R2_NPPIQ | EP=True | R=R2 | GE=NPPIQ | PCD=False | SM=1.0,281,Enfermagem (Bacharelado),Darcy Ribeiro,Diurno,EP_R2_NPPIQ,1,1,28.885,28.885,42.362,42.362,28.885,28.885,28.885,28.885,0.0,0.0,0.0,100.0,0.0,0.0,42.362,42.362,42.362,42.362,0.0,0.0,0.0,100.0,0,0.0,28.885,,,,,,28.885,,42.362,,,,,,42.362,,28.885,28.885,0.0,0.0,2,42.362,42.362,0.0,0.0,2
Enfermagem (Bacharelado) | Ceilândia | Diurno | EP_R2_NPPIQ_PCD | EP=True | R=R2 | GE=NPPIQ | PCD=True | SM=1.0,282,Enfermagem (Bacharelado),Ceilândia,Diurno,EP_R2_NPPIQ_PCD,1,1,-43.64,-43.64,-43.64,-43.64,-43.64,-43.64,-43.64,-43.64,0.0,0.0,0.0,100.0,0.0,0.0,-43.64,-43.64,-43.64,-43.64,0.0,0.0,0.0,100.0,0,0.0,-43.64,,,,,,-43.64,,-43.64,,,,,,-43.64,,-43.64,-43.64,0.0,0.0,2,-43.64,-43.64,0.0,0.0,2
Enfermagem (Bacharelado) | Ceilândia | Diurno | EP_R2_PPI | EP=True | R=R2 | GE=PPI | PCD=False | SM=1.5,283,Enfermagem (Bacharelado),Ceilândia,Diurno,EP_R2_PPI,5,5,-20.508,-77.474,11.174,-39.613,-35.128,-20.508,-77.474,4.949,82.423,35.186,-100.164,75.0,1.0,31.255,-7.291,3.184,-42.493,31.291,73.784,32.493,-445.633,50.0,2,29.69,-77.474,,-90.722,0.693,-100.935,0.646,-47.483,,-39.613,,-59.899,0.728,-65.103,0.714,-18.982,,-79.153,-84.098,23.196,53.452,4,-45.899,-49.756,21.046,46.121,4
Enfermagem (Bacharelado) | Darcy Ribeiro | Diurno | EP_R2_PPI | EP=True | R=R2 | GE=PPI | PCD=False | SM=1.5,284,Enfermagem (Bacharelado),Darcy Ribeiro,Diurno,EP_R2_PPI,5,5,-20.184,-52.781,20.99,-29.624,-12.696,-19.606,-52.781,19.771,72.552,28.502,-224.485,75.0,1.0,33.552,18.724,20.99,-29.624,42.63,72.254,29.038,155.088,50.0,3,44.375,-52.781,,-44.068,0.337,-60.541,0.149,-19.668,,-29.624,,-10.894,0.289,-24.795,0.16,12.142,,-44.264,-48.424,17.725,40.873,4,-13.293,-17.845,18.723,41.766,4
Enfermagem (Bacharelado) | Ceilândia | Diurno | EP_R2_PPIQ | EP=True | R=R2 | GE=PPIQ | PCD=False | SM=1.0,285,Enfermagem (Bacharelado),Ceilândia,Diurno,EP_R2_PPIQ,1,1,-46.024,-46.024,-16.22,-16.22,-46.024,-46.024,-46.024,-46.024,0.0,0.0,0.0,100.0,0.0,0.0,-16.22,-16.22,-16.22,-16.22,0.0,0.0,0.0,100.0,0,0.0,-46.024,,,,,,-46.024,,-16.22,,,,,,-16.22,,-46.024,-46.024,0.0,0.0,2,-16.22,-16.22,0.0,0.0,2
Enfermagem (Bacharelado) | Darcy Ribeiro | Diurno | EP_R2_PPIQ | EP=True | R=R2 | GE=PPIQ | PCD=False | SM=1.0,286,Enfermagem (Bacharelado),Darcy Ribeiro,Diurno,EP_R2_PPIQ,1,1,-32.977,-32.977,21.488,21.488,-32.977,-32.977,-32.977,-32.977,0.0,0.0,0.0,100.0,0.0,0.0,21.488,21.488,21.488,21.488,0.0,0.0,0.0,100.0,0,0.0,-32.977,,,,,,-32.977,,21.488,,,,,,21.488,,-32.977,-32.977,0.0,0.0,2,21.488,21.488,0.0,0.0,2
Engenharia Ambiental (Bacharelado) | Darcy Ribeiro | Diurno | AC | EP=False | R=NA | GE=NA | PCD=False | SM=NA,287,Engenharia Ambiental (Bacharelado),Darcy Ribeiro,Diurno,AC,5,5,-48.911,-53.928,18.608,39.353,-13.066,-7.834,-53.928,26.947,80.875,37.326,-285.665,50.0,3.0,65.514,71.733,67.115,18.608,139.431,120.823,47.376,66.045,50.0,1,67.454,-53.928,,-28.33,0.043,-50.068,-0.185,-14.305,,39.353,,67.128,0.002,38.404,-0.227,72.696,,-36.658,-39.199,18.682,39.623,4,54.396,53.241,18.065,34.292,4
Engenharia Ambiental (Bacharelado) | Darcy Ribeiro | Diurno | CN | EP=False | R=NA | GE=NEGROS | PCD=False | SM=NA,288,Engenharia Ambiental (Bacharelado),Darcy Ribeiro,Diurno,CN,4,4,72.619,-51.192,72.619,-51.192,24.706,38.7,-51.192,72.619,123.811,59.025,238.903,66.667,2.0,94.792,24.706,38.7,-51.192,72.619,123.811,59.025,238.903,66.667,2,94.792,-51.192,,-60.708,0.578,-67.944,0.563,9.3,,-51.192,,-60.708,0.578,-67.944,0.563,9.3,,-42.636,-55.95,35.297,77.244,4,-42.636,-55.95,35.297,77.244,4
Engenharia Ambiental (Bacharelado) | Darcy Ribeiro | Diurno | EP_R1_NPPI | EP=True | R=R1 | GE=NPPI | PCD=False | SM=1.5,289,Engenharia Ambiental (Bacharelado),Darcy Ribeiro,Diurno,EP_R1_NPPI,3,3,-15.863,-53.536,-15.863,-53.536,-1.397,-15.863,-53.536,65.209,118.745,60.68,-4344.623,50.0,1.0,141.292,-1.397,-15.863,-53.536,65.209,118.745,60.68,-4344.623,50.0,1,141.292,-53.536,,-13.0,0.016,-40.194,-0.09,-7.676,,-53.536,,-13.0,0.016,-40.194,-0.09,-7.676,,-28.601,-26.597,21.889,45.86,4,-28.601,-26.597,21.889,45.86,4
Engenharia Ambiental (Bacharelado) | Darcy Ribeiro | Diurno | EP_R1_PPI | EP=True | R=R1 | GE=PPI | PCD=False | SM=1.5,290,Engenharia Ambiental (Bacharelado),Darcy Ribeiro,Diurno,EP_R1_PPI,1,1,-72.216,-72.216,-72.216,-72.216,-72.216,-72.216,-72.216,-72.216,0.0,0.0,0.0,100.0,0.0,0.0,-72.216,-72.216,-72.216,-72.216,0.0,0.0,0.0,100.0,0,0.0,-72.216,,,,,,-72.216,,-72.216,,,,,,-72.216,,-72.216,-72.216,0.0,0.0,2,-72.216,-72.216,0.0,0.0,2
Engenharia Ambiental (Bacharelado) | Darcy Ribeiro | Diurno | EP_R2_NPPI | EP=True | R=R2 | GE=NPPI | PCD=False | SM=1.5,291,Engenharia Ambiental (Bacharelado),Darcy Ribeiro,Diurno,EP_R2_NPPI,3,3,-14.794,-58.071,1.282,12.011,-42.634,-55.038,-58.071,-14.794,43.277,24.158,-56.663,100.0,0.0,26.312,3.446,1.282,-2.954,12.011,14.965,7.714,223.823,50.0,1,13.577,-58.071,,-76.185,0.633,-70.548,0.581,-49.847,,12.011,,14.471,0.67,16.177,0.624,5.234,,-63.663,-64.31,11.921,26.338,4,11.973,13.241,4.807,10.942,4
Engenharia Ambiental (Bacharelado) | Darcy Ribeiro | Diurno | EP_R2_NPPIQ | EP=True | R=R2 | GE=NPPIQ | PCD=False | SM=1.0,292,Engenharia Ambiental (Bacharelado),Darcy Ribeiro,Diurno,EP_R2_NPPIQ,1,1,-44.993,-44.993,-34.671,-34.671,-44.993,-44.993,-44.993,-44.993,0.0,0.0,0.0,100.0,0.0,0.0,-34.671,-34.671,-34.671,-34.671,0.0,0.0,0.0,100.0,0,0.0,-44.993,,,,,,-44.993,,-34.671,,,,,,-34.671,,-44.993,-44.993,0.0,0.0,2,-34.671,-34.671,0.0,0.0,2
Engenharia Ambiental (Bacharelado) | Darcy Ribeiro | Diurno | EP_R2_PPI | EP=True | R=R2 | GE=PPI | PCD=False | SM=1.5,293,Engenharia Ambiental (Bacharelado),Darcy Ribeiro,Diurno,EP_R2_PPI,4,4,-45.951,110.263,-23.355,110.263,-10.393,-47.67,-56.495,110.263,166.758,80.557,-775.109,66.667,1.0,99.338,48.584,53.714,-23.355,110.263,133.618,56.202,115.679,100.0,0,16.383,110.263,,104.991,0.547,139.03,0.458,12.684,,110.263,,156.246,0.979,152.141,0.976,70.116,,91.742,107.627,54.787,126.346,4,122.192,131.202,40.459,86.129,4
Engenharia Civil (Bacharelado) | Darcy Ribeiro | Diurno | AC | EP=False | R=NA | GE=NA | PCD=False | SM=NA,294,Engenharia Civil (Bacharelado),Darcy Ribeiro,Diurno,AC,6,5,-10.667,71.072,147.15,110.0,40.516,50.636,-14.958,96.375,111.333,45.774,112.978,60.0,4.0,88.846,113.618,120.301,63.663,147.15,83.487,31.049,27.327,75.0,1,42.667,71.072,,70.997,0.127,69.622,0.126,47.773,,110.0,,76.614,0.513,81.681,0.493,104.444,,64.866,70.309,11.415,23.299,4,93.185,93.062,16.497,33.386,4
Engenharia Civil (Bacharelado) | Darcy Ribeiro | Diurno | CN | EP=False | R=NA | GE=NEGROS | PCD=False | SM=NA,295,Engenharia Civil (Bacharelado),Darcy Ribeiro,Diurno,CN,6,6,66.75,26.849,101.479,26.849,19.213,21.768,-48.61,66.75,115.36,38.317,199.438,60.0,3.0,60.599,25.001,21.768,-48.61,101.479,150.089,48.266,193.057,60.0,3,68.424,26.849,,8.68,0.022,26.772,-0.114,16.705,,26.849,,-2.896,0.095,21.811,-0.064,18.359,,19.752,21.739,8.785,18.169,4,16.031,20.085,13.091,29.745,4
Engenharia Civil (Bacharelado) | Darcy Ribeiro | Diurno | EP_R1_NPPI | EP=True | R=R1 | GE=NPPI | PCD=False | SM=1.5,296,Engenharia Civil (Bacharelado),Darcy Ribeiro,Diurno,EP_R1_NPPI,3,3,-10.46,-19.162,-10.46,28.158,-14.798,-14.773,-19.162,-10.46,8.702,4.351,-29.402,100.0,0.0,0.054,13.766,23.601,-10.46,28.158,38.618,21.104,153.301,100.0,0,20.862,-19.162,,-22.264,0.966,-21.956,0.961,-16.249,,28.158,,44.058,0.676,39.432,0.63,20.203,,-19.908,-20.559,2.81,6.016,4,32.962,33.795,10.814,23.855,4
Engenharia Civil (Bacharelado) | Darcy Ribeiro | Diurno | EP_R1_NPPIQ | EP=True | R=R1 | GE=NPPIQ | PCD=False | SM=1.0,297,Engenharia Civil (Bacharelado),Darcy Ribeiro,Diurno,EP_R1_NPPIQ,1,1,-46.606,-46.606,-6.776,-6.776,-46.606,-46.606,-46.606,-46.606,0.0,0.0,0.0,100.0,0.0,0.0,-6.776,-6.776,-6.776,-6.776,0.0,0.0,0.0,100.0,0,0.0,-46.606,,,,,,-46.606,,-6.776,,,,,,-6.776,,-46.606,-46.606,0.0,0.0,2,-6.776,-6.776,0.0,0.0,2
Engenharia Civil (Bacharelado) | Darcy Ribeiro | Diurno | EP_R1_PPI | EP=True | R=R1 | GE=PPI | PCD=False | SM=1.5,298,Engenharia Civil (Bacharelado),Darcy Ribeiro,Diurno,EP_R1_PPI,4,4,5.858,-33.289,5.858,-33.289,-23.772,-30.968,-39.011,5.858,44.869,20.203,-84.986,66.667,1.0,20.248,-7.672,-7.954,-33.289,18.511,51.8,23.969,-312.437,66.667,1,26.498,-33.289,,-55.724,0.667,-47.678,0.588,-30.163,,-33.289,,-47.101,0.722,-51.936,0.701,-15.557,,-41.713,-40.483,12.059,25.561,4,-36.971,-40.195,16.316,36.379,4
Engenharia Civil (Bacharelado) | Darcy Ribeiro | Diurno | EP_R2_NPPI | EP=True | R=R2 | GE=NPPI | PCD=False | SM=1.5,299,Engenharia Civil (Bacharelado),Darcy Ribeiro,Diurno,EP_R2_NPPI,4,4,-68.924,-29.887,39.037,76.766,-30.5,-23.257,-68.924,-6.562,62.362,27.339,-89.636,66.667,1.0,42.768,63.041,65.181,39.037,82.763,43.726,20.353,32.286,66.667,1,17.666,-29.887,,-3.739,0.256,-18.863,0.102,-25.148,,76.766,,98.629,0.815,94.518,0.795,70.158,,-19.409,-22.005,11.381,26.148,4,85.018,85.642,13.716,28.471,4
Engenharia Civil (Bacharelado) | Darcy Ribeiro | Diurno | EP_R2_NPPIQ | EP=True | R=R2 | GE=NPPIQ | PCD=False | SM=1.0,300,Engenharia Civil (Bacharelado),Darcy Ribeiro,Diurno,EP_R2_NPPIQ,1,1,19.123,19.123,44.103,44.103,19.123,19.123,19.123,19.123,0.0,0.0,0.0,100.0,0.0,0.0,44.103,44.103,44.103,44.103,0.0,0.0,0.0,100.0,0,0.0,19.123,,,,,,19.123,,44.103,,,,,,44.103,,19.123,19.123,0.0,0.0,2,44.103,44.103,0.0,0.0,2
Engenharia Civil (Bacharelado) | Darcy Ribeiro | Diurno | EP_R2_PPI | EP=True | R=R2 | GE=PPI | PCD=False | SM=1.5,301,Engenharia Civil (Bacharelado),Darcy Ribeiro,Diurno,EP_R2_PPI,3,3,-27.977,-43.065,1.668,-7.167,-29.259,-27.977,-43.065,-16.736,26.329,13.211,-45.152,50.0,1.0,26.566,26.614,1.668,-7.167,85.341,92.508,51.051,191.818,50.0,1,124.579,-43.065,,-44.347,0.326,-50.609,0.232,-31.774,,-7.167,,17.779,0.007,-11.584,-0.131,25.141,,-42.449,-43.706,7.843,18.835,4,6.042,5.306,18.145,36.726,4
Engenharia Civil (Bacharelado) | Darcy Ribeiro | Diurno | EP_R2_PPIQ | EP=True | R=R2 | GE=PPIQ | PCD=False | SM=1.0,302,Engenharia Civil (Bacharelado),Darcy Ribeiro,Diurno,EP_R2_PPIQ,1,1,-20.258,-20.258,41.376,41.376,-20.258,-20.258,-20.258,-20.258,0.0,0.0,0.0,100.0,0.0,0.0,41.376,41.376,41.376,41.376,0.0,0.0,0.0,100.0,0,0.0,-20.258,,,,,,-20.258,,41.376,,,,,,41.376,,-20.258,-20.258,0.0,0.0,2,41.376,41.376,0.0,0.0,2
Engenharia Elétrica (Bacharelado) | Darcy Ribeiro | Diurno | AC | EP=False | R=NA | GE=NA | PCD=False | SM=NA,303,Engenharia Elétrica (Bacharelado),Darcy Ribeiro,Diurno,AC,5,5,-54.46,97.075,165.36,144.38,31.445,41.135,-54.46,125.478,179.938,83.046,264.102,75.0,2.0,146.328,123.592,156.3,-11.328,165.36,176.688,75.866,61.384,75.0,1,132.019,97.075,,95.409,0.214,80.701,0.198,45.44,,144.38,,67.742,0.196,76.197,0.184,109.156,,79.656,88.055,23.968,51.635,4,99.369,92.677,34.923,76.638,4
Engenharia Elétrica (Bacharelado) | Darcy Ribeiro | Diurno | CN | EP=False | R=NA | GE=NEGROS | PCD=False | SM=NA,304,Engenharia Elétrica (Bacharelado),Darcy Ribeiro,Diurno,CN,4,4,-12.144,19.288,-12.144,19.288,42.557,48.622,-12.144,85.127,97.271,46.901,110.207,66.667,1.0,78.023,42.557,48.622,-12.144,85.127,97.271,46.901,110.207,66.667,1,78.023,19.288,,64.678,0.079,36.451,-0.18,47.63,,19.288,,64.678,0.079,36.451,-0.18,47.63,,42.012,42.041,19.084,45.39,4,42.012,42.041,19.084,45.39,4
Engenharia Elétrica (Bacharelado) | Darcy Ribeiro | Diurno | EP_R1_NPPI | EP=True | R=R1 | GE=NPPI | PCD=False | SM=1.5,305,Engenharia Elétrica (Bacharelado),Darcy Ribeiro,Diurno,EP_R1_NPPI,2,2,-26.903,-22.252,-26.903,6.079,-24.578,-24.578,-26.903,-22.252,4.651,3.289,-13.381,100.0,0.0,0.0,-10.412,-10.412,-26.903,6.079,32.982,23.322,-223.99,100.0,0,0.0,-22.252,,-19.927,1.0,-19.927,1.0,-23.802,,6.079,,22.57,1.0,22.57,1.0,-4.915,,-21.477,-21.089,1.899,3.876,4,11.576,14.324,13.465,27.485,4
Engenharia Elétrica (Bacharelado) | Darcy Ribeiro | Diurno | EP_R1_PPI | EP=True | R=R1 | GE=PPI | PCD=False | SM=1.5,306,Engenharia Elétrica (Bacharelado),Darcy Ribeiro,Diurno,EP_R1_PPI,4,4,-62.725,21.442,10.242,51.5,-13.514,-6.386,-62.725,21.442,84.167,35.724,-264.351,100.0,0.0,19.374,12.242,5.155,-12.839,51.5,64.339,27.824,227.272,66.667,1,37.264,21.442,,52.838,0.92,47.136,0.907,-0.243,,51.5,,46.412,0.402,61.315,0.259,19.076,,30.293,34.289,24.514,53.081,4,44.576,48.956,18.09,42.239,4
Engenharia Elétrica (Bacharelado) | Darcy Ribeiro | Diurno | EP_R2_NPPI | EP=True | R=R2 | GE=NPPI | PCD=False | SM=1.5,307,Engenharia Elétrica (Bacharelado),Darcy Ribeiro,Diurno,EP_R2_NPPI,4,4,-45.468,25.261,145.719,75.92,-15.286,-20.468,-45.468,25.261,70.729,29.489,-192.916,100.0,0.0,22.737,105.9,105.566,66.75,145.719,78.969,40.316,38.07,66.667,2,80.045,25.261,,37.813,0.865,41.959,0.855,-4.666,,75.92,,70.666,0.204,74.602,0.199,98.853,,25.092,31.537,21.07,46.625,4,80.01,75.261,12.759,28.187,4
Engenharia Elétrica (Bacharelado) | Darcy Ribeiro | Diurno | EP_R2_NPPIQ | EP=True | R=R2 | GE=NPPIQ | PCD=False | SM=1.0,308,Engenharia Elétrica (Bacharelado),Darcy Ribeiro,Diurno,EP_R2_NPPIQ,1,1,-6.585,-6.585,58.012,58.012,-6.585,-6.585,-6.585,-6.585,0.0,0.0,0.0,100.0,0.0,0.0,58.012,58.012,58.012,58.012,0.0,0.0,0.0,100.0,0,0.0,-6.585,,,,,,-6.585,,58.012,,,,,,58.012,,-6.585,-6.585,0.0,0.0,2,58.012,58.012,0.0,0.0,2
Engenharia Elétrica (Bacharelado) | Darcy Ribeiro | Diurno | EP_R2_PPI | EP=True | R=R2 | GE=PPI | PCD=False | SM=1.5,309,Engenharia Elétrica (Bacharelado),Darcy Ribeiro,Diurno,EP_R2_PPI,4,4,-25.08,51.632,33.134,72.957,-5.188,-17.16,-38.064,51.632,89.696,39.671,-764.712,66.667,1.0,37.035,39.95,33.517,19.809,72.957,53.148,22.936,57.412,66.667,1,26.201,51.632,,59.552,0.71,74.324,0.641,7.76,,72.957,,73.34,0.565,83.816,0.461,46.628,,48.317,55.592,28.626,66.563,4,69.185,73.148,15.858,37.188,4
Engenharia Elétrica (Bacharelado) | Darcy Ribeiro | Diurno | EP_R2_PPIQ | EP=True | R=R2 | GE=PPIQ | PCD=False | SM=1.0,310,Engenharia Elétrica (Bacharelado),Darcy Ribeiro,Diurno,EP_R2_PPIQ,1,1,-23.359,-23.359,-23.359,-23.359,-23.359,-23.359,-23.359,-23.359,0.0,0.0,0.0,100.0,0.0,0.0,-23.359,-23.359,-23.359,-23.359,0.0,0.0,0.0,100.0,0,0.0,-23.359,,,,,,-23.359,,-23.359,,,,,,-23.359,,-23.359,-23.359,0.0,0.0,2,-23.359,-23.359,0.0,0.0,2
Engenharia Florestal (Bacharelado) | Darcy Ribeiro | Diurno | AC | EP=False | R=NA | GE=NA | PCD=False | SM=NA,311,Engenharia Florestal (Bacharelado),Darcy Ribeiro,Diurno,AC,5,5,-65.083,-69.015,17.752,65.667,-61.697,-65.083,-71.066,-50.298,20.768,9.461,-15.334,75.0,2.0,15.561,42.234,42.301,17.752,65.667,47.915,18.916,44.79,75.0,2,16.926,-69.015,,-60.962,0.002,-65.499,-0.165,-61.018,,65.667,,75.797,0.807,73.103,0.795,49.386,,-64.123,-63.258,3.893,8.053,4,65.988,69.385,11.868,26.411,4
Engenharia Florestal (Bacharelado) | Darcy Ribeiro | Diurno | CN | EP=False | R=NA | GE=NEGROS | PCD=False | SM=NA,312,Engenharia Florestal (Bacharelado),Darcy Ribeiro,Diurno,CN,5,5,-27.121,-59.51,8.294,-59.51,-34.463,-32.127,-59.51,-21.139,38.371,14.735,-42.755,75.0,2.0,15.756,-27.38,-32.127,-59.51,8.294,67.804,24.453,-89.311,75.0,2,22.109,-59.51,,-57.6,0.632,-62.937,0.541,-38.801,,-59.51,,-70.522,0.798,-68.544,0.794,-36.44,,-54.712,-58.555,10.835,24.136,4,-58.754,-64.027,15.629,34.083,4
Engenharia Florestal (Bacharelado) | Darcy Ribeiro | Diurno | EP_R1_NPPI | EP=True | R=R1 | GE=NPPI | PCD=False | SM=1.5,313,Engenharia Florestal (Bacharelado),Darcy Ribeiro,Diurno,EP_R1_NPPI,2,2,-2.213,-15.457,-2.213,9.613,-8.835,-8.835,-15.457,-2.213,13.244,9.365,-105.998,100.0,0.0,0.0,3.7,3.7,-2.213,9.613,11.826,8.362,226.007,100.0,0,0.0,-15.457,,-28.701,1.0,-28.701,1.0,-11.042,,9.613,,21.439,1.0,21.439,1.0,5.671,,-20.975,-22.079,9.101,17.659,4,14.54,15.526,8.127,15.768,4
Engenharia Florestal (Bacharelado) | Darcy Ribeiro | Diurno | EP_R1_PPI | EP=True | R=R1 | GE=PPI | PCD=False | SM=1.5,314,Engenharia Florestal (Bacharelado),Darcy Ribeiro,Diurno,EP_R1_PPI,2,2,-72.218,-21.467,20.162,-21.467,-46.842,-46.842,-72.218,-21.467,50.751,35.886,-76.611,100.0,0.0,0.0,-0.652,-0.652,-21.467,20.162,41.629,29.436,-4511.287,100.0,0,0.0,-21.467,,-4.55,1.0,-4.55,1.0,-38.384,,-21.467,,-35.343,1.0,-35.343,1.0,-7.591,,-17.238,-13.008,16.197,33.834,4,-24.936,-28.405,13.286,27.753,4
Engenharia Florestal (Bacharelado) | Darcy Ribeiro | Diurno | EP_R2_NPPI | EP=True | R=R2 | GE=NPPI | PCD=False | SM=1.5,315,Engenharia Florestal (Bacharelado),Darcy Ribeiro,Diurno,EP_R2_NPPI,3,3,-29.541,-13.984,-29.541,-13.984,-32.124,-29.541,-52.846,-13.984,38.862,19.559,-60.888,50.0,1.0,43.959,-31.247,-29.541,-50.215,-13.984,36.231,18.176,-58.168,50.0,1,40.238,-13.984,,-16.567,0.158,-6.206,0.04,-29.531,,-13.984,,-15.69,0.183,-6.206,0.069,-28.654,,-16.572,-15.275,9.697,23.325,4,-16.133,-14.837,9.312,22.448,4
Engenharia Florestal (Bacharelado) | Darcy Ribeiro | Diurno | EP_R2_NPPIQ | EP=True | R=R2 | GE=NPPIQ | PCD=False | SM=1.0,316,Engenharia Florestal (Bacharelado),Darcy Ribeiro,Diurno,EP_R2_NPPIQ,1,1,-27.754,-27.754,-27.754,-27.754,-27.754,-27.754,-27.754,-27.754,0.0,0.0,0.0,100.0,0.0,0.0,-27.754,-27.754,-27.754,-27.754,0.0,0.0,0.0,100.0,0,0.0,-27.754,,,,,,-27.754,,-27.754,,,,,,-27.754,,-27.754,-27.754,0.0,0.0,2,-27.754,-27.754,0.0,0.0,2
Engenharia Florestal (Bacharelado) | Darcy Ribeiro | Diurno | EP_R2_PPI | EP=True | R=R2 | GE=PPI | PCD=False | SM=1.5,317,Engenharia Florestal (Bacharelado),Darcy Ribeiro,Diurno,EP_R2_PPI,3,3,-42.766,-50.84,-42.766,-13.077,-33.151,-42.766,-50.84,-5.848,44.992,23.988,-72.358,50.0,1.0,57.919,-20.564,-13.077,-42.766,-5.848,36.918,19.565,-95.141,50.0,1,31.217,-50.84,,-41.225,0.028,-54.877,-0.108,-34.497,,-13.077,,9.125,0.576,1.767,0.516,-15.615,,-45.36,-46.033,9.232,20.38,4,-4.45,-5.655,11.861,24.741,4
Engenharia Mecatrônica (Bacharelado) | Darcy Ribeiro | Diurno | AC | EP=False | R=NA | GE=NA | PCD=False | SM=NA,318,Engenharia Mecatrônica (Bacharelado),Darcy Ribeiro,Diurno,AC,5,5,-40.37,84.017,134.759,170.136,47.911,71.137,-40.37,116.231,156.601,62.957,131.404,50.0,2.0,103.77,132.379,156.247,37.891,170.136,132.245,54.447,41.13,50.0,2,103.308,84.017,,97.503,0.224,77.354,0.174,57.317,,170.136,,120.142,0.018,125.849,0.007,128.764,,79.048,80.686,16.737,40.187,4,136.223,127.307,22.891,49.994,4
Engenharia Mecatrônica (Bacharelado) | Darcy Ribeiro | Diurno | CN | EP=False | R=NA | GE=NEGROS | PCD=False | SM=NA,319,Engenharia Mecatrônica (Bacharelado),Darcy Ribeiro,Diurno,CN,5,5,-19.965,25.527,1.525,25.527,56.383,53.035,-19.965,139.153,159.118,60.031,106.471,50.0,3.0,102.668,60.681,53.035,1.525,139.153,137.628,53.626,88.374,50.0,3,96.577,25.527,,85.94,0.062,52.569,-0.155,66.114,,25.527,,78.099,0.027,49.167,-0.181,67.547,,57.538,59.342,25.361,60.413,4,55.085,58.357,23.048,52.572,4
Engenharia Mecatrônica (Bacharelado) | Darcy Ribeiro | Diurno | EP_R1_NPPI | EP=True | R=R1 | GE=NPPI | PCD=False | SM=1.5,320,Engenharia Mecatrônica (Bacharelado),Darcy Ribeiro,Diurno,EP_R1_NPPI,3,3,-32.767,-42.409,-32.767,-41.277,-34.79,-32.767,-42.409,-29.193,13.216,6.836,-19.65,50.0,1.0,11.872,-24.309,-32.767,-41.277,1.117,42.394,22.427,-92.258,50.0,1,53.937,-42.409,,-44.432,0.497,-47.23,0.427,-36.397,,-41.277,,-32.819,0.036,-45.532,-0.099,-25.727,,-42.617,-43.42,4.594,10.833,4,-36.339,-37.048,8.83,19.805,4
Engenharia Mecatrônica (Bacharelado) | Darcy Ribeiro | Diurno | EP_R1_NPPIQ | EP=True | R=R1 | GE=NPPIQ | PCD=False | SM=1.0,321,Engenharia Mecatrônica (Bacharelado),Darcy Ribeiro,Diurno,EP_R1_NPPIQ,1,1,-4.756,-4.756,8.105,8.105,-4.756,-4.756,-4.756,-4.756,0.0,0.0,0.0,100.0,0.0,0.0,8.105,8.105,8.105,8.105,0.0,0.0,0.0,100.0,0,0.0,-4.756,,,,,,-4.756,,8.105,,,,,,8.105,,-4.756,-4.756,0.0,0.0,2,8.105,8.105,0.0,0.0,2
Engenharia Mecatrônica (Bacharelado) | Darcy Ribeiro | Diurno | EP_R1_PPI | EP=True | R=R1 | GE=PPI | PCD=False | SM=1.5,322,Engenharia Mecatrônica (Bacharelado),Darcy Ribeiro,Diurno,EP_R1_PPI,3,3,-37.722,-24.504,54.405,59.809,-29.963,-27.662,-37.722,-24.504,13.218,6.903,-23.038,100.0,0.0,4.88,53.607,54.405,46.608,59.809,13.201,6.637,12.38,50.0,1,14.848,-24.504,,-16.745,0.917,-17.895,0.905,-27.76,,59.809,,59.011,0.166,62.511,0.049,54.508,,-21.726,-21.2,5.279,11.015,4,58.96,59.41,3.324,8.003,4
Engenharia Mecatrônica (Bacharelado) | Darcy Ribeiro | Diurno | EP_R2_NPPI | EP=True | R=R2 | GE=NPPI | PCD=False | SM=1.5,323,Engenharia Mecatrônica (Bacharelado),Darcy Ribeiro,Diurno,EP_R2_NPPI,5,5,19.302,-65.329,65.536,-19.947,-15.903,-40.631,-65.329,49.02,114.349,47.915,-301.302,50.0,3.0,51.53,48.061,65.536,-19.947,79.438,99.385,40.298,83.847,50.0,3,54.325,-65.329,,-93.577,0.73,-95.246,0.729,-33.163,,-19.947,,-5.541,0.491,-20.249,0.417,36.15,,-71.829,-79.453,29.204,62.082,4,-2.397,-12.744,26.598,56.399,4
Engenharia Mecatrônica (Bacharelado) | Darcy Ribeiro | Diurno | EP_R2_NPPIQ | EP=True | R=R2 | GE=NPPIQ | PCD=False | SM=1.0,324,Engenharia Mecatrônica (Bacharelado),Darcy Ribeiro,Diurno,EP_R2_NPPIQ,1,1,-19.193,-19.193,79.642,79.642,-19.193,-19.193,-19.193,-19.193,0.0,0.0,0.0,100.0,0.0,0.0,79.642,79.642,79.642,79.642,0.0,0.0,0.0,100.0,0,0.0,-19.193,,,,,,-19.193,,79.642,,,,,,79.642,,-19.193,-19.193,0.0,0.0,2,79.642,79.642,0.0,0.0,2
Engenharia Mecatrônica (Bacharelado) | Darcy Ribeiro | Diurno | EP_R2_PPI | EP=True | R=R2 | GE=PPI | PCD=False | SM=1.5,325,Engenharia Mecatrônica (Bacharelado),Darcy Ribeiro,Diurno,EP_R2_PPI,3,3,-46.573,1.944,42.867,1.944,-27.903,-39.081,-46.573,1.944,48.517,26.119,-93.604,100.0,0.0,23.711,8.256,1.944,-20.043,42.867,62.91,31.926,386.706,50.0,1,60.031,1.944,,20.614,0.863,26.202,0.843,-19.817,,1.944,,-32.667,0.411,-18.517,0.328,1.436,,7.236,11.279,20.805,46.02,4,-11.951,-8.541,16.778,34.611,4
Engenharia Mecatrônica (Bacharelado) | Darcy Ribeiro | Diurno | EP_R2_PPIQ | EP=True | R=R2 | GE=PPIQ | PCD=False | SM=1.0,326,Engenharia Mecatrônica (Bacharelado),Darcy Ribeiro,Diurno,EP_R2_PPIQ,1,1,-53.086,-53.086,-27.897,-27.897,-53.086,-53.086,-53.086,-53.086,0.0,0.0,0.0,100.0,0.0,0.0,-27.897,-27.897,-27.897,-27.897,0.0,0.0,0.0,100.0,0,0.0,-53.086,,,,,,-53.086,,-27.897,,,,,,-27.897,,-53.086,-53.086,0.0,0.0,2,-27.897,-27.897,0.0,0.0,2
Engenharia Mecânica (Bacharelado) | Darcy Ribeiro | Diurno | AC | EP=False | R=NA | GE=NA | PCD=False | SM=NA,327,Engenharia Mecânica (Bacharelado),Darcy Ribeiro,Diurno,AC,6,5,-102.234,83.117,142.555,151.18,28.009,69.293,-102.234,88.12,190.354,79.775,284.823,60.0,4.0,121.536,122.53,142.555,27.385,154.863,127.478,53.665,43.797,50.0,2,96.145,83.117,,87.747,0.16,60.226,0.088,42.232,,151.18,,94.367,0.1,102.802,0.078,115.181,,68.331,71.671,21.154,45.515,4,115.882,108.991,25.036,56.813,4
Engenharia Mecânica (Bacharelado) | Darcy Ribeiro | Diurno | CN | EP=False | R=NA | GE=NEGROS | PCD=False | SM=NA,328,Engenharia Mecânica (Bacharelado),Darcy Ribeiro,Diurno,CN,6,6,27.299,68.151,30.337,68.151,25.285,26.444,-47.32,68.151,115.471,42.095,166.484,60.0,3.0,84.503,25.791,27.962,-47.32,68.151,115.471,42.142,163.399,60.0,3,84.603,68.151,,29.074,0.002,36.199,-0.015,26.187,,68.151,,28.062,0.001,35.765,-0.02,26.332,,39.903,32.637,19.296,41.964,4,39.577,31.913,19.485,41.819,4
Engenharia Mecânica (Bacharelado) | Darcy Ribeiro | Diurno | EP_R1_NPPI | EP=True | R=R1 | GE=NPPI | PCD=False | SM=1.5,329,Engenharia Mecânica (Bacharelado),Darcy Ribeiro,Diurno,EP_R1_NPPI,2,2,-40.249,-32.365,33.782,-32.365,-36.307,-36.307,-40.249,-32.365,7.884,5.575,-15.355,100.0,0.0,0.0,0.708,0.708,-32.365,33.782,66.147,46.773,6601.693,100.0,0,0.0,-32.365,,-28.423,1.0,-28.423,1.0,-34.993,,-32.365,,-65.438,1.0,-65.438,1.0,-10.316,,-31.051,-30.394,3.219,6.57,4,-43.389,-48.902,27.004,55.122,4
Engenharia Mecânica (Bacharelado) | Darcy Ribeiro | Diurno | EP_R1_NPPIQ | EP=True | R=R1 | GE=NPPIQ | PCD=False | SM=1.0,330,Engenharia Mecânica (Bacharelado),Darcy Ribeiro,Diurno,EP_R1_NPPIQ,1,1,-69.376,-69.376,-69.376,-69.376,-69.376,-69.376,-69.376,-69.376,0.0,0.0,0.0,100.0,0.0,0.0,-69.376,-69.376,-69.376,-69.376,0.0,0.0,0.0,100.0,0,0.0,-69.376,,,,,,-69.376,,-69.376,,,,,,-69.376,,-69.376,-69.376,0.0,0.0,2,-69.376,-69.376,0.0,0.0,2
Engenharia Mecânica (Bacharelado) | Darcy Ribeiro | Diurno | EP_R1_PPI | EP=True | R=R1 | GE=PPI | PCD=False | SM=1.5,331,Engenharia Mecânica (Bacharelado),Darcy Ribeiro,Diurno,EP_R1_PPI,4,4,-33.726,22.756,5.966,22.756,-16.873,-27.828,-34.593,22.756,57.349,27.043,-160.276,66.667,2.0,35.532,-1.54,1.04,-30.996,22.756,53.752,22.508,-1461.542,66.667,1,42.587,22.756,,22.322,0.56,31.433,0.503,-9.034,,22.756,,4.275,0.018,16.996,-0.142,-0.377,,16.869,22.539,17.771,40.467,4,10.912,10.635,10.782,23.133,4
Engenharia Mecânica (Bacharelado) | Darcy Ribeiro | Diurno | EP_R2_NPPI | EP=True | R=R2 | GE=NPPI | PCD=False | SM=1.5,332,Engenharia Mecânica (Bacharelado),Darcy Ribeiro,Diurno,EP_R2_NPPI,4,4,-8.237,-22.76,129.024,39.682,-17.784,-17.391,-28.117,-8.237,19.88,9.236,-51.933,66.667,2.0,18.699,65.032,55.078,20.947,129.024,108.077,47.296,72.727,66.667,2,78.807,-22.76,,-24.652,0.147,-22.824,0.128,-19.157,,39.682,,10.407,0.356,25.864,0.302,54.107,,-22.348,-22.792,2.301,5.495,4,32.515,32.773,18.713,43.7,4
Engenharia Mecânica (Bacharelado) | Darcy Ribeiro | Diurno | EP_R2_NPPIQ | EP=True | R=R2 | GE=NPPIQ | PCD=False | SM=1.0,333,Engenharia Mecânica (Bacharelado),Darcy Ribeiro,Diurno,EP_R2_NPPIQ,1,1,-1.775,-1.775,66.886,66.886,-1.775,-1.775,-1.775,-1.775,0.0,0.0,0.0,100.0,0.0,0.0,66.886,66.886,66.886,66.886,0.0,0.0,0.0,100.0,0,0.0,-1.775,,,,,,-1.775,,66.886,,,,,,66.886,,-1.775,-1.775,0.0,0.0,2,66.886,66.886,0.0,0.0,2
Engenharia Mecânica (Bacharelado) | Darcy Ribeiro | Diurno | EP_R2_PPI | EP=True | R=R2 | GE=PPI | PCD=False | SM=1.5,334,Engenharia Mecânica (Bacharelado),Darcy Ribeiro,Diurno,EP_R2_PPI,3,3,-5.156,-68.903,32.83,42.09,-52.895,-68.903,-84.626,-5.156,79.47,42.084,-79.561,50.0,1.0,67.312,-0.875,32.83,-77.546,42.09,119.636,66.56,-7603.958,50.0,1,162.643,-68.903,,-108.638,0.752,-99.17,0.725,-63.52,,42.09,,-13.098,0.014,16.75,-0.092,0.668,,-85.058,-84.036,22.211,45.119,4,11.603,8.709,23.704,55.188,4
Engenharia Mecânica (Bacharelado) | Darcy Ribeiro | Diurno | EP_R2_PPIQ | EP=True | R=R2 | GE=PPIQ | PCD=False | SM=1.0,335,Engenharia Mecânica (Bacharelado),Darcy Ribeiro,Diurno,EP_R2_PPIQ,1,1,5.003,5.003,17.361,17.361,5.003,5.003,5.003,5.003,0.0,0.0,0.0,100.0,0.0,0.0,17.361,17.361,17.361,17.361,0.0,0.0,0.0,100.0,0,0.0,5.003,,,,,,5.003,,17.361,,,,,,17.361,,5.003,5.003,0.0,0.0,2,17.361,17.361,0.0,0.0,2
Engenharia Química (Bacharelado) | Darcy Ribeiro | Diurno | AC | EP=False | R=NA | GE=NA | PCD=False | SM=NA,336,Engenharia Química (Bacharelado),Darcy Ribeiro,Diurno,AC,6,5,-50.087,51.716,134.041,135.786,26.86,55.614,-50.087,70.109,120.196,53.139,197.837,60.0,4.0,83.928,101.419,134.041,-7.947,136.761,144.708,62.259,61.388,50.0,3,119.798,51.716,,47.422,0.043,27.808,-0.04,31.756,,135.786,,69.952,0.092,82.704,0.062,93.892,,39.675,39.589,11.67,23.908,4,95.583,88.298,28.53,65.834,4
Engenharia Química (Bacharelado) | Darcy Ribeiro | Diurno | CN | EP=False | R=NA | GE=NEGROS | PCD=False | SM=NA,337,Engenharia Química (Bacharelado),Darcy Ribeiro,Diurno,CN,3,3,11.144,5.744,11.144,5.744,24.62,11.144,5.744,56.973,51.229,28.148,114.328,50.0,1.0,68.63,24.62,11.144,5.744,56.973,51.229,28.148,114.328,50.0,1,68.63,5.744,,20.57,0.009,9.247,-0.13,23.72,,5.744,,20.57,0.009,9.247,-0.13,23.72,,14.82,14.909,8.674,17.976,4,14.82,14.909,8.674,17.976,4
Engenharia Química (Bacharelado) | Darcy Ribeiro | Diurno | EP_R1_NPPI | EP=True | R=R1 | GE=NPPI | PCD=False | SM=1.5,338,Engenharia Química (Bacharelado),Darcy Ribeiro,Diurno,EP_R1_NPPI,3,3,-47.162,-55.77,-47.162,-55.77,-48.871,-47.162,-55.77,-43.682,12.088,6.223,-12.733,50.0,1.0,11.008,-48.871,-47.162,-55.77,-43.682,12.088,6.223,-12.733,50.0,1,11.008,-55.77,,-57.479,0.478,-60.074,0.405,-50.306,,-55.77,,-57.479,0.478,-60.074,0.405,-50.306,,-55.907,-56.625,4.132,9.768,4,-55.907,-56.625,4.132,9.768,4
Engenharia Química (Bacharelado) | Darcy Ribeiro | Diurno | EP_R1_PPI | EP=True | R=R1 | GE=PPI | PCD=False | SM=1.5,339,Engenharia Química (Bacharelado),Darcy Ribeiro,Diurno,EP_R1_PPI,4,4,38.999,27.883,38.999,27.883,9.035,16.528,-35.915,38.999,74.914,33.108,366.457,66.667,1.0,62.349,29.592,33.441,5.342,46.146,40.804,17.828,60.245,66.667,2,39.307,27.883,,10.969,0.001,30.495,-0.173,9.422,,27.883,,31.456,0.003,34.535,-0.012,29.965,,19.692,19.426,11.036,21.073,4,30.96,30.711,2.798,6.652,4
Engenharia Química (Bacharelado) | Darcy Ribeiro | Diurno | EP_R2_NPPI | EP=True | R=R2 | GE=NPPI | PCD=False | SM=1.5,340,Engenharia Química (Bacharelado),Darcy Ribeiro,Diurno,EP_R2_NPPI,4,3,-16.557,-42.449,132.95,125.822,1.547,-1.532,-42.449,51.7,94.149,40.503,2618.575,66.667,1.0,74.173,112.688,125.822,79.292,132.95,53.658,29.141,25.859,50.0,1,70.844,-42.449,,-8.32,0.016,-33.16,-0.172,-0.427,,125.822,,98.993,0.095,111.518,-0.003,111.5,,-21.089,-20.74,19.933,42.022,4,111.958,111.509,10.965,26.829,4
Engenharia Química (Bacharelado) | Darcy Ribeiro | Diurno | EP_R2_NPPIQ | EP=True | R=R2 | GE=NPPIQ | PCD=False | SM=1.0,341,Engenharia Química (Bacharelado),Darcy Ribeiro,Diurno,EP_R2_NPPIQ,1,1,-59.302,-59.302,49.093,49.093,-59.302,-59.302,-59.302,-59.302,0.0,0.0,0.0,100.0,0.0,0.0,49.093,49.093,49.093,49.093,0.0,0.0,0.0,100.0,0,0.0,-59.302,,,,,,-59.302,,49.093,,,,,,49.093,,-59.302,-59.302,0.0,0.0,2,49.093,49.093,0.0,0.0,2
Engenharia Química (Bacharelado) | Darcy Ribeiro | Diurno | EP_R2_PPI | EP=True | R=R2 | GE=PPI | PCD=False | SM=1.5,342,Engenharia Química (Bacharelado),Darcy Ribeiro,Diurno,EP_R2_PPI,3,3,-14.085,30.811,-14.085,59.008,-7.766,-14.085,-40.025,30.811,70.836,35.838,-461.456,50.0,1.0,68.431,1.633,-14.085,-40.025,59.008,99.033,51.353,3145.367,50.0,1,88.369,30.811,,37.13,0.392,53.259,0.307,-0.284,,59.008,,74.726,0.506,95.554,0.437,13.815,,30.229,33.97,22.43,53.543,4,60.776,66.867,34.702,81.74,4
Engenharia Química (Bacharelado) | Darcy Ribeiro | Diurno | EP_R2_PPIQ | EP=True | R=R2 | GE=PPIQ | PCD=False | SM=1.0,343,Engenharia Química (Bacharelado),Darcy Ribeiro,Diurno,EP_R2_PPIQ,1,1,-17.786,-17.786,2.511,2.511,-17.786,-17.786,-17.786,-17.786,0.0,0.0,0.0,100.0,0.0,0.0,2.511,2.511,2.511,2.511,0.0,0.0,0.0,100.0,0,0.0,-17.786,,,,,,-17.786,,2.511,,,,,,2.511,,-17.786,-17.786,0.0,0.0,2,2.511,2.511,0.0,0.0,2
Engenharia de Computação (Bacharelado) | Darcy Ribeiro | Diurno | AC | EP=False | R=NA | GE=NA | PCD=False | SM=NA,344,Engenharia de Computação (Bacharelado),Darcy Ribeiro,Diurno,AC,5,5,76.169,120.918,143.359,167.223,108.165,120.321,76.169,120.918,44.749,19.442,17.974,75.0,2.0,26.307,148.586,156.459,115.572,167.223,51.651,20.397,13.728,50.0,2,38.729,120.918,,130.683,0.485,123.933,0.421,112.975,,167.223,,150.361,0.003,152.413,-0.008,148.785,,122.127,122.425,7.341,17.708,4,154.695,151.387,8.483,18.438,4
Engenharia de Computação (Bacharelado) | Darcy Ribeiro | Diurno | CN | EP=False | R=NA | GE=NEGROS | PCD=False | SM=NA,345,Engenharia de Computação (Bacharelado),Darcy Ribeiro,Diurno,CN,6,6,21.015,70.718,92.852,70.718,52.603,47.694,21.015,84.173,63.158,22.093,41.999,80.0,2.0,37.377,64.576,59.578,44.324,92.852,48.528,20.988,32.502,60.0,1,22.753,70.718,,66.997,0.121,65.509,0.119,56.03,,70.718,,43.051,0.301,55.247,0.095,59.451,,64.813,66.253,6.252,14.688,4,57.117,57.349,11.428,27.667,4
Engenharia de Computação (Bacharelado) | Darcy Ribeiro | Diurno | EP_R1_NPPI | EP=True | R=R1 | GE=NPPI | PCD=False | SM=1.5,346,Engenharia de Computação (Bacharelado),Darcy Ribeiro,Diurno,EP_R1_NPPI,4,4,17.976,-26.48,19.536,-5.042,-7.877,-4.252,-52.218,29.216,81.434,38.107,-483.808,66.667,2.0,83.672,11.184,7.247,-10.159,40.403,50.562,23.397,209.195,66.667,2,51.489,-26.48,,-20.86,0.031,-17.96,0.028,-10.473,,-5.042,,5.391,0.016,2.241,0.007,10.026,,-18.943,-19.41,6.663,16.007,4,3.154,3.816,6.331,15.068,4
Engenharia de Computação (Bacharelado) | Darcy Ribeiro | Diurno | EP_R1_NPPIQ | EP=True | R=R1 | GE=NPPIQ | PCD=False | SM=1.0,347,Engenharia de Computação (Bacharelado),Darcy Ribeiro,Diurno,EP_R1_NPPIQ,1,1,-33.752,-33.752,-33.752,-33.752,-33.752,-33.752,-33.752,-33.752,0.0,0.0,0.0,100.0,0.0,0.0,-33.752,-33.752,-33.752,-33.752,0.0,0.0,0.0,100.0,0,0.0,-33.752,,,,,,-33.752,,-33.752,,,,,,-33.752,,-33.752,-33.752,0.0,0.0,2,-33.752,-33.752,0.0,0.0,2
Engenharia de Computação (Bacharelado) | Darcy Ribeiro | Diurno | EP_R1_PPI | EP=True | R=R1 | GE=PPI | PCD=False | SM=1.5,348,Engenharia de Computação (Bacharelado),Darcy Ribeiro,Diurno,EP_R1_PPI,4,4,-44.598,16.988,18.4,70.613,2.806,8.27,-44.598,39.279,83.877,35.539,1266.773,66.667,2.0,61.86,55.134,53.044,18.4,96.047,77.647,34.877,63.259,66.667,2,70.795,16.988,,39.064,0.278,25.775,0.208,10.057,,70.613,,79.151,0.126,70.649,0.097,59.937,,22.971,21.382,12.509,29.006,4,70.088,70.631,7.869,19.214,4
Engenharia de Computação (Bacharelado) | Darcy Ribeiro | Diurno | EP_R2_NPPI | EP=True | R=R2 | GE=NPPI | PCD=False | SM=1.5,349,Engenharia de Computação (Bacharelado),Darcy Ribeiro,Diurno,EP_R2_NPPI,4,4,-63.631,13.301,29.797,34.706,38.573,42.922,-63.631,132.082,195.713,83.63,216.808,66.667,1.0,147.284,90.448,88.619,29.797,154.756,124.959,67.414,74.534,66.667,1,116.753,13.301,,97.607,0.192,50.951,0.021,47.136,,34.706,,113.744,0.046,71.523,-0.182,91.795,,52.249,49.044,34.651,84.306,4,77.942,81.659,33.587,79.038,4
Engenharia de Computação (Bacharelado) | Darcy Ribeiro | Diurno | EP_R2_NPPIQ | EP=True | R=R2 | GE=NPPIQ | PCD=False | SM=1.0,350,Engenharia de Computação (Bacharelado),Darcy Ribeiro,Diurno,EP_R2_NPPIQ,1,1,82.189,82.189,83.309,83.309,82.189,82.189,82.189,82.189,0.0,0.0,0.0,100.0,0.0,0.0,83.309,83.309,83.309,83.309,0.0,0.0,0.0,100.0,0,0.0,82.189,,,,,,82.189,,83.309,,,,,,83.309,,82.189,82.189,0.0,0.0,2,83.309,83.309,0.0,0.0,2
Engenharia de Computação (Bacharelado) | Darcy Ribeiro | Diurno | EP_R2_NPPIQ_PCD | EP=True | R=R2 | GE=NPPIQ | PCD=True | SM=1.0,351,Engenharia de Computação (Bacharelado),Darcy Ribeiro,Diurno,EP_R2_NPPIQ_PCD,1,1,25.163,25.163,25.163,25.163,25.163,25.163,25.163,25.163,0.0,0.0,0.0,100.0,0.0,0.0,25.163,25.163,25.163,25.163,0.0,0.0,0.0,100.0,0,0.0,25.163,,,,,,25.163,,25.163,,,,,,25.163,,25.163,25.163,0.0,0.0,2,25.163,25.163,0.0,0.0,2
Engenharia de Computação (Bacharelado) | Darcy Ribeiro | Diurno | EP_R2_PPI | EP=True | R=R2 | GE=PPI | PCD=False | SM=1.5,352,Engenharia de Computação (Bacharelado),Darcy Ribeiro,Diurno,EP_R2_PPI,5,4,-31.837,-62.409,53.774,-51.296,-12.02,8.39,-62.409,13.355,75.764,33.87,-281.79,75.0,1.0,47.743,22.485,43.73,-51.296,53.774,105.07,49.49,220.105,100.0,0,49.064,-62.409,,-31.852,0.095,-55.357,-0.175,-16.427,,-51.296,,-37.934,0.575,-57.636,0.481,6.389,,-41.511,-43.604,21.221,45.982,4,-35.119,-44.615,28.865,64.025,4
Engenharia de Computação (Bacharelado) | Darcy Ribeiro | Diurno | EP_R2_PPIQ | EP=True | R=R2 | GE=PPIQ | PCD=False | SM=1.0,353,Engenharia de Computação (Bacharelado),Darcy Ribeiro,Diurno,EP_R2_PPIQ,1,1,-67.012,-67.012,55.801,55.801,-67.012,-67.012,-67.012,-67.012,0.0,0.0,0.0,100.0,0.0,0.0,55.801,55.801,55.801,55.801,0.0,0.0,0.0,100.0,0,0.0,-67.012,,,,,,-67.012,,55.801,,,,,,55.801,,-67.012,-67.012,0.0,0.0,2,55.801,55.801,0.0,0.0,2
Engenharia de Produção (Bacharelado) | Darcy Ribeiro | Noturno | AC | EP=False | R=NA | GE=NA | PCD=False | SM=NA,354,Engenharia de Produção (Bacharelado),Darcy Ribeiro,Noturno,AC,6,5,-45.285,49.032,97.751,130.073,-9.411,-3.186,-75.158,49.032,124.19,58.723,-623.961,60.0,2.0,89.782,101.171,104.096,14.375,159.558,145.183,54.31,53.681,50.0,2,96.731,49.032,,-6.161,0.001,0.989,-0.008,-8.637,,130.073,,84.496,0.034,86.367,0.03,95.801,,8.806,-2.586,27.126,57.669,4,99.184,91.084,21.178,45.577,4
Engenharia de Produção (Bacharelado) | Darcy Ribeiro | Noturno | CN | EP=False | R=NA | GE=NEGROS | PCD=False | SM=NA,355,Engenharia de Produção (Bacharelado),Darcy Ribeiro,Noturno,CN,6,6,13.105,-31.733,18.914,-31.733,-15.976,-16.779,-71.003,27.336,98.339,34.705,-217.236,60.0,3.0,48.682,-15.007,-16.779,-71.003,27.336,98.339,35.744,-238.174,60.0,3,49.47,-31.733,,-57.722,0.413,-59.921,0.411,-25.915,,-31.733,,-59.658,0.446,-60.75,0.445,-25.638,,-43.823,-44.727,17.504,34.006,4,-44.445,-45.695,18.372,35.112,4
Engenharia de Produção (Bacharelado) | Darcy Ribeiro | Noturno | EP_R1_NPPI | EP=True | R=R1 | GE=NPPI | PCD=False | SM=1.5,356,Engenharia de Produção (Bacharelado),Darcy Ribeiro,Noturno,EP_R1_NPPI,1,1,-47.974,-47.974,-47.974,-47.974,-47.974,-47.974,-47.974,-47.974,0.0,0.0,0.0,100.0,0.0,0.0,-47.974,-47.974,-47.974,-47.974,0.0,0.0,0.0,100.0,0,0.0,-47.974,,,,,,-47.974,,-47.974,,,,,,-47.974,,-47.974,-47.974,0.0,0.0,2,-47.974,-47.974,0.0,0.0,2
Engenharia de Produção (Bacharelado) | Darcy Ribeiro | Noturno | EP_R1_NPPIQ | EP=True | R=R1 | GE=NPPIQ | PCD=False | SM=1.0,357,Engenharia de Produção (Bacharelado),Darcy Ribeiro,Noturno,EP_R1_NPPIQ,1,1,-20.589,-20.589,-16.273,-16.273,-20.589,-20.589,-20.589,-20.589,0.0,0.0,0.0,100.0,0.0,0.0,-16.273,-16.273,-16.273,-16.273,0.0,0.0,0.0,100.0,0,0.0,-20.589,,,,,,-20.589,,-16.273,,,,,,-16.273,,-20.589,-20.589,0.0,0.0,2,-16.273,-16.273,0.0,0.0,2
Engenharia de Produção (Bacharelado) | Darcy Ribeiro | Noturno | EP_R1_PPI | EP=True | R=R1 | GE=PPI | PCD=False | SM=1.5,358,Engenharia de Produção (Bacharelado),Darcy Ribeiro,Noturno,EP_R1_PPI,2,2,-5.047,11.401,-5.047,11.401,3.177,3.177,-5.047,11.401,16.448,11.63,366.084,100.0,0.0,0.0,3.177,3.177,-5.047,11.401,16.448,11.63,366.084,100.0,0,0.0,11.401,,27.849,1.0,27.849,1.0,5.918,,11.401,,27.849,1.0,27.849,1.0,5.918,,18.254,19.625,11.303,21.931,4,18.254,19.625,11.303,21.931,4
Engenharia de Produção (Bacharelado) | Darcy Ribeiro | Noturno | EP_R2_NPPI | EP=True | R=R2 | GE=NPPI | PCD=False | SM=1.5,359,Engenharia de Produção (Bacharelado),Darcy Ribeiro,Noturno,EP_R2_NPPI,2,2,46.816,-30.751,71.428,-18.063,8.033,8.033,-30.751,46.816,77.567,54.848,682.828,100.0,0.0,0.0,26.682,26.682,-18.063,71.428,89.491,63.28,237.158,100.0,0,0.0,-30.751,,-69.534,1.0,-69.534,1.0,-4.895,,-18.063,,-62.808,1.0,-62.808,1.0,11.767,,-43.679,-50.143,31.667,64.639,4,-32.978,-40.436,36.535,74.576,4
Engenharia de Produção (Bacharelado) | Darcy Ribeiro | Noturno | EP_R2_NPPIQ | EP=True | R=R2 | GE=NPPIQ | PCD=False | SM=1.0,360,Engenharia de Produção (Bacharelado),Darcy Ribeiro,Noturno,EP_R2_NPPIQ,1,1,-30.464,-30.464,60.182,60.182,-30.464,-30.464,-30.464,-30.464,0.0,0.0,0.0,100.0,0.0,0.0,60.182,60.182,60.182,60.182,0.0,0.0,0.0,100.0,0,0.0,-30.464,,,,,,-30.464,,60.182,,,,,,60.182,,-30.464,-30.464,0.0,0.0,2,60.182,60.182,0.0,0.0,2
Engenharia de Produção (Bacharelado) | Darcy Ribeiro | Noturno | EP_R2_PPI | EP=True | R=R2 | GE=PPI | PCD=False | SM=1.5,361,Engenharia de Produção (Bacharelado),Darcy Ribeiro,Noturno,EP_R2_PPI,1,1,-86.266,-86.266,14.269,14.269,-86.266,-86.266,-86.266,-86.266,0.0,0.0,0.0,100.0,0.0,0.0,14.269,14.269,14.269,14.269,0.0,0.0,0.0,100.0,0,0.0,-86.266,,,,,,-86.266,,14.269,,,,,,14.269,,-86.266,-86.266,0.0,0.0,2,14.269,14.269,0.0,0.0,2
Engenharia de Produção (Bacharelado) | Darcy Ribeiro | Noturno | EP_R2_PPIQ | EP=True | R=R2 | GE=PPIQ | PCD=False | SM=1.0,362,Engenharia de Produção (Bacharelado),Darcy Ribeiro,Noturno,EP_R2_PPIQ,1,1,-5.763,-5.763,-5.763,-5.763,-5.763,-5.763,-5.763,-5.763,0.0,0.0,0.0,100.0,0.0,0.0,-5.763,-5.763,-5.763,-5.763,0.0,0.0,0.0,100.0,0,0.0,-5.763,,,,,,-5.763,,-5.763,,,,,,-5.763,,-5.763,-5.763,0.0,0.0,2,-5.763,-5.763,0.0,0.0,2
Engenharia de Redes de Comunicação (Bacharelado) | Darcy Ribeiro | Diurno | AC | EP=False | R=NA | GE=NA | PCD=False | SM=NA,363,Engenharia de Redes de Comunicação (Bacharelado),Darcy Ribeiro,Diurno,AC,6,6,-31.904,34.703,55.127,63.406,-10.826,-15.104,-50.195,34.703,84.898,33.861,-312.787,60.0,4.0,64.401,55.624,62.529,-2.835,84.551,87.386,30.379,54.615,60.0,2,48.729,34.703,,12.399,0.134,17.714,0.119,-5.296,,63.406,,35.07,0.131,32.741,0.127,50.73,,14.88,15.057,16.474,39.999,4,45.487,42.9,14.371,30.665,4
Engenharia de Redes de Comunicação (Bacharelado) | Darcy Ribeiro | Diurno | CN | EP=False | R=NA | GE=NEGROS | PCD=False | SM=NA,364,Engenharia de Redes de Comunicação (Bacharelado),Darcy Ribeiro,Diurno,CN,5,5,-6.137,-20.38,-4.801,-20.38,24.95,24.498,-20.38,67.472,87.852,38.76,155.349,50.0,1.0,55.227,25.218,24.498,-20.38,67.472,87.852,38.496,152.655,50.0,1,54.955,-20.38,,14.933,0.017,-11.063,-0.291,25.371,,-20.38,,14.445,0.02,-11.275,-0.286,25.46,,2.215,1.935,21.485,45.751,4,2.063,1.585,21.466,45.84,4
Engenharia de Redes de Comunicação (Bacharelado) | Darcy Ribeiro | Diurno | EP_R1_NPPI | EP=True | R=R1 | GE=NPPI | PCD=False | SM=1.5,365,Engenharia de Redes de Comunicação (Bacharelado),Darcy Ribeiro,Diurno,EP_R1_NPPI,2,2,-43.862,-66.487,-43.862,-9.02,-55.174,-55.174,-66.487,-43.862,22.625,15.998,-28.996,100.0,0.0,0.0,-26.441,-26.441,-43.862,-9.02,34.842,24.637,-93.177,100.0,0,0.0,-66.487,,-77.799,1.0,-77.8,1.0,-58.945,,-9.02,,8.401,1.0,8.401,1.0,-20.634,,-70.258,-72.143,9.237,18.854,4,-3.213,-0.31,14.224,29.035,4
Engenharia de Redes de Comunicação (Bacharelado) | Darcy Ribeiro | Diurno | EP_R1_NPPIQ | EP=True | R=R1 | GE=NPPIQ | PCD=False | SM=1.0,366,Engenharia de Redes de Comunicação (Bacharelado),Darcy Ribeiro,Diurno,EP_R1_NPPIQ,1,1,-55.125,-55.125,-55.125,-55.125,-55.125,-55.125,-55.125,-55.125,0.0,0.0,0.0,100.0,0.0,0.0,-55.125,-55.125,-55.125,-55.125,0.0,0.0,0.0,100.0,0,0.0,-55.125,,,,,,-55.125,,-55.125,,,,,,-55.125,,-55.125,-55.125,0.0,0.0,2,-55.125,-55.125,0.0,0.0,2
Engenharia de Redes de Comunicação (Bacharelado) | Darcy Ribeiro | Diurno | EP_R1_PPI | EP=True | R=R1 | GE=PPI | PCD=False | SM=1.5,367,Engenharia de Redes de Comunicação (Bacharelado),Darcy Ribeiro,Diurno,EP_R1_PPI,2,2,-29.883,-22.553,-29.883,-22.553,-26.218,-26.218,-29.883,-22.553,7.33,5.183,-19.769,100.0,0.0,0.0,-26.218,-26.218,-29.883,-22.553,7.33,5.183,-19.769,100.0,0,0.0,-22.553,,-20.11,1.0,-20.11,1.0,-24.996,,-22.553,,-20.11,1.0,-20.11,1.0,-24.996,,-21.942,-21.331,2.339,4.887,4,-21.942,-21.331,2.339,4.887,4
Engenharia de Redes de Comunicação (Bacharelado) | Darcy Ribeiro | Diurno | EP_R2_NPPI | EP=True | R=R2 | GE=NPPI | PCD=False | SM=1.5,368,Engenharia de Redes de Comunicação (Bacharelado),Darcy Ribeiro,Diurno,EP_R2_NPPI,4,4,-66.201,-25.064,-66.201,7.869,-51.939,-57.6,-67.492,-25.064,42.428,19.801,-38.123,66.667,1.0,13.275,-32.184,-35.201,-66.201,7.869,74.07,32.457,-100.851,66.667,2,45.683,-25.064,,-16.464,0.856,-11.418,0.824,-44.844,,7.869,,16.469,0.599,18.883,0.596,-22.453,,-24.447,-20.764,14.719,33.426,4,5.192,12.169,19.027,41.336,4
Engenharia de Redes de Comunicação (Bacharelado) | Darcy Ribeiro | Diurno | EP_R2_NPPIQ | EP=True | R=R2 | GE=NPPIQ | PCD=False | SM=1.0,369,Engenharia de Redes de Comunicação (Bacharelado),Darcy Ribeiro,Diurno,EP_R2_NPPIQ,1,1,-73.187,-73.187,2.297,2.297,-73.187,-73.187,-73.187,-73.187,0.0,0.0,0.0,100.0,0.0,0.0,2.297,2.297,2.297,2.297,0.0,0.0,0.0,100.0,0,0.0,-73.187,,,,,,-73.187,,2.297,,,,,,2.297,,-73.187,-73.187,0.0,0.0,2,2.297,2.297,0.0,0.0,2
Engenharia de Redes de Comunicação (Bacharelado) | Darcy Ribeiro | Diurno | EP_R2_PPI | EP=True | R=R2 | GE=PPI | PCD=False | SM=1.5,370,Engenharia de Redes de Comunicação (Bacharelado),Darcy Ribeiro,Diurno,EP_R2_PPI,3,3,-50.627,-14.191,3.941,13.092,-35.396,-41.369,-50.627,-14.191,36.436,18.938,-53.504,100.0,0.0,12.671,13.847,13.092,3.941,24.509,20.568,10.305,74.417,50.0,1,22.617,-14.191,,-2.458,0.993,-1.828,0.991,-29.323,,13.092,,18.645,0.071,14.82,-0.06,15.373,,-11.95,-8.325,12.902,27.495,4,15.482,15.096,2.321,5.553,4
Engenharia de Redes de Comunicação (Bacharelado) | Darcy Ribeiro | Diurno | EP_R2_PPIQ | EP=True | R=R2 | GE=PPIQ | PCD=False | SM=1.0,371,Engenharia de Redes de Comunicação (Bacharelado),Darcy Ribeiro,Diurno,EP_R2_PPIQ,1,1,-54.018,-54.018,-24.926,-24.926,-54.018,-54.018,-54.018,-54.018,0.0,0.0,0.0,100.0,0.0,0.0,-24.926,-24.926,-24.926,-24.926,0.0,0.0,0.0,100.0,0,0.0,-54.018,,,,,,-54.018,,-24.926,,,,,,-24.926,,-54.018,-54.018,0.0,0.0,2,-24.926,-24.926,0.0,0.0,2
Engenharias (FGA) | Gama | Diurno | AC | EP=False | R=NA | GE=NA | PCD=False | SM=NA,372,Engenharias (FGA),Gama,Diurno,AC,6,5,-101.981,61.705,133.817,145.39,25.899,50.484,-101.981,70.386,172.367,64.538,249.191,80.0,2.0,73.662,130.405,144.063,50.424,178.331,127.907,47.74,36.609,50.0,2,83.485,61.705,,101.94,0.397,72.968,0.274,44.004,,145.39,,107.016,0.087,106.126,0.086,123.421,,70.154,67.336,24.314,57.936,4,120.488,115.219,18.407,39.264,4
Engenharias (FGA) | Gama | Diurno | CN | EP=False | R=NA | GE=NEGROS | PCD=False | SM=NA,373,Engenharias (FGA),Gama,Diurno,CN,6,6,-57.125,17.209,76.031,55.531,2.295,10.382,-57.125,33.37,90.495,32.516,1416.621,80.0,2.0,36.535,69.661,69.49,15.846,129.802,113.956,37.053,53.191,60.0,3,56.289,17.209,,37.135,0.328,20.923,0.177,10.591,,55.531,,40.08,0.182,30.502,0.141,62.618,,21.464,19.066,11.287,26.545,4,47.183,47.806,14.567,32.115,4
Engenharias (FGA) | Gama | Diurno | EP_R1_NPPI | EP=True | R=R1 | GE=NPPI | PCD=False | SM=1.5,374,Engenharias (FGA),Gama,Diurno,EP_R1_NPPI,4,4,-46.52,-36.993,4.292,53.835,-43.207,-41.756,-53.711,-35.606,18.105,8.519,-19.716,66.667,2.0,13.251,37.142,45.22,4.292,53.835,49.543,22.276,59.974,66.667,2,22.043,-36.993,,-31.536,0.501,-30.375,0.491,-40.873,,53.835,,74.099,0.734,67.636,0.692,44.533,,-34.944,-34.264,4.894,10.498,4,60.026,60.736,13.346,29.566,4
Engenharias (FGA) | Gama | Diurno | EP_R1_NPPIQ | EP=True | R=R1 | GE=NPPIQ | PCD=False | SM=1.0,375,Engenharias (FGA),Gama,Diurno,EP_R1_NPPIQ,1,1,-52.564,-52.564,-11.45,-11.45,-52.564,-52.564,-52.564,-52.564,0.0,0.0,0.0,100.0,0.0,0.0,-11.45,-11.45,-11.45,-11.45,0.0,0.0,0.0,100.0,0,0.0,-52.564,,,,,,-52.564,,-11.45,,,,,,-11.45,,-52.564,-52.564,0.0,0.0,2,-11.45,-11.45,0.0,0.0,2
Engenharias (FGA) | Gama | Diurno | EP_R1_PPI | EP=True | R=R1 | GE=PPI | PCD=False | SM=1.5,376,Engenharias (FGA),Gama,Diurno,EP_R1_PPI,4,4,-56.987,-48.142,-0.878,32.607,-56.554,-55.473,-67.127,-48.142,18.985,7.947,-14.052,66.667,1.0,11.916,24.148,24.892,-0.878,47.686,48.564,20.821,86.222,66.667,1,23.563,-48.142,,-46.628,0.416,-43.437,0.335,-54.569,,32.607,,56.889,0.659,50.262,0.609,30.696,,-48.194,-47.385,4.681,11.132,4,42.614,41.435,12.967,26.193,4
Engenharias (FGA) | Gama | Diurno | EP_R2_NPPI | EP=True | R=R2 | GE=NPPI | PCD=False | SM=1.5,377,Engenharias (FGA),Gama,Diurno,EP_R2_NPPI,5,5,-100.534,-90.269,41.234,-6.587,-30.697,11.743,-100.534,13.073,113.607,59.18,-192.792,50.0,3.0,88.38,60.681,81.398,-6.587,93.718,100.305,43.331,71.408,50.0,3,64.648,-90.269,,-24.367,0.003,-67.434,-0.294,-29.29,,-6.587,,32.011,0.122,3.925,-0.114,54.31,,-52.84,-48.362,31.513,65.902,4,20.915,17.968,27.589,60.897,4
Engenharias (FGA) | Gama | Diurno | EP_R2_NPPIQ | EP=True | R=R2 | GE=NPPIQ | PCD=False | SM=1.0,378,Engenharias (FGA),Gama,Diurno,EP_R2_NPPIQ,1,1,-8.202,-8.202,60.62,60.62,-8.202,-8.202,-8.202,-8.202,0.0,0.0,0.0,100.0,0.0,0.0,60.62,60.62,60.62,60.62,0.0,0.0,0.0,100.0,0,0.0,-8.202,,,,,,-8.202,,60.62,,,,,,60.62,,-8.202,-8.202,0.0,0.0,2,60.62,60.62,0.0,0.0,2
Engenharias (FGA) | Gama | Diurno | EP_R2_NPPIQ_PCD | EP=True | R=R2 | GE=NPPIQ | PCD=True | SM=1.0,379,Engenharias (FGA),Gama,Diurno,EP_R2_NPPIQ_PCD,1,1,-2.52,-2.52,19.278,19.278,-2.52,-2.52,-2.52,-2.52,0.0,0.0,0.0,100.0,0.0,0.0,19.278,19.278,19.278,19.278,0.0,0.0,0.0,100.0,0,0.0,-2.52,,,,,,-2.52,,19.278,,,,,,19.278,,-2.52,-2.52,0.0,0.0,2,19.278,19.278,0.0,0.0,2
Engenharias (FGA) | Gama | Diurno | EP_R2_PPI | EP=True | R=R2 | GE=PPI | PCD=False | SM=1.5,380,Engenharias (FGA),Gama,Diurno,EP_R2_PPI,4,4,-80.254,-44.055,1.161,107.386,-60.864,-59.572,-80.254,-44.055,36.199,15.33,-25.188,66.667,2.0,18.677,55.948,57.623,1.161,107.386,106.225,44.669,79.84,100.0,0,8.968,-44.055,,-36.037,0.699,-37.07,0.697,-55.898,,107.386,,142.068,0.991,140.728,0.991,73.172,,-43.265,-40.563,9.144,19.861,4,115.838,124.057,32.656,68.895,4
Engenharias (FGA) | Gama | Diurno | EP_R2_PPIQ | EP=True | R=R2 | GE=PPIQ | PCD=False | SM=1.0,381,Engenharias (FGA),Gama,Diurno,EP_R2_PPIQ,1,1,-63.197,-63.197,17.991,17.991,-63.197,-63.197,-63.197,-63.197,0.0,0.0,0.0,100.0,0.0,0.0,17.991,17.991,17.991,17.991,0.0,0.0,0.0,100.0,0,0.0,-63.197,,,,,,-63.197,,17.991,,,,,,17.991,,-63.197,-63.197,0.0,0.0,2,17.991,17.991,0.0,0.0,2
Estatística (Bacharelado) | Darcy Ribeiro | Diurno | AC | EP=False | R=NA | GE=NA | PCD=False | SM=NA,382,Estatística (Bacharelado),Darcy Ribeiro,Diurno,AC,6,5,-72.065,14.483,57.878,111.408,-11.436,12.464,-86.083,34.508,120.591,53.356,-466.563,60.0,4.0,92.785,85.62,111.408,-0.406,136.549,136.955,56.572,66.073,75.0,2,107.909,14.483,,-2.374,0.008,-17.555,-0.041,-9.278,,111.408,,88.155,0.001,79.08,-0.01,84.552,,-3.681,-5.826,13.607,32.038,4,90.799,86.354,14.237,32.328,4
Estatística (Bacharelado) | Darcy Ribeiro | Diurno | CN | EP=False | R=NA | GE=NEGROS | PCD=False | SM=NA,383,Estatística (Bacharelado),Darcy Ribeiro,Diurno,CN,4,4,-42.667,8.239,-5.916,8.239,-29.263,-40.37,-44.549,8.239,52.788,25.149,-85.941,66.667,2.0,31.51,-20.075,-21.995,-44.549,8.239,52.788,25.332,-126.186,66.667,1,43.565,8.239,,4.51,0.631,10.501,0.583,-21.95,,8.239,,-7.325,0.089,4.134,-0.102,-18.275,,0.325,6.374,15.054,32.451,4,-3.307,-1.596,11.956,26.514,4
Estatística (Bacharelado) | Darcy Ribeiro | Diurno | EP_R1_NPPI | EP=True | R=R1 | GE=NPPI | PCD=False | SM=1.5,384,Estatística (Bacharelado),Darcy Ribeiro,Diurno,EP_R1_NPPI,1,1,-32.737,-32.737,-32.737,-32.737,-32.737,-32.737,-32.737,-32.737,0.0,0.0,0.0,100.0,0.0,0.0,-32.737,-32.737,-32.737,-32.737,0.0,0.0,0.0,100.0,0,0.0,-32.737,,,,,,-32.737,,-32.737,,,,,,-32.737,,-32.737,-32.737,0.0,0.0,2,-32.737,-32.737,0.0,0.0,2
Estatística (Bacharelado) | Darcy Ribeiro | Diurno | EP_R1_PPI | EP=True | R=R1 | GE=PPI | PCD=False | SM=1.5,385,Estatística (Bacharelado),Darcy Ribeiro,Diurno,EP_R1_PPI,1,1,-20.062,-20.062,-12.041,-12.041,-20.062,-20.062,-20.062,-20.062,0.0,0.0,0.0,100.0,0.0,0.0,-12.041,-12.041,-12.041,-12.041,0.0,0.0,0.0,100.0,0,0.0,-20.062,,,,,,-20.062,,-12.041,,,,,,-12.041,,-20.062,-20.062,0.0,0.0,2,-12.041,-12.041,0.0,0.0,2
Estatística (Bacharelado) | Darcy Ribeiro | Diurno | EP_R2_NPPI | EP=True | R=R2 | GE=NPPI | PCD=False | SM=1.5,386,Estatística (Bacharelado),Darcy Ribeiro,Diurno,EP_R2_NPPI,4,4,-0.124,-34.548,-0.124,-13.142,-25.852,-26.832,-49.618,-0.124,49.494,21.195,-81.989,66.667,1.0,23.698,-6.671,-6.633,-19.116,5.697,24.813,11.439,-171.474,66.667,2,25.247,-34.548,,-59.295,0.664,-52.483,0.612,-32.54,,-13.142,,-10.232,0.026,-10.201,0.026,-7.383,,-44.716,-43.515,13.223,26.755,4,-10.239,-10.216,2.351,5.759,4
Estatística (Bacharelado) | Darcy Ribeiro | Diurno | EP_R2_NPPIQ | EP=True | R=R2 | GE=NPPIQ | PCD=False | SM=1.0,387,Estatística (Bacharelado),Darcy Ribeiro,Diurno,EP_R2_NPPIQ,1,1,-27.068,-27.068,22.541,22.541,-27.068,-27.068,-27.068,-27.068,0.0,0.0,0.0,100.0,0.0,0.0,22.541,22.541,22.541,22.541,0.0,0.0,0.0,100.0,0,0.0,-27.068,,,,,,-27.068,,22.541,,,,,,22.541,,-27.068,-27.068,0.0,0.0,2,22.541,22.541,0.0,0.0,2
Estatística (Bacharelado) | Darcy Ribeiro | Diurno | EP_R2_PPI | EP=True | R=R2 | GE=PPI | PCD=False | SM=1.5,388,Estatística (Bacharelado),Darcy Ribeiro,Diurno,EP_R2_PPI,2,2,0.031,-39.185,0.031,-39.185,-19.577,-19.577,-39.185,0.031,39.216,27.73,-141.645,100.0,0.0,0.0,-19.577,-19.577,-39.185,0.031,39.216,27.73,-141.645,100.0,0,0.0,-39.185,,-78.401,1.0,-78.401,1.0,-26.113,,-39.185,,-78.401,1.0,-78.401,1.0,-26.113,,-55.525,-58.793,26.949,52.288,4,-55.525,-58.793,26.949,52.288,4
Estatística (Bacharelado) | Darcy Ribeiro | Diurno | EP_R2_PPIQ | EP=True | R=R2 | GE=PPIQ | PCD=False | SM=1.0,389,Estatística (Bacharelado),Darcy Ribeiro,Diurno,EP_R2_PPIQ,1,1,-34.447,-34.447,-34.447,-34.447,-34.447,-34.447,-34.447,-34.447,0.0,0.0,0.0,100.0,0.0,0.0,-34.447,-34.447,-34.447,-34.447,0.0,0.0,0.0,100.0,0,0.0,-34.447,,,,,,-34.447,,-34.447,,,,,,-34.447,,-34.447,-34.447,0.0,0.0,2,-34.447,-34.447,0.0,0.0,2
Farmácia (Bacharelado) | Ceilândia | Diurno | AC | EP=False | R=NA | GE=NA | PCD=False | SM=NA,390,Farmácia (Bacharelado),Ceilândia,Diurno,AC,6,6,-85.275,31.936,81.955,92.243,-4.146,6.048,-85.275,31.936,117.211,41.566,-1002.481,60.0,2.0,38.212,65.631,70.517,14.814,92.243,77.429,26.985,41.116,80.0,1,46.086,31.936,,54.33,0.565,39.727,0.49,9.777,,92.243,,52.579,0.067,62.512,-0.016,62.524,,33.942,35.831,18.593,44.554,4,67.465,62.518,17.17,39.664,4
Farmácia (Bacharelado) | Darcy Ribeiro | Diurno | AC | EP=False | R=NA | GE=NA | PCD=False | SM=NA,391,Farmácia (Bacharelado),Darcy Ribeiro,Diurno,AC,6,5,13.016,51.18,75.783,93.959,47.687,54.211,13.016,76.858,63.842,23.332,48.927,60.0,4.0,36.506,92.511,93.959,42.869,148.69,105.821,38.661,41.791,75.0,2,74.442,51.18,,58.901,0.066,47.348,-0.083,50.357,,93.959,,91.364,0.0,79.839,-0.05,91.042,,51.947,50.769,4.92,11.552,4,89.051,91.203,6.278,14.12,4
Farmácia (Bacharelado) | Darcy Ribeiro | Noturno | AC | EP=False | R=NA | GE=NA | PCD=False | SM=NA,392,Farmácia (Bacharelado),Darcy Ribeiro,Noturno,AC,6,6,-81.89,18.047,25.212,45.641,-19.674,0.138,-81.89,19.242,101.132,45.869,-233.143,80.0,2.0,73.882,32.477,27.374,-9.583,88.621,98.204,33.004,101.623,60.0,4,67.424,18.047,,10.386,0.123,-2.118,0.077,-12.517,,45.641,,38.274,0.009,35.154,0.003,33.857,,3.449,4.134,13.505,30.564,4,38.232,36.714,5.276,11.784,4
Farmácia (Bacharelado) | Ceilândia | Diurno | CN | EP=False | R=NA | GE=NEGROS | PCD=False | SM=NA,393,Farmácia (Bacharelado),Ceilândia,Diurno,CN,6,6,-26.27,15.618,-25.843,15.618,-2.025,7.588,-53.795,37.12,90.915,32.637,-1611.592,60.0,2.0,53.378,-1.954,7.588,-53.795,37.12,90.915,32.574,-1667.062,60.0,2,53.335,15.618,,-0.91,0.0,-8.431,-0.032,-1.76,,15.618,,-1.052,0.0,-8.492,-0.032,-1.739,,1.129,-1.335,10.228,24.049,4,1.084,-1.396,10.255,24.11,4
Farmácia (Bacharelado) | Darcy Ribeiro | Diurno | CN | EP=False | R=NA | GE=NEGROS | PCD=False | SM=NA,394,Farmácia (Bacharelado),Darcy Ribeiro,Diurno,CN,5,5,0.785,15.902,25.807,15.902,10.895,15.549,-29.349,51.589,80.938,29.26,268.556,75.0,2.0,60.802,15.9,15.902,-29.349,51.589,80.938,29.238,183.892,75.0,2,55.399,15.902,,10.69,0.0,13.385,-0.006,10.508,,15.902,,1.56,0.062,9.423,0.013,12.176,,12.621,12.037,2.552,5.394,4,9.765,10.8,6.08,14.342,4
Farmácia (Bacharelado) | Darcy Ribeiro | Noturno | CN | EP=False | R=NA | GE=NEGROS | PCD=False | SM=NA,395,Farmácia (Bacharelado),Darcy Ribeiro,Noturno,CN,3,3,39.999,25.623,39.999,25.623,31.2,27.978,25.623,39.999,14.376,7.711,24.713,100.0,0.0,6.835,31.2,27.978,25.623,39.999,14.376,7.711,24.713,100.0,0,6.835,25.623,,16.824,0.869,18.435,0.851,28.804,,25.623,,16.824,0.869,18.435,0.851,28.804,,22.422,22.029,5.722,11.98,4,22.422,22.029,5.722,11.98,4
Farmácia (Bacharelado) | Ceilândia | Diurno | EP_R1_NPPI | EP=True | R=R1 | GE=NPPI | PCD=False | SM=1.5,396,Farmácia (Bacharelado),Ceilândia,Diurno,EP_R1_NPPI,5,5,-60.347,-52.228,21.528,-42.092,-46.652,-52.228,-60.347,-18.323,42.024,16.558,-35.492,75.0,2.0,28.072,3.553,13.031,-42.092,60.896,102.988,42.771,1203.873,75.0,1,41.777,-52.228,,-44.27,0.006,-52.885,-0.146,-46.122,,-42.092,,-63.568,0.684,-72.816,0.658,-11.363,,-48.876,-49.175,4.324,8.614,4,-47.46,-52.83,27.29,61.454,4
Farmácia (Bacharelado) | Darcy Ribeiro | Diurno | EP_R1_NPPI | EP=True | R=R1 | GE=NPPI | PCD=False | SM=1.5,397,Farmácia (Bacharelado),Darcy Ribeiro,Diurno,EP_R1_NPPI,4,4,-11.157,-19.548,1.525,56.659,-7.42,-12.738,-19.548,15.342,34.89,15.564,-209.755,66.667,1.0,28.158,16.485,8.66,-8.04,56.659,64.699,28.517,172.989,66.667,2,44.41,-19.548,,-21.128,0.207,-27.474,0.124,-10.162,,56.659,,51.876,0.411,61.962,0.348,23.563,,-19.578,-20.338,7.151,17.312,4,48.515,54.268,17.137,38.399,4
Farmácia (Bacharelado) | Darcy Ribeiro | Noturno | EP_R1_NPPI | EP=True | R=R1 | GE=NPPI | PCD=False | SM=1.5,398,Farmácia (Bacharelado),Darcy Ribeiro,Noturno,EP_R1_NPPI,3,3,-10.711,-14.031,-10.711,2.801,-15.925,-14.031,-23.033,-10.711,12.322,6.376,-40.035,50.0,1.0,15.078,1.643,2.801,-10.711,12.84,23.551,11.818,719.154,50.0,1,23.752,-14.031,,-19.245,0.068,-15.691,-0.063,-16.478,,2.801,,15.155,0.327,9.557,0.233,3.895,,-16.361,-16.085,2.176,5.214,4,7.852,6.726,5.698,12.354,4
Farmácia (Bacharelado) | Ceilândia | Diurno | EP_R1_NPPIQ | EP=True | R=R1 | GE=NPPIQ | PCD=False | SM=1.0,399,Farmácia (Bacharelado),Ceilândia,Diurno,EP_R1_NPPIQ,1,1,-33.173,-33.173,14.394,14.394,-33.173,-33.173,-33.173,-33.173,0.0,0.0,0.0,100.0,0.0,0.0,14.394,14.394,14.394,14.394,0.0,0.0,0.0,100.0,0,0.0,-33.173,,,,,,-33.173,,14.394,,,,,,14.394,,-33.173,-33.173,0.0,0.0,2,14.394,14.394,0.0,0.0,2
Farmácia (Bacharelado) | Darcy Ribeiro | Diurno | EP_R1_NPPIQ | EP=True | R=R1 | GE=NPPIQ | PCD=False | SM=1.0,400,Farmácia (Bacharelado),Darcy Ribeiro,Diurno,EP_R1_NPPIQ,1,1,-45.41,-45.41,3.367,3.367,-45.41,-45.41,-45.41,-45.41,0.0,0.0,0.0,100.0,0.0,0.0,3.367,3.367,3.367,3.367,0.0,0.0,0.0,100.0,0,0.0,-45.41,,,,,,-45.41,,3.367,,,,,,3.367,,-45.41,-45.41,0.0,0.0,2,3.367,3.367,0.0,0.0,2
Farmácia (Bacharelado) | Darcy Ribeiro | Noturno | EP_R1_NPPIQ | EP=True | R=R1 | GE=NPPIQ | PCD=False | SM=1.0,401,Farmácia (Bacharelado),Darcy Ribeiro,Noturno,EP_R1_NPPIQ,1,1,-32.371,-32.371,-7.88,-7.88,-32.371,-32.371,-32.371,-32.371,0.0,0.0,0.0,100.0,0.0,0.0,-7.88,-7.88,-7.88,-7.88,0.0,0.0,0.0,100.0,0,0.0,-32.371,,,,,,-32.371,,-7.88,,,,,,-7.88,,-32.371,-32.371,0.0,0.0,2,-7.88,-7.88,0.0,0.0,2
Farmácia (Bacharelado) | Ceilândia | Diurno | EP_R1_PPI | EP=True | R=R1 | GE=PPI | PCD=False | SM=1.5,402,Farmácia (Bacharelado),Ceilândia,Diurno,EP_R1_PPI,4,4,-39.519,-42.825,-39.519,-3.477,-27.033,-34.062,-42.825,2.818,45.643,20.807,-76.97,66.667,1.0,38.59,-7.436,-0.329,-39.519,10.433,49.952,22.132,-297.619,66.667,1,28.38,-42.825,,-37.369,0.066,-48.68,-0.082,-29.1,,-3.477,,21.499,0.456,10.25,0.327,-1.649,,-39.493,-40.097,8.327,19.58,4,6.656,4.3,11.617,24.976,4
Farmácia (Bacharelado) | Darcy Ribeiro | Diurno | EP_R1_PPI | EP=True | R=R1 | GE=PPI | PCD=False | SM=1.5,403,Farmácia (Bacharelado),Darcy Ribeiro,Diurno,EP_R1_PPI,4,4,-56.072,-30.833,-55.265,-30.833,-24.023,-18.004,-56.072,-4.013,52.059,24.693,-102.788,66.667,1.0,39.363,-15.101,-15.476,-55.265,25.813,81.078,35.398,-234.404,66.667,1,63.208,-30.833,,-4.804,0.162,-20.347,-0.037,-20.179,,-30.833,,-3.261,0.03,-25.619,-0.17,-12.733,,-19.041,-20.263,10.72,26.03,4,-18.111,-19.176,12.486,27.572,4
Farmácia (Bacharelado) | Darcy Ribeiro | Noturno | EP_R1_PPI | EP=True | R=R1 | GE=PPI | PCD=False | SM=1.5,404,Farmácia (Bacharelado),Darcy Ribeiro,Noturno,EP_R1_PPI,4,4,-93.87,-4.337,-50.055,-4.337,-36.51,-23.916,-93.87,-4.337,89.533,40.435,-110.751,100.0,0.0,25.893,-9.067,-13.392,-50.055,40.572,90.627,38.059,-419.764,66.667,1,55.017,-4.337,,36.368,0.866,26.293,0.835,-21.934,,-4.337,,40.976,0.461,26.473,0.388,0.942,,9.097,10.978,26.974,58.302,4,16.014,13.708,21.4,45.313,4
Farmácia (Bacharelado) | Ceilândia | Diurno | EP_R2_NPPI | EP=True | R=R2 | GE=NPPI | PCD=False | SM=1.5,405,Farmácia (Bacharelado),Ceilândia,Diurno,EP_R2_NPPI,5,5,-76.441,-86.268,-2.832,-18.416,-29.742,-6.499,-86.268,22.311,108.579,48.492,-163.044,50.0,3.0,76.839,26.529,28.161,-18.416,86.786,105.202,40.835,153.925,75.0,1,69.215,-86.268,,-42.874,0.02,-76.166,-0.244,-32.66,,-18.416,,34.766,0.011,11.233,-0.175,28.359,,-59.492,-59.52,25.762,53.608,4,13.986,19.796,23.776,53.182,4
Farmácia (Bacharelado) | Darcy Ribeiro | Diurno | EP_R2_NPPI | EP=True | R=R2 | GE=NPPI | PCD=False | SM=1.5,406,Farmácia (Bacharelado),Darcy Ribeiro,Diurno,EP_R2_NPPI,5,5,-9.63,-18.151,67.493,16.198,19.797,18.037,-18.151,72.441,90.592,36.58,184.776,50.0,1.0,51.568,56.462,66.401,16.198,79.533,63.335,24.435,43.277,75.0,2,31.492,-18.151,,20.16,0.0,-5.317,-0.272,19.878,,16.198,,29.8,0.331,18.723,0.215,50.537,,4.142,7.28,19.067,38.311,4,28.815,24.262,15.64,34.339,4
Farmácia (Bacharelado) | Darcy Ribeiro | Noturno | EP_R2_NPPI | EP=True | R=R2 | GE=NPPI | PCD=False | SM=1.5,407,Farmácia (Bacharelado),Darcy Ribeiro,Noturno,EP_R2_NPPI,4,4,-84.214,-37.354,-84.214,5.191,-26.648,-18.152,-84.214,13.926,98.14,44.128,-165.599,66.667,1.0,68.314,-16.011,3.121,-84.214,13.926,98.14,45.784,-285.944,66.667,1,49.233,-37.354,,11.716,0.202,-15.593,0.01,-18.975,,5.191,,54.261,0.628,35.461,0.544,-1.957,,-15.051,-17.284,20.245,49.07,4,23.239,20.326,26.283,56.218,4
Farmácia (Bacharelado) | Ceilândia | Diurno | EP_R2_NPPIQ | EP=True | R=R2 | GE=NPPIQ | PCD=False | SM=1.0,408,Farmácia (Bacharelado),Ceilândia,Diurno,EP_R2_NPPIQ,1,1,14.796,14.796,18.796,18.796,14.796,14.796,14.796,14.796,0.0,0.0,0.0,100.0,0.0,0.0,18.796,18.796,18.796,18.796,0.0,0.0,0.0,100.0,0,0.0,14.796,,,,,,14.796,,18.796,,,,,,18.796,,14.796,14.796,0.0,0.0,2,18.796,18.796,0.0,0.0,2
Farmácia (Bacharelado) | Darcy Ribeiro | Diurno | EP_R2_NPPIQ | EP=True | R=R2 | GE=NPPIQ | PCD=False | SM=1.0,409,Farmácia (Bacharelado),Darcy Ribeiro,Diurno,EP_R2_NPPIQ,1,1,50.704,50.704,50.704,50.704,50.704,50.704,50.704,50.704,0.0,0.0,0.0,100.0,0.0,0.0,50.704,50.704,50.704,50.704,0.0,0.0,0.0,100.0,0,0.0,50.704,,,,,,50.704,,50.704,,,,,,50.704,,50.704,50.704,0.0,0.0,2,50.704,50.704,0.0,0.0,2
Farmácia (Bacharelado) | Darcy Ribeiro | Noturno | EP_R2_NPPIQ | EP=True | R=R2 | GE=NPPIQ | PCD=False | SM=1.0,410,Farmácia (Bacharelado),Darcy Ribeiro,Noturno,EP_R2_NPPIQ,1,1,-10.117,-10.117,7.338,7.338,-10.117,-10.117,-10.117,-10.117,0.0,0.0,0.0,100.0,0.0,0.0,7.338,7.338,7.338,7.338,0.0,0.0,0.0,100.0,0,0.0,-10.117,,,,,,-10.117,,7.338,,,,,,7.338,,-10.117,-10.117,0.0,0.0,2,7.338,7.338,0.0,0.0,2
Farmácia (Bacharelado) | Darcy Ribeiro | Diurno | EP_R2_NPPIQ_PCD | EP=True | R=R2 | GE=NPPIQ | PCD=True | SM=1.0,411,Farmácia (Bacharelado),Darcy Ribeiro,Diurno,EP_R2_NPPIQ_PCD,1,1,0.119,0.119,0.119,0.119,0.119,0.119,0.119,0.119,0.0,0.0,0.0,100.0,0.0,0.0,0.119,0.119,0.119,0.119,0.0,0.0,0.0,100.0,0,0.0,0.119,,,,,,0.119,,0.119,,,,,,0.119,,0.119,0.119,0.0,0.0,2,0.119,0.119,0.0,0.0,2
Farmácia (Bacharelado) | Ceilândia | Diurno | EP_R2_PPI | EP=True | R=R2 | GE=PPI | PCD=False | SM=1.5,412,Farmácia (Bacharelado),Ceilândia,Diurno,EP_R2_PPI,4,4,-83.874,-59.032,19.707,1.504,-52.648,-54.735,-83.874,-17.25,66.624,27.53,-52.29,66.667,1.0,52.002,17.582,10.606,-14.608,63.724,78.332,33.805,192.272,66.667,2,64.119,-59.032,,-42.314,0.038,-57.358,-0.112,-50.582,,1.504,,-15.653,0.258,-21.234,0.244,10.935,,-52.321,-53.97,7.606,16.718,4,-6.112,-7.075,14.926,32.169,4
Farmácia (Bacharelado) | Darcy Ribeiro | Diurno | EP_R2_PPI | EP=True | R=R2 | GE=PPI | PCD=False | SM=1.5,413,Farmácia (Bacharelado),Darcy Ribeiro,Diurno,EP_R2_PPI,4,4,-41.496,-63.95,19.612,27.148,-39.454,-37.789,-63.95,-18.29,45.66,18.982,-48.112,66.667,1.0,33.325,14.453,23.165,-15.667,27.148,42.815,20.375,140.977,66.667,1,38.874,-63.95,,-52.347,0.123,-62.962,-0.033,-42.033,,27.148,,30.701,0.17,37.843,0.108,17.702,,-55.323,-57.654,10.3,21.917,4,28.349,28.924,8.376,20.14,4
Farmácia (Bacharelado) | Darcy Ribeiro | Noturno | EP_R2_PPI | EP=True | R=R2 | GE=PPI | PCD=False | SM=1.5,414,Farmácia (Bacharelado),Darcy Ribeiro,Noturno,EP_R2_PPI,3,3,-77.467,-48.92,14.729,-1.44,-66.635,-73.518,-77.467,-48.92,28.547,15.468,-23.213,100.0,0.0,14.601,4.238,-0.575,-1.44,14.729,16.169,9.096,214.624,100.0,0,10.21,-48.92,,-38.088,0.851,-34.646,0.831,-61.877,,-1.44,,-11.931,0.79,-9.524,0.761,1.543,,-45.883,-43.504,12.275,27.231,4,-5.338,-5.482,6.417,13.474,4
Farmácia (Bacharelado) | Ceilândia | Diurno | EP_R2_PPIQ | EP=True | R=R2 | GE=PPIQ | PCD=False | SM=1.0,415,Farmácia (Bacharelado),Ceilândia,Diurno,EP_R2_PPIQ,1,1,-83.68,-83.68,-4.707,-4.707,-83.68,-83.68,-83.68,-83.68,0.0,0.0,0.0,100.0,0.0,0.0,-4.707,-4.707,-4.707,-4.707,0.0,0.0,0.0,100.0,0,0.0,-83.68,,,,,,-83.68,,-4.707,,,,,,-4.707,,-83.68,-83.68,0.0,0.0,2,-4.707,-4.707,0.0,0.0,2
Farmácia (Bacharelado) | Darcy Ribeiro | Diurno | EP_R2_PPIQ | EP=True | R=R2 | GE=PPIQ | PCD=False | SM=1.0,416,Farmácia (Bacharelado),Darcy Ribeiro,Diurno,EP_R2_PPIQ,1,1,-19.971,-19.971,38.952,38.952,-19.971,-19.971,-19.971,-19.971,0.0,0.0,0.0,100.0,0.0,0.0,38.952,38.952,38.952,38.952,0.0,0.0,0.0,100.0,0,0.0,-19.971,,,,,,-19.971,,38.952,,,,,,38.952,,-19.971,-19.971,0.0,0.0,2,38.952,38.952,0.0,0.0,2
Farmácia (Bacharelado) | Darcy Ribeiro | Noturno | EP_R2_PPIQ | EP=True | R=R2 | GE=PPIQ | PCD=False | SM=1.0,417,Farmácia (Bacharelado),Darcy Ribeiro,Noturno,EP_R2_PPIQ,1,1,-46.669,-46.669,-21.564,-21.564,-46.669,-46.669,-46.669,-46.669,0.0,0.0,0.0,100.0,0.0,0.0,-21.564,-21.564,-21.564,-21.564,0.0,0.0,0.0,100.0,0,0.0,-46.669,,,,,,-46.669,,-21.564,,,,,,-21.564,,-46.669,-46.669,0.0,0.0,2,-21.564,-21.564,0.0,0.0,2
Filosofia (Bacharelado/Licenciatura) | Darcy Ribeiro | Diurno | AC | EP=False | R=NA | GE=NA | PCD=False | SM=NA,418,Filosofia (Bacharelado/Licenciatura),Darcy Ribeiro,Diurno,AC,5,5,-72.833,-100.426,65.201,-3.548,-67.838,-69.896,-100.426,-30.256,70.17,25.039,-36.91,75.0,1.0,44.799,44.564,34.653,-3.548,92.933,96.481,36.397,81.674,75.0,2,52.27,-100.426,,-80.197,0.062,-92.037,-0.108,-68.874,,-3.548,,-2.817,0.434,-12.847,0.384,35.469,,-85.384,-86.117,13.784,31.552,4,4.064,-3.183,21.429,48.316,4
Filosofia (Bacharelado/Licenciatura) | Darcy Ribeiro | Diurno | CN | EP=False | R=NA | GE=NEGROS | PCD=False | SM=NA,419,Filosofia (Bacharelado/Licenciatura),Darcy Ribeiro,Diurno,CN,2,2,7.704,-23.598,29.933,-23.598,-7.947,-7.947,-23.598,7.704,31.302,22.134,-278.518,100.0,0.0,0.0,3.168,3.168,-23.598,29.933,53.531,37.852,1195.016,100.0,0,0.0,-23.598,,-34.032,1.0,-34.032,1.0,-13.164,,-23.598,,-41.442,1.0,-41.442,1.0,-5.754,,-26.206,-28.815,9.99,20.868,4,-28.059,-32.52,17.084,35.687,4
Filosofia (Bacharelado/Licenciatura) | Darcy Ribeiro | Diurno | EP_R1_NPPI | EP=True | R=R1 | GE=NPPI | PCD=False | SM=1.5,420,Filosofia (Bacharelado/Licenciatura),Darcy Ribeiro,Diurno,EP_R1_NPPI,3,3,-16.795,-17.946,-16.795,-17.946,-34.292,-17.946,-68.136,-16.795,51.341,29.315,-85.486,50.0,1.0,71.793,-34.292,-17.946,-68.136,-16.795,51.341,29.315,-85.486,50.0,1,71.793,-17.946,,-25.609,0.029,-14.484,-0.108,-34.484,,-17.946,,-25.609,0.029,-14.484,-0.108,-34.484,,-23.131,-21.778,8.882,20.0,4,-23.131,-21.778,8.882,20.0,4
Filosofia (Bacharelado/Licenciatura) | Darcy Ribeiro | Diurno | EP_R1_PPI | EP=True | R=R1 | GE=PPI | PCD=False | SM=1.5,421,Filosofia (Bacharelado/Licenciatura),Darcy Ribeiro,Diurno,EP_R1_PPI,2,2,-55.356,-37.555,-55.356,-37.555,-46.456,-46.456,-55.356,-37.555,17.801,12.587,-27.095,100.0,0.0,0.0,-46.456,-46.456,-55.356,-37.555,17.801,12.587,-27.095,100.0,0,0.0,-37.555,,-19.754,1.0,-19.754,1.0,-43.489,,-37.555,,-19.754,1.0,-19.754,1.0,-43.489,,-30.138,-28.655,12.233,23.735,4,-30.138,-28.655,12.233,23.735,4
Filosofia (Bacharelado/Licenciatura) | Darcy Ribeiro | Diurno | EP_R2_NPPI | EP=True | R=R2 | GE=NPPI | PCD=False | SM=1.5,422,Filosofia (Bacharelado/Licenciatura),Darcy Ribeiro,Diurno,EP_R2_NPPI,3,3,45.216,-68.186,45.216,-15.966,-19.943,-36.86,-68.186,45.216,113.402,58.563,-293.647,100.0,0.0,35.886,19.641,29.673,-15.966,45.216,61.182,31.801,161.91,100.0,0,21.281,-68.186,,-133.345,0.937,-124.887,0.929,-38.844,,-15.966,,-41.541,0.925,-46.557,0.915,9.444,,-91.315,-96.536,45.394,94.502,4,-23.655,-28.753,25.814,56.001,4
Filosofia (Bacharelado/Licenciatura) | Darcy Ribeiro | Diurno | EP_R2_PPI | EP=True | R=R2 | GE=PPI | PCD=False | SM=1.5,423,Filosofia (Bacharelado/Licenciatura),Darcy Ribeiro,Diurno,EP_R2_PPI,3,3,-8.586,-24.861,-8.586,-18.079,-39.923,-24.861,-86.322,-8.586,77.736,40.998,-102.694,50.0,1.0,98.427,-8.341,-8.586,-18.079,1.642,19.721,9.863,-118.245,50.0,1,21.177,-24.861,,-56.198,0.039,-32.999,-0.095,-42.636,,-18.079,,-17.834,0.232,-22.825,0.124,-9.923,,-39.173,-37.817,13.476,31.337,4,-17.165,-17.956,5.347,12.902,4
Filosofia (Bacharelado/Licenciatura) | Darcy Ribeiro | Diurno | EP_R2_PPI_PCD | EP=True | R=R2 | GE=PPI | PCD=True | SM=1.5,424,Filosofia (Bacharelado/Licenciatura),Darcy Ribeiro,Diurno,EP_R2_PPI_PCD,1,1,-48.451,-48.451,-48.451,-48.451,-48.451,-48.451,-48.451,-48.451,0.0,0.0,0.0,100.0,0.0,0.0,-48.451,-48.451,-48.451,-48.451,0.0,0.0,0.0,100.0,0,0.0,-48.451,,,,,,-48.451,,-48.451,,,,,,-48.451,,-48.451,-48.451,0.0,0.0,2,-48.451,-48.451,0.0,0.0,2
Filosofia (Licenciatura) | Darcy Ribeiro | Noturno | AC | EP=False | R=NA | GE=NA | PCD=False | SM=NA,425,Filosofia (Licenciatura),Darcy Ribeiro,Noturno,AC,4,4,-52.983,-52.159,37.478,5.216,-45.911,-50.224,-52.983,-30.212,22.771,10.664,-23.228,66.667,1.0,20.737,-0.718,3.971,-48.29,37.478,85.768,35.445,-4938.383,66.667,1,56.242,-52.159,,-51.13,0.066,-54.863,-0.013,-46.691,,5.216,,-25.963,0.14,-8.904,-0.044,-8.108,,-51.211,-51.644,3.4,8.172,4,-9.44,-8.506,12.778,31.179,4
Filosofia (Licenciatura) | Darcy Ribeiro | Noturno | EP_R1_PPI | EP=True | R=R1 | GE=PPI | PCD=False | SM=1.5,426,Filosofia (Licenciatura),Darcy Ribeiro,Noturno,EP_R1_PPI,1,1,-59.768,-59.768,-59.768,-59.768,-59.768,-59.768,-59.768,-59.768,0.0,0.0,0.0,100.0,0.0,0.0,-59.768,-59.768,-59.768,-59.768,0.0,0.0,0.0,100.0,0,0.0,-59.768,,,,,,-59.768,,-59.768,,,,,,-59.768,,-59.768,-59.768,0.0,0.0,2,-59.768,-59.768,0.0,0.0,2
Filosofia (Licenciatura) | Darcy Ribeiro | Noturno | EP_R2_NPPI | EP=True | R=R2 | GE=NPPI | PCD=False | SM=1.5,427,Filosofia (Licenciatura),Darcy Ribeiro,Noturno,EP_R2_NPPI,1,1,-22.521,-22.521,-22.521,-22.521,-22.521,-22.521,-22.521,-22.521,0.0,0.0,0.0,100.0,0.0,0.0,-22.521,-22.521,-22.521,-22.521,0.0,0.0,0.0,100.0,0,0.0,-22.521,,,,,,-22.521,,-22.521,,,,,,-22.521,,-22.521,-22.521,0.0,0.0,2,-22.521,-22.521,0.0,0.0,2
Filosofia (Licenciatura) | Darcy Ribeiro | Noturno | EP_R2_PPI | EP=True | R=R2 | GE=PPI | PCD=False | SM=1.5,428,Filosofia (Licenciatura),Darcy Ribeiro,Noturno,EP_R2_PPI,2,2,-63.589,-20.759,-63.589,-20.759,-42.174,-42.174,-63.589,-20.759,42.83,30.285,-71.811,100.0,0.0,0.0,-42.174,-42.174,-63.589,-20.759,42.83,30.285,-71.811,100.0,0,0.0,-20.759,,22.071,1.0,22.071,1.0,-35.036,,-20.759,,22.071,1.0,22.071,1.0,-35.036,,-2.913,0.656,29.432,57.107,4,-2.913,0.656,29.432,57.107,4
Fisioterapia (Bacharelado) | Ceilândia | Diurno | AC | EP=False | R=NA | GE=NA | PCD=False | SM=NA,429,Fisioterapia (Bacharelado),Ceilândia,Diurno,AC,6,5,5.582,30.23,54.666,81.869,22.355,30.424,3.438,33.173,29.735,13.877,62.074,60.0,2.0,22.353,64.9,79.217,16.934,91.814,74.88,30.095,46.371,50.0,2,56.123,30.23,,26.317,0.023,22.048,-0.034,23.298,,81.869,,62.686,0.002,60.858,0.001,63.535,,25.473,24.807,3.642,8.182,4,67.237,63.111,9.818,21.011,4
Fisioterapia (Bacharelado) | Ceilândia | Diurno | CN | EP=False | R=NA | GE=NEGROS | PCD=False | SM=NA,430,Fisioterapia (Bacharelado),Ceilândia,Diurno,CN,6,6,10.489,13.637,34.882,13.637,6.309,7.092,-9.095,23.699,32.794,12.133,192.324,60.0,2.0,16.495,10.374,8.666,-9.095,34.882,43.977,16.946,163.348,60.0,1,15.416,13.637,,-1.877,0.13,2.812,0.039,4.36,,13.637,,-10.008,0.413,-0.673,0.228,5.521,,4.733,3.586,6.501,15.514,4,2.119,2.424,9.985,23.645,4
Fisioterapia (Bacharelado) | Ceilândia | Diurno | EP_R1_NPPI | EP=True | R=R1 | GE=NPPI | PCD=False | SM=1.5,431,Fisioterapia (Bacharelado),Ceilândia,Diurno,EP_R1_NPPI,5,5,-31.032,-65.973,13.229,-65.973,-19.844,-19.321,-65.973,16.592,82.565,31.605,-159.267,50.0,3.0,55.348,13.303,17.749,-65.973,61.01,126.983,48.271,362.844,50.0,1,63.459,-65.973,,-35.985,0.072,-53.233,-0.095,-23.431,,-65.973,,-27.392,0.197,-55.968,0.001,4.26,,-44.655,-44.609,18.741,42.542,4,-36.268,-41.68,31.579,70.233,4
Fisioterapia (Bacharelado) | Ceilândia | Diurno | EP_R1_NPPIQ | EP=True | R=R1 | GE=NPPIQ | PCD=False | SM=1.0,432,Fisioterapia (Bacharelado),Ceilândia,Diurno,EP_R1_NPPIQ,1,1,-35.235,-35.235,-33.078,-33.078,-35.235,-35.235,-35.235,-35.235,0.0,0.0,0.0,100.0,0.0,0.0,-33.078,-33.078,-33.078,-33.078,0.0,0.0,0.0,100.0,0,0.0,-35.235,,,,,,-35.235,,-33.078,,,,,,-33.078,,-35.235,-35.235,0.0,0.0,2,-33.078,-33.078,0.0,0.0,2
Fisioterapia (Bacharelado) | Ceilândia | Diurno | EP_R1_PPI | EP=True | R=R1 | GE=PPI | PCD=False | SM=1.5,433,Fisioterapia (Bacharelado),Ceilândia,Diurno,EP_R1_PPI,4,4,-16.495,-29.528,13.421,-6.075,-28.932,-23.011,-56.29,-13.417,42.873,19.53,-67.5,66.667,2.0,35.406,6.823,8.46,-6.075,16.447,22.522,10.224,149.839,66.667,2,17.981,-29.528,,-49.425,0.294,-44.689,0.264,-33.031,,-6.075,,-4.562,0.331,-7.082,0.3,4.546,,-39.168,-38.86,9.421,19.897,4,-3.293,-5.318,5.328,11.628,4
Fisioterapia (Bacharelado) | Ceilândia | Diurno | EP_R1_PPIQ | EP=True | R=R1 | GE=PPIQ | PCD=False | SM=1.0,434,Fisioterapia (Bacharelado),Ceilândia,Diurno,EP_R1_PPIQ,1,1,-59.032,-59.032,-59.032,-59.032,-59.032,-59.032,-59.032,-59.032,0.0,0.0,0.0,100.0,0.0,0.0,-59.032,-59.032,-59.032,-59.032,0.0,0.0,0.0,100.0,0,0.0,-59.032,,,,,,-59.032,,-59.032,,,,,,-59.032,,-59.032,-59.032,0.0,0.0,2,-59.032,-59.032,0.0,0.0,2
Fisioterapia (Bacharelado) | Ceilândia | Diurno | EP_R2_NPPI | EP=True | R=R2 | GE=NPPI | PCD=False | SM=1.5,435,Fisioterapia (Bacharelado),Ceilândia,Diurno,EP_R2_NPPI,5,5,-1.995,-19.889,27.517,-0.296,8.696,10.703,-19.889,43.008,62.897,23.03,264.832,50.0,1.0,32.16,24.801,27.267,-0.296,45.269,45.565,16.298,65.718,75.0,2,21.158,-19.889,,-1.755,0.057,-16.969,-0.188,6.373,,-0.296,,9.019,0.26,0.258,0.098,21.294,,-8.06,-9.362,12.482,26.262,4,7.569,4.639,10.096,21.59,4
Fisioterapia (Bacharelado) | Ceilândia | Diurno | EP_R2_NPPIQ | EP=True | R=R2 | GE=NPPIQ | PCD=False | SM=1.0,436,Fisioterapia (Bacharelado),Ceilândia,Diurno,EP_R2_NPPIQ,1,1,12.991,12.991,24.746,24.746,12.991,12.991,12.991,12.991,0.0,0.0,0.0,100.0,0.0,0.0,24.746,24.746,24.746,24.746,0.0,0.0,0.0,100.0,0,0.0,12.991,,,,,,12.991,,24.746,,,,,,24.746,,12.991,12.991,0.0,0.0,2,24.746,24.746,0.0,0.0,2
Fisioterapia (Bacharelado) | Ceilândia | Diurno | EP_R2_PPI | EP=True | R=R2 | GE=PPI | PCD=False | SM=1.5,437,Fisioterapia (Bacharelado),Ceilândia,Diurno,EP_R2_PPI,5,5,-26.611,-79.757,40.374,-46.126,-34.362,-26.611,-79.757,-1.257,78.5,33.244,-96.746,50.0,1.0,33.106,-0.263,11.757,-46.126,40.374,86.5,35.744,-13570.369,100.0,0,12.999,-79.757,,-80.907,0.545,-95.511,0.436,-44.705,,-46.126,,-66.788,0.962,-69.558,0.959,-15.047,,-75.22,-80.332,21.57,50.805,4,-49.38,-56.457,25.163,54.511,4
Fisioterapia (Bacharelado) | Ceilândia | Diurno | EP_R2_PPIQ | EP=True | R=R2 | GE=PPIQ | PCD=False | SM=1.0,438,Fisioterapia (Bacharelado),Ceilândia,Diurno,EP_R2_PPIQ,1,1,-59.558,-59.558,8.862,8.862,-59.558,-59.558,-59.558,-59.558,0.0,0.0,0.0,100.0,0.0,0.0,8.862,8.862,8.862,8.862,0.0,0.0,0.0,100.0,0,0.0,-59.558,,,,,,-59.558,,8.862,,,,,,8.862,,-59.558,-59.558,0.0,0.0,2,8.862,8.862,0.0,0.0,2
Fonoaudiologia (Bacharelado) | Ceilândia | Diurno | AC | EP=False | R=NA | GE=NA | PCD=False | SM=NA,439,Fonoaudiologia (Bacharelado),Ceilândia,Diurno,AC,6,6,-40.855,16.721,57.282,40.508,-5.29,-3.42,-40.855,19.105,59.96,23.787,-449.668,80.0,2.0,29.659,36.886,43.75,0.53,64.645,64.115,25.594,69.387,60.0,3,48.33,16.721,,23.118,0.407,15.702,0.348,1.474,,40.508,,27.016,0.042,28.178,0.041,34.536,,14.254,16.212,9.13,21.644,4,32.559,31.357,6.245,13.492,4
Fonoaudiologia (Bacharelado) | Ceilândia | Diurno | CN | EP=False | R=NA | GE=NEGROS | PCD=False | SM=NA,440,Fonoaudiologia (Bacharelado),Ceilândia,Diurno,CN,5,5,-28.93,5.402,45.132,5.402,0.941,2.749,-28.93,46.715,75.645,29.59,3143.165,50.0,2.0,53.68,15.754,5.402,-21.229,46.715,67.944,29.435,186.844,50.0,2,30.687,5.402,,2.272,0.001,-3.083,-0.014,0.989,,5.402,,-24.751,0.485,-14.809,0.399,5.927,,1.395,1.63,3.514,8.485,4,-7.058,-4.704,15.242,30.678,4
Fonoaudiologia (Bacharelado) | Ceilândia | Diurno | EP_R1_NPPI | EP=True | R=R1 | GE=NPPI | PCD=False | SM=1.5,441,Fonoaudiologia (Bacharelado),Ceilândia,Diurno,EP_R1_NPPI,4,4,-33.514,-27.261,0.916,-17.719,-26.832,-30.388,-37.896,-8.658,29.238,12.878,-47.995,66.667,2.0,28.042,-0.812,-1.891,-17.719,18.255,35.974,14.916,-1838.109,66.667,1,20.991,-27.261,,-29.452,0.011,-32.296,-0.013,-27.356,,-17.719,,-20.526,0.466,-26.598,0.383,-4.754,,-29.091,-28.404,2.364,5.035,4,-17.399,-19.122,9.208,21.844,4
Fonoaudiologia (Bacharelado) | Ceilândia | Diurno | EP_R1_NPPIQ | EP=True | R=R1 | GE=NPPIQ | PCD=False | SM=1.0,442,Fonoaudiologia (Bacharelado),Ceilândia,Diurno,EP_R1_NPPIQ,1,1,-60.121,-60.121,-60.121,-60.121,-60.121,-60.121,-60.121,-60.121,0.0,0.0,0.0,100.0,0.0,0.0,-60.121,-60.121,-60.121,-60.121,0.0,0.0,0.0,100.0,0,0.0,-60.121,,,,,,-60.121,,-60.121,,,,,,-60.121,,-60.121,-60.121,0.0,0.0,2,-60.121,-60.121,0.0,0.0,2
Fonoaudiologia (Bacharelado) | Ceilândia | Diurno | EP_R1_PPI | EP=True | R=R1 | GE=PPI | PCD=False | SM=1.5,443,Fonoaudiologia (Bacharelado),Ceilândia,Diurno,EP_R1_PPI,4,4,-5.802,-68.611,-5.802,20.447,-31.037,-24.867,-68.611,-5.802,62.809,28.683,-92.417,100.0,0.0,13.157,-2.174,4.414,-37.971,20.447,58.418,26.386,-1213.561,66.667,2,56.423,-68.611,,-84.696,0.933,-89.631,0.918,-41.768,,20.447,,4.363,0.016,11.96,-0.025,-0.867,,-71.177,-76.653,21.562,47.863,4,8.976,8.161,9.285,21.314,4
Fonoaudiologia (Bacharelado) | Ceilândia | Diurno | EP_R2_NPPI | EP=True | R=R2 | GE=NPPI | PCD=False | SM=1.5,444,Fonoaudiologia (Bacharelado),Ceilândia,Diurno,EP_R2_NPPI,5,5,-75.822,-66.134,6.478,-37.894,-33.534,-38.678,-75.822,25.151,100.973,41.162,-122.746,75.0,1.0,65.883,3.523,6.478,-37.894,34.443,72.337,28.924,821.098,50.0,3,52.885,-66.134,,-46.87,0.029,-71.471,-0.171,-36.498,,-37.894,,-20.313,0.189,-30.443,0.12,-1.774,,-55.243,-56.502,16.365,34.973,4,-22.606,-25.378,15.646,36.12,4
Fonoaudiologia (Bacharelado) | Ceilândia | Diurno | EP_R2_NPPIQ | EP=True | R=R2 | GE=NPPIQ | PCD=False | SM=1.0,445,Fonoaudiologia (Bacharelado),Ceilândia,Diurno,EP_R2_NPPIQ,1,1,-20.384,-20.384,5.716,5.716,-20.384,-20.384,-20.384,-20.384,0.0,0.0,0.0,100.0,0.0,0.0,5.716,5.716,5.716,5.716,0.0,0.0,0.0,100.0,0,0.0,-20.384,,,,,,-20.384,,5.716,,,,,,5.716,,-20.384,-20.384,0.0,0.0,2,5.716,5.716,0.0,0.0,2
Fonoaudiologia (Bacharelado) | Ceilândia | Diurno | EP_R2_NPPIQ_PCD | EP=True | R=R2 | GE=NPPIQ | PCD=True | SM=1.0,446,Fonoaudiologia (Bacharelado),Ceilândia,Diurno,EP_R2_NPPIQ_PCD,1,1,-43.816,-43.816,-43.816,-43.816,-43.816,-43.816,-43.816,-43.816,0.0,0.0,0.0,100.0,0.0,0.0,-43.816,-43.816,-43.816,-43.816,0.0,0.0,0.0,100.0,0,0.0,-43.816,,,,,,-43.816,,-43.816,,,,,,-43.816,,-43.816,-43.816,0.0,0.0,2,-43.816,-43.816,0.0,0.0,2
Fonoaudiologia (Bacharelado) | Ceilândia | Diurno | EP_R2_PPI | EP=True | R=R2 | GE=PPI | PCD=False | SM=1.5,447,Fonoaudiologia (Bacharelado),Ceilândia,Diurno,EP_R2_PPI,4,4,-40.393,-49.838,-16.378,-49.838,-52.634,-50.208,-69.725,-40.393,29.332,12.302,-23.372,66.667,1.0,24.472,-12.22,-11.262,-49.838,23.483,73.321,30.243,-247.497,66.667,1,44.736,-49.838,,-54.93,0.009,-48.916,-0.11,-53.093,,-49.838,,-44.722,0.308,-61.433,0.155,-18.72,,-51.694,-51.465,2.804,6.014,4,-43.678,-47.28,18.048,42.712,4
Fonoaudiologia (Bacharelado) | Ceilândia | Diurno | EP_R2_PPIQ | EP=True | R=R2 | GE=PPIQ | PCD=False | SM=1.0,448,Fonoaudiologia (Bacharelado),Ceilândia,Diurno,EP_R2_PPIQ,1,1,-48.358,-48.358,-48.358,-48.358,-48.358,-48.358,-48.358,-48.358,0.0,0.0,0.0,100.0,0.0,0.0,-48.358,-48.358,-48.358,-48.358,0.0,0.0,0.0,100.0,0,0.0,-48.358,,,,,,-48.358,,-48.358,,,,,,-48.358,,-48.358,-48.358,0.0,0.0,2,-48.358,-48.358,0.0,0.0,2
Física (Bacharelado) | Darcy Ribeiro | Diurno | AC | EP=False | R=NA | GE=NA | PCD=False | SM=NA,449,Física (Bacharelado),Darcy Ribeiro,Diurno,AC,5,4,-49.177,14.167,91.641,97.592,13.691,14.167,-49.177,91.722,140.899,51.249,374.33,50.0,2.0,91.808,115.32,114.03,91.641,141.578,49.937,24.454,21.205,66.667,1,42.154,14.167,,20.941,0.005,5.452,-0.044,15.541,,97.592,,120.821,0.018,105.862,-0.259,116.768,,14.025,14.854,6.42,15.489,4,110.261,111.315,10.547,23.229,4
Física (Bacharelado) | Darcy Ribeiro | Diurno | CN | EP=False | R=NA | GE=NEGROS | PCD=False | SM=NA,450,Física (Bacharelado),Darcy Ribeiro,Diurno,CN,3,3,-10.52,37.136,128.902,37.136,28.92,37.136,-10.52,60.143,70.663,36.041,124.624,50.0,1.0,66.235,75.394,60.143,37.136,128.902,91.766,47.746,63.329,100.0,0,32.352,37.136,,72.467,0.626,62.507,0.585,36.862,,37.136,,2.757,0.992,4.698,0.991,60.099,,52.243,49.822,18.066,35.605,4,26.172,20.917,27.572,57.343,4
Física (Bacharelado) | Darcy Ribeiro | Diurno | EP_R1_NPPI | EP=True | R=R1 | GE=NPPI | PCD=False | SM=1.5,451,Física (Bacharelado),Darcy Ribeiro,Diurno,EP_R1_NPPI,3,3,-59.265,-15.349,65.812,7.367,-31.562,-20.071,-59.265,-15.349,43.916,24.108,-76.383,100.0,0.0,24.375,38.98,43.762,7.367,65.812,58.445,29.514,75.716,100.0,0,10.143,-15.349,,12.354,0.83,6.609,0.806,-24.242,,7.367,,-19.465,0.98,-21.855,0.978,29.24,,-5.157,-4.37,17.447,36.597,4,-1.178,-6.049,24.223,51.095,4
Física (Bacharelado) | Darcy Ribeiro | Diurno | EP_R1_PPI | EP=True | R=R1 | GE=PPI | PCD=False | SM=1.5,452,Física (Bacharelado),Darcy Ribeiro,Diurno,EP_R1_PPI,3,3,-74.73,72.767,-74.73,72.767,12.421,39.226,-74.73,72.767,147.497,77.316,622.46,100.0,0.0,56.862,12.421,39.226,-74.73,72.767,147.497,77.316,622.46,100.0,0,56.862,72.767,,159.918,0.91,146.515,0.897,37.004,,72.767,,159.918,0.91,146.515,0.897,37.004,,104.051,109.641,58.874,122.914,4,104.051,109.641,58.874,122.914,4
Física (Bacharelado) | Darcy Ribeiro | Diurno | EP_R2_NPPI | EP=True | R=R2 | GE=NPPI | PCD=False | SM=1.5,453,Física (Bacharelado),Darcy Ribeiro,Diurno,EP_R2_NPPI,4,4,-11.788,-57.411,-11.788,41.027,-36.568,-34.6,-72.92,-4.154,68.766,33.767,-92.339,66.667,2.0,46.55,44.399,44.942,-11.788,99.501,111.289,45.55,102.592,66.667,1,66.076,-57.411,,-87.977,0.618,-86.402,0.617,-46.85,,41.027,,96.671,0.351,72.848,0.214,54.854,,-69.66,-71.906,20.705,41.127,4,66.35,63.851,24.049,55.644,4
Física (Bacharelado) | Darcy Ribeiro | Diurno | EP_R2_NPPIQ | EP=True | R=R2 | GE=NPPIQ | PCD=False | SM=1.0,454,Física (Bacharelado),Darcy Ribeiro,Diurno,EP_R2_NPPIQ,1,1,-29.298,-29.298,5.538,5.538,-29.298,-29.298,-29.298,-29.298,0.0,0.0,0.0,100.0,0.0,0.0,5.538,5.538,5.538,5.538,0.0,0.0,0.0,100.0,0,0.0,-29.298,,,,,,-29.298,,5.538,,,,,,5.538,,-29.298,-29.298,0.0,0.0,2,5.538,5.538,0.0,0.0,2
Física (Bacharelado) | Darcy Ribeiro | Diurno | EP_R2_PPI | EP=True | R=R2 | GE=PPI | PCD=False | SM=1.5,455,Física (Bacharelado),Darcy Ribeiro,Diurno,EP_R2_PPI,3,3,-45.931,-19.355,26.603,-19.355,-15.059,-19.355,-45.931,20.11,66.041,33.229,-220.667,50.0,1.0,74.604,9.119,20.11,-19.355,26.603,45.958,24.872,272.742,100.0,0,23.315,-19.355,,11.517,0.16,-6.067,0.042,-10.629,,-19.355,,-36.839,0.854,-42.334,0.833,1.46,,-6.134,-8.348,12.995,30.872,4,-24.267,-28.097,19.752,43.794,4
Física (Bacharelado) | Darcy Ribeiro | Diurno | EP_R2_PPIQ | EP=True | R=R2 | GE=PPIQ | PCD=False | SM=1.0,456,Física (Bacharelado),Darcy Ribeiro,Diurno,EP_R2_PPIQ,1,1,-15.865,-15.865,-15.865,-15.865,-15.865,-15.865,-15.865,-15.865,0.0,0.0,0.0,100.0,0.0,0.0,-15.865,-15.865,-15.865,-15.865,0.0,0.0,0.0,100.0,0,0.0,-15.865,,,,,,-15.865,,-15.865,,,,,,-15.865,,-15.865,-15.865,0.0,0.0,2,-15.865,-15.865,0.0,0.0,2
Física (Licenciatura) | Darcy Ribeiro | Noturno | AC | EP=False | R=NA | GE=NA | PCD=False | SM=NA,457,Física (Licenciatura),Darcy Ribeiro,Noturno,AC,5,5,-14.535,-62.273,38.883,125.678,-33.182,-62.273,-76.547,55.585,132.132,55.173,-166.274,75.0,2.0,106.025,92.233,94.263,38.883,149.957,111.074,47.141,51.11,50.0,3,65.948,-62.273,,-33.398,0.0,-37.068,-0.009,-31.298,,125.678,,159.69,0.525,152.963,0.508,107.519,,-41.01,-35.233,14.375,30.975,4,136.463,139.321,24.262,52.172,4
Física (Licenciatura) | Darcy Ribeiro | Noturno | CN | EP=False | R=NA | GE=NEGROS | PCD=False | SM=NA,458,Física (Licenciatura),Darcy Ribeiro,Noturno,CN,1,1,-46.226,-46.226,-46.226,-46.226,-46.226,-46.226,-46.226,-46.226,0.0,0.0,0.0,100.0,0.0,0.0,-46.226,-46.226,-46.226,-46.226,0.0,0.0,0.0,100.0,0,0.0,-46.226,,,,,,-46.226,,-46.226,,,,,,-46.226,,-46.226,-46.226,0.0,0.0,2,-46.226,-46.226,0.0,0.0,2
Física (Licenciatura) | Darcy Ribeiro | Noturno | EP_R1_NPPI | EP=True | R=R1 | GE=NPPI | PCD=False | SM=1.5,459,Física (Licenciatura),Darcy Ribeiro,Noturno,EP_R1_NPPI,1,1,-59.91,-59.91,26.842,26.842,-59.91,-59.91,-59.91,-59.91,0.0,0.0,0.0,100.0,0.0,0.0,26.842,26.842,26.842,26.842,0.0,0.0,0.0,100.0,0,0.0,-59.91,,,,,,-59.91,,26.842,,,,,,26.842,,-59.91,-59.91,0.0,0.0,2,26.842,26.842,0.0,0.0,2
Física (Licenciatura) | Darcy Ribeiro | Noturno | EP_R2_NPPI | EP=True | R=R2 | GE=NPPI | PCD=False | SM=1.5,460,Física (Licenciatura),Darcy Ribeiro,Noturno,EP_R2_NPPI,1,1,-30.161,-30.161,26.655,26.655,-30.161,-30.161,-30.161,-30.161,0.0,0.0,0.0,100.0,0.0,0.0,26.655,26.655,26.655,26.655,0.0,0.0,0.0,100.0,0,0.0,-30.161,,,,,,-30.161,,26.655,,,,,,26.655,,-30.161,-30.161,0.0,0.0,2,26.655,26.655,0.0,0.0,2
Geofísica (Bacharelado) | Darcy Ribeiro | Diurno | AC | EP=False | R=NA | GE=NA | PCD=False | SM=NA,461,Geofísica (Bacharelado),Darcy Ribeiro,Diurno,AC,5,5,-82.398,-47.993,-2.424,45.309,-51.248,-47.993,-82.398,-30.09,52.308,19.05,-37.171,50.0,1.0,22.394,34.593,8.759,-2.424,113.042,115.466,47.432,137.114,75.0,2,87.046,-47.993,,-32.561,0.247,-42.827,0.065,-46.613,,45.309,,61.979,0.085,47.598,0.032,40.989,,-42.498,-44.72,6.976,15.432,4,48.969,46.454,9.096,20.99,4
Geofísica (Bacharelado) | Darcy Ribeiro | Diurno | CN | EP=False | R=NA | GE=NEGROS | PCD=False | SM=NA,462,Geofísica (Bacharelado),Darcy Ribeiro,Diurno,CN,1,1,-6.216,-6.216,-6.216,-6.216,-6.216,-6.216,-6.216,-6.216,0.0,0.0,0.0,100.0,0.0,0.0,-6.216,-6.216,-6.216,-6.216,0.0,0.0,0.0,100.0,0,0.0,-6.216,,,,,,-6.216,,-6.216,,,,,,-6.216,,-6.216,-6.216,0.0,0.0,2,-6.216,-6.216,0.0,0.0,2
Geofísica (Bacharelado) | Darcy Ribeiro | Diurno | EP_R1_NPPI | EP=True | R=R1 | GE=NPPI | PCD=False | SM=1.5,463,Geofísica (Bacharelado),Darcy Ribeiro,Diurno,EP_R1_NPPI,2,2,-40.118,-50.006,-40.118,-50.006,-45.062,-45.062,-50.006,-40.118,9.888,6.992,-15.516,100.0,0.0,0.0,-45.062,-45.062,-50.006,-40.118,9.888,6.992,-15.516,100.0,0,0.0,-50.006,,-59.894,1.0,-59.894,1.0,-46.71,,-50.006,,-59.894,1.0,-59.894,1.0,-46.71,,-54.126,-54.95,6.795,13.184,4,-54.126,-54.95,6.795,13.184,4
Geofísica (Bacharelado) | Darcy Ribeiro | Diurno | EP_R1_PPI | EP=True | R=R1 | GE=PPI | PCD=False | SM=1.5,464,Geofísica (Bacharelado),Darcy Ribeiro,Diurno,EP_R1_PPI,1,1,-16.259,-16.259,-16.259,-16.259,-16.259,-16.259,-16.259,-16.259,0.0,0.0,0.0,100.0,0.0,0.0,-16.259,-16.259,-16.259,-16.259,0.0,0.0,0.0,100.0,0,0.0,-16.259,,,,,,-16.259,,-16.259,,,,,,-16.259,,-16.259,-16.259,0.0,0.0,2,-16.259,-16.259,0.0,0.0,2
Geofísica (Bacharelado) | Darcy Ribeiro | Diurno | EP_R2_NPPI | EP=True | R=R2 | GE=NPPI | PCD=False | SM=1.5,465,Geofísica (Bacharelado),Darcy Ribeiro,Diurno,EP_R2_NPPI,2,2,-27.06,-48.561,-27.06,-48.561,-37.81,-37.81,-48.561,-27.06,21.501,15.204,-40.21,100.0,0.0,0.0,-37.81,-37.81,-48.561,-27.06,21.501,15.204,-40.21,100.0,0,0.0,-48.561,,-59.311,1.0,-59.312,1.0,-41.394,,-48.561,,-59.311,1.0,-59.312,1.0,-41.394,,-52.144,-53.936,8.778,17.918,4,-52.144,-53.936,8.778,17.918,4
Geofísica (Bacharelado) | Darcy Ribeiro | Diurno | EP_R2_PPI | EP=True | R=R2 | GE=PPI | PCD=False | SM=1.5,466,Geofísica (Bacharelado),Darcy Ribeiro,Diurno,EP_R2_PPI,1,1,-20.904,-20.904,-20.904,-20.904,-20.904,-20.904,-20.904,-20.904,0.0,0.0,0.0,100.0,0.0,0.0,-20.904,-20.904,-20.904,-20.904,0.0,0.0,0.0,100.0,0,0.0,-20.904,,,,,,-20.904,,-20.904,,,,,,-20.904,,-20.904,-20.904,0.0,0.0,2,-20.904,-20.904,0.0,0.0,2
Geografia (Bacharelado/Licenciatura) | Darcy Ribeiro | Diurno | AC | EP=False | R=NA | GE=NA | PCD=False | SM=NA,467,Geografia (Bacharelado/Licenciatura),Darcy Ribeiro,Diurno,AC,5,5,-52.004,-90.016,33.9,129.343,-40.624,-25.568,-90.016,-11.709,78.307,31.281,-77.002,75.0,1.0,43.073,69.768,44.499,33.9,129.343,95.443,41.369,59.296,75.0,2,59.225,-90.016,,-76.384,0.335,-93.554,0.133,-46.616,,129.343,,134.043,0.619,136.752,0.613,82.485,,-76.643,-83.2,21.342,46.938,4,120.656,131.693,25.631,54.267,4
Geografia (Bacharelado/Licenciatura) | Darcy Ribeiro | Diurno | CN | EP=False | R=NA | GE=NEGROS | PCD=False | SM=NA,468,Geografia (Bacharelado/Licenciatura),Darcy Ribeiro,Diurno,CN,2,2,-51.632,-8.341,-41.47,-8.341,-29.986,-29.986,-51.632,-8.341,43.291,30.611,-102.084,100.0,0.0,0.0,-24.906,-24.906,-41.47,-8.341,33.129,23.426,-94.059,100.0,0,0.0,-8.341,,34.95,1.0,34.95,1.0,-22.771,,-8.341,,24.788,1.0,24.788,1.0,-19.384,,9.697,13.304,29.749,57.721,4,5.463,8.223,22.766,44.172,4
Geografia (Bacharelado/Licenciatura) | Darcy Ribeiro | Diurno | EP_R1_NPPI | EP=True | R=R1 | GE=NPPI | PCD=False | SM=1.5,469,Geografia (Bacharelado/Licenciatura),Darcy Ribeiro,Diurno,EP_R1_NPPI,4,4,-45.35,7.666,-45.35,7.666,-14.928,-13.841,-45.35,13.323,58.673,29.727,-199.144,66.667,2.0,57.987,-9.528,-3.042,-45.35,13.323,58.673,26.576,-278.939,66.667,2,42.995,7.666,,12.667,0.23,9.535,0.224,-9.409,,7.666,,23.466,0.411,16.015,0.372,-2.929,,5.115,8.6,9.9,22.075,4,11.055,11.84,11.338,26.395,4
Geografia (Bacharelado/Licenciatura) | Darcy Ribeiro | Diurno | EP_R1_PPI | EP=True | R=R1 | GE=PPI | PCD=False | SM=1.5,470,Geografia (Bacharelado/Licenciatura),Darcy Ribeiro,Diurno,EP_R1_PPI,2,2,-24.912,-53.491,3.902,-53.491,-39.201,-39.201,-53.491,-24.912,28.579,20.208,-51.55,100.0,0.0,0.0,-24.794,-24.794,-53.491,3.902,57.393,40.583,-163.677,100.0,0,0.0,-53.491,,-67.78,1.0,-67.78,1.0,-43.965,,-53.491,,-82.187,1.0,-82.188,1.0,-34.36,,-58.254,-60.636,11.667,23.816,4,-63.056,-67.839,23.431,47.828,4
Geografia (Bacharelado/Licenciatura) | Darcy Ribeiro | Diurno | EP_R2_NPPI | EP=True | R=R2 | GE=NPPI | PCD=False | SM=1.5,471,Geografia (Bacharelado/Licenciatura),Darcy Ribeiro,Diurno,EP_R2_NPPI,3,3,-54.684,-8.19,-14.787,18.368,-23.81,-8.556,-54.684,-8.19,46.494,26.738,-112.299,100.0,0.0,32.359,7.84,18.368,-14.787,19.938,34.725,19.611,250.151,50.0,1,25.664,-8.19,,11.684,0.578,4.996,0.519,-16.061,,18.368,,32.802,0.532,27.633,0.465,13.365,,-1.893,-1.597,12.546,27.745,4,23.042,23.0,8.79,19.436,4
Geografia (Bacharelado/Licenciatura) | Darcy Ribeiro | Diurno | EP_R2_NPPIQ | EP=True | R=R2 | GE=NPPIQ | PCD=False | SM=1.0,472,Geografia (Bacharelado/Licenciatura),Darcy Ribeiro,Diurno,EP_R2_NPPIQ,1,1,-66.839,-66.839,-44.521,-44.521,-66.839,-66.839,-66.839,-66.839,0.0,0.0,0.0,100.0,0.0,0.0,-44.521,-44.521,-44.521,-44.521,0.0,0.0,0.0,100.0,0,0.0,-66.839,,,,,,-66.839,,-44.521,,,,,,-44.521,,-66.839,-66.839,0.0,0.0,2,-44.521,-44.521,0.0,0.0,2
Geografia (Bacharelado/Licenciatura) | Darcy Ribeiro | Diurno | EP_R2_PPI | EP=True | R=R2 | GE=PPI | PCD=False | SM=1.5,473,Geografia (Bacharelado/Licenciatura),Darcy Ribeiro,Diurno,EP_R2_PPI,3,3,-28.339,-16.387,-20.368,7.067,-20.451,-16.626,-28.339,-16.387,11.952,6.833,-33.41,100.0,0.0,8.113,-9.976,-16.626,-20.368,7.067,27.435,14.878,-149.138,100.0,0,14.107,-16.387,,-8.499,0.765,-10.411,0.732,-18.459,,7.067,,17.459,0.85,20.784,0.829,-5.403,,-13.439,-13.399,4.742,9.96,4,9.977,12.263,11.801,26.188,4
Geologia (Bacharelado) | Darcy Ribeiro | Diurno | AC | EP=False | R=NA | GE=NA | PCD=False | SM=NA,474,Geologia (Bacharelado),Darcy Ribeiro,Diurno,AC,5,5,-96.644,-63.489,38.599,80.103,-67.95,-63.489,-96.644,-54.123,42.521,17.031,-25.064,50.0,1.0,16.021,72.563,77.924,38.599,97.846,59.247,21.772,30.005,75.0,1,20.475,-63.489,,-46.706,0.399,-55.807,0.212,-62.731,,80.103,,103.387,0.514,93.42,0.368,80.064,,-57.183,-59.269,7.793,16.783,4,89.243,86.762,11.333,23.323,4
Geologia (Bacharelado) | Darcy Ribeiro | Diurno | CN | EP=False | R=NA | GE=NEGROS | PCD=False | SM=NA,475,Geologia (Bacharelado),Darcy Ribeiro,Diurno,CN,2,2,-33.967,-36.67,-33.967,-36.67,-35.318,-35.318,-36.67,-33.967,2.703,1.911,-5.412,100.0,0.0,0.0,-35.318,-35.318,-36.67,-33.967,2.703,1.911,-5.412,100.0,0,0.0,-36.67,,-39.373,1.0,-39.373,1.0,-35.769,,-36.67,,-39.373,1.0,-39.373,1.0,-35.769,,-37.796,-38.022,1.857,3.604,4,-37.796,-38.022,1.857,3.604,4
Geologia (Bacharelado) | Darcy Ribeiro | Diurno | EP_R1_NPPI | EP=True | R=R1 | GE=NPPI | PCD=False | SM=1.5,476,Geologia (Bacharelado),Darcy Ribeiro,Diurno,EP_R1_NPPI,1,1,-36.351,-36.351,-36.351,-36.351,-36.351,-36.351,-36.351,-36.351,0.0,0.0,0.0,100.0,0.0,0.0,-36.351,-36.351,-36.351,-36.351,0.0,0.0,0.0,100.0,0,0.0,-36.351,,,,,,-36.351,,-36.351,,,,,,-36.351,,-36.351,-36.351,0.0,0.0,2,-36.351,-36.351,0.0,0.0,2
Geologia (Bacharelado) | Darcy Ribeiro | Diurno | EP_R1_PPI | EP=True | R=R1 | GE=PPI | PCD=False | SM=1.5,477,Geologia (Bacharelado),Darcy Ribeiro,Diurno,EP_R1_PPI,3,3,-59.404,-3.498,-59.404,-3.498,-25.839,-14.615,-59.404,-3.498,55.906,29.595,-114.536,100.0,0.0,23.81,-25.839,-14.615,-59.404,-3.498,55.906,29.595,-114.536,100.0,0,23.81,-3.498,,30.067,0.892,24.455,0.877,-16.521,,-3.498,,30.067,0.892,24.455,0.877,-16.521,,8.626,10.478,22.283,46.588,4,8.626,10.478,22.283,46.588,4
Geologia (Bacharelado) | Darcy Ribeiro | Diurno | EP_R2_NPPI | EP=True | R=R2 | GE=NPPI | PCD=False | SM=1.5,478,Geologia (Bacharelado),Darcy Ribeiro,Diurno,EP_R2_NPPI,3,3,-28.409,9.264,-28.409,9.264,4.905,9.264,-28.409,33.859,62.268,31.362,639.433,50.0,1.0,61.421,4.905,9.264,-28.409,33.859,62.268,31.362,639.433,50.0,1,61.421,9.264,,28.923,0.192,18.07,0.078,11.184,,9.264,,28.923,0.192,18.07,0.078,11.184,,16.86,14.627,8.886,19.659,4,16.86,14.627,8.886,19.659,4
Geologia (Bacharelado) | Darcy Ribeiro | Diurno | EP_R2_PPI | EP=True | R=R2 | GE=PPI | PCD=False | SM=1.5,479,Geologia (Bacharelado),Darcy Ribeiro,Diurno,EP_R2_PPI,1,1,-34.358,-34.358,-10.741,-10.741,-34.358,-34.358,-34.358,-34.358,0.0,0.0,0.0,100.0,0.0,0.0,-10.741,-10.741,-10.741,-10.741,0.0,0.0,0.0,100.0,0,0.0,-34.358,,,,,,-34.358,,-10.741,,,,,,-10.741,,-34.358,-34.358,0.0,0.0,2,-10.741,-10.741,0.0,0.0,2
Gestão Ambiental (Bacharelado) | Planaltina | Noturno | AC | EP=False | R=NA | GE=NA | PCD=False | SM=NA,480,Gestão Ambiental (Bacharelado),Planaltina,Noturno,AC,2,2,-62.155,-46.76,-62.155,31.975,-54.457,-54.457,-62.155,-46.76,15.395,10.886,-19.99,100.0,0.0,0.0,-15.09,-15.09,-62.155,31.975,94.13,66.56,-441.087,100.0,0,0.0,-46.76,,-39.062,1.0,-39.063,1.0,-51.892,,31.975,,79.04,1.0,79.04,1.0,0.598,,-44.194,-42.911,6.285,12.829,4,47.663,55.507,38.428,78.442,4
Gestão Ambiental (Bacharelado) | Planaltina | Noturno | EP_R2_NPPI | EP=True | R=R2 | GE=NPPI | PCD=False | SM=1.5,481,Gestão Ambiental (Bacharelado),Planaltina,Noturno,EP_R2_NPPI,2,2,-73.509,-10.728,39.118,-10.728,-42.118,-42.118,-73.509,-10.728,62.781,44.393,-105.4,100.0,0.0,0.0,14.195,14.195,-10.728,39.118,49.846,35.246,248.302,100.0,0,0.0,-10.728,,52.053,1.0,52.053,1.0,-31.655,,-10.728,,-60.574,1.0,-60.574,1.0,5.887,,15.431,20.662,43.142,83.708,4,-31.497,-35.651,34.253,66.461,4
Gestão Ambiental (Bacharelado) | Planaltina | Noturno | EP_R2_PPI | EP=True | R=R2 | GE=PPI | PCD=False | SM=1.5,482,Gestão Ambiental (Bacharelado),Planaltina,Noturno,EP_R2_PPI,1,1,-34.138,-34.138,-34.138,-34.138,-34.138,-34.138,-34.138,-34.138,0.0,0.0,0.0,100.0,0.0,0.0,-34.138,-34.138,-34.138,-34.138,0.0,0.0,0.0,100.0,0,0.0,-34.138,,,,,,-34.138,,-34.138,,,,,,-34.138,,-34.138,-34.138,0.0,0.0,2,-34.138,-34.138,0.0,0.0,2
Gestão de Agronegócio (Bacharelado) | Darcy Ribeiro | Noturno | AC | EP=False | R=NA | GE=NA | PCD=False | SM=NA,483,Gestão de Agronegócio (Bacharelado),Darcy Ribeiro,Noturno,AC,5,5,-93.752,-46.176,-40.181,16.69,-69.012,-61.028,-93.752,-46.176,47.576,19.339,-28.023,75.0,2.0,28.8,-12.004,-19.741,-40.181,16.69,56.871,24.85,-207.021,50.0,2,40.207,-46.176,,-44.587,0.409,-45.873,0.408,-64.192,,16.69,,14.512,0.292,15.611,0.287,-7.032,,-50.207,-46.025,9.349,19.605,4,9.945,15.061,11.353,23.722,4
Gestão de Agronegócio (Bacharelado) | Darcy Ribeiro | Noturno | CN | EP=False | R=NA | GE=NEGROS | PCD=False | SM=NA,484,Gestão de Agronegócio (Bacharelado),Darcy Ribeiro,Noturno,CN,2,2,-25.521,-12.02,-25.521,-12.02,-18.77,-18.77,-25.521,-12.02,13.501,9.547,-50.86,100.0,0.0,0.0,-18.77,-18.77,-25.521,-12.02,13.501,9.547,-50.86,100.0,0,0.0,-12.02,,-7.52,1.0,-7.52,1.0,-16.52,,-12.02,,-7.52,1.0,-7.52,1.0,-16.52,,-10.895,-9.77,4.309,9.001,4,-10.895,-9.77,4.309,9.001,4
Gestão de Agronegócio (Bacharelado) | Darcy Ribeiro | Noturno | EP_R1_NPPI | EP=True | R=R1 | GE=NPPI | PCD=False | SM=1.5,485,Gestão de Agronegócio (Bacharelado),Darcy Ribeiro,Noturno,EP_R1_NPPI,1,1,-32.966,-32.966,-32.966,-32.966,-32.966,-32.966,-32.966,-32.966,0.0,0.0,0.0,100.0,0.0,0.0,-32.966,-32.966,-32.966,-32.966,0.0,0.0,0.0,100.0,0,0.0,-32.966,,,,,,-32.966,,-32.966,,,,,,-32.966,,-32.966,-32.966,0.0,0.0,2,-32.966,-32.966,0.0,0.0,2
Gestão de Agronegócio (Bacharelado) | Darcy Ribeiro | Noturno | EP_R1_PPI | EP=True | R=R1 | GE=PPI | PCD=False | SM=1.5,486,Gestão de Agronegócio (Bacharelado),Darcy Ribeiro,Noturno,EP_R1_PPI,1,1,-57.616,-57.616,-57.616,-57.616,-57.616,-57.616,-57.616,-57.616,0.0,0.0,0.0,100.0,0.0,0.0,-57.616,-57.616,-57.616,-57.616,0.0,0.0,0.0,100.0,0,0.0,-57.616,,,,,,-57.616,,-57.616,,,,,,-57.616,,-57.616,-57.616,0.0,0.0,2,-57.616,-57.616,0.0,0.0,2
Gestão de Agronegócio (Bacharelado) | Darcy Ribeiro | Noturno | EP_R2_NPPI | EP=True | R=R2 | GE=NPPI | PCD=False | SM=1.5,487,Gestão de Agronegócio (Bacharelado),Darcy Ribeiro,Noturno,EP_R2_NPPI,2,2,-71.314,-48.114,-1.139,-48.114,-59.714,-59.714,-71.314,-48.114,23.2,16.405,-27.472,100.0,0.0,0.0,-24.626,-24.626,-48.114,-1.139,46.975,33.216,-134.88,100.0,0,0.0,-48.114,,-40.381,1.0,-40.381,1.0,-55.847,,-48.114,,-63.772,1.0,-63.772,1.0,-32.456,,-46.181,-44.247,7.404,15.467,4,-52.029,-55.943,14.992,31.317,4
Gestão de Agronegócio (Bacharelado) | Darcy Ribeiro | Noturno | EP_R2_PPI | EP=True | R=R2 | GE=PPI | PCD=False | SM=1.5,488,Gestão de Agronegócio (Bacharelado),Darcy Ribeiro,Noturno,EP_R2_PPI,1,1,-44.795,-44.795,-33.635,-33.635,-44.795,-44.795,-44.795,-44.795,0.0,0.0,0.0,100.0,0.0,0.0,-33.635,-33.635,-33.635,-33.635,0.0,0.0,0.0,100.0,0,0.0,-44.795,,,,,,-44.795,,-33.635,,,,,,-33.635,,-44.795,-44.795,0.0,0.0,2,-33.635,-33.635,0.0,0.0,2
Gestão de Políticas Públicas (Bacharelado) | Darcy Ribeiro | Noturno | AC | EP=False | R=NA | GE=NA | PCD=False | SM=NA,489,Gestão de Políticas Públicas (Bacharelado),Darcy Ribeiro,Noturno,AC,5,5,-72.389,-2.832,73.386,64.854,-42.388,-51.535,-72.389,-2.832,69.557,30.085,-70.975,75.0,2.0,24.813,64.12,64.854,40.755,89.961,49.206,19.077,29.752,75.0,2,34.76,-2.832,,11.727,0.829,13.442,0.827,-30.974,,64.854,,69.765,0.022,73.002,0.011,65.537,,-2.159,4.447,20.551,44.416,4,68.29,67.651,3.82,8.148,4
Gestão de Políticas Públicas (Bacharelado) | Darcy Ribeiro | Noturno | CN | EP=False | R=NA | GE=NEGROS | PCD=False | SM=NA,490,Gestão de Políticas Públicas (Bacharelado),Darcy Ribeiro,Noturno,CN,5,5,-20.13,-10.584,24.96,-10.584,-22.165,-18.676,-66.75,5.313,72.063,26.895,-121.336,50.0,2.0,41.992,-13.147,-10.584,-66.75,24.96,91.71,34.29,-260.815,50.0,2,61.194,-10.584,,4.213,0.246,4.73,0.246,-16.088,,-10.584,,-12.239,0.0,-2.409,-0.043,-13.082,,-4.432,-3.186,10.526,20.818,4,-9.579,-11.411,4.891,10.673,4
Gestão de Políticas Públicas (Bacharelado) | Darcy Ribeiro | Noturno | EP_R1_NPPI | EP=True | R=R1 | GE=NPPI | PCD=False | SM=1.5,491,Gestão de Políticas Públicas (Bacharelado),Darcy Ribeiro,Noturno,EP_R1_NPPI,4,4,-12.548,-58.902,-12.548,-41.161,-51.805,-49.856,-94.961,-12.548,82.413,34.52,-66.633,66.667,2.0,68.32,-47.37,-40.986,-94.961,-12.548,82.413,34.443,-72.711,66.667,2,68.744,-58.902,,-73.033,0.101,-60.169,0.031,-56.051,,-41.161,,-55.292,0.014,-38.88,-0.099,-48.955,,-62.039,-59.536,7.529,16.982,4,-46.072,-45.058,7.509,16.413,4
Gestão de Políticas Públicas (Bacharelado) | Darcy Ribeiro | Noturno | EP_R1_NPPIQ | EP=True | R=R1 | GE=NPPIQ | PCD=False | SM=1.0,492,Gestão de Políticas Públicas (Bacharelado),Darcy Ribeiro,Noturno,EP_R1_NPPIQ,1,1,-34.132,-34.132,-29.67,-29.67,-34.132,-34.132,-34.132,-34.132,0.0,0.0,0.0,100.0,0.0,0.0,-29.67,-29.67,-29.67,-29.67,0.0,0.0,0.0,100.0,0,0.0,-34.132,,,,,,-34.132,,-29.67,,,,,,-29.67,,-34.132,-34.132,0.0,0.0,2,-29.67,-29.67,0.0,0.0,2
Gestão de Políticas Públicas (Bacharelado) | Darcy Ribeiro | Noturno | EP_R1_PPI | EP=True | R=R1 | GE=PPI | PCD=False | SM=1.5,493,Gestão de Políticas Públicas (Bacharelado),Darcy Ribeiro,Noturno,EP_R1_PPI,4,4,-95.963,-41.061,-57.354,-34.96,-62.333,-56.154,-95.963,-41.061,54.902,25.21,-40.444,100.0,0.0,12.815,-31.971,-40.002,-57.354,9.475,66.829,29.109,-91.047,66.667,2,60.717,-41.061,,-15.602,0.916,-20.545,0.897,-52.987,,-34.96,,-28.806,0.003,-40.154,-0.073,-31.338,,-32.549,-30.803,17.526,37.385,4,-33.814,-33.149,4.924,11.349,4
Gestão de Políticas Públicas (Bacharelado) | Darcy Ribeiro | Noturno | EP_R2_NPPI | EP=True | R=R2 | GE=NPPI | PCD=False | SM=1.5,494,Gestão de Políticas Públicas (Bacharelado),Darcy Ribeiro,Noturno,EP_R2_NPPI,4,4,-43.785,-64.37,-6.373,20.875,-53.949,-54.078,-81.612,-26.029,55.583,24.198,-44.854,66.667,2.0,54.079,-0.897,-6.52,-11.424,20.875,32.299,14.698,-1638.588,66.667,1,16.721,-64.37,,-55.492,0.001,-55.595,0.001,-54.258,,20.875,,20.728,0.577,27.247,0.479,3.428,,-57.429,-55.543,4.667,10.112,4,18.07,20.802,10.223,23.819,4
Gestão de Políticas Públicas (Bacharelado) | Darcy Ribeiro | Noturno | EP_R2_NPPIQ | EP=True | R=R2 | GE=NPPIQ | PCD=False | SM=1.0,495,Gestão de Políticas Públicas (Bacharelado),Darcy Ribeiro,Noturno,EP_R2_NPPIQ,1,1,-39.713,-39.713,-11.757,-11.757,-39.713,-39.713,-39.713,-39.713,0.0,0.0,0.0,100.0,0.0,0.0,-11.757,-11.757,-11.757,-11.757,0.0,0.0,0.0,100.0,0,0.0,-39.713,,,,,,-39.713,,-11.757,,,,,,-11.757,,-39.713,-39.713,0.0,0.0,2,-11.757,-11.757,0.0,0.0,2
Gestão de Políticas Públicas (Bacharelado) | Darcy Ribeiro | Noturno | EP_R2_PPI | EP=True | R=R2 | GE=PPI | PCD=False | SM=1.5,496,Gestão de Políticas Públicas (Bacharelado),Darcy Ribeiro,Noturno,EP_R2_PPI,3,3,-60.85,-36.205,-6.58,-36.205,-54.392,-60.85,-66.12,-36.205,29.915,15.969,-29.359,50.0,1.0,24.88,-14.489,-6.58,-36.205,-0.681,35.524,19.037,-131.391,50.0,1,29.29,-36.205,,-29.916,0.771,-26.972,0.738,-50.284,,-36.205,,-43.827,0.779,-47.27,0.748,-19.426,,-35.844,-33.061,10.368,23.312,4,-36.682,-40.016,12.398,27.844,4
Gestão de Políticas Públicas (Bacharelado) | Darcy Ribeiro | Noturno | EP_R2_PPIQ | EP=True | R=R2 | GE=PPIQ | PCD=False | SM=1.0,497,Gestão de Políticas Públicas (Bacharelado),Darcy Ribeiro,Noturno,EP_R2_PPIQ,1,1,-50.028,-50.028,-41.002,-41.002,-50.028,-50.028,-50.028,-50.028,0.0,0.0,0.0,100.0,0.0,0.0,-41.002,-41.002,-41.002,-41.002,0.0,0.0,0.0,100.0,0,0.0,-50.028,,,,,,-50.028,,-41.002,,,,,,-41.002,,-50.028,-50.028,0.0,0.0,2,-41.002,-41.002,0.0,0.0,2
Gestão do Agronegócio (Bacharelado) | Planaltina | Diurno | AC | EP=False | R=NA | GE=NA | PCD=False | SM=NA,498,Gestão do Agronegócio (Bacharelado),Planaltina,Diurno,AC,5,5,-80.136,-82.791,-49.865,-28.816,-78.812,-80.136,-96.675,-56.321,40.354,14.517,-18.42,50.0,3.0,29.861,-37.787,-36.7,-78.135,4.58,82.715,30.21,-79.946,50.0,3,55.667,-82.791,,-75.596,0.013,-76.582,0.005,-77.711,,-28.816,,-14.036,0.158,-20.201,0.13,-32.218,,-78.17,-77.146,3.2,7.195,4,-23.818,-24.508,8.253,18.182,4
Gestão do Agronegócio (Bacharelado) | Planaltina | Diurno | CN | EP=False | R=NA | GE=NEGROS | PCD=False | SM=NA,499,Gestão do Agronegócio (Bacharelado),Planaltina,Diurno,CN,1,1,-45.106,-45.106,-45.106,-45.106,-45.106,-45.106,-45.106,-45.106,0.0,0.0,0.0,100.0,0.0,0.0,-45.106,-45.106,-45.106,-45.106,0.0,0.0,0.0,100.0,0,0.0,-45.106,,,,,,-45.106,,-45.106,,,,,,-45.106,,-45.106,-45.106,0.0,0.0,2,-45.106,-45.106,0.0,0.0,2
Gestão do Agronegócio (Bacharelado) | Planaltina | Diurno | EP_R2_NPPI | EP=True | R=R2 | GE=NPPI | PCD=False | SM=1.5,500,Gestão do Agronegócio (Bacharelado),Planaltina,Diurno,EP_R2_NPPI,1,1,-54.109,-54.109,-22.499,-22.499,-54.109,-54.109,-54.109,-54.109,0.0,0.0,0.0,100.0,0.0,0.0,-22.499,-22.499,-22.499,-22.499,0.0,0.0,0.0,100.0,0,0.0,-54.109,,,,,,-54.109,,-22.499,,,,,,-22.499,,-54.109,-54.109,0.0,0.0,2,-22.499,-22.499,0.0,0.0,2
História (Bacharelado/Licenciatura) | Darcy Ribeiro | Diurno | AC | EP=False | R=NA | GE=NA | PCD=False | SM=NA,501,História (Bacharelado/Licenciatura),Darcy Ribeiro,Diurno,AC,6,5,4.468,47.472,99.466,96.499,27.598,39.08,-8.561,47.472,56.033,23.611,85.556,60.0,2.0,39.945,82.69,96.499,17.254,120.935,103.681,39.459,47.72,50.0,3,79.933,47.472,,32.755,0.014,29.387,0.001,28.826,,96.499,,64.365,0.078,67.909,0.072,78.158,,34.61,31.071,8.749,18.646,4,76.733,73.034,14.417,32.134,4
História (Bacharelado/Licenciatura) | Darcy Ribeiro | Diurno | CN | EP=False | R=NA | GE=NEGROS | PCD=False | SM=NA,502,História (Bacharelado/Licenciatura),Darcy Ribeiro,Diurno,CN,6,6,25.571,-27.232,48.115,-27.232,-6.744,-7.701,-36.358,25.571,61.929,26.521,-393.252,60.0,3.0,38.485,-2.987,-7.701,-36.358,48.115,84.473,32.855,-1100.065,60.0,3,40.034,-27.232,,-40.554,0.464,-36.588,0.451,-14.794,,-27.232,,-48.068,0.538,-39.809,0.499,-13.72,,-29.792,-31.91,11.453,25.76,4,-32.207,-33.521,15.01,34.348,4
História (Bacharelado/Licenciatura) | Darcy Ribeiro | Diurno | EP_R1_NPPI | EP=True | R=R1 | GE=NPPI | PCD=False | SM=1.5,503,História (Bacharelado/Licenciatura),Darcy Ribeiro,Diurno,EP_R1_NPPI,4,4,-8.107,19.371,18.517,52.742,3.342,1.787,-9.575,19.371,28.946,14.427,431.617,66.667,2.0,26.735,30.526,35.63,-2.267,53.113,55.38,27.223,89.18,66.667,2,58.734,19.371,,18.637,0.3,20.469,0.292,6.401,,52.742,,42.35,0.05,46.433,0.039,32.891,,16.22,19.004,6.589,14.067,4,43.604,44.391,8.324,19.851,4
História (Bacharelado/Licenciatura) | Darcy Ribeiro | Diurno | EP_R1_NPPIQ | EP=True | R=R1 | GE=NPPIQ | PCD=False | SM=1.0,504,História (Bacharelado/Licenciatura),Darcy Ribeiro,Diurno,EP_R1_NPPIQ,1,1,-17.032,-17.032,14.503,14.503,-17.032,-17.032,-17.032,-17.032,0.0,0.0,0.0,100.0,0.0,0.0,14.503,14.503,14.503,14.503,0.0,0.0,0.0,100.0,0,0.0,-17.032,,,,,,-17.032,,14.503,,,,,,14.503,,-17.032,-17.032,0.0,0.0,2,14.503,14.503,0.0,0.0,2
História (Bacharelado/Licenciatura) | Darcy Ribeiro | Diurno | EP_R1_PPI | EP=True | R=R1 | GE=PPI | PCD=False | SM=1.5,505,História (Bacharelado/Licenciatura),Darcy Ribeiro,Diurno,EP_R1_PPI,4,4,5.759,-24.22,24.413,10.211,-9.205,-9.18,-24.22,5.759,29.979,12.363,-134.309,66.667,2.0,12.363,22.036,19.877,10.211,38.18,27.969,12.26,55.636,66.667,2,25.68,-24.22,,-30.618,0.8,-30.639,0.8,-13.488,,10.211,,17.094,0.043,13.315,-0.004,21.048,,-24.741,-27.419,8.088,17.151,4,15.417,15.205,4.692,10.837,4
História (Bacharelado/Licenciatura) | Darcy Ribeiro | Diurno | EP_R2_NPPI | EP=True | R=R2 | GE=NPPI | PCD=False | SM=1.5,506,História (Bacharelado/Licenciatura),Darcy Ribeiro,Diurno,EP_R2_NPPI,5,5,6.108,-54.201,45.889,-12.401,5.641,19.641,-54.201,32.467,86.668,34.788,616.729,50.0,3.0,48.697,26.888,34.497,-12.401,45.889,58.29,23.434,87.156,50.0,2,30.143,-54.201,,-28.061,0.261,-47.274,0.09,-1.849,,-12.401,,-2.825,0.447,-9.673,0.399,20.285,,-32.846,-37.667,23.437,52.352,4,-1.154,-6.249,14.849,32.686,4
História (Bacharelado/Licenciatura) | Darcy Ribeiro | Diurno | EP_R2_NPPIQ | EP=True | R=R2 | GE=NPPIQ | PCD=False | SM=1.0,507,História (Bacharelado/Licenciatura),Darcy Ribeiro,Diurno,EP_R2_NPPIQ,1,1,21.418,21.418,21.418,21.418,21.418,21.418,21.418,21.418,0.0,0.0,0.0,100.0,0.0,0.0,21.418,21.418,21.418,21.418,0.0,0.0,0.0,100.0,0,0.0,21.418,,,,,,21.418,,21.418,,,,,,21.418,,21.418,21.418,0.0,0.0,2,21.418,21.418,0.0,0.0,2
História (Bacharelado/Licenciatura) | Darcy Ribeiro | Diurno | EP_R2_NPPIQ_PCD | EP=True | R=R2 | GE=NPPIQ | PCD=True | SM=1.0,508,História (Bacharelado/Licenciatura),Darcy Ribeiro,Diurno,EP_R2_NPPIQ_PCD,1,1,-4.958,-4.958,-4.958,-4.958,-4.958,-4.958,-4.958,-4.958,0.0,0.0,0.0,100.0,0.0,0.0,-4.958,-4.958,-4.958,-4.958,0.0,0.0,0.0,100.0,0,0.0,-4.958,,,,,,-4.958,,-4.958,,,,,,-4.958,,-4.958,-4.958,0.0,0.0,2,-4.958,-4.958,0.0,0.0,2
História (Bacharelado/Licenciatura) | Darcy Ribeiro | Diurno | EP_R2_PPI | EP=True | R=R2 | GE=PPI | PCD=False | SM=1.5,509,História (Bacharelado/Licenciatura),Darcy Ribeiro,Diurno,EP_R2_PPI,4,4,-17.943,-41.891,11.17,-6.303,-23.495,-26.499,-41.891,0.911,42.802,19.136,-81.448,66.667,1.0,27.429,8.301,2.434,-16.391,44.728,61.119,26.821,323.108,66.667,2,49.304,-41.891,,-50.447,0.529,-55.585,0.493,-28.885,,-6.303,,-20.083,0.299,-24.778,0.283,2.624,,-44.202,-46.169,11.669,26.7,4,-12.135,-13.193,12.581,27.402,4
História (Bacharelado/Licenciatura) | Darcy Ribeiro | Diurno | EP_R2_PPIQ | EP=True | R=R2 | GE=PPIQ | PCD=False | SM=1.0,510,História (Bacharelado/Licenciatura),Darcy Ribeiro,Diurno,EP_R2_PPIQ,1,1,-31.06,-31.06,16.426,16.426,-31.06,-31.06,-31.06,-31.06,0.0,0.0,0.0,100.0,0.0,0.0,16.426,16.426,16.426,16.426,0.0,0.0,0.0,100.0,0,0.0,-31.06,,,,,,-31.06,,16.426,,,,,,16.426,,-31.06,-31.06,0.0,0.0,2,16.426,16.426,0.0,0.0,2
História (Bacharelado/Licenciatura) | Darcy Ribeiro | Diurno | EP_R2_PPIQ_PCD | EP=True | R=R2 | GE=PPIQ | PCD=True | SM=1.0,511,História (Bacharelado/Licenciatura),Darcy Ribeiro,Diurno,EP_R2_PPIQ_PCD,1,1,-30.955,-30.955,-30.955,-30.955,-30.955,-30.955,-30.955,-30.955,0.0,0.0,0.0,100.0,0.0,0.0,-30.955,-30.955,-30.955,-30.955,0.0,0.0,0.0,100.0,0,0.0,-30.955,,,,,,-30.955,,-30.955,,,,,,-30.955,,-30.955,-30.955,0.0,0.0,2,-30.955,-30.955,0.0,0.0,2
História (Licenciatura) | Darcy Ribeiro | Noturno | AC | EP=False | R=NA | GE=NA | PCD=False | SM=NA,512,História (Licenciatura),Darcy Ribeiro,Noturno,AC,5,5,-56.349,-85.388,60.754,45.426,-63.348,-67.087,-85.388,-38.56,46.828,17.315,-27.334,75.0,1.0,19.846,40.391,45.426,12.295,60.754,48.459,21.451,53.107,50.0,3,43.89,-85.388,,-91.826,0.693,-93.973,0.685,-69.273,,45.426,,30.727,0.052,37.339,-0.018,37.546,,-85.115,-88.607,11.174,24.7,4,37.76,37.443,6.012,14.699,4
História (Licenciatura) | Darcy Ribeiro | Noturno | CN | EP=False | R=NA | GE=NEGROS | PCD=False | SM=NA,513,História (Licenciatura),Darcy Ribeiro,Noturno,CN,3,3,-59.895,-27.164,-59.895,-27.164,-20.668,-27.164,-59.895,25.055,84.95,42.846,-207.306,50.0,1.0,96.993,-20.668,-27.164,-59.895,25.055,84.95,42.846,-207.306,50.0,1,96.993,-27.164,,-16.884,0.003,-26.056,-0.126,-15.213,,-27.164,,-16.884,0.003,-26.056,-0.126,-15.213,,-21.329,-21.47,6.152,11.951,4,-21.329,-21.47,6.152,11.951,4
História (Licenciatura) | Darcy Ribeiro | Noturno | EP_R1_NPPI | EP=True | R=R1 | GE=NPPI | PCD=False | SM=1.5,514,História (Licenciatura),Darcy Ribeiro,Noturno,EP_R1_NPPI,4,4,-66.834,-47.859,-66.834,4.551,-30.764,-32.755,-66.834,9.29,76.124,33.514,-108.941,66.667,1.0,56.084,-17.554,-6.336,-66.834,9.29,76.124,34.823,-198.378,66.667,1,27.277,-47.859,,-9.797,0.104,-31.063,-0.097,-26.57,,4.551,,42.613,0.796,31.743,0.747,-5.52,,-28.822,-28.817,15.647,38.062,4,18.347,18.147,22.57,48.133,4
História (Licenciatura) | Darcy Ribeiro | Noturno | EP_R1_PPI | EP=True | R=R1 | GE=PPI | PCD=False | SM=1.5,515,História (Licenciatura),Darcy Ribeiro,Noturno,EP_R1_PPI,4,4,-48.659,-17.725,-25.066,-17.725,-29.612,-30.374,-48.659,-9.043,39.616,19.21,-64.87,66.667,2.0,39.02,-13.35,-21.396,-43.023,32.413,75.436,32.307,-241.992,66.667,2,69.341,-17.725,,-14.907,0.156,-17.771,0.145,-26.671,,-17.725,,-26.704,0.046,-33.14,0.026,-16.021,,-19.269,-17.748,5.114,11.764,4,-23.397,-22.214,8.009,17.119,4
História (Licenciatura) | Darcy Ribeiro | Noturno | EP_R2_NPPI | EP=True | R=R2 | GE=NPPI | PCD=False | SM=1.5,516,História (Licenciatura),Darcy Ribeiro,Noturno,EP_R2_NPPI,3,3,-68.468,-25.475,42.212,-17.183,-34.291,-25.475,-68.468,-8.931,59.537,30.732,-89.62,50.0,1.0,53.797,8.687,1.031,-17.183,42.212,59.395,30.429,350.291,100.0,0,16.24,-25.475,,-4.686,0.305,-14.556,0.206,-27.126,,-17.183,,-40.036,0.841,-35.368,0.819,-1.212,,-17.961,-20.015,10.461,22.44,4,-23.45,-26.275,17.804,38.824,4
História (Licenciatura) | Darcy Ribeiro | Noturno | EP_R2_NPPIQ | EP=True | R=R2 | GE=NPPIQ | PCD=False | SM=1.0,517,História (Licenciatura),Darcy Ribeiro,Noturno,EP_R2_NPPIQ,1,1,-61.207,-61.207,-26.631,-26.631,-61.207,-61.207,-61.207,-61.207,0.0,0.0,0.0,100.0,0.0,0.0,-26.631,-26.631,-26.631,-26.631,0.0,0.0,0.0,100.0,0,0.0,-61.207,,,,,,-61.207,,-26.631,,,,,,-26.631,,-61.207,-61.207,0.0,0.0,2,-26.631,-26.631,0.0,0.0,2
História (Licenciatura) | Darcy Ribeiro | Noturno | EP_R2_PPI | EP=True | R=R2 | GE=PPI | PCD=False | SM=1.5,518,História (Licenciatura),Darcy Ribeiro,Noturno,EP_R2_PPI,3,3,-61.065,-24.296,15.096,-9.636,-39.972,-34.556,-61.065,-24.296,36.769,18.973,-47.466,100.0,0.0,11.49,18.701,15.096,-9.636,50.644,60.28,30.301,162.027,50.0,1,67.761,-24.296,,-3.203,0.939,-5.912,0.93,-33.844,,-9.636,,-6.031,0.167,-22.002,0.05,14.579,,-16.814,-15.104,14.721,30.641,4,-5.772,-7.833,15.194,36.581,4
Japonês (Licenciatura) | Darcy Ribeiro | Noturno | AC | EP=False | R=NA | GE=NA | PCD=False | SM=NA,519,Japonês (Licenciatura),Darcy Ribeiro,Noturno,AC,5,5,-60.848,-83.555,-60.848,-45.663,-53.077,-60.848,-83.555,-5.043,78.512,29.127,-54.877,50.0,2.0,53.037,-16.442,-0.264,-60.848,18.808,79.656,34.723,-211.18,50.0,3,55.771,-83.555,,-57.701,0.006,-70.416,-0.143,-52.246,,-45.663,,-19.499,0.002,-41.427,-0.258,-15.288,,-65.979,-64.058,13.973,31.309,4,-30.469,-30.463,15.294,30.375,4
Japonês (Licenciatura) | Darcy Ribeiro | Noturno | CN | EP=False | R=NA | GE=NEGROS | PCD=False | SM=NA,520,Japonês (Licenciatura),Darcy Ribeiro,Noturno,CN,2,2,-70.486,-59.483,-70.486,-59.483,-64.984,-64.984,-70.486,-59.483,11.003,7.78,-11.973,100.0,0.0,0.0,-64.984,-64.984,-70.486,-59.483,11.003,7.78,-11.973,100.0,0,0.0,-59.483,,-53.981,1.0,-53.982,1.0,-63.151,,-59.483,,-53.981,1.0,-53.982,1.0,-63.151,,-57.649,-56.732,4.492,9.169,4,-57.649,-56.732,4.492,9.169,4
Japonês (Licenciatura) | Darcy Ribeiro | Noturno | EP_R2_NPPI | EP=True | R=R2 | GE=NPPI | PCD=False | SM=1.5,521,Japonês (Licenciatura),Darcy Ribeiro,Noturno,EP_R2_NPPI,3,3,2.278,-18.525,2.278,-18.525,-11.974,-18.525,-19.674,2.278,21.952,12.356,-103.19,50.0,1.0,16.335,-11.974,-18.525,-19.674,2.278,21.952,12.356,-103.19,50.0,1,16.335,-18.525,,-32.777,0.709,-28.926,0.668,-15.441,,-18.525,,-32.777,0.709,-28.926,0.668,-15.441,,-23.917,-23.726,8.256,17.336,4,-23.917,-23.726,8.256,17.336,4
Japonês (Licenciatura) | Darcy Ribeiro | Noturno | EP_R2_PPI_PCD | EP=True | R=R2 | GE=PPI | PCD=True | SM=1.5,522,Japonês (Licenciatura),Darcy Ribeiro,Noturno,EP_R2_PPI_PCD,1,1,5.9,5.9,5.9,5.9,5.9,5.9,5.9,5.9,0.0,0.0,0.0,100.0,0.0,0.0,5.9,5.9,5.9,5.9,0.0,0.0,0.0,100.0,0,0.0,5.9,,,,,,5.9,,5.9,,,,,,5.9,,5.9,5.9,0.0,0.0,2,5.9,5.9,0.0,0.0,2
Jornalismo (Bacharelado) | Darcy Ribeiro | Diurno | AC | EP=False | R=NA | GE=NA | PCD=False | SM=NA,523,Jornalismo (Bacharelado),Darcy Ribeiro,Diurno,AC,6,5,81.255,85.895,115.406,103.7,83.043,83.131,69.365,95.519,26.154,8.5,10.236,60.0,4.0,17.219,106.989,107.228,78.377,130.233,51.856,18.978,17.738,50.0,3,36.019,85.895,,82.101,0.004,81.127,-0.004,82.819,,103.7,,93.869,0.173,92.015,0.167,103.505,,82.985,82.46,2.06,4.768,4,98.272,98.687,6.202,11.685,4
Jornalismo (Bacharelado) | Darcy Ribeiro | Diurno | CN | EP=False | R=NA | GE=NEGROS | PCD=False | SM=NA,524,Jornalismo (Bacharelado),Darcy Ribeiro,Diurno,CN,6,6,14.706,52.71,26.97,52.71,37.246,41.333,-3.462,76.01,79.472,29.073,78.056,60.0,4.0,56.021,39.29,41.333,-3.462,76.01,79.472,27.563,70.153,60.0,4,53.283,52.71,,34.766,0.002,32.118,-0.003,36.655,,52.71,,30.678,0.028,30.366,0.028,37.239,,39.062,35.711,9.287,20.592,4,37.748,33.959,10.466,22.344,4
Jornalismo (Bacharelado) | Darcy Ribeiro | Diurno | EP_R1_NPPI | EP=True | R=R1 | GE=NPPI | PCD=False | SM=1.5,525,Jornalismo (Bacharelado),Darcy Ribeiro,Diurno,EP_R1_NPPI,5,5,-9.001,-11.956,-8.705,-11.956,6.224,1.728,-11.956,40.539,52.495,21.053,338.254,50.0,3.0,38.719,6.283,1.728,-11.956,40.539,52.495,21.0,334.221,50.0,3,38.591,-11.956,,-4.768,0.076,-14.34,-0.04,3.781,,-11.956,,-4.886,0.079,-14.399,-0.037,3.801,,-6.82,-8.362,8.155,18.121,4,-6.86,-8.421,8.172,18.2,4
Jornalismo (Bacharelado) | Darcy Ribeiro | Diurno | EP_R1_NPPIQ | EP=True | R=R1 | GE=NPPIQ | PCD=False | SM=1.0,526,Jornalismo (Bacharelado),Darcy Ribeiro,Diurno,EP_R1_NPPIQ,1,1,-37.174,-37.174,-31.769,-31.769,-37.174,-37.174,-37.174,-37.174,0.0,0.0,0.0,100.0,0.0,0.0,-31.769,-31.769,-31.769,-31.769,0.0,0.0,0.0,100.0,0,0.0,-37.174,,,,,,-37.174,,-31.769,,,,,,-31.769,,-37.174,-37.174,0.0,0.0,2,-31.769,-31.769,0.0,0.0,2
Jornalismo (Bacharelado) | Darcy Ribeiro | Diurno | EP_R1_PPI | EP=True | R=R1 | GE=PPI | PCD=False | SM=1.5,527,Jornalismo (Bacharelado),Darcy Ribeiro,Diurno,EP_R1_PPI,4,4,-45.399,18.926,-22.287,19.95,-14.316,-15.396,-45.399,18.926,64.325,31.227,-218.119,66.667,2.0,54.356,-2.483,-3.797,-22.287,19.95,42.237,19.729,-794.654,66.667,2,32.381,18.926,,23.609,0.393,24.473,0.393,-6.731,,19.95,,23.398,0.459,24.449,0.457,2.693,,15.069,21.268,14.736,31.204,4,17.623,21.674,10.137,21.756,4
Jornalismo (Bacharelado) | Darcy Ribeiro | Diurno | EP_R2_NPPI | EP=True | R=R2 | GE=NPPI | PCD=False | SM=1.5,528,Jornalismo (Bacharelado),Darcy Ribeiro,Diurno,EP_R2_NPPI,5,5,7.89,16.995,26.716,16.995,36.54,21.437,7.89,69.465,61.575,29.315,80.228,75.0,1.0,44.216,40.305,26.716,16.995,69.465,52.47,25.702,63.768,75.0,1,36.047,16.995,,27.595,0.026,10.099,-0.174,34.552,,16.995,,20.064,0.172,6.334,0.012,35.807,,22.31,22.295,10.881,24.454,4,19.8,18.53,12.186,29.474,4
Jornalismo (Bacharelado) | Darcy Ribeiro | Diurno | EP_R2_NPPIQ | EP=True | R=R2 | GE=NPPIQ | PCD=False | SM=1.0,529,Jornalismo (Bacharelado),Darcy Ribeiro,Diurno,EP_R2_NPPIQ,1,1,41.607,41.607,41.607,41.607,41.607,41.607,41.607,41.607,0.0,0.0,0.0,100.0,0.0,0.0,41.607,41.607,41.607,41.607,0.0,0.0,0.0,100.0,0,0.0,41.607,,,,,,41.607,,41.607,,,,,,41.607,,41.607,41.607,0.0,0.0,2,41.607,41.607,0.0,0.0,2
Jornalismo (Bacharelado) | Darcy Ribeiro | Diurno | EP_R2_PPI | EP=True | R=R2 | GE=PPI | PCD=False | SM=1.5,530,Jornalismo (Bacharelado),Darcy Ribeiro,Diurno,EP_R2_PPI,5,5,-5.212,-53.574,13.931,-0.525,-8.816,-5.212,-53.574,23.778,77.352,28.565,-323.996,50.0,3.0,41.797,21.245,13.931,-0.525,44.224,44.749,21.437,100.903,50.0,3,44.463,-53.574,,-43.743,0.415,-55.655,0.318,-16.578,,-0.525,,12.686,0.044,5.61,-0.017,19.343,,-42.387,-48.658,17.973,39.077,4,9.278,9.148,8.611,19.868,4
Jornalismo (Bacharelado) | Darcy Ribeiro | Diurno | EP_R2_PPIQ | EP=True | R=R2 | GE=PPIQ | PCD=False | SM=1.0,531,Jornalismo (Bacharelado),Darcy Ribeiro,Diurno,EP_R2_PPIQ,1,1,-49.264,-49.264,20.148,20.148,-49.264,-49.264,-49.264,-49.264,0.0,0.0,0.0,100.0,0.0,0.0,20.148,20.148,20.148,20.148,0.0,0.0,0.0,100.0,0,0.0,-49.264,,,,,,-49.264,,20.148,,,,,,20.148,,-49.264,-49.264,0.0,0.0,2,20.148,20.148,0.0,0.0,2
Letras - Espanhol (Licenciatura) | Darcy Ribeiro | Noturno | AC | EP=False | R=NA | GE=NA | PCD=False | SM=NA,532,Letras - Espanhol (Licenciatura),Darcy Ribeiro,Noturno,AC,5,5,-55.012,-79.029,-5.413,-60.693,-70.106,-71.142,-98.76,-46.586,52.174,20.511,-29.257,50.0,2.0,37.363,-18.7,-13.667,-60.693,13.701,74.394,27.8,-148.661,50.0,3,35.089,-79.029,,-71.334,0.001,-71.089,-0.0,-69.83,,-60.693,,-64.896,0.708,-70.136,0.683,-27.895,,-72.82,-71.211,4.191,9.199,4,-55.905,-62.794,19.069,42.241,4
Letras - Espanhol (Licenciatura) | Darcy Ribeiro | Noturno | EP_R1_NPPI | EP=True | R=R1 | GE=NPPI | PCD=False | SM=1.5,533,Letras - Espanhol (Licenciatura),Darcy Ribeiro,Noturno,EP_R1_NPPI,1,1,-27.424,-27.424,-27.424,-27.424,-27.424,-27.424,-27.424,-27.424,0.0,0.0,0.0,100.0,0.0,0.0,-27.424,-27.424,-27.424,-27.424,0.0,0.0,0.0,100.0,0,0.0,-27.424,,,,,,-27.424,,-27.424,,,,,,-27.424,,-27.424,-27.424,0.0,0.0,2,-27.424,-27.424,0.0,0.0,2
Letras - Espanhol (Licenciatura) | Darcy Ribeiro | Noturno | EP_R1_PPI | EP=True | R=R1 | GE=PPI | PCD=False | SM=1.5,534,Letras - Espanhol (Licenciatura),Darcy Ribeiro,Noturno,EP_R1_PPI,2,2,-44.303,-54.875,-44.303,-36.401,-49.589,-49.589,-54.875,-44.303,10.572,7.476,-15.075,100.0,0.0,0.0,-40.352,-40.352,-44.303,-36.401,7.902,5.588,-13.847,100.0,0,0.0,-54.875,,-65.447,1.0,-65.447,1.0,-51.351,,-36.401,,-28.499,1.0,-28.499,1.0,-39.035,,-59.28,-60.161,7.265,14.096,4,-33.109,-32.45,5.43,10.536,4
Letras - Espanhol (Licenciatura) | Darcy Ribeiro | Noturno | EP_R2_NPPI | EP=True | R=R2 | GE=NPPI | PCD=False | SM=1.5,535,Letras - Espanhol (Licenciatura),Darcy Ribeiro,Noturno,EP_R2_NPPI,2,2,-41.243,-47.192,-37.835,21.384,-44.218,-44.218,-47.192,-41.243,5.949,4.207,-9.513,100.0,0.0,0.0,-8.226,-8.226,-37.835,21.384,59.219,41.874,-509.077,100.0,0,0.0,-47.192,,-50.166,1.0,-50.166,1.0,-45.209,,21.384,,50.993,1.0,50.994,1.0,1.644,,-48.183,-48.679,2.429,4.957,4,31.254,36.189,24.176,49.349,4
Letras - Espanhol (Licenciatura) | Darcy Ribeiro | Noturno | EP_R2_PPI | EP=True | R=R2 | GE=PPI | PCD=False | SM=1.5,536,Letras - Espanhol (Licenciatura),Darcy Ribeiro,Noturno,EP_R2_PPI,3,3,-45.262,-14.494,-45.262,-14.494,-32.78,-38.583,-45.262,-14.494,30.768,16.184,-49.373,100.0,0.0,12.311,-32.78,-38.583,-45.262,-14.494,30.768,16.184,-49.373,100.0,0,12.311,-14.494,,-2.012,0.904,0.89,0.89,-27.652,,-14.494,,-2.012,0.904,0.89,0.89,-27.652,,-10.817,-8.253,13.058,28.542,4,-10.817,-8.253,13.058,28.542,4
Letras - Francês (Bacharelado/Licenciatura) | Darcy Ribeiro | Diurno | AC | EP=False | R=NA | GE=NA | PCD=False | SM=NA,537,Letras - Francês (Bacharelado/Licenciatura),Darcy Ribeiro,Diurno,AC,4,4,-55.891,-87.339,5.252,-26.043,-62.638,-59.351,-87.339,-44.511,42.828,18.113,-28.917,66.667,1.0,19.188,0.875,0.59,-26.043,28.361,54.404,22.537,2577.08,66.667,1,29.514,-87.339,,-92.845,0.811,-95.336,0.794,-68.27,,-26.043,,-32.552,0.642,-35.663,0.627,-5.441,,-85.947,-90.092,12.249,27.065,4,-24.925,-29.298,13.593,30.221,4
Letras - Francês (Bacharelado/Licenciatura) | Darcy Ribeiro | Diurno | CN | EP=False | R=NA | GE=NEGROS | PCD=False | SM=NA,538,Letras - Francês (Bacharelado/Licenciatura),Darcy Ribeiro,Diurno,CN,1,1,-84.371,-84.371,-84.371,-84.371,-84.371,-84.371,-84.371,-84.371,0.0,0.0,0.0,100.0,0.0,0.0,-84.371,-84.371,-84.371,-84.371,0.0,0.0,0.0,100.0,0,0.0,-84.371,,,,,,-84.371,,-84.371,,,,,,-84.371,,-84.371,-84.371,0.0,0.0,2,-84.371,-84.371,0.0,0.0,2
Letras - Francês (Bacharelado/Licenciatura) | Darcy Ribeiro | Diurno | EP_R1_NPPI | EP=True | R=R1 | GE=NPPI | PCD=False | SM=1.5,539,Letras - Francês (Bacharelado/Licenciatura),Darcy Ribeiro,Diurno,EP_R1_NPPI,2,2,-2.644,-48.692,-2.644,0.205,-25.668,-25.668,-48.692,-2.644,46.048,32.561,-126.854,100.0,0.0,0.0,-1.22,-1.22,-2.644,0.205,2.849,2.015,-165.195,100.0,0,0.0,-48.692,,-71.716,1.0,-71.716,1.0,-33.343,,0.205,,1.63,1.0,1.629,1.0,-0.745,,-56.367,-60.204,18.799,38.373,4,0.68,0.917,1.163,2.374,4
Letras - Francês (Bacharelado/Licenciatura) | Darcy Ribeiro | Diurno | EP_R2_NPPI | EP=True | R=R2 | GE=NPPI | PCD=False | SM=1.5,540,Letras - Francês (Bacharelado/Licenciatura),Darcy Ribeiro,Diurno,EP_R2_NPPI,3,3,-20.18,-33.805,-20.18,-33.805,-32.545,-33.805,-43.649,-20.18,23.469,11.785,-36.212,50.0,1.0,23.556,-32.545,-33.805,-43.649,-20.18,23.469,11.785,-36.212,50.0,1,23.556,-33.805,,-41.051,0.171,-36.918,0.054,-34.816,,-33.805,,-41.051,0.171,-36.918,0.054,-34.816,,-36.647,-35.867,3.209,7.246,4,-36.647,-35.867,3.209,7.246,4
Letras - Francês (Bacharelado/Licenciatura) | Darcy Ribeiro | Diurno | EP_R2_PPI | EP=True | R=R2 | GE=PPI | PCD=False | SM=1.5,541,Letras - Francês (Bacharelado/Licenciatura),Darcy Ribeiro,Diurno,EP_R2_PPI,3,3,-20.959,-80.307,-20.877,-20.312,-49.995,-48.718,-80.307,-20.959,59.348,29.695,-59.396,100.0,0.0,2.708,-16.699,-20.312,-20.877,-8.908,11.969,6.753,-40.44,50.0,1,16.527,-80.307,,-109.343,0.999,-109.981,0.998,-59.886,,-20.312,,-16.134,0.002,-20.03,-0.138,-16.605,,-89.879,-94.825,24.318,50.095,4,-18.27,-18.317,2.206,4.178,4
Letras - Inglês (Bacharelado/Licenciatura) | Darcy Ribeiro | Diurno | AC | EP=False | R=NA | GE=NA | PCD=False | SM=NA,542,Letras - Inglês (Bacharelado/Licenciatura),Darcy Ribeiro,Diurno,AC,6,6,-10.253,15.306,20.671,83.036,12.801,18.868,-15.468,32.546,48.014,20.965,163.77,60.0,4.0,35.789,48.583,55.574,4.023,83.036,79.013,30.58,62.945,80.0,2,53.182,15.306,,12.158,0.0,4.138,-0.089,12.648,,83.036,,66.991,0.104,64.376,0.099,52.966,,11.063,12.403,4.819,11.168,4,66.842,65.683,12.395,30.07,4
Letras - Inglês (Bacharelado/Licenciatura) | Darcy Ribeiro | Diurno | CN | EP=False | R=NA | GE=NEGROS | PCD=False | SM=NA,543,Letras - Inglês (Bacharelado/Licenciatura),Darcy Ribeiro,Diurno,CN,4,4,-52.719,-17.014,-40.613,-17.014,-17.16,-21.325,-52.719,26.727,79.446,32.977,-192.166,66.667,1.0,49.818,-14.134,-21.325,-40.613,26.727,67.34,28.933,-204.705,66.667,1,48.445,-17.014,,22.709,0.39,8.544,0.298,-9.187,,-17.014,,16.656,0.302,4.912,0.22,-7.976,,1.263,-0.321,17.853,39.723,4,-0.855,-1.532,14.739,33.67,4
Letras - Inglês (Bacharelado/Licenciatura) | Darcy Ribeiro | Diurno | EP_R1_NPPI | EP=True | R=R1 | GE=NPPI | PCD=False | SM=1.5,544,Letras - Inglês (Bacharelado/Licenciatura),Darcy Ribeiro,Diurno,EP_R1_NPPI,5,5,-17.712,-26.435,25.713,-26.435,-13.272,-12.715,-26.435,-3.967,22.468,9.217,-69.443,50.0,3.0,15.652,-4.587,-5.532,-26.435,25.713,52.148,19.123,-416.879,75.0,2,15.98,-26.435,,-18.975,0.106,-24.312,-0.082,-14.54,,-26.435,,-36.346,0.766,-32.997,0.749,-11.645,,-21.066,-21.644,5.364,11.895,4,-26.856,-29.716,10.944,24.701,4
Letras - Inglês (Bacharelado/Licenciatura) | Darcy Ribeiro | Diurno | EP_R1_PPI | EP=True | R=R1 | GE=PPI | PCD=False | SM=1.5,545,Letras - Inglês (Bacharelado/Licenciatura),Darcy Ribeiro,Diurno,EP_R1_PPI,4,4,6.406,-18.631,6.406,-17.678,-21.213,-24.622,-42.015,6.406,48.421,20.741,-97.773,66.667,1.0,34.707,-12.003,-7.452,-39.516,6.406,45.922,21.185,-176.496,66.667,2,45.4,-18.631,,-37.14,0.157,-25.06,-0.012,-24.399,,-17.678,,-19.494,0.033,-14.4,0.004,-13.501,,-26.308,-24.729,7.778,18.509,4,-16.268,-16.039,2.801,5.992,4
Letras - Inglês (Bacharelado/Licenciatura) | Darcy Ribeiro | Diurno | EP_R2_NPPI | EP=True | R=R2 | GE=NPPI | PCD=False | SM=1.5,546,Letras - Inglês (Bacharelado/Licenciatura),Darcy Ribeiro,Diurno,EP_R2_NPPI,5,5,14.039,-40.908,21.415,-19.451,6.931,14.039,-40.908,30.669,71.577,28.962,417.85,50.0,1.0,26.694,14.494,21.415,-19.451,30.669,50.12,20.287,139.966,50.0,1,17.976,-40.908,,-33.485,0.541,-48.079,0.398,-2.05,,-19.451,,-14.78,0.578,-24.504,0.449,7.989,,-31.131,-37.197,20.282,46.028,4,-12.687,-17.115,14.344,32.493,4
Letras - Inglês (Bacharelado/Licenciatura) | Darcy Ribeiro | Diurno | EP_R2_NPPIQ | EP=True | R=R2 | GE=NPPIQ | PCD=False | SM=1.0,547,Letras - Inglês (Bacharelado/Licenciatura),Darcy Ribeiro,Diurno,EP_R2_NPPIQ,1,1,-14.226,-14.226,12.035,12.035,-14.226,-14.226,-14.226,-14.226,0.0,0.0,0.0,100.0,0.0,0.0,12.035,12.035,12.035,12.035,0.0,0.0,0.0,100.0,0,0.0,-14.226,,,,,,-14.226,,12.035,,,,,,12.035,,-14.226,-14.226,0.0,0.0,2,12.035,12.035,0.0,0.0,2
Letras - Inglês (Bacharelado/Licenciatura) | Darcy Ribeiro | Diurno | EP_R2_PPI | EP=True | R=R2 | GE=PPI | PCD=False | SM=1.5,548,Letras - Inglês (Bacharelado/Licenciatura),Darcy Ribeiro,Diurno,EP_R2_PPI,4,4,-63.889,-77.785,-9.992,-77.785,-33.727,-31.02,-77.785,4.915,82.7,43.243,-128.213,66.667,1.0,74.518,-6.546,3.966,-77.785,43.669,121.454,52.304,-799.026,66.667,1,85.619,-77.785,,-43.383,0.013,-73.071,-0.222,-35.658,,-77.785,,-50.954,0.192,-80.828,0.029,-15.428,,-57.474,-58.227,21.058,42.127,4,-56.249,-64.37,30.344,65.401,4
Letras - Inglês (Bacharelado/Licenciatura) | Darcy Ribeiro | Diurno | EP_R2_PPIQ | EP=True | R=R2 | GE=PPIQ | PCD=False | SM=1.0,549,Letras - Inglês (Bacharelado/Licenciatura),Darcy Ribeiro,Diurno,EP_R2_PPIQ,1,1,-34.486,-34.486,-34.486,-34.486,-34.486,-34.486,-34.486,-34.486,0.0,0.0,0.0,100.0,0.0,0.0,-34.486,-34.486,-34.486,-34.486,0.0,0.0,0.0,100.0,0,0.0,-34.486,,,,,,-34.486,,-34.486,,,,,,-34.486,,-34.486,-34.486,0.0,0.0,2,-34.486,-34.486,0.0,0.0,2
Letras - Português (Bacharelado/Licenciatura) | Darcy Ribeiro | Diurno | AC | EP=False | R=NA | GE=NA | PCD=False | SM=NA,550,Letras - Português (Bacharelado/Licenciatura),Darcy Ribeiro,Diurno,AC,6,6,-25.6,46.683,59.203,88.696,20.908,37.335,-25.6,52.636,78.236,35.578,170.163,60.0,4.0,60.077,55.983,57.954,-4.114,88.696,92.81,32.87,58.714,60.0,3,64.514,46.683,,39.691,0.08,29.909,0.034,25.38,,88.696,,56.181,0.0,61.287,-0.015,56.03,,35.416,34.8,9.596,21.303,4,65.549,58.734,15.624,32.666,4
Letras - Português (Bacharelado/Licenciatura) | Darcy Ribeiro | Diurno | CN | EP=False | R=NA | GE=NEGROS | PCD=False | SM=NA,551,Letras - Português (Bacharelado/Licenciatura),Darcy Ribeiro,Diurno,CN,6,6,-46.766,30.129,-21.415,30.129,-4.554,7.141,-60.705,35.734,96.439,40.096,-880.397,60.0,4.0,71.314,-0.329,7.141,-60.705,35.734,96.439,35.872,-10897.712,60.0,4,68.612,30.129,,16.11,0.076,8.613,0.055,0.366,,30.129,,7.66,0.014,4.992,0.011,1.573,,13.805,12.362,12.641,29.763,4,11.088,6.326,12.936,28.556,4
Letras - Português (Bacharelado/Licenciatura) | Darcy Ribeiro | Diurno | EP_R1_NPPI | EP=True | R=R1 | GE=NPPI | PCD=False | SM=1.5,552,Letras - Português (Bacharelado/Licenciatura),Darcy Ribeiro,Diurno,EP_R1_NPPI,5,5,-16.876,-26.314,-16.876,-26.314,-2.272,-16.142,-26.314,39.574,65.888,26.686,-1174.352,50.0,3.0,53.74,7.057,8.396,-26.314,39.574,65.888,28.702,406.735,75.0,1,42.929,-26.314,,1.418,0.005,-8.788,-0.077,-1.452,,-26.314,,10.747,0.005,-8.788,-0.255,7.877,,-8.784,-5.12,12.452,27.732,4,-4.12,-0.456,17.12,37.061,4
Letras - Português (Bacharelado/Licenciatura) | Darcy Ribeiro | Diurno | EP_R1_NPPIQ | EP=True | R=R1 | GE=NPPIQ | PCD=False | SM=1.0,553,Letras - Português (Bacharelado/Licenciatura),Darcy Ribeiro,Diurno,EP_R1_NPPIQ,1,1,-21.143,-21.143,-21.143,-21.143,-21.143,-21.143,-21.143,-21.143,0.0,0.0,0.0,100.0,0.0,0.0,-21.143,-21.143,-21.143,-21.143,0.0,0.0,0.0,100.0,0,0.0,-21.143,,,,,,-21.143,,-21.143,,,,,,-21.143,,-21.143,-21.143,0.0,0.0,2,-21.143,-21.143,0.0,0.0,2
Letras - Português (Bacharelado/Licenciatura) | Darcy Ribeiro | Diurno | EP_R1_PPI | EP=True | R=R1 | GE=PPI | PCD=False | SM=1.5,554,Letras - Português (Bacharelado/Licenciatura),Darcy Ribeiro,Diurno,EP_R1_PPI,4,4,-39.486,-21.582,-31.425,1.737,-18.73,-15.848,-39.486,-3.737,35.749,15.684,-83.741,66.667,1.0,23.612,-1.776,-1.0,-31.425,26.323,57.748,23.698,-1334.73,66.667,2,44.169,-21.582,,-3.708,0.245,-13.151,0.063,-15.725,,1.737,,15.581,0.143,5.126,0.046,1.696,,-13.541,-14.438,7.445,17.874,4,6.035,3.432,6.564,13.885,4
Letras - Português (Bacharelado/Licenciatura) | Darcy Ribeiro | Diurno | EP_R2_NPPI | EP=True | R=R2 | GE=NPPI | PCD=False | SM=1.5,555,Letras - Português (Bacharelado/Licenciatura),Darcy Ribeiro,Diurno,EP_R2_NPPI,5,5,-29.217,-53.691,73.365,-27.208,-4.197,17.882,-53.691,23.426,77.117,35.149,-837.391,75.0,1.0,50.858,24.996,23.426,-27.208,73.365,100.573,35.994,144.0,75.0,2,36.591,-53.691,,-20.545,0.06,-45.38,-0.22,-7.83,,-27.208,,-31.941,0.695,-32.653,0.695,12.343,,-31.862,-32.962,21.33,45.861,4,-19.865,-29.574,21.607,44.996,4
Letras - Português (Bacharelado/Licenciatura) | Darcy Ribeiro | Diurno | EP_R2_NPPIQ | EP=True | R=R2 | GE=NPPIQ | PCD=False | SM=1.0,556,Letras - Português (Bacharelado/Licenciatura),Darcy Ribeiro,Diurno,EP_R2_NPPIQ,1,1,-39.521,-39.521,-1.814,-1.814,-39.521,-39.521,-39.521,-39.521,0.0,0.0,0.0,100.0,0.0,0.0,-1.814,-1.814,-1.814,-1.814,0.0,0.0,0.0,100.0,0,0.0,-39.521,,,,,,-39.521,,-1.814,,,,,,-1.814,,-39.521,-39.521,0.0,0.0,2,-1.814,-1.814,0.0,0.0,2
Letras - Português (Bacharelado/Licenciatura) | Darcy Ribeiro | Diurno | EP_R2_PPI | EP=True | R=R2 | GE=PPI | PCD=False | SM=1.5,557,Letras - Português (Bacharelado/Licenciatura),Darcy Ribeiro,Diurno,EP_R2_PPI,4,4,-71.639,-23.758,18.495,9.729,-46.132,-47.698,-75.985,-13.148,62.837,32.302,-70.021,66.667,2.0,68.312,0.739,14.112,-51.065,25.795,76.86,35.155,4760.281,66.667,2,69.394,-23.758,,-25.931,0.104,-27.184,0.104,-42.092,,9.729,,-25.051,0.144,-14.352,0.097,-4.419,,-29.741,-26.557,8.355,18.334,4,-8.523,-9.386,14.8,34.78,4
Letras - Português (Bacharelado/Licenciatura) | Darcy Ribeiro | Diurno | EP_R2_PPIQ | EP=True | R=R2 | GE=PPIQ | PCD=False | SM=1.0,558,Letras - Português (Bacharelado/Licenciatura),Darcy Ribeiro,Diurno,EP_R2_PPIQ,1,1,-30.58,-30.58,-30.58,-30.58,-30.58,-30.58,-30.58,-30.58,0.0,0.0,0.0,100.0,0.0,0.0,-30.58,-30.58,-30.58,-30.58,0.0,0.0,0.0,100.0,0,0.0,-30.58,,,,,,-30.58,,-30.58,,,,,,-30.58,,-30.58,-30.58,0.0,0.0,2,-30.58,-30.58,0.0,0.0,2
Letras - Português (Licenciatura) | Darcy Ribeiro | Noturno | AC | EP=False | R=NA | GE=NA | PCD=False | SM=NA,559,Letras - Português (Licenciatura),Darcy Ribeiro,Noturno,AC,5,5,-54.535,-56.955,1.714,23.041,-61.616,-56.955,-79.901,-46.157,33.744,13.46,-21.845,75.0,2.0,23.076,33.304,23.041,-9.045,78.089,87.134,40.175,120.631,50.0,2,66.992,-56.955,,-55.404,0.055,-51.622,0.015,-60.314,,23.041,,19.249,0.031,7.445,-0.012,30.339,,-56.074,-56.179,3.606,8.691,4,20.018,21.145,9.563,22.894,4
Letras - Português (Licenciatura) | Darcy Ribeiro | Noturno | CN | EP=False | R=NA | GE=NEGROS | PCD=False | SM=NA,560,Letras - Português (Licenciatura),Darcy Ribeiro,Noturno,CN,1,1,-31.96,-31.96,-31.96,-31.96,-31.96,-31.96,-31.96,-31.96,0.0,0.0,0.0,100.0,0.0,0.0,-31.96,-31.96,-31.96,-31.96,0.0,0.0,0.0,100.0,0,0.0,-31.96,,,,,,-31.96,,-31.96,,,,,,-31.96,,-31.96,-31.96,0.0,0.0,2,-31.96,-31.96,0.0,0.0,2
Letras - Português (Licenciatura) | Darcy Ribeiro | Noturno | EP_R1_NPPI | EP=True | R=R1 | GE=NPPI | PCD=False | SM=1.5,561,Letras - Português (Licenciatura),Darcy Ribeiro,Noturno,EP_R1_NPPI,3,3,6.56,-45.745,6.56,14.783,-31.437,-45.745,-55.127,6.56,61.687,33.239,-105.732,50.0,1.0,50.253,-10.9,6.56,-54.044,14.783,68.827,37.589,-344.843,50.0,1,91.522,-45.745,,-83.742,0.619,-71.898,0.566,-40.155,,14.783,,-2.677,0.012,18.894,-0.126,-9.53,,-60.385,-58.821,20.83,43.587,4,5.368,6.053,13.642,28.424,4
Letras - Português (Licenciatura) | Darcy Ribeiro | Noturno | EP_R1_PPI | EP=True | R=R1 | GE=PPI | PCD=False | SM=1.5,562,Letras - Português (Licenciatura),Darcy Ribeiro,Noturno,EP_R1_PPI,1,1,-39.823,-39.823,-20.991,-20.991,-39.823,-39.823,-39.823,-39.823,0.0,0.0,0.0,100.0,0.0,0.0,-20.991,-20.991,-20.991,-20.991,0.0,0.0,0.0,100.0,0,0.0,-39.823,,,,,,-39.823,,-20.991,,,,,,-20.991,,-39.823,-39.823,0.0,0.0,2,-20.991,-20.991,0.0,0.0,2
Letras - Português (Licenciatura) | Darcy Ribeiro | Noturno | EP_R2_NPPI | EP=True | R=R2 | GE=NPPI | PCD=False | SM=1.5,563,Letras - Português (Licenciatura),Darcy Ribeiro,Noturno,EP_R2_NPPI,4,4,-3.889,-8.792,18.043,-7.475,-21.35,-15.122,-51.267,-3.889,47.378,21.273,-99.641,66.667,1.0,40.533,-8.865,-1.117,-51.267,18.043,69.31,30.127,-339.848,66.667,2,63.014,-8.792,,-17.573,0.008,-5.566,-0.151,-20.594,,-7.475,,-13.876,0.007,-2.558,-0.063,-9.867,,-13.131,-13.182,7.106,15.029,4,-8.444,-8.671,4.73,11.319,4
Letras - Português (Licenciatura) | Darcy Ribeiro | Noturno | EP_R2_PPI | EP=True | R=R2 | GE=PPI | PCD=False | SM=1.5,564,Letras - Português (Licenciatura),Darcy Ribeiro,Noturno,EP_R2_PPI,3,3,-23.897,-13.592,-23.897,-13.592,-17.007,-13.592,-23.897,-13.532,10.365,5.967,-35.085,50.0,1.0,7.372,-17.007,-13.592,-23.897,-13.532,10.365,5.967,-35.085,50.0,1,7.372,-13.592,,-6.702,0.746,-8.44,0.71,-15.289,,-13.592,,-6.702,0.746,-8.44,0.71,-15.289,,-11.006,-11.016,4.088,8.587,4,-11.006,-11.016,4.088,8.587,4
Letras – Português do Brasil como Segunda Língua (Licenciatura) | Darcy Ribeiro | Diurno | AC | EP=False | R=NA | GE=NA | PCD=False | SM=NA,565,Letras – Português do Brasil como Segunda Língua (Licenciatura),Darcy Ribeiro,Diurno,AC,5,5,-65.683,-75.904,30.297,-4.147,-46.602,-49.96,-75.904,-10.942,64.962,26.288,-56.41,75.0,1.0,38.318,35.524,45.035,-4.147,58.052,62.199,24.313,68.44,75.0,1,36.028,-75.904,,-69.392,0.193,-82.566,0.038,-50.566,,-4.147,,10.993,0.261,-2.524,0.043,31.799,,-69.607,-72.648,13.786,32.0,4,9.03,4.234,16.628,35.946,4
Letras – Português do Brasil como Segunda Língua (Licenciatura) | Darcy Ribeiro | Diurno | CN | EP=False | R=NA | GE=NEGROS | PCD=False | SM=NA,566,Letras – Português do Brasil como Segunda Língua (Licenciatura),Darcy Ribeiro,Diurno,CN,2,2,-27.202,-45.762,-27.202,-45.762,-36.482,-36.482,-45.762,-27.202,18.56,13.124,-35.974,100.0,0.0,0.0,-36.482,-36.482,-45.762,-27.202,18.56,13.124,-35.974,100.0,0,0.0,-45.762,,-64.322,1.0,-64.322,1.0,-39.575,,-45.762,,-64.322,1.0,-64.322,1.0,-39.575,,-53.495,-55.042,12.754,24.747,4,-53.495,-55.042,12.754,24.747,4
Letras – Português do Brasil como Segunda Língua (Licenciatura) | Darcy Ribeiro | Diurno | EP_R1_NPPI | EP=True | R=R1 | GE=NPPI | PCD=False | SM=1.5,567,Letras – Português do Brasil como Segunda Língua (Licenciatura),Darcy Ribeiro,Diurno,EP_R1_NPPI,3,3,-17.594,-41.555,-17.594,-41.555,-31.655,-35.816,-41.555,-17.594,23.961,12.511,-39.522,100.0,0.0,8.827,-28.283,-25.7,-41.555,-17.594,23.961,12.188,-43.091,100.0,0,5.479,-41.555,,-51.004,0.785,-48.77,0.754,-35.648,,-41.555,,-49.559,1.0,-49.533,1.0,-32.276,,-44.244,-45.162,7.007,15.356,4,-43.231,-45.544,8.217,17.282,4
Letras – Português do Brasil como Segunda Língua (Licenciatura) | Darcy Ribeiro | Diurno | EP_R1_PPI | EP=True | R=R1 | GE=PPI | PCD=False | SM=1.5,568,Letras – Português do Brasil como Segunda Língua (Licenciatura),Darcy Ribeiro,Diurno,EP_R1_PPI,3,3,-35.98,-48.36,-35.98,-48.36,-46.7,-48.36,-55.76,-35.98,19.78,9.994,-21.4,50.0,1.0,19.219,-46.7,-48.36,-55.76,-35.98,19.78,9.994,-21.4,50.0,1,19.219,-48.36,,-59.08,0.384,-54.55,0.297,-48.763,,-48.36,,-59.08,0.384,-54.55,0.297,-48.763,,-52.688,-51.657,5.114,10.72,4,-52.688,-51.657,5.114,10.72,4
Letras – Português do Brasil como Segunda Língua (Licenciatura) | Darcy Ribeiro | Diurno | EP_R2_NPPI | EP=True | R=R2 | GE=NPPI | PCD=False | SM=1.5,569,Letras – Português do Brasil como Segunda Língua (Licenciatura),Darcy Ribeiro,Diurno,EP_R2_NPPI,3,3,-24.411,-4.691,-24.411,-4.691,-25.489,-24.411,-47.365,-4.691,42.674,21.357,-83.791,50.0,1.0,46.406,-10.896,-4.691,-24.411,-3.586,20.825,11.717,-107.538,50.0,1,15.507,-4.691,,-5.769,0.213,5.169,0.103,-22.202,,-4.691,,8.824,0.708,5.169,0.667,-7.609,,-6.873,-5.23,11.343,27.371,4,0.423,0.239,7.827,16.433,4
Letras – Português do Brasil como Segunda Língua (Licenciatura) | Darcy Ribeiro | Diurno | EP_R2_PPI | EP=True | R=R2 | GE=PPI | PCD=False | SM=1.5,570,Letras – Português do Brasil como Segunda Língua (Licenciatura),Darcy Ribeiro,Diurno,EP_R2_PPI,3,3,-83.522,3.895,-50.615,3.895,-46.859,-60.95,-83.522,3.895,87.417,45.38,-96.844,100.0,0.0,29.892,-28.279,-38.117,-50.615,3.895,54.51,28.556,-100.978,100.0,0,20.87,3.895,,40.558,0.928,47.603,0.918,-32.29,,3.895,,26.231,0.911,31.15,0.899,-19.194,,14.942,22.226,36.859,79.893,4,10.52,15.063,23.089,50.344,4
Letras – Tradução – Espanhol (Bacharelado) | Darcy Ribeiro | Noturno | AC | EP=False | R=NA | GE=NA | PCD=False | SM=NA,571,Letras – Tradução – Espanhol (Bacharelado),Darcy Ribeiro,Noturno,AC,5,5,-37.809,-56.271,-20.326,-56.271,-58.181,-56.295,-80.944,-37.809,43.135,15.349,-26.381,50.0,1.0,22.006,-41.871,-52.043,-56.295,-20.326,35.969,17.941,-42.848,75.0,1,12.58,-56.271,,-66.326,0.072,-58.031,-0.108,-60.423,,-56.271,,-72.21,0.733,-67.383,0.681,-48.789,,-60.263,-59.227,4.386,10.055,4,-61.163,-61.827,10.611,23.422,4
Letras – Tradução – Espanhol (Bacharelado) | Darcy Ribeiro | Noturno | EP_R1_PPI | EP=True | R=R1 | GE=PPI | PCD=False | SM=1.5,572,Letras – Tradução – Espanhol (Bacharelado),Darcy Ribeiro,Noturno,EP_R1_PPI,1,1,-45.083,-45.083,-45.083,-45.083,-45.083,-45.083,-45.083,-45.083,0.0,0.0,0.0,100.0,0.0,0.0,-45.083,-45.083,-45.083,-45.083,0.0,0.0,0.0,100.0,0,0.0,-45.083,,,,,,-45.083,,-45.083,,,,,,-45.083,,-45.083,-45.083,0.0,0.0,2,-45.083,-45.083,0.0,0.0,2
Letras – Tradução – Espanhol (Bacharelado) | Darcy Ribeiro | Noturno | EP_R2_NPPI | EP=True | R=R2 | GE=NPPI | PCD=False | SM=1.5,573,Letras – Tradução – Espanhol (Bacharelado),Darcy Ribeiro,Noturno,EP_R2_NPPI,3,3,-49.61,-74.097,-49.61,-24.363,-57.502,-49.61,-74.097,-48.799,25.298,14.377,-25.003,50.0,1.0,18.462,-33.282,-25.873,-49.61,-24.363,25.247,14.161,-42.547,100.0,0,15.717,-74.097,,-80.977,0.875,-82.937,0.857,-61.583,,-24.363,,-13.759,0.624,-17.104,0.571,-29.074,,-74.899,-77.537,9.652,21.353,4,-21.075,-20.733,6.931,15.316,4
Letras – Tradução – Espanhol (Bacharelado) | Darcy Ribeiro | Noturno | EP_R2_PPI | EP=True | R=R2 | GE=PPI | PCD=False | SM=1.5,574,Letras – Tradução – Espanhol (Bacharelado),Darcy Ribeiro,Noturno,EP_R2_PPI,1,1,-26.219,-26.219,-26.219,-26.219,-26.219,-26.219,-26.219,-26.219,0.0,0.0,0.0,100.0,0.0,0.0,-26.219,-26.219,-26.219,-26.219,0.0,0.0,0.0,100.0,0,0.0,-26.219,,,,,,-26.219,,-26.219,,,,,,-26.219,,-26.219,-26.219,0.0,0.0,2,-26.219,-26.219,0.0,0.0,2
Letras – Tradução – Francês (Bacharelado) | Darcy Ribeiro | Diurno | AC | EP=False | R=NA | GE=NA | PCD=False | SM=NA,575,Letras – Tradução – Francês (Bacharelado),Darcy Ribeiro,Diurno,AC,5,5,-67.216,-18.595,-67.216,-18.595,-43.467,-28.614,-75.823,-18.595,57.228,26.069,-59.975,75.0,2.0,43.109,9.084,8.992,-67.216,108.22,175.436,64.11,705.726,50.0,3,103.218,-18.595,,-11.722,0.38,-10.061,0.377,-36.883,,-18.595,,51.131,0.11,16.795,-0.097,21.847,,-19.315,-15.158,12.281,26.822,4,17.795,19.321,28.595,69.726,4
Letras – Tradução – Francês (Bacharelado) | Darcy Ribeiro | Diurno | EP_R2_PPI | EP=True | R=R2 | GE=PPI | PCD=False | SM=1.5,576,Letras – Tradução – Francês (Bacharelado),Darcy Ribeiro,Diurno,EP_R2_PPI,1,1,-28.725,-28.725,-28.725,-28.725,-28.725,-28.725,-28.725,-28.725,0.0,0.0,0.0,100.0,0.0,0.0,-28.725,-28.725,-28.725,-28.725,0.0,0.0,0.0,100.0,0,0.0,-28.725,,,,,,-28.725,,-28.725,,,,,,-28.725,,-28.725,-28.725,0.0,0.0,2,-28.725,-28.725,0.0,0.0,2
Letras – Tradução – Inglês (Bacharelado) | Darcy Ribeiro | Diurno | AC | EP=False | R=NA | GE=NA | PCD=False | SM=NA,577,Letras – Tradução – Inglês (Bacharelado),Darcy Ribeiro,Diurno,AC,6,6,-73.348,-75.983,38.784,32.724,-31.932,-35.282,-75.983,14.876,90.859,41.267,-129.237,80.0,1.0,51.262,44.879,35.754,-20.242,119.299,139.541,46.993,104.711,60.0,2,65.047,-75.983,,-56.597,0.102,-82.893,-0.145,-37.804,,32.724,,4.864,0.207,-5.721,0.176,35.352,,-63.319,-66.29,20.328,45.089,4,16.805,18.794,20.391,41.072,4
Letras – Tradução – Inglês (Bacharelado) | Darcy Ribeiro | Diurno | CN | EP=False | R=NA | GE=NEGROS | PCD=False | SM=NA,578,Letras – Tradução – Inglês (Bacharelado),Darcy Ribeiro,Diurno,CN,4,4,-50.511,8.667,-13.166,8.667,-24.042,-26.775,-51.286,8.667,59.953,31.379,-130.514,66.667,1.0,25.476,-14.706,-8.103,-51.286,8.667,59.953,25.967,-176.575,66.667,1,43.353,8.667,,32.403,0.863,34.899,0.86,-12.753,,8.667,,13.73,0.32,23.696,0.246,-9.019,,15.804,20.535,22.41,47.652,4,9.269,11.199,13.697,32.714,4
Letras – Tradução – Inglês (Bacharelado) | Darcy Ribeiro | Diurno | EP_R1_NPPI | EP=True | R=R1 | GE=NPPI | PCD=False | SM=1.5,579,Letras – Tradução – Inglês (Bacharelado),Darcy Ribeiro,Diurno,EP_R1_NPPI,1,1,21.242,21.242,21.242,21.242,21.242,21.242,21.242,21.242,0.0,0.0,0.0,100.0,0.0,0.0,21.242,21.242,21.242,21.242,0.0,0.0,0.0,100.0,0,0.0,21.242,,,,,,21.242,,21.242,,,,,,21.242,,21.242,21.242,0.0,0.0,2,21.242,21.242,0.0,0.0,2
Letras – Tradução – Inglês (Bacharelado) | Darcy Ribeiro | Diurno | EP_R1_PPI | EP=True | R=R1 | GE=PPI | PCD=False | SM=1.5,580,Letras – Tradução – Inglês (Bacharelado),Darcy Ribeiro,Diurno,EP_R1_PPI,3,3,-63.398,-50.121,-41.295,-0.815,-58.404,-61.692,-63.398,-50.121,13.277,7.224,-12.368,100.0,0.0,6.976,-25.993,-35.869,-41.295,-0.815,40.48,21.973,-84.534,100.0,0,20.95,-50.121,,-45.127,0.845,-43.482,0.823,-56.191,,-0.815,,14.487,0.848,19.425,0.827,-19.246,,-48.73,-47.624,5.719,12.708,4,3.463,6.836,17.42,38.671,4
Letras – Tradução – Inglês (Bacharelado) | Darcy Ribeiro | Diurno | EP_R2_NPPI | EP=True | R=R2 | GE=NPPI | PCD=False | SM=1.5,581,Letras – Tradução – Inglês (Bacharelado),Darcy Ribeiro,Diurno,EP_R2_NPPI,4,4,-66.721,-20.761,14.502,-20.341,-20.493,-9.024,-66.721,2.798,69.519,32.752,-159.823,66.667,1.0,48.373,10.482,8.608,-20.341,45.052,65.393,27.213,259.63,66.667,1,37.767,-20.761,,13.956,0.295,-4.643,0.134,-13.603,,-20.341,,-26.236,0.485,-36.956,0.408,3.138,,-6.263,-9.123,15.006,34.717,4,-20.099,-23.288,16.949,40.094,4
Letras – Tradução – Inglês (Bacharelado) | Darcy Ribeiro | Diurno | EP_R2_NPPIQ | EP=True | R=R2 | GE=NPPIQ | PCD=False | SM=1.0,582,Letras – Tradução – Inglês (Bacharelado),Darcy Ribeiro,Diurno,EP_R2_NPPIQ,1,1,-59.741,-59.741,-59.741,-59.741,-59.741,-59.741,-59.741,-59.741,0.0,0.0,0.0,100.0,0.0,0.0,-59.741,-59.741,-59.741,-59.741,0.0,0.0,0.0,100.0,0,0.0,-59.741,,,,,,-59.741,,-59.741,,,,,,-59.741,,-59.741,-59.741,0.0,0.0,2,-59.741,-59.741,0.0,0.0,2
Letras – Tradução – Inglês (Bacharelado) | Darcy Ribeiro | Diurno | EP_R2_NPPIQ_PCD | EP=True | R=R2 | GE=NPPIQ | PCD=True | SM=1.0,583,Letras – Tradução – Inglês (Bacharelado),Darcy Ribeiro,Diurno,EP_R2_NPPIQ_PCD,1,1,-20.506,-20.506,-20.506,-20.506,-20.506,-20.506,-20.506,-20.506,0.0,0.0,0.0,100.0,0.0,0.0,-20.506,-20.506,-20.506,-20.506,0.0,0.0,0.0,100.0,0,0.0,-20.506,,,,,,-20.506,,-20.506,,,,,,-20.506,,-20.506,-20.506,0.0,0.0,2,-20.506,-20.506,0.0,0.0,2
Letras – Tradução – Inglês (Bacharelado) | Darcy Ribeiro | Diurno | EP_R2_PPI | EP=True | R=R2 | GE=PPI | PCD=False | SM=1.5,584,Letras – Tradução – Inglês (Bacharelado),Darcy Ribeiro,Diurno,EP_R2_PPI,2,2,-34.883,-62.082,-23.747,1.315,-48.482,-48.482,-62.082,-34.883,27.199,19.233,-39.669,100.0,0.0,0.0,-11.216,-11.216,-23.747,1.315,25.062,17.722,-158.002,100.0,0,0.0,-62.082,,-89.281,1.0,-89.281,1.0,-53.016,,1.315,,26.377,1.0,26.377,1.0,-7.039,,-73.415,-75.681,18.691,36.265,4,11.757,13.846,17.222,33.416,4
Línguas Estrangeiras Aplicadas (Bacharelado) | Darcy Ribeiro | Diurno | AC | EP=False | R=NA | GE=NA | PCD=False | SM=NA,585,Línguas Estrangeiras Aplicadas (Bacharelado),Darcy Ribeiro,Diurno,AC,5,5,-54.738,-60.26,59.227,-0.938,-50.294,-54.738,-60.26,-32.749,27.511,10.784,-21.442,75.0,2.0,17.451,41.458,50.274,-0.938,59.227,60.165,24.072,58.063,75.0,2,23.179,-60.26,,-53.59,0.024,-59.212,-0.158,-50.485,,-0.938,,-0.808,0.79,-7.129,0.739,33.31,,-55.887,-56.401,4.642,9.775,4,6.109,-0.873,18.373,40.439,4
Línguas Estrangeiras Aplicadas (Bacharelado) | Darcy Ribeiro | Diurno | CN | EP=False | R=NA | GE=NEGROS | PCD=False | SM=NA,586,Línguas Estrangeiras Aplicadas (Bacharelado),Darcy Ribeiro,Diurno,CN,2,2,-34.469,44.585,-34.469,44.585,5.058,5.058,-34.469,44.585,79.054,55.9,1105.172,100.0,0.0,0.0,5.058,5.058,-34.469,44.585,79.054,55.9,1105.172,100.0,0,0.0,44.585,,123.639,1.0,123.639,1.0,18.234,,44.585,,123.639,1.0,123.639,1.0,18.234,,77.524,84.112,54.325,105.405,4,77.524,84.112,54.325,105.405,4
Línguas Estrangeiras Aplicadas (Bacharelado) | Darcy Ribeiro | Diurno | EP_R1_NPPI | EP=True | R=R1 | GE=NPPI | PCD=False | SM=1.5,587,Línguas Estrangeiras Aplicadas (Bacharelado),Darcy Ribeiro,Diurno,EP_R1_NPPI,2,2,-2.767,47.66,-2.767,47.66,22.446,22.446,-2.767,47.66,50.427,35.657,158.854,100.0,0.0,0.0,22.446,22.446,-2.767,47.66,50.427,35.657,158.854,100.0,0,0.0,47.66,,98.087,1.0,98.087,1.0,30.851,,47.66,,98.087,1.0,98.087,1.0,30.851,,68.671,72.873,34.653,67.236,4,68.671,72.873,34.653,67.236,4
Línguas Estrangeiras Aplicadas (Bacharelado) | Darcy Ribeiro | Diurno | EP_R1_PPI | EP=True | R=R1 | GE=PPI | PCD=False | SM=1.5,588,Línguas Estrangeiras Aplicadas (Bacharelado),Darcy Ribeiro,Diurno,EP_R1_PPI,2,2,-25.614,-45.996,-25.614,-32.916,-35.805,-35.805,-45.996,-25.614,20.382,14.412,-40.252,100.0,0.0,0.0,-29.265,-29.265,-32.916,-25.614,7.302,5.163,-17.643,100.0,0,0.0,-45.996,,-52.79,1.0,-52.79,1.0,-39.202,,-32.916,,-35.35,1.0,-35.35,1.0,-30.482,,-47.695,-49.393,6.505,13.588,4,-33.524,-34.133,2.33,4.868,4
Línguas Estrangeiras Aplicadas (Bacharelado) | Darcy Ribeiro | Diurno | EP_R2_NPPI | EP=True | R=R2 | GE=NPPI | PCD=False | SM=1.5,589,Línguas Estrangeiras Aplicadas (Bacharelado),Darcy Ribeiro,Diurno,EP_R2_NPPI,3,3,-48.698,-2.629,-10.814,16.552,-21.723,-13.842,-48.698,-2.629,46.069,24.024,-110.594,100.0,0.0,16.718,1.598,-0.945,-10.814,16.552,27.366,13.859,867.456,100.0,0,5.394,-2.629,,24.346,0.919,20.405,0.908,-14.045,,16.552,,28.964,0.975,30.235,0.971,6.159,,7.019,8.888,18.405,38.391,4,20.477,22.758,11.368,24.076,4
Línguas Estrangeiras Aplicadas (Bacharelado) | Darcy Ribeiro | Diurno | EP_R2_NPPIQ | EP=True | R=R2 | GE=NPPIQ | PCD=False | SM=1.0,590,Línguas Estrangeiras Aplicadas (Bacharelado),Darcy Ribeiro,Diurno,EP_R2_NPPIQ,1,1,-67.757,-67.757,-67.757,-67.757,-67.757,-67.757,-67.757,-67.757,0.0,0.0,0.0,100.0,0.0,0.0,-67.757,-67.757,-67.757,-67.757,0.0,0.0,0.0,100.0,0,0.0,-67.757,,,,,,-67.757,,-67.757,,,,,,-67.757,,-67.757,-67.757,0.0,0.0,2,-67.757,-67.757,0.0,0.0,2
Línguas Estrangeiras Aplicadas (Bacharelado) | Darcy Ribeiro | Diurno | EP_R2_PPI | EP=True | R=R2 | GE=PPI | PCD=False | SM=1.5,591,Línguas Estrangeiras Aplicadas (Bacharelado),Darcy Ribeiro,Diurno,EP_R2_PPI,3,3,21.416,-15.779,21.416,-15.779,-23.664,-15.779,-76.629,21.416,98.045,49.496,-209.161,50.0,1.0,112.356,3.847,5.904,-15.779,21.416,37.195,18.683,485.641,100.0,0,4.364,-15.779,,-60.859,0.141,-34.376,0.021,-29.863,,-15.779,,-33.348,0.991,-34.376,0.99,-2.352,,-35.219,-32.12,18.839,45.08,4,-21.464,-24.563,15.336,32.024,4
Matemática (Bacharelado/Licenciatura) | Darcy Ribeiro | Diurno | AC | EP=False | R=NA | GE=NA | PCD=False | SM=NA,592,Matemática (Bacharelado/Licenciatura),Darcy Ribeiro,Diurno,AC,6,6,-74.606,-20.737,79.364,105.88,-18.201,-11.806,-74.606,31.531,106.137,44.151,-242.572,60.0,2.0,63.129,75.965,83.078,17.561,105.88,88.319,30.549,40.215,60.0,2,53.055,-20.737,,-20.969,0.001,-41.876,-0.136,-18.86,,105.88,,65.969,0.031,72.452,0.003,73.585,,-25.611,-20.853,10.885,23.016,4,79.471,73.019,17.923,39.911,4
Matemática (Bacharelado/Licenciatura) | Darcy Ribeiro | Diurno | CN | EP=False | R=NA | GE=NEGROS | PCD=False | SM=NA,593,Matemática (Bacharelado/Licenciatura),Darcy Ribeiro,Diurno,CN,4,4,-78.171,-31.236,-78.171,-31.236,-23.457,-14.116,-78.171,12.575,90.746,41.039,-174.957,66.667,1.0,62.715,-23.457,-14.116,-78.171,12.575,90.746,41.039,-174.957,66.667,1,62.715,-31.236,,9.422,0.227,-13.204,0.011,-15.938,,-31.236,,9.422,0.227,-13.204,0.011,-15.938,,-12.739,-14.571,16.77,40.658,4,-12.739,-14.571,16.77,40.658,4
Matemática (Bacharelado/Licenciatura) | Darcy Ribeiro | Diurno | EP_R1_NPPI | EP=True | R=R1 | GE=NPPI | PCD=False | SM=1.5,594,Matemática (Bacharelado/Licenciatura),Darcy Ribeiro,Diurno,EP_R1_NPPI,4,4,-96.948,-20.208,-96.948,8.078,-54.285,-49.992,-96.948,-20.208,76.74,31.737,-58.464,100.0,0.0,21.625,-18.22,3.99,-96.948,16.087,113.035,52.899,-290.333,66.667,1,54.905,-20.208,,3.935,0.897,0.501,0.892,-42.641,,8.078,,64.595,0.654,43.624,0.575,-1.657,,-14.603,-9.853,21.52,46.576,4,28.66,25.851,30.865,66.253,4
Matemática (Bacharelado/Licenciatura) | Darcy Ribeiro | Diurno | EP_R1_PPI | EP=True | R=R1 | GE=PPI | PCD=False | SM=1.5,595,Matemática (Bacharelado/Licenciatura),Darcy Ribeiro,Diurno,EP_R1_PPI,4,4,-1.016,-6.051,32.712,13.305,-17.43,-3.534,-64.581,1.929,66.51,31.606,-181.336,66.667,2.0,62.648,6.449,7.617,-22.149,32.712,54.861,22.913,355.283,66.667,1,36.461,-6.051,,-37.834,0.111,-26.717,0.049,-21.51,,13.305,,-14.125,0.215,-0.878,0.048,2.334,,-23.028,-24.114,13.208,31.782,4,0.159,0.728,11.294,27.43,4
Matemática (Bacharelado/Licenciatura) | Darcy Ribeiro | Diurno | EP_R2_NPPI | EP=True | R=R2 | GE=NPPI | PCD=False | SM=1.5,596,Matemática (Bacharelado/Licenciatura),Darcy Ribeiro,Diurno,EP_R2_NPPI,5,5,-42.476,-53.025,6.428,-53.025,-4.448,14.603,-53.025,40.087,93.112,40.872,-918.793,50.0,3.0,64.755,5.332,14.603,-53.025,40.087,93.112,34.914,654.743,50.0,3,44.871,-53.025,,-17.233,0.027,-45.12,-0.234,-7.289,,-53.025,,-36.795,0.404,-54.9,0.253,-4.029,,-30.667,-31.176,21.876,45.736,4,-37.187,-44.91,23.553,50.871,4
Matemática (Bacharelado/Licenciatura) | Darcy Ribeiro | Diurno | EP_R2_NPPIQ | EP=True | R=R2 | GE=NPPIQ | PCD=False | SM=1.0,597,Matemática (Bacharelado/Licenciatura),Darcy Ribeiro,Diurno,EP_R2_NPPIQ,1,1,-20.656,-20.656,-20.656,-20.656,-20.656,-20.656,-20.656,-20.656,0.0,0.0,0.0,100.0,0.0,0.0,-20.656,-20.656,-20.656,-20.656,0.0,0.0,0.0,100.0,0,0.0,-20.656,,,,,,-20.656,,-20.656,,,,,,-20.656,,-20.656,-20.656,0.0,0.0,2,-20.656,-20.656,0.0,0.0,2
Matemática (Bacharelado/Licenciatura) | Darcy Ribeiro | Diurno | EP_R2_PPI | EP=True | R=R2 | GE=PPI | PCD=False | SM=1.5,598,Matemática (Bacharelado/Licenciatura),Darcy Ribeiro,Diurno,EP_R2_PPI,4,4,-54.452,-51.87,-2.143,21.222,-54.692,-53.448,-60.003,-51.87,8.133,3.71,-6.783,66.667,1.0,6.56,20.809,26.35,-2.143,32.678,34.821,16.142,77.572,66.667,1,23.845,-51.87,,-50.866,0.284,-49.641,0.229,-53.927,,21.222,,38.032,0.304,29.017,0.148,24.253,,-51.576,-51.368,1.813,4.286,4,28.131,26.635,7.339,16.81,4
Matemática (Bacharelado/Licenciatura) | Darcy Ribeiro | Diurno | EP_R2_PPIQ | EP=True | R=R2 | GE=PPIQ | PCD=False | SM=1.0,599,Matemática (Bacharelado/Licenciatura),Darcy Ribeiro,Diurno,EP_R2_PPIQ,1,1,-29.962,-29.962,-29.962,-29.962,-29.962,-29.962,-29.962,-29.962,0.0,0.0,0.0,100.0,0.0,0.0,-29.962,-29.962,-29.962,-29.962,0.0,0.0,0.0,100.0,0,0.0,-29.962,,,,,,-29.962,,-29.962,,,,,,-29.962,,-29.962,-29.962,0.0,0.0,2,-29.962,-29.962,0.0,0.0,2
Matemática (Licenciatura) | Darcy Ribeiro | Noturno | AC | EP=False | R=NA | GE=NA | PCD=False | SM=NA,600,Matemática (Licenciatura),Darcy Ribeiro,Noturno,AC,5,5,-44.481,-51.641,-44.481,31.378,-53.891,-50.656,-73.474,-44.481,28.993,11.286,-20.943,75.0,1.0,18.339,12.343,22.858,-44.481,42.289,86.77,33.933,274.916,75.0,2,31.664,-51.641,,-63.222,0.175,-59.028,0.066,-56.464,,31.378,,59.571,0.496,44.462,0.372,23.337,,-57.589,-57.746,4.846,11.581,4,39.687,37.92,15.859,36.234,4
Matemática (Licenciatura) | Darcy Ribeiro | Noturno | CN | EP=False | R=NA | GE=NEGROS | PCD=False | SM=NA,601,Matemática (Licenciatura),Darcy Ribeiro,Noturno,CN,3,3,2.629,-64.383,2.629,-64.383,-6.23,2.629,-64.383,43.063,107.446,54.268,-871.03,50.0,1.0,104.567,-6.23,2.629,-64.383,43.063,107.446,54.268,-871.03,50.0,1,104.567,-64.383,,-56.489,0.381,-73.742,0.295,-17.399,,-64.383,,-56.489,0.381,-73.742,0.295,-17.399,,-53.003,-60.436,24.762,56.343,4,-53.003,-60.436,24.762,56.343,4
Matemática (Licenciatura) | Darcy Ribeiro | Noturno | EP_R1_PPI | EP=True | R=R1 | GE=PPI | PCD=False | SM=1.5,602,Matemática (Licenciatura),Darcy Ribeiro,Noturno,EP_R1_PPI,2,2,-38.182,23.101,-20.674,23.101,-7.541,-7.541,-38.182,23.101,61.283,43.334,-574.678,100.0,0.0,0.0,1.213,1.213,-20.674,23.101,43.775,30.954,2550.77,100.0,0,0.0,23.101,,84.384,1.0,84.384,1.0,2.673,,23.101,,66.876,1.0,66.876,1.0,8.509,,48.636,53.742,42.113,81.711,4,41.341,44.988,30.081,58.367,4
Matemática (Licenciatura) | Darcy Ribeiro | Noturno | EP_R2_NPPI | EP=True | R=R2 | GE=NPPI | PCD=False | SM=1.5,603,Matemática (Licenciatura),Darcy Ribeiro,Noturno,EP_R2_NPPI,1,1,-54.593,-54.593,1.689,1.689,-54.593,-54.593,-54.593,-54.593,0.0,0.0,0.0,100.0,0.0,0.0,1.689,1.689,1.689,1.689,0.0,0.0,0.0,100.0,0,0.0,-54.593,,,,,,-54.593,,1.689,,,,,,1.689,,-54.593,-54.593,0.0,0.0,2,1.689,1.689,0.0,0.0,2
Matemática (Licenciatura) | Darcy Ribeiro | Noturno | EP_R2_PPI | EP=True | R=R2 | GE=PPI | PCD=False | SM=1.5,604,Matemática (Licenciatura),Darcy Ribeiro,Noturno,EP_R2_PPI,2,2,-11.475,-33.505,23.132,-15.931,-22.49,-22.49,-33.505,-11.475,22.03,15.578,-69.264,100.0,0.0,0.0,3.601,3.601,-15.931,23.132,39.063,27.622,767.163,100.0,0,0.0,-33.505,,-55.535,1.0,-55.535,1.0,-26.162,,-15.931,,-54.994,1.0,-54.994,1.0,-2.91,,-42.684,-44.52,15.139,29.373,4,-32.207,-35.462,26.843,52.084,4
Medicina (Bacharelado) | Darcy Ribeiro | Diurno | AC | EP=False | R=NA | GE=NA | PCD=False | SM=NA,605,Medicina (Bacharelado),Darcy Ribeiro,Diurno,AC,5,5,164.861,166.75,190.742,190.334,171.083,166.75,162.424,183.5,21.076,9.122,5.332,50.0,2.0,14.557,194.988,190.742,173.057,211.738,38.681,15.808,8.107,75.0,2,26.694,166.75,,168.688,0.025,163.95,-0.121,169.93,,190.334,,187.943,0.072,182.187,0.001,192.533,,167.33,167.719,2.606,5.98,4,188.249,189.139,4.455,10.345,4
Medicina (Bacharelado) | Darcy Ribeiro | Diurno | CN | EP=False | R=NA | GE=NEGROS | PCD=False | SM=NA,606,Medicina (Bacharelado),Darcy Ribeiro,Diurno,CN,5,5,157.264,120.046,157.983,120.046,138.106,146.826,94.772,171.622,76.85,30.702,22.231,75.0,2.0,59.991,138.25,146.826,94.772,171.622,76.85,30.815,22.29,75.0,2,60.205,120.046,,129.124,0.031,128.255,0.027,136.614,,120.046,,128.833,0.034,128.093,0.03,136.662,,128.51,128.69,6.776,16.568,4,128.408,128.463,6.79,16.616,4
Medicina (Bacharelado) | Darcy Ribeiro | Diurno | EP_R1_NPPI | EP=True | R=R1 | GE=NPPI | PCD=False | SM=1.5,607,Medicina (Bacharelado),Darcy Ribeiro,Diurno,EP_R1_NPPI,4,4,93.731,88.009,117.434,109.377,92.819,93.682,88.009,95.903,7.894,3.373,3.634,66.667,1.0,3.91,117.56,113.405,98.249,145.179,46.93,20.022,17.032,66.667,2,39.207,88.009,,89.478,0.378,87.743,0.228,91.847,,109.377,,106.426,0.119,101.158,0.088,114.005,,89.269,88.743,1.88,4.104,4,107.742,107.902,5.384,12.846,4
Medicina (Bacharelado) | Darcy Ribeiro | Diurno | EP_R1_NPPIQ | EP=True | R=R1 | GE=NPPIQ | PCD=False | SM=1.0,608,Medicina (Bacharelado),Darcy Ribeiro,Diurno,EP_R1_NPPIQ,1,1,98.649,98.649,98.649,98.649,98.649,98.649,98.649,98.649,0.0,0.0,0.0,100.0,0.0,0.0,98.649,98.649,98.649,98.649,0.0,0.0,0.0,100.0,0,0.0,98.649,,,,,,98.649,,98.649,,,,,,98.649,,98.649,98.649,0.0,0.0,2,98.649,98.649,0.0,0.0,2
Medicina (Bacharelado) | Darcy Ribeiro | Diurno | EP_R1_NPPIQ_PCD | EP=True | R=R1 | GE=NPPIQ | PCD=True | SM=1.0,609,Medicina (Bacharelado),Darcy Ribeiro,Diurno,EP_R1_NPPIQ_PCD,1,1,46.775,46.775,46.775,46.775,46.775,46.775,46.775,46.775,0.0,0.0,0.0,100.0,0.0,0.0,46.775,46.775,46.775,46.775,0.0,0.0,0.0,100.0,0,0.0,46.775,,,,,,46.775,,46.775,,,,,,46.775,,46.775,46.775,0.0,0.0,2,46.775,46.775,0.0,0.0,2
Medicina (Bacharelado) | Darcy Ribeiro | Diurno | EP_R1_PPI | EP=True | R=R1 | GE=PPI | PCD=False | SM=1.5,610,Medicina (Bacharelado),Darcy Ribeiro,Diurno,EP_R1_PPI,5,5,28.975,55.923,94.939,61.257,55.444,55.923,28.975,78.064,49.089,19.825,35.757,75.0,2.0,31.167,91.744,86.39,61.257,138.392,77.135,28.898,31.499,75.0,2,48.395,55.923,,63.631,0.047,53.572,-0.097,57.264,,61.257,,74.129,0.103,61.277,-0.008,87.83,,57.597,56.593,4.302,10.059,4,71.123,67.703,12.681,26.573,4
Medicina (Bacharelado) | Darcy Ribeiro | Diurno | EP_R1_PPIQ | EP=True | R=R1 | GE=PPIQ | PCD=False | SM=1.0,611,Medicina (Bacharelado),Darcy Ribeiro,Diurno,EP_R1_PPIQ,1,1,81.446,81.446,96.795,96.795,81.446,81.446,81.446,81.446,0.0,0.0,0.0,100.0,0.0,0.0,96.795,96.795,96.795,96.795,0.0,0.0,0.0,100.0,0,0.0,81.446,,,,,,81.446,,96.795,,,,,,96.795,,81.446,81.446,0.0,0.0,2,96.795,96.795,0.0,0.0,2
Medicina (Bacharelado) | Darcy Ribeiro | Diurno | EP_R1_PPI_PCD | EP=True | R=R1 | GE=PPI | PCD=True | SM=1.5,612,Medicina (Bacharelado),Darcy Ribeiro,Diurno,EP_R1_PPI_PCD,2,2,-40.024,-6.687,-40.024,-6.687,-23.356,-23.356,-40.024,-6.687,33.337,23.573,-100.93,100.0,0.0,0.0,-23.356,-23.356,-40.024,-6.687,33.337,23.573,-100.93,100.0,0,0.0,-6.687,,26.65,1.0,26.65,1.0,-17.799,,-6.687,,26.65,1.0,26.65,1.0,-17.799,,7.203,9.981,22.909,44.449,4,7.203,9.981,22.909,44.449,4
Medicina (Bacharelado) | Darcy Ribeiro | Diurno | EP_R2_NPPI | EP=True | R=R2 | GE=NPPI | PCD=False | SM=1.5,613,Medicina (Bacharelado),Darcy Ribeiro,Diurno,EP_R2_NPPI,4,4,137.999,155.1,190.592,155.1,155.278,153.821,137.999,175.472,37.473,15.426,9.934,66.667,1.0,22.965,173.581,174.316,155.1,190.592,35.492,14.545,8.379,66.667,2,12.336,155.1,,172.374,0.474,167.49,0.409,158.99,,155.1,,151.866,0.86,150.146,0.85,168.373,,163.488,163.24,7.865,17.274,4,156.371,153.483,8.26,18.227,4
Medicina (Bacharelado) | Darcy Ribeiro | Diurno | EP_R2_NPPIQ | EP=True | R=R2 | GE=NPPIQ | PCD=False | SM=1.0,614,Medicina (Bacharelado),Darcy Ribeiro,Diurno,EP_R2_NPPIQ,1,1,162.281,162.281,162.281,162.281,162.281,162.281,162.281,162.281,0.0,0.0,0.0,100.0,0.0,0.0,162.281,162.281,162.281,162.281,0.0,0.0,0.0,100.0,0,0.0,162.281,,,,,,162.281,,162.281,,,,,,162.281,,162.281,162.281,0.0,0.0,2,162.281,162.281,0.0,0.0,2
Medicina (Bacharelado) | Darcy Ribeiro | Diurno | EP_R2_NPPIQ_PCD | EP=True | R=R2 | GE=NPPIQ | PCD=True | SM=1.0,615,Medicina (Bacharelado),Darcy Ribeiro,Diurno,EP_R2_NPPIQ_PCD,1,1,103.215,103.215,103.215,103.215,103.215,103.215,103.215,103.215,0.0,0.0,0.0,100.0,0.0,0.0,103.215,103.215,103.215,103.215,0.0,0.0,0.0,100.0,0,0.0,103.215,,,,,,103.215,,103.215,,,,,,103.215,,103.215,103.215,0.0,0.0,2,103.215,103.215,0.0,0.0,2
Medicina (Bacharelado) | Darcy Ribeiro | Diurno | EP_R2_NPPI_PCD | EP=True | R=R2 | GE=NPPI | PCD=True | SM=1.5,616,Medicina (Bacharelado),Darcy Ribeiro,Diurno,EP_R2_NPPI_PCD,1,1,107.509,107.509,107.509,107.509,107.509,107.509,107.509,107.509,0.0,0.0,0.0,100.0,0.0,0.0,107.509,107.509,107.509,107.509,0.0,0.0,0.0,100.0,0,0.0,107.509,,,,,,107.509,,107.509,,,,,,107.509,,107.509,107.509,0.0,0.0,2,107.509,107.509,0.0,0.0,2
Medicina (Bacharelado) | Darcy Ribeiro | Diurno | EP_R2_PPI | EP=True | R=R2 | GE=PPI | PCD=False | SM=1.5,617,Medicina (Bacharelado),Darcy Ribeiro,Diurno,EP_R2_PPI,4,4,101.453,78.632,124.97,98.015,97.292,101.48,78.632,107.578,28.946,12.768,13.123,66.667,1.0,18.723,117.738,119.248,98.015,134.438,36.423,15.684,13.321,66.667,2,28.746,78.632,,86.18,0.292,80.266,0.161,94.173,,98.015,,106.043,0.214,101.327,0.153,114.74,,84.813,83.223,7.032,15.541,4,105.031,103.685,7.262,16.725,4
Medicina (Bacharelado) | Darcy Ribeiro | Diurno | EP_R2_PPIQ | EP=True | R=R2 | GE=PPIQ | PCD=False | SM=1.0,618,Medicina (Bacharelado),Darcy Ribeiro,Diurno,EP_R2_PPIQ,1,1,115.802,115.802,119.954,119.954,115.802,115.802,115.802,115.802,0.0,0.0,0.0,100.0,0.0,0.0,119.954,119.954,119.954,119.954,0.0,0.0,0.0,100.0,0,0.0,115.802,,,,,,115.802,,119.954,,,,,,119.954,,115.802,115.802,0.0,0.0,2,119.954,119.954,0.0,0.0,2
Medicina (Bacharelado) | Darcy Ribeiro | Diurno | EP_R2_PPIQ_PCD | EP=True | R=R2 | GE=PPIQ | PCD=True | SM=1.0,619,Medicina (Bacharelado),Darcy Ribeiro,Diurno,EP_R2_PPIQ_PCD,1,1,-27.585,-27.585,-2.377,-2.377,-27.585,-27.585,-27.585,-27.585,0.0,0.0,0.0,100.0,0.0,0.0,-2.377,-2.377,-2.377,-2.377,0.0,0.0,0.0,100.0,0,0.0,-27.585,,,,,,-27.585,,-2.377,,,,,,-2.377,,-27.585,-27.585,0.0,0.0,2,-2.377,-2.377,0.0,0.0,2
Medicina Veterinária (Bacharelado) | Darcy Ribeiro | Diurno | AC | EP=False | R=NA | GE=NA | PCD=False | SM=NA,620,Medicina Veterinária (Bacharelado),Darcy Ribeiro,Diurno,AC,6,5,50.187,66.643,118.151,99.685,69.067,67.584,50.187,93.664,43.477,16.9,24.469,60.0,4.0,30.54,108.721,118.151,63.333,134.95,71.617,28.595,26.301,50.0,2,43.549,66.643,,70.743,0.003,63.124,-0.121,69.466,,99.685,,83.212,0.288,78.171,0.273,101.484,,67.494,68.055,3.38,7.619,4,90.638,91.448,11.691,23.313,4
Medicina Veterinária (Bacharelado) | Darcy Ribeiro | Diurno | CN | EP=False | R=NA | GE=NEGROS | PCD=False | SM=NA,621,Medicina Veterinária (Bacharelado),Darcy Ribeiro,Diurno,CN,6,6,47.566,55.857,86.323,55.857,50.499,51.712,10.471,73.643,63.172,22.369,44.297,60.0,4.0,46.156,56.959,62.064,10.471,86.323,75.852,26.557,46.625,60.0,3,45.406,55.857,,54.637,0.01,57.121,0.002,51.484,,55.857,,41.718,0.094,51.584,0.01,53.33,,54.775,55.247,2.417,5.637,4,50.622,52.457,6.19,14.139,4
Medicina Veterinária (Bacharelado) | Darcy Ribeiro | Diurno | EP_R1_NPPI | EP=True | R=R1 | GE=NPPI | PCD=False | SM=1.5,622,Medicina Veterinária (Bacharelado),Darcy Ribeiro,Diurno,EP_R1_NPPI,5,5,22.149,-2.808,44.794,16.671,-2.415,7.066,-58.651,22.149,80.8,33.037,-1367.78,75.0,2.0,60.912,34.109,34.654,16.671,56.233,39.562,17.039,49.956,75.0,2,32.6,-2.808,,-13.459,0.031,-0.584,-0.054,-4.87,,16.671,,23.709,0.103,23.275,0.103,31.798,,-5.43,-3.839,5.631,12.875,4,23.863,23.492,6.193,15.127,4
Medicina Veterinária (Bacharelado) | Darcy Ribeiro | Diurno | EP_R1_NPPIQ | EP=True | R=R1 | GE=NPPIQ | PCD=False | SM=1.0,623,Medicina Veterinária (Bacharelado),Darcy Ribeiro,Diurno,EP_R1_NPPIQ,1,1,-18.653,-18.653,20.35,20.35,-18.653,-18.653,-18.653,-18.653,0.0,0.0,0.0,100.0,0.0,0.0,20.35,20.35,20.35,20.35,0.0,0.0,0.0,100.0,0,0.0,-18.653,,,,,,-18.653,,20.35,,,,,,20.35,,-18.653,-18.653,0.0,0.0,2,20.35,20.35,0.0,0.0,2
Medicina Veterinária (Bacharelado) | Darcy Ribeiro | Diurno | EP_R1_PPI | EP=True | R=R1 | GE=PPI | PCD=False | SM=1.5,624,Medicina Veterinária (Bacharelado),Darcy Ribeiro,Diurno,EP_R1_PPI,4,4,-20.268,-33.589,43.442,27.235,-21.187,-26.928,-40.671,9.779,50.45,22.31,-105.298,66.667,2.0,41.467,32.421,31.68,22.881,43.442,20.561,9.185,28.33,66.667,2,17.17,-33.589,,-43.79,0.274,-48.384,0.253,-25.708,,27.235,,23.576,0.247,25.911,0.215,30.652,,-37.868,-38.69,10.195,22.676,4,26.844,26.573,2.955,7.075,4
Medicina Veterinária (Bacharelado) | Darcy Ribeiro | Diurno | EP_R1_PPIQ | EP=True | R=R1 | GE=PPIQ | PCD=False | SM=1.0,625,Medicina Veterinária (Bacharelado),Darcy Ribeiro,Diurno,EP_R1_PPIQ,1,1,-40.556,-40.556,10.004,10.004,-40.556,-40.556,-40.556,-40.556,0.0,0.0,0.0,100.0,0.0,0.0,10.004,10.004,10.004,10.004,0.0,0.0,0.0,100.0,0,0.0,-40.556,,,,,,-40.556,,10.004,,,,,,10.004,,-40.556,-40.556,0.0,0.0,2,10.004,10.004,0.0,0.0,2
Medicina Veterinária (Bacharelado) | Darcy Ribeiro | Diurno | EP_R2_NPPI | EP=True | R=R2 | GE=NPPI | PCD=False | SM=1.5,626,Medicina Veterinária (Bacharelado),Darcy Ribeiro,Diurno,EP_R2_NPPI,5,5,20.855,37.329,70.061,41.765,43.878,49.328,20.855,60.933,40.078,15.358,35.001,50.0,1.0,20.132,58.41,58.293,41.765,70.061,28.296,11.373,19.471,75.0,2,14.102,37.329,,53.277,0.104,42.7,-0.162,45.967,,41.765,,42.66,0.533,40.23,0.507,54.91,,44.818,44.334,6.67,15.948,4,44.891,42.213,6.754,14.681,4
Medicina Veterinária (Bacharelado) | Darcy Ribeiro | Diurno | EP_R2_NPPIQ | EP=True | R=R2 | GE=NPPIQ | PCD=False | SM=1.0,627,Medicina Veterinária (Bacharelado),Darcy Ribeiro,Diurno,EP_R2_NPPIQ,1,1,53.433,53.433,53.433,53.433,53.433,53.433,53.433,53.433,0.0,0.0,0.0,100.0,0.0,0.0,53.433,53.433,53.433,53.433,0.0,0.0,0.0,100.0,0,0.0,53.433,,,,,,53.433,,53.433,,,,,,53.433,,53.433,53.433,0.0,0.0,2,53.433,53.433,0.0,0.0,2
Medicina Veterinária (Bacharelado) | Darcy Ribeiro | Diurno | EP_R2_NPPIQ_PCD | EP=True | R=R2 | GE=NPPIQ | PCD=True | SM=1.0,628,Medicina Veterinária (Bacharelado),Darcy Ribeiro,Diurno,EP_R2_NPPIQ_PCD,1,1,-34.547,-34.547,-34.547,-34.547,-34.547,-34.547,-34.547,-34.547,0.0,0.0,0.0,100.0,0.0,0.0,-34.547,-34.547,-34.547,-34.547,0.0,0.0,0.0,100.0,0,0.0,-34.547,,,,,,-34.547,,-34.547,,,,,,-34.547,,-34.547,-34.547,0.0,0.0,2,-34.547,-34.547,0.0,0.0,2
Medicina Veterinária (Bacharelado) | Darcy Ribeiro | Diurno | EP_R2_PPI | EP=True | R=R2 | GE=PPI | PCD=False | SM=1.5,629,Medicina Veterinária (Bacharelado),Darcy Ribeiro,Diurno,EP_R2_PPI,5,5,5.198,-62.784,25.608,-29.375,11.061,16.694,-62.784,60.745,123.529,46.321,418.786,75.0,1.0,55.493,37.7,48.048,-29.375,78.776,108.151,42.454,112.609,50.0,3,67.761,-62.784,,-42.944,0.378,-69.295,0.196,-0.94,,-29.375,,8.71,0.13,-16.075,-0.062,31.258,,-43.991,-52.864,30.811,68.355,4,-1.371,-3.682,26.874,60.633,4
Medicina Veterinária (Bacharelado) | Darcy Ribeiro | Diurno | EP_R2_PPIQ | EP=True | R=R2 | GE=PPIQ | PCD=False | SM=1.0,630,Medicina Veterinária (Bacharelado),Darcy Ribeiro,Diurno,EP_R2_PPIQ,1,1,11.522,11.522,23.973,23.973,11.522,11.522,11.522,11.522,0.0,0.0,0.0,100.0,0.0,0.0,23.973,23.973,23.973,23.973,0.0,0.0,0.0,100.0,0,0.0,11.522,,,,,,11.522,,23.973,,,,,,23.973,,11.522,11.522,0.0,0.0,2,23.973,23.973,0.0,0.0,2
Museologia (Bacharelado) | Darcy Ribeiro | Diurno | AC | EP=False | R=NA | GE=NA | PCD=False | SM=NA,631,Museologia (Bacharelado),Darcy Ribeiro,Diurno,AC,5,5,-63.96,-79.405,42.048,19.145,-63.708,-63.96,-79.405,-45.669,33.736,12.45,-19.543,75.0,2.0,19.358,26.598,21.708,11.393,42.048,30.655,13.189,49.584,50.0,3,21.423,-79.405,,-73.207,0.149,-79.151,-0.007,-65.128,,19.145,,10.275,0.393,12.536,0.37,22.857,,-74.223,-76.179,6.705,14.277,4,16.203,15.84,5.817,12.582,4
Museologia (Bacharelado) | Darcy Ribeiro | Diurno | CN | EP=False | R=NA | GE=NEGROS | PCD=False | SM=NA,632,Museologia (Bacharelado),Darcy Ribeiro,Diurno,CN,3,3,-68.311,-38.902,-68.311,-38.902,-55.471,-59.2,-68.311,-38.902,29.409,15.055,-27.14,100.0,0.0,7.91,-55.471,-59.2,-68.311,-38.902,29.409,15.055,-27.14,100.0,0,7.91,-38.902,,-29.198,0.999,-29.047,0.999,-50.57,,-38.902,,-29.198,0.999,-29.047,0.999,-50.57,,-36.929,-34.05,10.196,21.523,4,-36.929,-34.05,10.196,21.523,4
Museologia (Bacharelado) | Darcy Ribeiro | Diurno | EP_R1_NPPI | EP=True | R=R1 | GE=NPPI | PCD=False | SM=1.5,633,Museologia (Bacharelado),Darcy Ribeiro,Diurno,EP_R1_NPPI,1,1,-54.777,-54.777,-54.777,-54.777,-54.777,-54.777,-54.777,-54.777,0.0,0.0,0.0,100.0,0.0,0.0,-54.777,-54.777,-54.777,-54.777,0.0,0.0,0.0,100.0,0,0.0,-54.777,,,,,,-54.777,,-54.777,,,,,,-54.777,,-54.777,-54.777,0.0,0.0,2,-54.777,-54.777,0.0,0.0,2
Museologia (Bacharelado) | Darcy Ribeiro | Diurno | EP_R2_NPPI | EP=True | R=R2 | GE=NPPI | PCD=False | SM=1.5,634,Museologia (Bacharelado),Darcy Ribeiro,Diurno,EP_R2_NPPI,2,2,-86.04,-83.171,-63.772,-5.934,-84.606,-84.606,-86.04,-83.171,2.869,2.029,-2.398,100.0,0.0,0.0,-34.853,-34.853,-63.772,-5.934,57.838,40.898,-117.343,100.0,0,0.0,-83.171,,-80.302,1.0,-80.302,1.0,-84.127,,-5.934,,51.904,1.0,51.904,1.0,-25.213,,-81.976,-81.736,1.972,3.825,4,18.165,22.985,39.745,77.117,4
Museologia (Bacharelado) | Darcy Ribeiro | Diurno | EP_R2_PPI | EP=True | R=R2 | GE=PPI | PCD=False | SM=1.5,635,Museologia (Bacharelado),Darcy Ribeiro,Diurno,EP_R2_PPI,2,2,-51.807,-75.472,-48.412,-75.472,-63.64,-63.64,-75.472,-51.807,23.665,16.734,-26.294,100.0,0.0,0.0,-61.942,-61.942,-75.472,-48.412,27.06,19.134,-30.891,100.0,0,0.0,-75.472,,-99.137,1.0,-99.137,1.0,-67.584,,-75.472,,-102.532,1.0,-102.532,1.0,-66.452,,-85.332,-87.304,16.262,31.553,4,-86.747,-89.002,18.595,36.08,4
Música (Bacharelado) | Darcy Ribeiro | Diurno | AC | EP=False | R=NA | GE=NA | PCD=False | SM=NA,636,Música (Bacharelado),Darcy Ribeiro,Diurno,AC,4,4,-29.764,-2.409,-29.764,65.653,-12.09,-12.901,-29.764,7.205,36.969,17.38,-143.747,66.667,2.0,35.312,29.386,40.828,-29.764,65.653,95.417,41.374,140.792,100.0,0,29.176,-2.409,,2.202,0.239,-0.811,0.229,-9.517,,65.653,,95.078,0.892,86.765,0.865,44.244,,-2.634,-1.61,4.971,11.72,4,72.935,76.209,22.787,50.833,4
Música (Licenciatura) | Darcy Ribeiro | Diurno | AC | EP=False | R=NA | GE=NA | PCD=False | SM=NA,637,Música (Licenciatura),Darcy Ribeiro,Diurno,AC,5,5,-66.315,-15.971,-66.315,132.273,-48.315,-52.883,-66.315,-15.971,50.344,20.732,-42.91,75.0,2.0,17.323,24.625,25.412,-66.315,132.273,198.588,77.065,312.956,75.0,2,95.875,-15.971,,-11.199,0.821,-7.391,0.799,-40.834,,132.273,,145.581,0.631,151.4,0.626,48.854,,-18.849,-13.585,15.071,33.442,4,119.527,138.927,47.79,102.545,4
Música (Licenciatura) | Darcy Ribeiro | Diurno | EP_R1_NPPI | EP=True | R=R1 | GE=NPPI | PCD=False | SM=1.5,638,Música (Licenciatura),Darcy Ribeiro,Diurno,EP_R1_NPPI,2,2,13.326,-69.94,13.326,-69.94,-28.307,-28.307,-69.94,13.326,83.266,58.878,-207.998,100.0,0.0,0.0,-28.307,-28.307,-69.94,13.326,83.266,58.878,-207.998,100.0,0,0.0,-69.94,,-111.573,1.0,-111.573,1.0,-42.185,,-69.94,,-111.573,1.0,-111.573,1.0,-42.185,,-83.818,-90.756,33.993,69.388,4,-83.818,-90.756,33.993,69.388,4
Música (Licenciatura) | Darcy Ribeiro | Diurno | EP_R2_NPPI | EP=True | R=R2 | GE=NPPI | PCD=False | SM=1.5,639,Música (Licenciatura),Darcy Ribeiro,Diurno,EP_R2_NPPI,2,2,-0.727,30.345,-0.727,41.995,14.809,14.809,-0.727,30.345,31.072,21.971,148.364,100.0,0.0,0.0,20.634,20.634,-0.727,41.995,42.722,30.209,146.404,100.0,0,0.0,30.345,,61.417,1.0,61.417,1.0,19.988,,41.995,,84.717,1.0,84.717,1.0,27.754,,43.292,45.881,21.352,41.429,4,59.796,63.356,29.358,56.963,4
Música (Licenciatura) | Darcy Ribeiro | Noturno | EP_R2_NPPI | EP=True | R=R2 | GE=NPPI | PCD=False | SM=1.5,640,Música (Licenciatura),Darcy Ribeiro,Noturno,EP_R2_NPPI,1,1,17.12,17.12,17.12,17.12,17.12,17.12,17.12,17.12,0.0,0.0,0.0,100.0,0.0,0.0,17.12,17.12,17.12,17.12,0.0,0.0,0.0,100.0,0,0.0,17.12,,,,,,17.12,,17.12,,,,,,17.12,,17.12,17.12,0.0,0.0,2,17.12,17.12,0.0,0.0,2
Música (Licenciatura) | Darcy Ribeiro | Diurno | EP_R2_PPI | EP=True | R=R2 | GE=PPI | PCD=False | SM=1.5,641,Música (Licenciatura),Darcy Ribeiro,Diurno,EP_R2_PPI,1,1,-64.024,-64.024,-64.024,-64.024,-64.024,-64.024,-64.024,-64.024,0.0,0.0,0.0,100.0,0.0,0.0,-64.024,-64.024,-64.024,-64.024,0.0,0.0,0.0,100.0,0,0.0,-64.024,,,,,,-64.024,,-64.024,,,,,,-64.024,,-64.024,-64.024,0.0,0.0,2,-64.024,-64.024,0.0,0.0,2
Nutrição (Bacharelado) | Darcy Ribeiro | Diurno | AC | EP=False | R=NA | GE=NA | PCD=False | SM=NA,642,Nutrição (Bacharelado),Darcy Ribeiro,Diurno,AC,6,6,26.002,70.097,130.595,99.32,54.602,61.696,26.002,70.097,44.095,17.117,31.349,60.0,4.0,25.176,95.65,96.637,56.753,130.595,73.842,23.692,24.77,60.0,3,35.731,70.097,,70.646,0.251,65.828,0.203,58.422,,99.32,,69.893,0.338,78.494,0.257,89.517,,66.248,67.962,5.644,12.224,4,84.306,84.006,12.833,29.427,4
Nutrição (Bacharelado) | Darcy Ribeiro | Diurno | CN | EP=False | R=NA | GE=NEGROS | PCD=False | SM=NA,643,Nutrição (Bacharelado),Darcy Ribeiro,Diurno,CN,6,6,3.338,50.784,26.599,50.784,19.344,19.95,-9.709,50.784,60.493,21.743,112.401,60.0,4.0,39.195,23.221,27.152,-9.709,50.784,60.493,20.347,87.624,60.0,4,38.359,50.784,,33.798,0.126,36.725,0.115,22.785,,50.784,,26.044,0.006,33.402,-0.074,23.893,,36.023,35.261,11.526,27.999,4,33.531,29.723,12.201,26.891,4
Nutrição (Bacharelado) | Darcy Ribeiro | Diurno | EP_R1_NPPI | EP=True | R=R1 | GE=NPPI | PCD=False | SM=1.5,644,Nutrição (Bacharelado),Darcy Ribeiro,Diurno,EP_R1_NPPI,5,5,-16.923,4.712,-11.802,4.712,5.039,4.712,-16.923,18.954,35.877,13.947,276.751,50.0,2.0,20.985,6.064,4.712,-11.802,18.954,30.756,11.98,197.57,50.0,2,18.517,4.712,,13.367,0.099,5.683,-0.071,6.89,,4.712,,11.319,0.053,4.659,-0.12,7.231,,7.663,6.287,3.906,8.655,4,6.98,5.972,3.132,6.66,4
Nutrição (Bacharelado) | Darcy Ribeiro | Diurno | EP_R1_NPPIQ | EP=True | R=R1 | GE=NPPIQ | PCD=False | SM=1.0,645,Nutrição (Bacharelado),Darcy Ribeiro,Diurno,EP_R1_NPPIQ,1,1,-26.223,-26.223,13.911,13.911,-26.223,-26.223,-26.223,-26.223,0.0,0.0,0.0,100.0,0.0,0.0,13.911,13.911,13.911,13.911,0.0,0.0,0.0,100.0,0,0.0,-26.223,,,,,,-26.223,,13.911,,,,,,13.911,,-26.223,-26.223,0.0,0.0,2,13.911,13.911,0.0,0.0,2
Nutrição (Bacharelado) | Darcy Ribeiro | Diurno | EP_R1_PPI | EP=True | R=R1 | GE=PPI | PCD=False | SM=1.5,646,Nutrição (Bacharelado),Darcy Ribeiro,Diurno,EP_R1_PPI,4,4,-65.619,-25.597,-1.114,3.043,-42.421,-39.234,-65.619,-25.597,40.022,18.015,-42.466,100.0,0.0,6.855,6.548,2.248,-1.114,22.813,23.927,10.977,167.632,66.667,2,22.645,-25.597,,-8.342,0.954,-10.891,0.944,-35.605,,3.043,,4.326,0.011,-0.141,-0.072,6.104,,-20.109,-18.244,12.828,27.264,4,3.333,3.684,2.634,6.245,4
Nutrição (Bacharelado) | Darcy Ribeiro | Diurno | EP_R1_PPIQ | EP=True | R=R1 | GE=PPIQ | PCD=False | SM=1.0,647,Nutrição (Bacharelado),Darcy Ribeiro,Diurno,EP_R1_PPIQ,1,1,-31.894,-31.894,-31.894,-31.894,-31.894,-31.894,-31.894,-31.894,0.0,0.0,0.0,100.0,0.0,0.0,-31.894,-31.894,-31.894,-31.894,0.0,0.0,0.0,100.0,0,0.0,-31.894,,,,,,-31.894,,-31.894,,,,,,-31.894,,-31.894,-31.894,0.0,0.0,2,-31.894,-31.894,0.0,0.0,2
Nutrição (Bacharelado) | Darcy Ribeiro | Diurno | EP_R2_NPPI | EP=True | R=R2 | GE=NPPI | PCD=False | SM=1.5,648,Nutrição (Bacharelado),Darcy Ribeiro,Diurno,EP_R2_NPPI,5,5,41.689,3.412,53.407,36.899,39.687,41.689,3.412,79.99,76.578,28.441,71.663,50.0,1.0,37.281,48.728,48.358,24.985,79.99,55.005,20.634,42.345,50.0,3,37.083,3.412,,9.709,0.309,-4.603,0.166,33.025,,36.899,,31.811,0.187,26.54,0.15,44.969,,10.386,6.56,16.19,37.628,4,35.055,34.355,7.847,18.429,4
Nutrição (Bacharelado) | Darcy Ribeiro | Diurno | EP_R2_NPPIQ | EP=True | R=R2 | GE=NPPIQ | PCD=False | SM=1.0,649,Nutrição (Bacharelado),Darcy Ribeiro,Diurno,EP_R2_NPPIQ,1,1,31.534,31.534,31.534,31.534,31.534,31.534,31.534,31.534,0.0,0.0,0.0,100.0,0.0,0.0,31.534,31.534,31.534,31.534,0.0,0.0,0.0,100.0,0,0.0,31.534,,,,,,31.534,,31.534,,,,,,31.534,,31.534,31.534,0.0,0.0,2,31.534,31.534,0.0,0.0,2
Nutrição (Bacharelado) | Darcy Ribeiro | Diurno | EP_R2_PPI | EP=True | R=R2 | GE=PPI | PCD=False | SM=1.5,650,Nutrição (Bacharelado),Darcy Ribeiro,Diurno,EP_R2_PPI,5,5,-6.959,-67.72,42.128,-67.72,-24.803,-13.868,-67.72,-5.548,62.172,25.869,-104.298,75.0,2.0,20.14,16.322,42.128,-67.72,47.747,115.467,48.873,299.423,50.0,2,63.392,-67.72,,-66.075,0.707,-75.522,0.632,-33.974,,-67.72,,-39.542,0.363,-59.9,0.266,3.908,,-60.823,-66.897,18.367,41.548,4,-40.813,-49.721,32.093,71.628,4
Nutrição (Bacharelado) | Darcy Ribeiro | Diurno | EP_R2_PPIQ | EP=True | R=R2 | GE=PPIQ | PCD=False | SM=1.0,651,Nutrição (Bacharelado),Darcy Ribeiro,Diurno,EP_R2_PPIQ,1,1,-7.668,-7.668,10.936,10.936,-7.668,-7.668,-7.668,-7.668,0.0,0.0,0.0,100.0,0.0,0.0,10.936,10.936,10.936,10.936,0.0,0.0,0.0,100.0,0,0.0,-7.668,,,,,,-7.668,,10.936,,,,,,10.936,,-7.668,-7.668,0.0,0.0,2,10.936,10.936,0.0,0.0,2
Odontologia (Bacharelado) | Darcy Ribeiro | Diurno | AC | EP=False | R=NA | GE=NA | PCD=False | SM=NA,652,Odontologia (Bacharelado),Darcy Ribeiro,Diurno,AC,6,5,49.534,91.436,136.8,127.254,78.348,86.122,49.534,97.52,47.986,19.435,24.806,60.0,2.0,27.311,113.736,127.254,71.127,136.8,65.673,26.794,23.558,75.0,1,40.46,91.436,,91.866,0.138,84.695,0.055,81.566,,127.254,,92.008,0.238,101.321,0.151,108.574,,87.391,88.066,5.085,10.3,4,107.289,104.948,14.937,35.246,4
Odontologia (Bacharelado) | Darcy Ribeiro | Diurno | CN | EP=False | R=NA | GE=NEGROS | PCD=False | SM=NA,653,Odontologia (Bacharelado),Darcy Ribeiro,Diurno,CN,6,6,78.514,55.21,98.713,55.21,45.687,44.746,9.216,78.514,69.298,27.323,59.806,60.0,3.0,35.152,49.053,44.746,9.216,98.713,89.497,32.86,66.989,60.0,3,36.581,55.21,,16.181,0.333,29.516,0.188,38.662,,55.21,,9.448,0.415,26.63,0.248,39.623,,34.892,34.089,16.391,39.029,4,32.728,33.127,19.426,45.762,4
Odontologia (Bacharelado) | Darcy Ribeiro | Diurno | EP_R1_NPPI | EP=True | R=R1 | GE=NPPI | PCD=False | SM=1.5,654,Odontologia (Bacharelado),Darcy Ribeiro,Diurno,EP_R1_NPPI,5,5,21.849,11.177,57.888,11.177,34.842,21.849,11.177,69.514,58.337,24.738,71.002,75.0,2.0,38.367,42.049,51.88,11.177,69.514,58.337,25.251,60.051,75.0,2,42.216,11.177,,38.066,0.005,23.602,-0.187,35.558,,11.177,,23.65,0.147,16.394,0.101,37.961,,27.101,29.58,12.35,26.889,4,22.295,20.022,11.629,26.784,4
Odontologia (Bacharelado) | Darcy Ribeiro | Diurno | EP_R1_NPPIQ | EP=True | R=R1 | GE=NPPIQ | PCD=False | SM=1.0,655,Odontologia (Bacharelado),Darcy Ribeiro,Diurno,EP_R1_NPPIQ,1,1,-36.853,-36.853,-34.533,-34.533,-36.853,-36.853,-36.853,-36.853,0.0,0.0,0.0,100.0,0.0,0.0,-34.533,-34.533,-34.533,-34.533,0.0,0.0,0.0,100.0,0,0.0,-36.853,,,,,,-36.853,,-34.533,,,,,,-34.533,,-36.853,-36.853,0.0,0.0,2,-34.533,-34.533,0.0,0.0,2
Odontologia (Bacharelado) | Darcy Ribeiro | Diurno | EP_R1_PPI | EP=True | R=R1 | GE=PPI | PCD=False | SM=1.5,656,Odontologia (Bacharelado),Darcy Ribeiro,Diurno,EP_R1_PPI,4,4,-48.765,-2.387,42.043,50.584,-21.226,-25.576,-50.524,16.771,67.295,33.741,-158.961,66.667,2.0,72.193,42.161,46.314,21.783,54.234,32.451,14.514,34.426,66.667,2,31.677,-2.387,,-3.267,0.076,-6.746,0.07,-17.634,,50.584,,40.454,0.004,43.776,-0.023,41.82,,-7.509,-5.006,7.008,15.247,4,44.158,42.798,4.495,10.13,4
Odontologia (Bacharelado) | Darcy Ribeiro | Diurno | EP_R1_PPIQ | EP=True | R=R1 | GE=PPIQ | PCD=False | SM=1.0,657,Odontologia (Bacharelado),Darcy Ribeiro,Diurno,EP_R1_PPIQ,1,1,-62.296,-62.296,-47.773,-47.773,-62.296,-62.296,-62.296,-62.296,0.0,0.0,0.0,100.0,0.0,0.0,-47.773,-47.773,-47.773,-47.773,0.0,0.0,0.0,100.0,0,0.0,-62.296,,,,,,-62.296,,-47.773,,,,,,-47.773,,-62.296,-62.296,0.0,0.0,2,-47.773,-47.773,0.0,0.0,2
Odontologia (Bacharelado) | Darcy Ribeiro | Diurno | EP_R2_NPPI | EP=True | R=R2 | GE=NPPI | PCD=False | SM=1.5,658,Odontologia (Bacharelado),Darcy Ribeiro,Diurno,EP_R2_NPPI,5,5,30.482,35.47,58.714,36.069,64.764,66.216,30.482,113.007,82.525,33.747,52.108,75.0,1.0,53.597,70.53,66.216,36.069,113.007,76.938,28.355,40.202,75.0,1,48.931,35.47,,81.794,0.071,61.333,-0.136,68.548,,36.069,,70.981,0.0,56.286,-0.151,70.63,,61.786,64.941,19.483,46.324,4,58.491,63.458,16.441,34.912,4
Odontologia (Bacharelado) | Darcy Ribeiro | Diurno | EP_R2_NPPIQ | EP=True | R=R2 | GE=NPPIQ | PCD=False | SM=1.0,659,Odontologia (Bacharelado),Darcy Ribeiro,Diurno,EP_R2_NPPIQ,1,1,84.068,84.068,84.068,84.068,84.068,84.068,84.068,84.068,0.0,0.0,0.0,100.0,0.0,0.0,84.068,84.068,84.068,84.068,0.0,0.0,0.0,100.0,0,0.0,84.068,,,,,,84.068,,84.068,,,,,,84.068,,84.068,84.068,0.0,0.0,2,84.068,84.068,0.0,0.0,2
Odontologia (Bacharelado) | Darcy Ribeiro | Diurno | EP_R2_PPI | EP=True | R=R2 | GE=PPI | PCD=False | SM=1.5,660,Odontologia (Bacharelado),Darcy Ribeiro,Diurno,EP_R2_PPI,5,5,29.357,-50.627,66.986,2.933,9.814,29.357,-50.627,50.089,100.716,43.551,443.762,50.0,1.0,38.926,49.937,66.986,0.839,97.122,96.283,45.146,90.406,50.0,2,47.178,-50.627,,-56.812,0.65,-73.109,0.572,-4.992,,2.933,,-17.379,0.618,-29.553,0.577,34.978,,-46.385,-53.72,29.179,68.117,4,-2.255,-7.223,28.208,64.531,4
Odontologia (Bacharelado) | Darcy Ribeiro | Diurno | EP_R2_PPIQ | EP=True | R=R2 | GE=PPIQ | PCD=False | SM=1.0,661,Odontologia (Bacharelado),Darcy Ribeiro,Diurno,EP_R2_PPIQ,1,1,-28.308,-28.308,0.733,0.733,-28.308,-28.308,-28.308,-28.308,0.0,0.0,0.0,100.0,0.0,0.0,0.733,0.733,0.733,0.733,0.0,0.0,0.0,100.0,0,0.0,-28.308,,,,,,-28.308,,0.733,,,,,,0.733,,-28.308,-28.308,0.0,0.0,2,0.733,0.733,0.0,0.0,2
Pedagogia (Licenciatura) | Darcy Ribeiro | Diurno | AC | EP=False | R=NA | GE=NA | PCD=False | SM=NA,662,Pedagogia (Licenciatura),Darcy Ribeiro,Diurno,AC,6,6,-65.666,-4.674,20.859,65.014,-30.6,-15.886,-71.523,-4.674,66.849,29.957,-97.9,60.0,2.0,48.814,38.011,50.451,-19.368,65.014,84.382,32.286,84.939,80.0,2,58.849,-4.674,,-15.353,0.074,-22.064,0.043,-26.969,,65.014,,41.379,0.003,38.926,-0.0,38.813,,-17.265,-18.709,9.65,22.295,4,46.033,40.153,12.709,26.201,4
Pedagogia (Licenciatura) | Darcy Ribeiro | Noturno | AC | EP=False | R=NA | GE=NA | PCD=False | SM=NA,663,Pedagogia (Licenciatura),Darcy Ribeiro,Noturno,AC,5,5,-98.292,-24.607,-22.179,-8.018,-64.803,-59.858,-98.292,-24.607,73.685,27.906,-43.062,75.0,2.0,29.101,-3.675,-3.162,-22.179,9.451,31.63,12.436,-338.414,50.0,1,14.94,-24.607,,-16.945,0.754,-15.212,0.75,-55.057,,-8.018,,4.715,0.117,-3.408,-0.166,-1.207,,-27.955,-20.776,18.523,39.845,4,-1.98,-2.307,5.289,12.733,4
Pedagogia (Licenciatura) | Darcy Ribeiro | Diurno | CN | EP=False | R=NA | GE=NEGROS | PCD=False | SM=NA,664,Pedagogia (Licenciatura),Darcy Ribeiro,Diurno,CN,5,5,-89.114,-26.747,7.463,-22.22,-34.606,-26.747,-89.114,0.572,89.686,34.205,-98.842,50.0,3.0,50.509,0.413,7.463,-22.22,17.019,39.239,16.058,3890.131,75.0,2,25.049,-26.747,,3.631,0.32,-11.038,0.196,-25.202,,-22.22,,-15.593,0.255,-21.429,0.156,-2.234,,-14.839,-18.12,14.198,30.378,4,-15.369,-18.511,9.242,19.986,4
Pedagogia (Licenciatura) | Darcy Ribeiro | Noturno | CN | EP=False | R=NA | GE=NEGROS | PCD=False | SM=NA,665,Pedagogia (Licenciatura),Darcy Ribeiro,Noturno,CN,5,5,-24.934,-25.37,-16.109,-25.37,-18.708,-24.934,-52.111,17.691,69.802,25.601,-136.847,50.0,2.0,41.268,-16.943,-16.109,-52.111,17.691,69.802,25.368,-149.725,50.0,2,38.354,-25.37,,-38.564,0.154,-40.161,0.153,-23.419,,-25.37,,-41.784,0.246,-41.558,0.244,-22.831,,-31.879,-31.967,8.703,16.741,4,-32.886,-33.464,10.198,18.953,4
Pedagogia (Licenciatura) | Darcy Ribeiro | Diurno | EP_R1_NPPI | EP=True | R=R1 | GE=NPPI | PCD=False | SM=1.5,666,Pedagogia (Licenciatura),Darcy Ribeiro,Diurno,EP_R1_NPPI,4,4,-78.056,-2.29,3.175,26.289,-45.27,-50.366,-78.056,-2.29,75.766,33.968,-75.035,66.667,2.0,49.961,-0.1,14.45,-55.588,26.289,81.877,38.527,-38623.405,66.667,2,82.602,-2.29,,3.749,0.555,7.827,0.548,-35.466,,26.289,,-3.092,0.002,8.773,-0.046,-0.698,,-6.545,0.73,19.724,43.293,4,7.818,4.037,13.337,29.381,4
Pedagogia (Licenciatura) | Darcy Ribeiro | Noturno | EP_R1_NPPI | EP=True | R=R1 | GE=NPPI | PCD=False | SM=1.5,667,Pedagogia (Licenciatura),Darcy Ribeiro,Noturno,EP_R1_NPPI,3,3,-55.369,-65.559,-30.436,-52.908,-51.59,-55.369,-65.559,-33.843,31.716,16.192,-31.386,50.0,1.0,37.648,-30.72,-30.436,-52.908,-8.815,44.093,22.048,-71.771,50.0,1,46.467,-65.559,,-65.395,0.239,-70.837,0.131,-53.289,,-52.908,,-56.24,0.44,-62.596,0.36,-34.465,,-63.77,-65.477,7.431,17.548,4,-51.552,-54.574,12.08,28.131,4
Pedagogia (Licenciatura) | Darcy Ribeiro | Diurno | EP_R1_NPPIQ | EP=True | R=R1 | GE=NPPIQ | PCD=False | SM=1.0,668,Pedagogia (Licenciatura),Darcy Ribeiro,Diurno,EP_R1_NPPIQ,1,1,-58.937,-58.937,-19.995,-19.995,-58.937,-58.937,-58.937,-58.937,0.0,0.0,0.0,100.0,0.0,0.0,-19.995,-19.995,-19.995,-19.995,0.0,0.0,0.0,100.0,0,0.0,-58.937,,,,,,-58.937,,-19.995,,,,,,-19.995,,-58.937,-58.937,0.0,0.0,2,-19.995,-19.995,0.0,0.0,2
Pedagogia (Licenciatura) | Darcy Ribeiro | Diurno | EP_R1_PPI | EP=True | R=R1 | GE=PPI | PCD=False | SM=1.5,669,Pedagogia (Licenciatura),Darcy Ribeiro,Diurno,EP_R1_PPI,4,4,-81.497,-69.472,2.447,-11.148,-59.696,-60.409,-81.497,-36.471,45.026,19.832,-33.222,66.667,1.0,35.56,5.935,4.132,-11.148,26.623,37.771,15.621,263.193,66.667,1,24.936,-69.472,,-54.396,0.019,-67.027,-0.184,-58.636,,-11.148,,-9.462,0.259,-17.691,0.12,2.856,,-62.383,-62.832,7.063,15.075,4,-8.861,-10.305,8.58,20.546,4
Pedagogia (Licenciatura) | Darcy Ribeiro | Noturno | EP_R1_PPI | EP=True | R=R1 | GE=PPI | PCD=False | SM=1.5,670,Pedagogia (Licenciatura),Darcy Ribeiro,Noturno,EP_R1_PPI,3,3,-53.278,-96.102,-41.609,-18.331,-80.623,-92.488,-96.102,-53.278,42.824,23.75,-29.458,100.0,0.0,25.17,-26.425,-19.335,-41.609,-18.331,23.278,13.159,-49.799,100.0,0,15.04,-96.102,,-123.447,0.813,-117.514,0.787,-87.76,,-18.331,,-3.147,0.782,-6.692,0.752,-22.545,,-106.206,-106.808,17.004,35.687,4,-12.679,-12.512,9.237,19.398,4
Pedagogia (Licenciatura) | Darcy Ribeiro | Diurno | EP_R2_NPPI | EP=True | R=R2 | GE=NPPI | PCD=False | SM=1.5,671,Pedagogia (Licenciatura),Darcy Ribeiro,Diurno,EP_R2_NPPI,5,5,-76.273,-70.173,-1.675,-54.697,-36.896,-15.683,-76.273,-8.669,67.604,33.33,-90.335,75.0,1.0,49.912,-6.257,-1.675,-54.697,22.02,76.717,30.603,-489.102,50.0,3,48.768,-70.173,,-31.132,0.008,-55.249,-0.286,-35.615,,-54.697,,-39.677,0.331,-52.101,0.239,-13.684,,-48.042,-45.432,18.093,39.041,4,-40.04,-45.889,18.753,41.013,4
Pedagogia (Licenciatura) | Darcy Ribeiro | Noturno | EP_R2_NPPI | EP=True | R=R2 | GE=NPPI | PCD=False | SM=1.5,672,Pedagogia (Licenciatura),Darcy Ribeiro,Noturno,EP_R2_NPPI,4,4,-62.118,-66.338,-25.054,-38.725,-57.264,-62.37,-66.338,-37.977,28.361,12.995,-22.693,66.667,2.0,26.515,-22.128,-21.315,-38.725,-7.157,31.568,13.277,-60.003,66.667,1,23.438,-66.338,,-54.268,0.014,-59.839,-0.078,-56.664,,-38.725,,-29.776,0.088,-37.586,-0.084,-23.658,,-59.277,-58.252,5.231,12.07,4,-32.436,-33.681,7.076,15.067,4
Pedagogia (Licenciatura) | Darcy Ribeiro | Diurno | EP_R2_NPPIQ | EP=True | R=R2 | GE=NPPIQ | PCD=False | SM=1.0,673,Pedagogia (Licenciatura),Darcy Ribeiro,Diurno,EP_R2_NPPIQ,1,1,-39.068,-39.068,-5.105,-5.105,-39.068,-39.068,-39.068,-39.068,0.0,0.0,0.0,100.0,0.0,0.0,-5.105,-5.105,-5.105,-5.105,0.0,0.0,0.0,100.0,0,0.0,-39.068,,,,,,-39.068,,-5.105,,,,,,-5.105,,-39.068,-39.068,0.0,0.0,2,-5.105,-5.105,0.0,0.0,2
Pedagogia (Licenciatura) | Darcy Ribeiro | Noturno | EP_R2_NPPIQ | EP=True | R=R2 | GE=NPPIQ | PCD=False | SM=1.0,674,Pedagogia (Licenciatura),Darcy Ribeiro,Noturno,EP_R2_NPPIQ,1,1,-73.336,-73.336,-46.101,-46.101,-73.336,-73.336,-73.336,-73.336,0.0,0.0,0.0,100.0,0.0,0.0,-46.101,-46.101,-46.101,-46.101,0.0,0.0,0.0,100.0,0,0.0,-73.336,,,,,,-73.336,,-46.101,,,,,,-46.101,,-73.336,-73.336,0.0,0.0,2,-46.101,-46.101,0.0,0.0,2
Pedagogia (Licenciatura) | Darcy Ribeiro | Diurno | EP_R2_PPI | EP=True | R=R2 | GE=PPI | PCD=False | SM=1.5,675,Pedagogia (Licenciatura),Darcy Ribeiro,Diurno,EP_R2_PPI,4,4,-81.223,-92.894,-8.872,17.832,-67.252,-73.85,-92.894,-28.413,64.481,28.058,-41.721,66.667,1.0,49.448,3.254,2.029,-8.872,17.832,26.704,11.617,356.975,66.667,2,15.864,-92.894,,-85.522,0.113,-101.367,-0.046,-70.906,,17.832,,20.983,0.621,21.964,0.618,6.8,,-87.672,-89.208,12.917,30.461,4,16.895,19.408,6.957,15.164,4
Pedagogia (Licenciatura) | Darcy Ribeiro | Noturno | EP_R2_PPI | EP=True | R=R2 | GE=PPI | PCD=False | SM=1.5,676,Pedagogia (Licenciatura),Darcy Ribeiro,Noturno,EP_R2_PPI,4,4,-87.878,-16.966,-15.856,-16.966,-37.06,-22.943,-87.878,-14.474,73.404,34.461,-92.988,66.667,1.0,31.739,-19.054,-16.411,-28.92,-14.474,14.446,6.656,-34.932,66.667,2,13.877,-16.966,,19.736,0.724,7.446,0.661,-25.7,,-16.966,,-16.275,0.046,-14.161,-0.004,-18.498,,-3.871,-4.76,21.082,45.436,4,-16.475,-16.62,1.801,4.338,4
Pedagogia (Licenciatura) | Darcy Ribeiro | Diurno | EP_R2_PPIQ | EP=True | R=R2 | GE=PPIQ | PCD=False | SM=1.0,677,Pedagogia (Licenciatura),Darcy Ribeiro,Diurno,EP_R2_PPIQ,1,1,-62.243,-62.243,-20.304,-20.304,-62.243,-62.243,-62.243,-62.243,0.0,0.0,0.0,100.0,0.0,0.0,-20.304,-20.304,-20.304,-20.304,0.0,0.0,0.0,100.0,0,0.0,-62.243,,,,,,-62.243,,-20.304,,,,,,-20.304,,-62.243,-62.243,0.0,0.0,2,-20.304,-20.304,0.0,0.0,2
Psicologia (Bacharelado / Licenciatura / Psicólogo) | Darcy Ribeiro | Diurno | AC | EP=False | R=NA | GE=NA | PCD=False | SM=NA,678,Psicologia (Bacharelado / Licenciatura / Psicólogo),Darcy Ribeiro,Diurno,AC,5,5,80.474,92.692,117.229,149.897,91.697,92.692,80.474,105.646,25.172,10.79,11.767,50.0,2.0,18.722,129.337,139.15,93.909,149.897,55.988,23.534,18.196,50.0,2,44.066,92.692,,94.198,0.019,89.688,-0.07,91.72,,149.897,,134.711,0.019,134.909,0.017,130.187,,92.075,92.206,1.89,4.51,4,137.426,134.81,8.595,19.71,4
Psicologia (Bacharelado / Licenciatura / Psicólogo) | Darcy Ribeiro | Diurno | CN | EP=False | R=NA | GE=NEGROS | PCD=False | SM=NA,679,Psicologia (Bacharelado / Licenciatura / Psicólogo),Darcy Ribeiro,Diurno,CN,6,6,41.936,83.135,77.339,83.135,53.849,58.547,19.287,83.135,63.848,21.469,39.869,60.0,4.0,38.404,59.749,60.934,19.287,83.135,63.848,22.386,37.466,60.0,3,39.34,83.135,,62.643,0.048,65.379,0.038,55.943,,83.135,,50.842,0.045,60.322,-0.064,57.628,,66.775,64.011,11.605,27.192,4,62.982,58.975,14.015,32.293,4
Psicologia (Bacharelado / Licenciatura / Psicólogo) | Darcy Ribeiro | Diurno | EP_R1_NPPI | EP=True | R=R1 | GE=NPPI | PCD=False | SM=1.5,680,Psicologia (Bacharelado / Licenciatura / Psicólogo),Darcy Ribeiro,Diurno,EP_R1_NPPI,5,5,-0.561,3.278,39.193,8.523,23.827,26.153,-0.561,47.859,48.42,22.052,92.55,75.0,1.0,32.444,40.429,40.23,8.523,69.85,61.327,21.797,53.916,75.0,1,28.15,3.278,,19.618,0.01,4.28,-0.261,22.891,,8.523,,13.141,0.435,2.806,0.309,34.365,,12.517,11.949,10.186,19.613,4,14.709,10.832,13.769,31.558,4
Psicologia (Bacharelado / Licenciatura / Psicólogo) | Darcy Ribeiro | Diurno | EP_R1_NPPIQ | EP=True | R=R1 | GE=NPPIQ | PCD=False | SM=1.0,681,Psicologia (Bacharelado / Licenciatura / Psicólogo),Darcy Ribeiro,Diurno,EP_R1_NPPIQ,1,1,0.742,0.742,19.87,19.87,0.742,0.742,0.742,0.742,0.0,0.0,0.0,100.0,0.0,0.0,19.87,19.87,19.87,19.87,0.0,0.0,0.0,100.0,0,0.0,0.742,,,,,,0.742,,19.87,,,,,,19.87,,0.742,0.742,0.0,0.0,2,19.87,19.87,0.0,0.0,2
Psicologia (Bacharelado / Licenciatura / Psicólogo) | Darcy Ribeiro | Diurno | EP_R1_NPPI_PCD | EP=True | R=R1 | GE=NPPI | PCD=True | SM=1.5,682,Psicologia (Bacharelado / Licenciatura / Psicólogo),Darcy Ribeiro,Diurno,EP_R1_NPPI_PCD,1,1,-11.536,-11.536,-11.536,-11.536,-11.536,-11.536,-11.536,-11.536,0.0,0.0,0.0,100.0,0.0,0.0,-11.536,-11.536,-11.536,-11.536,0.0,0.0,0.0,100.0,0,0.0,-11.536,,,,,,-11.536,,-11.536,,,,,,-11.536,,-11.536,-11.536,0.0,0.0,2,-11.536,-11.536,0.0,0.0,2
Psicologia (Bacharelado / Licenciatura / Psicólogo) | Darcy Ribeiro | Diurno | EP_R1_PPI | EP=True | R=R1 | GE=PPI | PCD=False | SM=1.5,683,Psicologia (Bacharelado / Licenciatura / Psicólogo),Darcy Ribeiro,Diurno,EP_R1_PPI,5,5,-25.958,-60.075,38.511,-34.654,-4.667,7.379,-60.075,32.086,92.161,38.072,-815.83,50.0,1.0,49.557,28.65,38.511,-34.654,61.601,96.255,36.898,128.787,75.0,2,44.31,-60.075,,-29.894,0.122,-56.579,-0.154,-10.273,,-34.654,,-12.392,0.344,-31.72,0.19,19.53,,-39.205,-43.236,23.531,49.802,4,-14.809,-22.056,24.932,54.184,4
Psicologia (Bacharelado / Licenciatura / Psicólogo) | Darcy Ribeiro | Diurno | EP_R1_PPIQ | EP=True | R=R1 | GE=PPIQ | PCD=False | SM=1.0,684,Psicologia (Bacharelado / Licenciatura / Psicólogo),Darcy Ribeiro,Diurno,EP_R1_PPIQ,1,1,-37.309,-37.309,2.578,2.578,-37.309,-37.309,-37.309,-37.309,0.0,0.0,0.0,100.0,0.0,0.0,2.578,2.578,2.578,2.578,0.0,0.0,0.0,100.0,0,0.0,-37.309,,,,,,-37.309,,2.578,,,,,,2.578,,-37.309,-37.309,0.0,0.0,2,2.578,2.578,0.0,0.0,2
Psicologia (Bacharelado / Licenciatura / Psicólogo) | Darcy Ribeiro | Diurno | EP_R2_NPPI | EP=True | R=R2 | GE=NPPI | PCD=False | SM=1.5,685,Psicologia (Bacharelado / Licenciatura / Psicólogo),Darcy Ribeiro,Diurno,EP_R2_NPPI,4,4,59.772,62.168,78.747,80.75,78.771,71.62,59.772,112.073,52.301,24.159,30.67,66.667,1.0,45.011,89.395,80.911,78.747,117.01,38.263,18.439,20.626,66.667,1,37.11,62.168,,81.0,0.003,66.699,-0.187,77.581,,80.75,,88.038,0.002,79.532,-0.107,87.898,,71.862,72.14,8.885,18.832,4,84.055,84.324,4.547,8.506,4
Psicologia (Bacharelado / Licenciatura / Psicólogo) | Darcy Ribeiro | Diurno | EP_R2_NPPIQ | EP=True | R=R2 | GE=NPPIQ | PCD=False | SM=1.0,686,Psicologia (Bacharelado / Licenciatura / Psicólogo),Darcy Ribeiro,Diurno,EP_R2_NPPIQ,1,1,75.146,75.146,75.146,75.146,75.146,75.146,75.146,75.146,0.0,0.0,0.0,100.0,0.0,0.0,75.146,75.146,75.146,75.146,0.0,0.0,0.0,100.0,0,0.0,75.146,,,,,,75.146,,75.146,,,,,,75.146,,75.146,75.146,0.0,0.0,2,75.146,75.146,0.0,0.0,2
Psicologia (Bacharelado / Licenciatura / Psicólogo) | Darcy Ribeiro | Diurno | EP_R2_NPPIQ_PCD | EP=True | R=R2 | GE=NPPIQ | PCD=True | SM=1.0,687,Psicologia (Bacharelado / Licenciatura / Psicólogo),Darcy Ribeiro,Diurno,EP_R2_NPPIQ_PCD,1,1,-2.927,-2.927,-2.927,-2.927,-2.927,-2.927,-2.927,-2.927,0.0,0.0,0.0,100.0,0.0,0.0,-2.927,-2.927,-2.927,-2.927,0.0,0.0,0.0,100.0,0,0.0,-2.927,,,,,,-2.927,,-2.927,,,,,,-2.927,,-2.927,-2.927,0.0,0.0,2,-2.927,-2.927,0.0,0.0,2
Psicologia (Bacharelado / Licenciatura / Psicólogo) | Darcy Ribeiro | Diurno | EP_R2_NPPI_PCD | EP=True | R=R2 | GE=NPPI | PCD=True | SM=1.5,688,Psicologia (Bacharelado / Licenciatura / Psicólogo),Darcy Ribeiro,Diurno,EP_R2_NPPI_PCD,1,1,2.412,2.412,2.412,2.412,2.412,2.412,2.412,2.412,0.0,0.0,0.0,100.0,0.0,0.0,2.412,2.412,2.412,2.412,0.0,0.0,0.0,100.0,0,0.0,2.412,,,,,,2.412,,2.412,,,,,,2.412,,2.412,2.412,0.0,0.0,2,2.412,2.412,0.0,0.0,2
Psicologia (Bacharelado / Licenciatura / Psicólogo) | Darcy Ribeiro | Diurno | EP_R2_PPI | EP=True | R=R2 | GE=PPI | PCD=False | SM=1.5,689,Psicologia (Bacharelado / Licenciatura / Psicólogo),Darcy Ribeiro,Diurno,EP_R2_PPI,5,5,7.086,-3.291,84.313,10.344,18.975,20.6,-3.291,43.34,46.631,18.028,95.012,50.0,3.0,30.404,52.422,66.078,10.344,84.313,73.969,29.45,56.179,75.0,2,36.698,-3.291,,7.888,0.105,-2.521,-0.082,16.511,,10.344,,8.116,0.629,6.797,0.628,42.576,,4.647,2.683,9.41,19.802,4,16.958,9.23,17.141,35.779,4
Psicologia (Bacharelado / Licenciatura / Psicólogo) | Darcy Ribeiro | Diurno | EP_R2_PPIQ | EP=True | R=R2 | GE=PPIQ | PCD=False | SM=1.0,690,Psicologia (Bacharelado / Licenciatura / Psicólogo),Darcy Ribeiro,Diurno,EP_R2_PPIQ,1,1,29.315,29.315,44.612,44.612,29.315,29.315,29.315,29.315,0.0,0.0,0.0,100.0,0.0,0.0,44.612,44.612,44.612,44.612,0.0,0.0,0.0,100.0,0,0.0,29.315,,,,,,29.315,,44.612,,,,,,44.612,,29.315,29.315,0.0,0.0,2,44.612,44.612,0.0,0.0,2
Química (Bacharelado) | Darcy Ribeiro | Diurno | AC | EP=False | R=NA | GE=NA | PCD=False | SM=NA,691,Química (Bacharelado),Darcy Ribeiro,Diurno,AC,6,6,-58.334,5.562,47.376,107.231,7.118,11.132,-58.334,40.202,98.536,35.264,495.446,60.0,2.0,39.688,85.144,98.242,32.131,126.092,93.961,37.355,43.873,60.0,2,59.601,5.562,,34.753,0.175,12.554,-0.066,13.698,,107.231,,96.204,0.025,85.238,-0.027,87.777,,16.642,13.126,12.599,29.191,4,94.112,91.99,9.922,21.993,4
Química (Bacharelado) | Darcy Ribeiro | Diurno | CN | EP=False | R=NA | GE=NEGROS | PCD=False | SM=NA,692,Química (Bacharelado),Darcy Ribeiro,Diurno,CN,5,5,6.547,-10.181,6.547,-10.181,-7.646,-9.802,-22.823,6.547,29.37,10.898,-142.521,75.0,2.0,20.727,-7.646,-9.802,-22.823,6.547,29.37,10.898,-142.521,75.0,2,20.727,-10.181,,-11.492,0.046,-9.432,-0.003,-9.009,,-10.181,,-11.492,0.046,-9.432,-0.003,-9.009,,-10.028,-9.807,1.089,2.483,4,-10.028,-9.807,1.089,2.483,4
Química (Bacharelado) | Darcy Ribeiro | Diurno | EP_R1_NPPI | EP=True | R=R1 | GE=NPPI | PCD=False | SM=1.5,693,Química (Bacharelado),Darcy Ribeiro,Diurno,EP_R1_NPPI,3,3,-31.14,-57.812,10.829,20.502,-20.039,-31.14,-57.812,28.834,86.646,44.377,-221.449,50.0,1.0,103.676,20.055,20.502,10.829,28.834,18.005,9.011,44.931,50.0,1,18.623,-57.812,,-46.711,0.09,-71.148,-0.037,-24.485,,20.502,,29.728,0.288,25.338,0.188,21.667,,-50.039,-52.262,19.749,46.663,4,24.309,23.503,4.159,9.226,4
Química (Bacharelado) | Darcy Ribeiro | Diurno | EP_R1_PPI | EP=True | R=R1 | GE=PPI | PCD=False | SM=1.5,694,Química (Bacharelado),Darcy Ribeiro,Diurno,EP_R1_PPI,1,1,22.563,22.563,26.649,26.649,22.563,22.563,22.563,22.563,0.0,0.0,0.0,100.0,0.0,0.0,26.649,26.649,26.649,26.649,0.0,0.0,0.0,100.0,0,0.0,22.563,,,,,,22.563,,26.649,,,,,,26.649,,22.563,22.563,0.0,0.0,2,26.649,26.649,0.0,0.0,2
Química (Bacharelado) | Darcy Ribeiro | Diurno | EP_R2_NPPI | EP=True | R=R2 | GE=NPPI | PCD=False | SM=1.5,695,Química (Bacharelado),Darcy Ribeiro,Diurno,EP_R2_NPPI,5,5,-23.583,-76.374,22.033,-76.374,-42.078,-37.593,-76.374,-23.583,52.791,20.949,-49.785,75.0,2.0,17.106,8.913,22.033,-76.374,57.929,134.303,53.777,603.371,50.0,3,84.146,-76.374,,-76.024,0.729,-82.205,0.681,-49.622,,-76.374,,-53.282,0.372,-73.396,0.293,-4.908,,-71.056,-76.199,14.568,32.583,4,-51.99,-63.339,33.021,71.466,4
Química (Bacharelado) | Darcy Ribeiro | Diurno | EP_R2_NPPIQ | EP=True | R=R2 | GE=NPPIQ | PCD=False | SM=1.0,696,Química (Bacharelado),Darcy Ribeiro,Diurno,EP_R2_NPPIQ,1,1,-54.782,-54.782,11.654,11.654,-54.782,-54.782,-54.782,-54.782,0.0,0.0,0.0,100.0,0.0,0.0,11.654,11.654,11.654,11.654,0.0,0.0,0.0,100.0,0,0.0,-54.782,,,,,,-54.782,,11.654,,,,,,11.654,,-54.782,-54.782,0.0,0.0,2,11.654,11.654,0.0,0.0,2
Química (Bacharelado) | Darcy Ribeiro | Diurno | EP_R2_PPI | EP=True | R=R2 | GE=PPI | PCD=False | SM=1.5,697,Química (Bacharelado),Darcy Ribeiro,Diurno,EP_R2_PPI,3,3,30.256,-43.672,30.256,-43.672,-12.026,-22.661,-43.672,30.256,73.928,38.094,-316.774,100.0,0.0,22.561,2.692,21.491,-43.672,30.256,73.928,40.391,1500.579,100.0,0,39.879,-43.672,,-85.954,0.942,-80.636,0.933,-24.347,,-43.672,,-71.236,0.838,-80.636,0.815,-9.63,,-58.652,-62.154,29.608,61.607,4,-51.293,-57.454,31.899,71.006,4
Química (Bacharelado) | Darcy Ribeiro | Diurno | EP_R2_PPIQ | EP=True | R=R2 | GE=PPIQ | PCD=False | SM=1.0,698,Química (Bacharelado),Darcy Ribeiro,Diurno,EP_R2_PPIQ,1,1,-12.868,-12.868,-12.868,-12.868,-12.868,-12.868,-12.868,-12.868,0.0,0.0,0.0,100.0,0.0,0.0,-12.868,-12.868,-12.868,-12.868,0.0,0.0,0.0,100.0,0,0.0,-12.868,,,,,,-12.868,,-12.868,,,,,,-12.868,,-12.868,-12.868,0.0,0.0,2,-12.868,-12.868,0.0,0.0,2
Química (Licenciatura) | Darcy Ribeiro | Noturno | AC | EP=False | R=NA | GE=NA | PCD=False | SM=NA,699,Química (Licenciatura),Darcy Ribeiro,Noturno,AC,5,5,-16.564,-54.702,-16.564,44.043,-25.015,-21.346,-54.702,0.306,55.008,20.417,-81.62,75.0,2.0,29.294,7.389,1.634,-32.77,44.043,76.813,34.154,462.258,50.0,3,51.783,-54.702,,-49.289,0.362,-56.876,0.266,-29.339,,44.043,,56.756,0.535,55.218,0.534,17.763,,-47.551,-51.995,12.554,27.537,4,43.445,49.631,18.034,38.993,4
Química (Licenciatura) | Darcy Ribeiro | Noturno | CN | EP=False | R=NA | GE=NEGROS | PCD=False | SM=NA,700,Química (Licenciatura),Darcy Ribeiro,Noturno,CN,1,1,-44.645,-44.645,-44.645,-44.645,-44.645,-44.645,-44.645,-44.645,0.0,0.0,0.0,100.0,0.0,0.0,-44.645,-44.645,-44.645,-44.645,0.0,0.0,0.0,100.0,0,0.0,-44.645,,,,,,-44.645,,-44.645,,,,,,-44.645,,-44.645,-44.645,0.0,0.0,2,-44.645,-44.645,0.0,0.0,2
Química (Licenciatura) | Darcy Ribeiro | Noturno | EP_R1_NPPI | EP=True | R=R1 | GE=NPPI | PCD=False | SM=1.5,701,Química (Licenciatura),Darcy Ribeiro,Noturno,EP_R1_NPPI,2,2,13.391,-30.874,13.391,-30.874,-8.741,-8.741,-30.874,13.391,44.265,31.3,-358.063,100.0,0.0,0.0,-8.741,-8.741,-30.874,13.391,44.265,31.3,-358.063,100.0,0,0.0,-30.874,,-53.006,1.0,-53.006,1.0,-16.119,,-30.874,,-53.006,1.0,-53.006,1.0,-16.119,,-38.252,-41.94,18.071,36.888,4,-38.252,-41.94,18.071,36.888,4
Química (Licenciatura) | Darcy Ribeiro | Noturno | EP_R1_PPI | EP=True | R=R1 | GE=PPI | PCD=False | SM=1.5,702,Química (Licenciatura),Darcy Ribeiro,Noturno,EP_R1_PPI,1,1,-59.081,-59.081,-1.061,-1.061,-59.081,-59.081,-59.081,-59.081,0.0,0.0,0.0,100.0,0.0,0.0,-1.061,-1.061,-1.061,-1.061,0.0,0.0,0.0,100.0,0,0.0,-59.081,,,,,,-59.081,,-1.061,,,,,,-1.061,,-59.081,-59.081,0.0,0.0,2,-1.061,-1.061,0.0,0.0,2
Química (Licenciatura) | Darcy Ribeiro | Noturno | EP_R2_NPPI | EP=True | R=R2 | GE=NPPI | PCD=False | SM=1.5,703,Química (Licenciatura),Darcy Ribeiro,Noturno,EP_R2_NPPI,4,4,-73.401,-22.384,-15.838,-22.241,-28.742,-26.524,-73.401,11.482,84.883,34.912,-121.467,66.667,2.0,63.962,-14.315,-19.04,-30.664,11.482,42.146,18.238,-127.405,66.667,2,35.916,-22.384,,-1.016,0.168,-16.336,0.072,-23.196,,-22.241,,-29.654,0.189,-33.433,0.167,-17.383,,-15.733,-19.36,10.278,22.181,4,-25.678,-25.947,7.224,16.05,4
Química (Licenciatura) | Darcy Ribeiro | Noturno | EP_R2_PPI | EP=True | R=R2 | GE=PPI | PCD=False | SM=1.5,704,Química (Licenciatura),Darcy Ribeiro,Noturno,EP_R2_PPI,2,2,-24.258,-35.787,-24.258,12.099,-30.022,-30.022,-35.787,-24.258,11.529,8.152,-27.154,100.0,0.0,0.0,-6.079,-6.079,-24.258,12.099,36.357,25.708,-422.868,100.0,0,0.0,-35.787,,-47.316,1.0,-47.316,1.0,-31.944,,12.099,,48.456,1.0,48.456,1.0,-0.02,,-40.591,-41.552,7.923,15.372,4,27.248,30.277,24.984,48.476,4
Química Tecnológica (Bacharelado) | Darcy Ribeiro | Diurno | AC | EP=False | R=NA | GE=NA | PCD=False | SM=NA,705,Química Tecnológica (Bacharelado),Darcy Ribeiro,Diurno,AC,5,5,-47.561,-30.086,-17.112,126.278,-45.067,-47.561,-67.895,-23.379,44.516,18.377,-40.778,50.0,2.0,32.461,52.796,53.064,-17.112,126.278,143.39,51.832,98.173,75.0,2,52.639,-30.086,,-43.677,0.001,-37.861,-0.082,-45.705,,126.278,,141.998,0.759,141.78,0.759,71.059,,-39.332,-40.769,7.003,15.619,4,120.279,134.029,33.629,70.94,4
Química Tecnológica (Bacharelado) | Darcy Ribeiro | Diurno | CN | EP=False | R=NA | GE=NEGROS | PCD=False | SM=NA,706,Química Tecnológica (Bacharelado),Darcy Ribeiro,Diurno,CN,2,2,-32.241,-2.177,-32.241,-2.177,-17.209,-17.209,-32.241,-2.177,30.064,21.258,-123.531,100.0,0.0,0.0,-17.209,-17.209,-32.241,-2.177,30.064,21.258,-123.531,100.0,0,0.0,-2.177,,27.887,1.0,27.887,1.0,-12.198,,-2.177,,27.887,1.0,27.887,1.0,-12.198,,10.35,12.855,20.66,40.085,4,10.35,12.855,20.66,40.085,4
Química Tecnológica (Bacharelado) | Darcy Ribeiro | Diurno | EP_R1_NPPI | EP=True | R=R1 | GE=NPPI | PCD=False | SM=1.5,707,Química Tecnológica (Bacharelado),Darcy Ribeiro,Diurno,EP_R1_NPPI,1,1,23.339,23.339,23.339,23.339,23.339,23.339,23.339,23.339,0.0,0.0,0.0,100.0,0.0,0.0,23.339,23.339,23.339,23.339,0.0,0.0,0.0,100.0,0,0.0,23.339,,,,,,23.339,,23.339,,,,,,23.339,,23.339,23.339,0.0,0.0,2,23.339,23.339,0.0,0.0,2
Química Tecnológica (Bacharelado) | Darcy Ribeiro | Diurno | EP_R2_NPPI | EP=True | R=R2 | GE=NPPI | PCD=False | SM=1.5,708,Química Tecnológica (Bacharelado),Darcy Ribeiro,Diurno,EP_R2_NPPI,4,4,26.655,-53.722,26.655,-27.07,-18.784,-24.034,-53.722,26.655,80.377,33.502,-178.353,66.667,2.0,31.334,-7.843,-15.172,-27.683,26.655,54.338,25.653,-327.087,66.667,2,39.702,-53.722,,-77.242,0.812,-73.042,0.804,-30.476,,-27.07,,-42.035,0.474,-35.926,0.445,-14.681,,-58.621,-63.382,21.377,46.767,4,-29.928,-31.498,11.877,27.353,4
Química Tecnológica (Bacharelado) | Darcy Ribeiro | Diurno | EP_R2_PPI | EP=True | R=R2 | GE=PPI | PCD=False | SM=1.5,709,Química Tecnológica (Bacharelado),Darcy Ribeiro,Diurno,EP_R2_PPI,2,2,-45.547,-30.902,-45.547,31.362,-38.224,-38.224,-45.547,-30.902,14.645,10.356,-27.091,100.0,0.0,0.0,-7.092,-7.092,-45.547,31.362,76.909,54.383,-766.766,100.0,0,0.0,-30.902,,-23.58,1.0,-23.58,1.0,-35.784,,31.362,,69.816,1.0,69.816,1.0,5.726,,-28.461,-27.241,5.979,12.204,4,44.18,50.589,31.398,64.091,4
Relações Internacionais (Bacharelado) | Darcy Ribeiro | Diurno | AC | EP=False | R=NA | GE=NA | PCD=False | SM=NA,710,Relações Internacionais (Bacharelado),Darcy Ribeiro,Diurno,AC,6,5,73.157,105.105,133.87,162.477,88.904,93.998,68.855,105.105,36.25,14.529,16.343,60.0,2.0,24.151,133.283,138.473,80.765,162.477,81.712,31.407,23.564,50.0,2,58.432,105.105,,95.808,0.065,94.748,0.061,90.548,,162.477,,130.378,0.003,136.701,-0.031,132.426,,96.552,95.278,6.138,14.557,4,140.495,134.564,14.889,32.099,4
Relações Internacionais (Bacharelado) | Darcy Ribeiro | Diurno | CN | EP=False | R=NA | GE=NEGROS | PCD=False | SM=NA,711,Relações Internacionais (Bacharelado),Darcy Ribeiro,Diurno,CN,6,6,39.989,100.775,43.033,100.775,68.227,63.435,39.989,100.775,60.786,25.572,37.481,80.0,2.0,33.976,68.734,63.435,43.033,100.775,57.742,24.922,36.258,80.0,2,34.106,100.775,,101.831,0.493,99.079,0.486,76.228,,100.775,,100.817,0.473,98.644,0.469,76.373,,94.478,99.927,12.22,25.604,4,94.152,99.71,11.896,24.444,4
Relações Internacionais (Bacharelado) | Darcy Ribeiro | Diurno | EP_R1_NPPI | EP=True | R=R1 | GE=NPPI | PCD=False | SM=1.5,712,Relações Internacionais (Bacharelado),Darcy Ribeiro,Diurno,EP_R1_NPPI,5,5,-9.56,-5.024,59.411,0.805,5.755,11.118,-9.56,18.254,27.814,12.283,213.436,50.0,1.0,16.862,41.027,52.21,0.805,64.536,63.731,26.452,64.475,75.0,1,14.678,-5.024,,9.337,0.024,0.259,-0.283,6.551,,0.805,,-5.046,0.843,-12.716,0.796,30.788,,2.781,3.405,6.441,14.361,4,3.458,-2.121,19.043,43.504,4
Relações Internacionais (Bacharelado) | Darcy Ribeiro | Diurno | EP_R1_NPPIQ | EP=True | R=R1 | GE=NPPIQ | PCD=False | SM=1.0,713,Relações Internacionais (Bacharelado),Darcy Ribeiro,Diurno,EP_R1_NPPIQ,1,1,-59.284,-59.284,22.165,22.165,-59.284,-59.284,-59.284,-59.284,0.0,0.0,0.0,100.0,0.0,0.0,22.165,22.165,22.165,22.165,0.0,0.0,0.0,100.0,0,0.0,-59.284,,,,,,-59.284,,22.165,,,,,,22.165,,-59.284,-59.284,0.0,0.0,2,22.165,22.165,0.0,0.0,2
Relações Internacionais (Bacharelado) | Darcy Ribeiro | Diurno | EP_R1_PPI | EP=True | R=R1 | GE=PPI | PCD=False | SM=1.5,714,Relações Internacionais (Bacharelado),Darcy Ribeiro,Diurno,EP_R1_PPI,4,4,-37.873,-25.567,-35.003,81.011,-18.284,-26.287,-37.873,17.31,55.183,24.357,-133.213,66.667,2.0,49.803,29.052,35.1,-35.003,81.011,116.014,57.361,197.443,66.667,2,101.241,-25.567,,-20.134,0.002,-30.883,-0.096,-18.654,,81.011,,96.714,0.371,91.876,0.367,42.584,,-23.809,-22.85,5.574,12.228,4,78.046,86.443,24.536,54.13,4
Relações Internacionais (Bacharelado) | Darcy Ribeiro | Diurno | EP_R2_NPPI | EP=True | R=R2 | GE=NPPI | PCD=False | SM=1.5,715,Relações Internacionais (Bacharelado),Darcy Ribeiro,Diurno,EP_R2_NPPI,4,4,35.713,34.208,88.167,34.299,47.436,43.451,34.208,68.634,34.426,16.082,33.902,66.667,1.0,29.396,61.691,62.15,34.299,88.167,53.868,23.749,38.496,66.667,2,34.547,34.208,,53.152,0.049,44.615,-0.123,48.082,,34.299,,31.42,0.627,30.046,0.623,54.707,,45.014,46.349,8.012,18.944,4,37.618,32.86,11.53,24.661,4
Relações Internacionais (Bacharelado) | Darcy Ribeiro | Diurno | EP_R2_NPPIQ | EP=True | R=R2 | GE=NPPIQ | PCD=False | SM=1.0,716,Relações Internacionais (Bacharelado),Darcy Ribeiro,Diurno,EP_R2_NPPIQ,1,1,72.126,72.126,90.752,90.752,72.126,72.126,72.126,72.126,0.0,0.0,0.0,100.0,0.0,0.0,90.752,90.752,90.752,90.752,0.0,0.0,0.0,100.0,0,0.0,72.126,,,,,,72.126,,90.752,,,,,,90.752,,72.126,72.126,0.0,0.0,2,90.752,90.752,0.0,0.0,2
Relações Internacionais (Bacharelado) | Darcy Ribeiro | Diurno | EP_R2_NPPI_PCD | EP=True | R=R2 | GE=NPPI | PCD=True | SM=1.5,717,Relações Internacionais (Bacharelado),Darcy Ribeiro,Diurno,EP_R2_NPPI_PCD,1,1,22.69,22.69,22.69,22.69,22.69,22.69,22.69,22.69,0.0,0.0,0.0,100.0,0.0,0.0,22.69,22.69,22.69,22.69,0.0,0.0,0.0,100.0,0,0.0,22.69,,,,,,22.69,,22.69,,,,,,22.69,,22.69,22.69,0.0,0.0,2,22.69,22.69,0.0,0.0,2
Relações Internacionais (Bacharelado) | Darcy Ribeiro | Diurno | EP_R2_PPI | EP=True | R=R2 | GE=PPI | PCD=False | SM=1.5,718,Relações Internacionais (Bacharelado),Darcy Ribeiro,Diurno,EP_R2_PPI,5,4,-23.088,-29.25,43.825,-2.275,-2.365,-10.252,-29.25,46.911,76.161,30.337,-1282.845,75.0,1.0,49.343,26.447,26.982,-2.275,54.101,56.376,26.818,101.403,66.667,1,27.24,-29.25,,-23.211,0.131,-38.115,-0.004,-6.997,,-2.275,,-7.656,0.624,-15.285,0.582,17.334,,-24.393,-26.23,13.114,31.118,4,-1.97,-4.965,13.933,32.619,4
Relações Internacionais (Bacharelado) | Darcy Ribeiro | Diurno | EP_R2_PPIQ | EP=True | R=R2 | GE=PPIQ | PCD=False | SM=1.0,719,Relações Internacionais (Bacharelado),Darcy Ribeiro,Diurno,EP_R2_PPIQ,1,1,1.225,1.225,60.338,60.338,1.225,1.225,1.225,1.225,0.0,0.0,0.0,100.0,0.0,0.0,60.338,60.338,60.338,60.338,0.0,0.0,0.0,100.0,0,0.0,1.225,,,,,,1.225,,60.338,,,,,,60.338,,1.225,1.225,0.0,0.0,2,60.338,60.338,0.0,0.0,2
Saúde Coletiva (Bacharelado) | Ceilândia | Diurno | AC | EP=False | R=NA | GE=NA | PCD=False | SM=NA,720,Saúde Coletiva (Bacharelado),Ceilândia,Diurno,AC,5,5,-87.136,-73.062,-3.078,-3.918,-78.473,-79.717,-87.136,-67.997,19.139,7.928,-10.103,75.0,2.0,14.769,-0.047,-3.918,-10.106,25.273,35.379,14.46,-30896.461,75.0,2,26.676,-73.062,,-72.866,0.128,-73.168,0.128,-77.378,,-3.918,,7.175,0.064,4.636,0.032,2.086,,-74.118,-73.115,2.177,4.512,4,2.495,3.361,4.753,11.093,4
Saúde Coletiva (Bacharelado) | Darcy Ribeiro | Noturno | AC | EP=False | R=NA | GE=NA | PCD=False | SM=NA,721,Saúde Coletiva (Bacharelado),Darcy Ribeiro,Noturno,AC,5,5,-47.301,-72.556,-5.412,9.485,-67.801,-72.556,-90.691,-47.301,43.39,17.012,-25.092,75.0,1.0,16.963,-10.847,-5.412,-44.554,9.485,54.039,20.404,-188.11,50.0,3,36.022,-72.556,,-91.119,0.481,-84.275,0.362,-73.538,,9.485,,10.355,0.277,15.371,0.24,-6.697,,-80.372,-78.907,8.917,18.563,4,7.129,9.92,9.575,22.069,4
Saúde Coletiva (Bacharelado) | Ceilândia | Diurno | CN | EP=False | R=NA | GE=NEGROS | PCD=False | SM=NA,722,Saúde Coletiva (Bacharelado),Ceilândia,Diurno,CN,2,2,-18.853,-39.762,-18.853,-28.877,-29.308,-29.308,-39.762,-18.853,20.909,14.785,-50.447,100.0,0.0,0.0,-23.865,-23.865,-28.877,-18.853,10.024,7.088,-29.701,100.0,0,0.0,-39.762,,-60.671,1.0,-60.671,1.0,-32.792,,-28.877,,-38.901,1.0,-38.901,1.0,-25.536,,-48.474,-50.216,14.368,27.879,4,-33.054,-33.889,6.888,13.365,4
Saúde Coletiva (Bacharelado) | Darcy Ribeiro | Noturno | CN | EP=False | R=NA | GE=NEGROS | PCD=False | SM=NA,723,Saúde Coletiva (Bacharelado),Darcy Ribeiro,Noturno,CN,2,2,-38.727,-37.506,-38.727,-37.506,-38.116,-38.116,-38.727,-37.506,1.221,0.863,-2.265,100.0,0.0,0.0,-38.116,-38.116,-38.727,-37.506,1.221,0.863,-2.265,100.0,0,0.0,-37.506,,-36.896,1.0,-36.896,1.0,-37.913,,-37.506,,-36.896,1.0,-36.896,1.0,-37.913,,-37.302,-37.201,0.498,1.017,4,-37.302,-37.201,0.498,1.017,4
Saúde Coletiva (Bacharelado) | Ceilândia | Diurno | EP_R1_NPPI | EP=True | R=R1 | GE=NPPI | PCD=False | SM=1.5,724,Saúde Coletiva (Bacharelado),Ceilândia,Diurno,EP_R1_NPPI,3,3,-71.408,-92.731,-43.768,-92.731,-73.139,-71.408,-92.731,-55.278,37.453,18.786,-25.686,50.0,1.0,37.889,-56.027,-43.768,-92.731,-31.583,61.148,32.365,-57.766,50.0,1,51.854,-92.731,,-96.519,0.508,-101.592,0.439,-76.693,,-92.731,,-104.98,0.751,-111.203,0.715,-64.188,,-91.884,-94.625,10.758,24.9,4,-93.275,-98.855,20.855,47.016,4
Saúde Coletiva (Bacharelado) | Darcy Ribeiro | Noturno | EP_R1_NPPI | EP=True | R=R1 | GE=NPPI | PCD=False | SM=1.5,725,Saúde Coletiva (Bacharelado),Darcy Ribeiro,Noturno,EP_R1_NPPI,2,2,-1.391,-5.497,-1.391,-5.497,-3.444,-3.444,-5.497,-1.391,4.106,2.903,-84.303,100.0,0.0,0.0,-3.444,-3.444,-5.497,-1.391,4.106,2.903,-84.303,100.0,0,0.0,-5.497,,-7.55,1.0,-7.55,1.0,-4.128,,-5.497,,-7.55,1.0,-7.55,1.0,-4.128,,-6.181,-6.523,1.676,3.422,4,-6.181,-6.523,1.676,3.422,4
Saúde Coletiva (Bacharelado) | Ceilândia | Diurno | EP_R1_PPI | EP=True | R=R1 | GE=PPI | PCD=False | SM=1.5,726,Saúde Coletiva (Bacharelado),Ceilândia,Diurno,EP_R1_PPI,2,2,-82.285,-34.476,-1.885,-34.476,-58.38,-58.38,-82.285,-34.476,47.809,33.806,-57.906,100.0,0.0,0.0,-18.18,-18.18,-34.476,-1.885,32.591,23.045,-126.758,100.0,0,0.0,-34.476,,-10.572,1.0,-10.572,1.0,-50.412,,-34.476,,-50.771,1.0,-50.771,1.0,-23.612,,-26.508,-22.524,19.518,39.841,4,-39.908,-42.624,13.305,27.159,4
Saúde Coletiva (Bacharelado) | Darcy Ribeiro | Noturno | EP_R1_PPI | EP=True | R=R1 | GE=PPI | PCD=False | SM=1.5,727,Saúde Coletiva (Bacharelado),Darcy Ribeiro,Noturno,EP_R1_PPI,3,3,-64.747,-78.911,-22.831,-78.911,-83.048,-78.911,-105.487,-64.747,40.74,20.683,-24.904,50.0,1.0,47.6,-69.076,-78.911,-105.487,-22.831,82.656,42.196,-61.087,50.0,1,77.239,-78.911,,-97.212,0.117,-85.993,-0.006,-85.409,,-78.911,,-125.156,0.442,-106.951,0.363,-78.423,,-86.881,-85.701,7.599,18.301,4,-97.36,-92.931,22.83,46.733,4
Saúde Coletiva (Bacharelado) | Ceilândia | Diurno | EP_R2_NPPI | EP=True | R=R2 | GE=NPPI | PCD=False | SM=1.5,728,Saúde Coletiva (Bacharelado),Ceilândia,Diurno,EP_R2_NPPI,4,4,-62.249,-42.438,-43.547,-23.874,-67.105,-65.04,-95.903,-42.438,53.465,22.075,-32.896,66.667,1.0,34.89,-31.854,-29.998,-43.547,-23.874,19.673,8.442,-26.501,66.667,2,9.552,-42.438,,-45.229,0.262,-33.42,0.119,-62.73,,-23.874,,-18.001,0.718,-19.486,0.703,-29.084,,-45.954,-43.834,12.267,29.31,4,-22.611,-21.68,4.984,11.083,4
Saúde Coletiva (Bacharelado) | Darcy Ribeiro | Noturno | EP_R2_NPPI | EP=True | R=R2 | GE=NPPI | PCD=False | SM=1.5,729,Saúde Coletiva (Bacharelado),Darcy Ribeiro,Noturno,EP_R2_NPPI,3,3,-11.312,-85.042,-11.312,-50.55,-55.971,-71.558,-85.042,-11.312,73.73,39.259,-70.142,100.0,0.0,33.066,-32.638,-36.051,-50.55,-11.312,39.238,19.84,-60.79,100.0,0,7.241,-85.042,,-114.714,0.735,-106.927,0.697,-68.259,,-50.55,,-65.295,0.889,-62.749,0.873,-39.177,,-93.735,-95.984,21.125,46.455,4,-54.443,-56.65,12.041,26.118,4
Saúde Coletiva (Bacharelado) | Ceilândia | Diurno | EP_R2_PPI | EP=True | R=R2 | GE=PPI | PCD=False | SM=1.5,730,Saúde Coletiva (Bacharelado),Ceilândia,Diurno,EP_R2_PPI,3,3,-63.379,-76.202,-4.543,-9.79,-66.065,-63.379,-76.202,-58.614,17.588,9.096,-13.769,50.0,1.0,15.806,-24.316,-9.79,-58.614,-4.543,54.071,29.819,-122.632,50.0,1,72.758,-76.202,,-78.888,0.497,-82.613,0.426,-68.202,,-9.79,,-29.563,0.008,-12.414,-0.131,-25.19,,-76.476,-77.545,6.111,14.411,4,-19.239,-18.802,9.624,19.773,4
Saúde Coletiva (Bacharelado) | Darcy Ribeiro | Noturno | EP_R2_PPI | EP=True | R=R2 | GE=PPI | PCD=False | SM=1.5,731,Saúde Coletiva (Bacharelado),Darcy Ribeiro,Noturno,EP_R2_PPI,2,2,-88.498,-20.34,-45.444,-20.34,-54.419,-54.419,-88.498,-20.34,68.158,48.195,-88.563,100.0,0.0,0.0,-32.892,-32.892,-45.444,-20.34,25.104,17.751,-53.968,100.0,0,0.0,-20.34,,47.818,1.0,47.818,1.0,-43.059,,-20.34,,4.764,1.0,4.764,1.0,-28.708,,8.059,13.739,46.837,90.877,4,-9.88,-7.788,17.251,33.472,4
Serviço Social (Bacharelado) | Darcy Ribeiro | Diurno | AC | EP=False | R=NA | GE=NA | PCD=False | SM=NA,732,Serviço Social (Bacharelado),Darcy Ribeiro,Diurno,AC,5,5,-58.484,-49.336,45.897,58.364,-33.609,-37.204,-58.484,3.922,62.406,24.146,-71.843,50.0,3.0,45.357,41.427,45.897,18.722,58.364,39.642,18.288,44.146,75.0,2,30.338,-49.336,,-40.874,0.023,-51.096,-0.089,-34.447,,58.364,,43.94,0.005,52.749,-0.163,40.95,,-43.938,-45.105,7.742,16.649,4,49.001,48.344,8.003,17.414,4
Serviço Social (Bacharelado) | Darcy Ribeiro | Noturno | AC | EP=False | R=NA | GE=NA | PCD=False | SM=NA,733,Serviço Social (Bacharelado),Darcy Ribeiro,Noturno,AC,5,5,-55.437,-61.117,9.712,-3.129,-62.651,-61.117,-76.148,-51.405,24.743,10.066,-16.066,50.0,3.0,21.699,0.084,1.997,-17.915,9.757,27.672,11.448,13563.793,75.0,2,22.908,-61.117,,-63.377,0.001,-61.896,-0.013,-62.942,,-3.129,,-2.222,0.01,-1.653,0.01,-0.3,,-62.333,-62.419,1.022,2.26,4,-1.826,-1.938,1.185,2.829,4
Serviço Social (Bacharelado) | Darcy Ribeiro | Diurno | CN | EP=False | R=NA | GE=NEGROS | PCD=False | SM=NA,734,Serviço Social (Bacharelado),Darcy Ribeiro,Diurno,CN,5,5,3.008,-34.475,26.594,-34.475,-4.467,3.008,-34.475,16.93,51.405,22.947,-513.679,50.0,1.0,22.272,0.25,14.694,-34.475,26.594,61.069,26.944,10777.62,75.0,2,17.436,-34.475,,-40.968,0.648,-46.695,0.613,-11.944,,-34.475,,-49.574,0.876,-50.429,0.876,-10.372,,-33.52,-37.721,15.226,34.751,4,-36.212,-42.024,18.721,40.057,4
Serviço Social (Bacharelado) | Darcy Ribeiro | Noturno | CN | EP=False | R=NA | GE=NEGROS | PCD=False | SM=NA,735,Serviço Social (Bacharelado),Darcy Ribeiro,Noturno,CN,3,3,-40.425,-9.961,-31.165,-9.961,-30.714,-40.425,-41.755,-9.961,31.794,17.985,-58.556,50.0,1.0,23.422,-27.627,-31.165,-41.755,-9.961,31.794,16.19,-58.601,50.0,1,29.97,-9.961,,-10.626,0.535,-5.084,0.485,-25.636,,-9.961,,-15.256,0.25,-8.924,0.17,-24.093,,-12.827,-10.294,8.89,20.552,4,-14.558,-12.609,6.935,15.169,4
Serviço Social (Bacharelado) | Darcy Ribeiro | Diurno | EP_R1_NPPI | EP=True | R=R1 | GE=NPPI | PCD=False | SM=1.5,736,Serviço Social (Bacharelado),Darcy Ribeiro,Diurno,EP_R1_NPPI,2,2,-96.288,-19.616,-53.106,-18.297,-57.952,-57.952,-96.288,-19.616,76.672,54.215,-93.552,100.0,0.0,0.0,-35.702,-35.702,-53.106,-18.297,34.809,24.614,-68.943,100.0,0,0.0,-19.616,,5.941,1.0,5.941,1.0,-45.173,,-18.297,,-6.694,1.0,-6.694,1.0,-29.9,,-13.227,-6.837,24.469,51.115,4,-15.396,-12.496,11.109,23.206,4
Serviço Social (Bacharelado) | Darcy Ribeiro | Noturno | EP_R1_NPPI | EP=True | R=R1 | GE=NPPI | PCD=False | SM=1.5,737,Serviço Social (Bacharelado),Darcy Ribeiro,Noturno,EP_R1_NPPI,3,3,-35.078,-31.822,-35.078,-31.822,-40.285,-35.078,-53.956,-31.822,22.134,11.951,-29.665,50.0,1.0,29.0,-40.285,-35.078,-53.956,-31.822,22.134,11.951,-29.665,50.0,1,29.0,-31.822,,-37.029,0.019,-30.194,-0.119,-39.743,,-31.822,,-37.029,0.019,-30.194,-0.119,-39.743,,-34.697,-34.426,4.451,9.549,4,-34.697,-34.426,4.451,9.549,4
Serviço Social (Bacharelado) | Darcy Ribeiro | Diurno | EP_R1_PPI | EP=True | R=R1 | GE=PPI | PCD=False | SM=1.5,738,Serviço Social (Bacharelado),Darcy Ribeiro,Diurno,EP_R1_PPI,3,3,-48.812,-21.301,-28.138,-21.301,-26.791,-21.301,-48.812,-10.261,38.551,19.853,-74.103,50.0,1.0,35.066,-9.948,-21.301,-28.138,19.595,47.733,25.812,-259.473,50.0,1,62.67,-21.301,,-7.933,0.296,-14.348,0.197,-22.206,,-21.301,,-12.529,0.003,-22.452,-0.138,-8.808,,-16.447,-17.825,6.674,14.273,4,-16.273,-16.915,6.663,13.644,4
Serviço Social (Bacharelado) | Darcy Ribeiro | Noturno | EP_R1_PPI | EP=True | R=R1 | GE=PPI | PCD=False | SM=1.5,739,Serviço Social (Bacharelado),Darcy Ribeiro,Noturno,EP_R1_PPI,3,3,-34.792,-46.647,-34.792,-46.647,-41.319,-42.517,-46.647,-34.792,11.855,6.018,-14.564,100.0,0.0,2.542,-35.816,-34.792,-46.647,-26.01,20.637,10.357,-28.916,50.0,1,20.802,-46.647,,-51.138,0.874,-50.314,0.856,-43.294,,-46.647,,-48.78,0.514,-51.56,0.445,-37.792,,-47.848,-48.48,3.609,7.843,4,-46.195,-47.713,5.952,13.768,4
Serviço Social (Bacharelado) | Darcy Ribeiro | Diurno | EP_R2_NPPI | EP=True | R=R2 | GE=NPPI | PCD=False | SM=1.5,740,Serviço Social (Bacharelado),Darcy Ribeiro,Diurno,EP_R2_NPPI,4,4,-51.891,-61.49,-31.824,-36.38,-57.018,-57.346,-61.49,-51.891,9.599,4.083,-7.162,66.667,2.0,5.112,-20.644,-21.737,-36.38,-2.724,33.656,16.069,-77.836,66.667,1,28.394,-61.49,,-63.554,0.683,-63.292,0.681,-58.325,,-36.38,,-21.83,0.001,-32.596,-0.223,-20.882,,-61.665,-62.391,2.408,5.228,4,-27.922,-27.213,7.747,15.498,4
Serviço Social (Bacharelado) | Darcy Ribeiro | Noturno | EP_R2_NPPI | EP=True | R=R2 | GE=NPPI | PCD=False | SM=1.5,741,Serviço Social (Bacharelado),Darcy Ribeiro,Noturno,EP_R2_NPPI,3,3,-33.578,-61.615,-7.92,-61.615,-44.311,-37.74,-61.615,-33.578,28.037,15.13,-34.144,100.0,0.0,13.939,-28.137,-14.877,-61.615,-7.92,53.695,29.2,-103.778,100.0,0,28.129,-61.615,,-72.348,0.859,-75.634,0.839,-48.984,,-61.615,,-81.832,0.845,-88.462,0.824,-37.086,,-64.645,-66.982,12.035,26.65,4,-67.249,-71.724,23.124,51.376,4
Serviço Social (Bacharelado) | Darcy Ribeiro | Diurno | EP_R2_NPPIQ | EP=True | R=R2 | GE=NPPIQ | PCD=False | SM=1.0,742,Serviço Social (Bacharelado),Darcy Ribeiro,Diurno,EP_R2_NPPIQ,1,1,-49.665,-49.665,-35.419,-35.419,-49.665,-49.665,-49.665,-49.665,0.0,0.0,0.0,100.0,0.0,0.0,-35.419,-35.419,-35.419,-35.419,0.0,0.0,0.0,100.0,0,0.0,-49.665,,,,,,-49.665,,-35.419,,,,,,-35.419,,-49.665,-49.665,0.0,0.0,2,-35.419,-35.419,0.0,0.0,2
Serviço Social (Bacharelado) | Darcy Ribeiro | Diurno | EP_R2_PPI | EP=True | R=R2 | GE=PPI | PCD=False | SM=1.5,743,Serviço Social (Bacharelado),Darcy Ribeiro,Diurno,EP_R2_PPI,3,3,-65.588,-46.944,-13.972,-3.065,-48.582,-46.944,-65.588,-33.215,32.373,16.249,-33.445,50.0,1.0,32.599,-5.317,-3.065,-13.972,1.085,15.057,7.777,-146.259,50.0,1,13.581,-46.944,,-29.938,0.329,-37.622,0.235,-45.475,,-3.065,,5.59,0.492,2.388,0.421,-3.5,,-39.995,-41.549,7.855,17.006,4,0.353,-0.338,4.4,9.089,4
Serviço Social (Bacharelado) | Darcy Ribeiro | Noturno | EP_R2_PPI | EP=True | R=R2 | GE=PPI | PCD=False | SM=1.5,744,Serviço Social (Bacharelado),Darcy Ribeiro,Noturno,EP_R2_PPI,2,2,-54.902,-45.238,-23.751,-45.238,-50.07,-50.07,-54.902,-45.238,9.664,6.833,-13.648,100.0,0.0,0.0,-34.494,-34.494,-45.238,-23.751,21.487,15.194,-44.046,100.0,0,0.0,-45.238,,-42.017,1.0,-42.017,1.0,-48.459,,-45.238,,-52.4,1.0,-52.4,1.0,-38.076,,-44.433,-43.627,3.084,6.443,4,-47.029,-48.819,6.857,14.325,4
Serviço Social (Bacharelado) | Darcy Ribeiro | Diurno | EP_R2_PPIQ | EP=True | R=R2 | GE=PPIQ | PCD=False | SM=1.0,745,Serviço Social (Bacharelado),Darcy Ribeiro,Diurno,EP_R2_PPIQ,1,1,-37.837,-37.837,-37.837,-37.837,-37.837,-37.837,-37.837,-37.837,0.0,0.0,0.0,100.0,0.0,0.0,-37.837,-37.837,-37.837,-37.837,0.0,0.0,0.0,100.0,0,0.0,-37.837,,,,,,-37.837,,-37.837,,,,,,-37.837,,-37.837,-37.837,0.0,0.0,2,-37.837,-37.837,0.0,0.0,2
"Teoria, Crítica e História da Arte (Bacharelado) | Darcy Ribeiro | Noturno | AC | EP=False | R=NA | GE=NA | PCD=False | SM=NA",746,"Teoria, Crítica e História da Arte (Bacharelado)",Darcy Ribeiro,Noturno,AC,5,5,-74.639,-22.04,-74.639,8.621,-43.551,-56.171,-74.639,-0.054,74.585,31.361,-72.011,75.0,2.0,58.624,0.583,8.621,-74.639,50.763,125.402,47.246,8098.315,50.0,3,79.052,-22.04,,-25.426,0.086,-25.407,0.085,-40.279,,8.621,,38.932,0.169,19.698,0.065,10.005,,-28.288,-25.417,8.151,18.239,4,19.314,14.852,13.976,30.311,4
"Teoria, Crítica e História da Arte (Bacharelado) | Darcy Ribeiro | Noturno | CN | EP=False | R=NA | GE=NEGROS | PCD=False | SM=NA",747,"Teoria, Crítica e História da Arte (Bacharelado)",Darcy Ribeiro,Noturno,CN,1,1,4.736,4.736,4.736,4.736,4.736,4.736,4.736,4.736,0.0,0.0,0.0,100.0,0.0,0.0,4.736,4.736,4.736,4.736,0.0,0.0,0.0,100.0,0,0.0,4.736,,,,,,4.736,,4.736,,,,,,4.736,,4.736,4.736,0.0,0.0,2,4.736,4.736,0.0,0.0,2
"Teoria, Crítica e História da Arte (Bacharelado) | Darcy Ribeiro | Noturno | EP_R1_PPI | EP=True | R=R1 | GE=PPI | PCD=False | SM=1.5",748,"Teoria, Crítica e História da Arte (Bacharelado)",Darcy Ribeiro,Noturno,EP_R1_PPI,1,1,3.161,3.161,3.161,3.161,3.161,3.161,3.161,3.161,0.0,0.0,0.0,100.0,0.0,0.0,3.161,3.161,3.161,3.161,0.0,0.0,0.0,100.0,0,0.0,3.161,,,,,,3.161,,3.161,,,,,,3.161,,3.161,3.161,0.0,0.0,2,3.161,3.161,0.0,0.0,2
"Teoria, Crítica e História da Arte (Bacharelado) | Darcy Ribeiro | Noturno | EP_R2_NPPI | EP=True | R=R2 | GE=NPPI | PCD=False | SM=1.5",749,"Teoria, Crítica e História da Arte (Bacharelado)",Darcy Ribeiro,Noturno,EP_R2_NPPI,1,1,-27.615,-27.615,-13.504,-13.504,-27.615,-27.615,-27.615,-27.615,0.0,0.0,0.0,100.0,0.0,0.0,-13.504,-13.504,-13.504,-13.504,0.0,0.0,0.0,100.0,0,0.0,-27.615,,,,,,-27.615,,-13.504,,,,,,-13.504,,-27.615,-27.615,0.0,0.0,2,-13.504,-13.504,0.0,0.0,2
"Teoria, Crítica e História da Arte (Bacharelado) | Darcy Ribeiro | Noturno | EP_R2_PPI | EP=True | R=R2 | GE=PPI | PCD=False | SM=1.5",750,"Teoria, Crítica e História da Arte (Bacharelado)",Darcy Ribeiro,Noturno,EP_R2_PPI,1,1,-51.341,-51.341,-51.341,-51.341,-51.341,-51.341,-51.341,-51.341,0.0,0.0,0.0,100.0,0.0,0.0,-51.341,-51.341,-51.341,-51.341,0.0,0.0,0.0,100.0,0,0.0,-51.341,,,,,,-51.341,,-51.341,,,,,,-51.341,,-51.341,-51.341,0.0,0.0,2,-51.341,-51.341,0.0,0.0,2
Terapia Ocupacional (Bacharelado) | Ceilândia | Diurno | AC | EP=False | R=NA | GE=NA | PCD=False | SM=NA,751,Terapia Ocupacional (Bacharelado),Ceilândia,Diurno,AC,6,6,-73.944,2.706,20.377,46.76,-28.596,-25.168,-73.944,2.706,76.65,26.769,-93.611,60.0,4.0,34.53,27.989,31.565,-12.674,51.395,64.069,24.103,86.116,60.0,3,43.502,2.706,,6.023,0.478,0.65,0.453,-20.353,,46.76,,30.717,0.004,28.906,0.0,28.638,,-2.743,1.678,11.947,26.377,4,33.755,29.811,8.719,18.122,4
Terapia Ocupacional (Bacharelado) | Ceilândia | Diurno | CN | EP=False | R=NA | GE=NEGROS | PCD=False | SM=NA,752,Terapia Ocupacional (Bacharelado),Ceilândia,Diurno,CN,5,5,5.337,-18.436,6.491,-18.436,-8.855,-8.712,-31.006,8.543,39.549,16.482,-186.133,75.0,2.0,30.796,-8.624,-8.712,-31.006,8.543,39.549,16.736,-194.066,75.0,2,30.902,-18.436,,-19.092,0.099,-16.312,0.087,-10.874,,-18.436,,-19.513,0.108,-16.495,0.094,-10.797,,-16.179,-17.374,3.73,8.218,4,-16.31,-17.465,3.882,8.716,4
Terapia Ocupacional (Bacharelado) | Ceilândia | Diurno | EP_R1_NPPI | EP=True | R=R1 | GE=NPPI | PCD=False | SM=1.5,753,Terapia Ocupacional (Bacharelado),Ceilândia,Diurno,EP_R1_NPPI,4,4,-92.652,-88.602,-4.201,-3.99,-62.291,-63.698,-92.652,-29.114,63.538,32.999,-52.976,66.667,1.0,57.472,-18.101,-14.81,-38.795,-3.99,34.805,17.07,-94.301,66.667,1,30.336,-88.602,,-61.674,0.0,-84.342,-0.236,-62.167,,-3.99,,-21.287,0.009,-10.082,-0.206,-18.738,,-74.196,-73.255,14.283,26.929,4,-13.524,-14.41,7.962,17.297,4
Terapia Ocupacional (Bacharelado) | Ceilândia | Diurno | EP_R1_NPPIQ | EP=True | R=R1 | GE=NPPIQ | PCD=False | SM=1.0,754,Terapia Ocupacional (Bacharelado),Ceilândia,Diurno,EP_R1_NPPIQ,1,1,-82.855,-82.855,-36.853,-36.853,-82.855,-82.855,-82.855,-82.855,0.0,0.0,0.0,100.0,0.0,0.0,-36.853,-36.853,-36.853,-36.853,0.0,0.0,0.0,100.0,0,0.0,-82.855,,,,,,-82.855,,-36.853,,,,,,-36.853,,-82.855,-82.855,0.0,0.0,2,-36.853,-36.853,0.0,0.0,2
Terapia Ocupacional (Bacharelado) | Ceilândia | Diurno | EP_R1_PPI | EP=True | R=R1 | GE=PPI | PCD=False | SM=1.5,755,Terapia Ocupacional (Bacharelado),Ceilândia,Diurno,EP_R1_PPI,3,3,-62.296,-16.701,-38.06,-16.701,-51.923,-62.296,-76.773,-16.701,60.072,31.351,-60.378,50.0,1.0,52.714,0.178,-16.701,-38.06,55.294,93.354,48.912,27530.354,50.0,1,116.919,-16.701,,-6.328,0.529,6.096,0.463,-44.324,,-16.701,,21.537,0.048,-6.022,-0.086,3.737,,-15.314,-11.515,21.468,50.421,4,0.638,-1.142,16.241,38.238,4
Terapia Ocupacional (Bacharelado) | Ceilândia | Diurno | EP_R2_NPPI | EP=True | R=R2 | GE=NPPI | PCD=False | SM=1.5,756,Terapia Ocupacional (Bacharelado),Ceilândia,Diurno,EP_R2_NPPI,5,5,-74.63,-98.316,27.307,-37.282,-58.503,-59.047,-98.316,-14.518,83.798,31.37,-53.621,50.0,3.0,52.797,1.946,1.824,-37.282,37.811,75.093,31.412,1614.015,50.0,3,38.314,-98.316,,-82.161,0.158,-98.888,-0.002,-63.76,,-37.282,,-47.603,0.691,-49.576,0.689,-9.065,,-85.781,-90.238,16.603,35.128,4,-35.882,-42.443,18.673,40.511,4
Terapia Ocupacional (Bacharelado) | Ceilândia | Diurno | EP_R2_NPPIQ | EP=True | R=R2 | GE=NPPIQ | PCD=False | SM=1.0,757,Terapia Ocupacional (Bacharelado),Ceilândia,Diurno,EP_R2_NPPIQ,1,1,-14.671,-14.671,-6.035,-6.035,-14.671,-14.671,-14.671,-14.671,0.0,0.0,0.0,100.0,0.0,0.0,-6.035,-6.035,-6.035,-6.035,0.0,0.0,0.0,100.0,0,0.0,-14.671,,,,,,-14.671,,-6.035,,,,,,-6.035,,-14.671,-14.671,0.0,0.0,2,-6.035,-6.035,0.0,0.0,2
Terapia Ocupacional (Bacharelado) | Ceilândia | Diurno | EP_R2_PPI | EP=True | R=R2 | GE=PPI | PCD=False | SM=1.5,758,Terapia Ocupacional (Bacharelado),Ceilândia,Diurno,EP_R2_PPI,3,3,-45.148,-37.682,-25.927,-4.11,-50.866,-45.148,-69.768,-37.682,32.086,16.79,-33.008,50.0,1.0,40.097,-6.91,-4.11,-25.927,9.306,35.233,17.783,-257.334,50.0,1,34.4,-37.682,,-39.066,0.162,-33.147,0.044,-49.622,,-4.11,,7.157,0.205,1.052,0.093,-3.274,,-39.879,-38.374,6.97,16.474,4,0.206,-1.111,5.156,11.267,4
Terapia Ocupacional (Bacharelado) | Ceilândia | Diurno | EP_R2_PPIQ | EP=True | R=R2 | GE=PPIQ | PCD=False | SM=1.0,759,Terapia Ocupacional (Bacharelado),Ceilândia,Diurno,EP_R2_PPIQ,1,1,-72.221,-72.221,-22.382,-22.382,-72.221,-72.221,-72.221,-72.221,0.0,0.0,0.0,100.0,0.0,0.0,-22.382,-22.382,-22.382,-22.382,0.0,0.0,0.0,100.0,0,0.0,-72.221,,,,,,-72.221,,-22.382,,,,,,-22.382,,-72.221,-72.221,0.0,0.0,2,-22.382,-22.382,0.0,0.0,2
Turismo (Bacharelado) | Darcy Ribeiro | Diurno | AC | EP=False | R=NA | GE=NA | PCD=False | SM=NA,760,Turismo (Bacharelado),Darcy Ribeiro,Diurno,AC,5,5,-101.482,-62.252,-8.137,51.489,-86.439,-89.917,-101.482,-62.252,39.23,15.066,-17.429,75.0,2.0,18.334,8.805,12.676,-32.42,51.489,83.909,31.458,357.254,75.0,2,56.086,-62.252,,-61.42,0.707,-59.666,0.693,-81.555,,51.489,,38.805,0.233,45.8,0.188,13.749,,-66.223,-61.836,10.278,21.89,4,37.461,42.302,16.637,37.74,4
Turismo (Bacharelado) | Darcy Ribeiro | Diurno | CN | EP=False | R=NA | GE=NEGROS | PCD=False | SM=NA,761,Turismo (Bacharelado),Darcy Ribeiro,Diurno,CN,4,4,-21.951,-53.591,-21.951,-53.591,-36.583,-35.394,-53.591,-21.951,31.64,16.551,-45.243,100.0,0.0,12.847,-36.583,-35.394,-53.591,-21.951,31.64,16.551,-45.243,100.0,0,12.847,-53.591,,-65.194,0.825,-64.102,0.82,-42.585,,-53.591,,-65.194,0.825,-64.102,0.82,-42.585,,-56.368,-58.846,10.573,22.609,4,-56.368,-58.846,10.573,22.609,4
Turismo (Bacharelado) | Darcy Ribeiro | Diurno | EP_R1_NPPI | EP=True | R=R1 | GE=NPPI | PCD=False | SM=1.5,762,Turismo (Bacharelado),Darcy Ribeiro,Diurno,EP_R1_NPPI,3,3,-35.506,-13.362,-35.506,-7.216,-37.763,-35.506,-64.42,-13.362,51.058,25.604,-67.802,50.0,1.0,56.549,-35.714,-35.506,-64.42,-7.216,57.204,28.603,-80.088,50.0,1,60.895,-13.362,,-11.166,0.354,-3.241,0.263,-34.072,,-7.216,,-3.264,0.422,5.108,0.341,-30.999,,-15.46,-12.264,13.147,30.831,4,-9.093,-5.24,15.482,36.107,4
Turismo (Bacharelado) | Darcy Ribeiro | Diurno | EP_R1_PPI | EP=True | R=R1 | GE=PPI | PCD=False | SM=1.5,763,Turismo (Bacharelado),Darcy Ribeiro,Diurno,EP_R1_PPI,1,1,-54.814,-54.814,-54.814,-54.814,-54.814,-54.814,-54.814,-54.814,0.0,0.0,0.0,100.0,0.0,0.0,-54.814,-54.814,-54.814,-54.814,0.0,0.0,0.0,100.0,0,0.0,-54.814,,,,,,-54.814,,-54.814,,,,,,-54.814,,-54.814,-54.814,0.0,0.0,2,-54.814,-54.814,0.0,0.0,2
Turismo (Bacharelado) | Darcy Ribeiro | Diurno | EP_R2_NPPI | EP=True | R=R2 | GE=NPPI | PCD=False | SM=1.5,764,Turismo (Bacharelado),Darcy Ribeiro,Diurno,EP_R2_NPPI,4,4,-64.299,-70.349,-37.943,-23.007,-58.737,-67.324,-79.506,-20.793,58.713,26.057,-44.362,66.667,2.0,55.327,-26.593,-23.818,-37.943,-20.793,17.15,7.728,-29.061,66.667,1,7.826,-70.349,,-48.596,0.04,-55.466,0.006,-56.709,,-23.007,,-14.432,0.66,-17.537,0.58,-24.161,,-57.78,-56.087,9.107,21.753,4,-19.784,-20.272,4.591,9.729,4
Turismo (Bacharelado) | Darcy Ribeiro | Diurno | EP_R2_PPI | EP=True | R=R2 | GE=PPI | PCD=False | SM=1.5,765,Turismo (Bacharelado),Darcy Ribeiro,Diurno,EP_R2_PPI,1,1,-68.241,-68.241,-14.636,-14.636,-68.241,-68.241,-68.241,-68.241,0.0,0.0,0.0,100.0,0.0,0.0,-14.636,-14.636,-14.636,-14.636,0.0,0.0,0.0,100.0,0,0.0,-68.241,,,,,,-68.241,,-14.636,,,,,,-14.636,,-68.241,-68.241,0.0,0.0,2,-14.636,-14.636,0.0,0.0,2
