trienio,indice_trienio,Ano,campus,curso,turno,modalidade,modalidade_normalizada,escola_publica,faixa_renda,grupo_etnico,pcd,limite_salario_minimo,Nota Mínima,Nota Máxima
2018-2020,1,2020,Darcy Ribeiro (Plano Piloto) / DF,Administração (Bacharelado),Diurno,AC,AC,False,,,False,,-5.813,69.035
2018-2020,1,2020,Darcy Ribeiro (Plano Piloto) / DF,Administração (Bacharelado),Noturno,AC,AC,False,,,False,,-98.9,38.986
2019-2021,2,2021,Darcy Ribeiro,Administração (Bacharelado),Diurno,AC,AC,False,,,False,,36.705,120.3
2019-2021,2,2021,Darcy Ribeiro,Administração (Bacharelado),Noturno,AC,AC,False,,,False,,-2.777,98.221
2020-2022,3,2022,Darcy Ribeiro (Plano Piloto) / DF,Administração (Bacharelado),Diurno,AC,AC,False,,,False,,45.565,98.219
2020-2022,3,2022,Darcy Ribeiro (Plano Piloto) / DF,Administração (Bacharelado),Noturno,AC,AC,False,,,False,,-15.266,50.144
2021-2023,4,2023,Darcy Ribeiro (Plano Piloto) / DF,Administração (Bacharelado),Diurno,AC,AC,False,,,False,,46.485,94.873
2021-2023,4,2023,Darcy Ribeiro (Plano Piloto) / DF,Administração (Bacharelado),Noturno,AC,AC,False,,,False,,-17.276,52.003
2022-2024,5,2024,Darcy Ribeiro (Plano Piloto) / DF,Administração (Bacharelado),Diurno,AC,AC,False,,,False,,0.137,12.807
2022-2024,5,2024,Darcy Ribeiro (Plano Piloto) / DF,Administração (Bacharelado),Noturno,AC,AC,False,,,False,,-86.767,-40.646
2023-2025,6,2025,Darcy Ribeiro (Plano Piloto) / DF,Administração (Bacharelado),Diurno,AC,AC,False,,,False,,38.131,99.156
2023-2025,6,2025,Darcy Ribeiro (Plano Piloto) / DF,Administração (Bacharelado),Noturno,AC,AC,False,,,False,,-7.05,44.901
2018-2020,1,2020,Darcy Ribeiro (Plano Piloto) / DF,Administração (Bacharelado),Diurno,CN,CN,False,,NEGROS,False,,-40.808,3.022
2018-2020,1,2020,Darcy Ribeiro (Plano Piloto) / DF,Administração (Bacharelado),Noturno,CN,CN,False,,NEGROS,False,,-3.806,1.212
2019-2021,2,2021,Darcy Ribeiro,Administração (Bacharelado),Diurno,CN,CN,False,,NEGROS,False,,-5.786,-0.285
2019-2021,2,2021,Darcy Ribeiro,Administração (Bacharelado),Noturno,CN,CN,False,,NEGROS,False,,-1.176,2.32
2020-2022,3,2022,Darcy Ribeiro (Plano Piloto) / DF,Administração (Bacharelado),Diurno,CN,CN,False,,NEGROS,False,,-49.856,-49.856
2020-2022,3,2022,Darcy Ribeiro (Plano Piloto) / DF,Administração (Bacharelado),Noturno,CN,CN,False,,NEGROS,False,,-48.922,19.031
2021-2023,4,2023,Darcy Ribeiro (Plano Piloto) / DF,Administração (Bacharelado),Diurno,CN,CN,False,,NEGROS,False,,-4.981,44.699
2021-2023,4,2023,Darcy Ribeiro (Plano Piloto) / DF,Administração (Bacharelado),Noturno,CN,CN,False,,NEGROS,False,,-6.548,-2.003
2022-2024,5,2024,Darcy Ribeiro (Plano Piloto) / DF,Administração (Bacharelado),Diurno,CN,CN,False,,NEGROS,False,,-54.707,-48.66
2023-2025,6,2025,Darcy Ribeiro (Plano Piloto) / DF,Administração (Bacharelado),Diurno,CN,CN,False,,NEGROS,False,,-12.58,6.842
2023-2025,6,2025,Darcy Ribeiro (Plano Piloto) / DF,Administração (Bacharelado),Noturno,CN,CN,False,,NEGROS,False,,-54.846,-53.83
2018-2020,1,2020,Darcy Ribeiro (Plano Piloto) / DF,Administração (Bacharelado),Diurno,EP_R1_NPPI,EP_R1_NPPI,True,R1,NPPI,False,1.5,-90.624,-3.524
2018-2020,1,2020,Darcy Ribeiro (Plano Piloto) / DF,Administração (Bacharelado),Noturno,EP_R1_NPPI,EP_R1_NPPI,True,R1,NPPI,False,1.5,-64.264,-17.504
2019-2021,2,2021,Darcy Ribeiro,Administração (Bacharelado),Diurno,EP_R1_NPPI,EP_R1_NPPI,True,R1,NPPI,False,1.5,-15.383,-0.009
2019-2021,2,2021,Darcy Ribeiro,Administração (Bacharelado),Noturno,EP_R1_NPPI,EP_R1_NPPI,True,R1,NPPI,False,1.5,-28.8,11.743
2020-2022,3,2022,Darcy Ribeiro (Plano Piloto) / DF,Administração (Bacharelado),Diurno,EP_R1_NPPI,EP_R1_NPPI,True,R1,NPPI,False,1.5,-41.769,16.153
2020-2022,3,2022,Darcy Ribeiro (Plano Piloto) / DF,Administração (Bacharelado),Noturno,EP_R1_NPPI,EP_R1_NPPI,True,R1,NPPI,False,1.5,-34.78,-34.78
2021-2023,4,2023,Darcy Ribeiro (Plano Piloto) / DF,Administração (Bacharelado),Diurno,EP_R1_NPPI,EP_R1_NPPI,True,R1,NPPI,False,1.5,-59.221,-21.197
2021-2023,4,2023,Darcy Ribeiro (Plano Piloto) / DF,Administração (Bacharelado),Noturno,EP_R1_NPPI,EP_R1_NPPI,True,R1,NPPI,False,1.5,-45.664,6.082
2023-2025,6,2025,Darcy Ribeiro (Plano Piloto) / DF,Administração (Bacharelado),Diurno,EP_R1_NPPIQ,EP_R1_NPPIQ,True,R1,NPPIQ,False,1.0,-67.831,-19.227
2018-2020,1,2020,Darcy Ribeiro (Plano Piloto) / DF,Administração (Bacharelado),Diurno,EP_R1_PPI,EP_R1_PPI,True,R1,PPI,False,1.5,-32.289,-1.11
2018-2020,1,2020,Darcy Ribeiro (Plano Piloto) / DF,Administração (Bacharelado),Noturno,EP_R1_PPI,EP_R1_PPI,True,R1,PPI,False,1.5,2.342,2.342
2019-2021,2,2021,Darcy Ribeiro,Administração (Bacharelado),Diurno,EP_R1_PPI,EP_R1_PPI,True,R1,PPI,False,1.5,-38.327,23.576
2019-2021,2,2021,Darcy Ribeiro,Administração (Bacharelado),Noturno,EP_R1_PPI,EP_R1_PPI,True,R1,PPI,False,1.5,-72.089,-12.149
2020-2022,3,2022,Darcy Ribeiro (Plano Piloto) / DF,Administração (Bacharelado),Diurno,EP_R1_PPI,EP_R1_PPI,True,R1,PPI,False,1.5,-46.661,16.258
2020-2022,3,2022,Darcy Ribeiro (Plano Piloto) / DF,Administração (Bacharelado),Noturno,EP_R1_PPI,EP_R1_PPI,True,R1,PPI,False,1.5,-46.477,-16.586
2021-2023,4,2023,Darcy Ribeiro (Plano Piloto) / DF,Administração (Bacharelado),Diurno,EP_R1_PPI,EP_R1_PPI,True,R1,PPI,False,1.5,-53.789,-9.772
2018-2020,1,2020,Darcy Ribeiro (Plano Piloto) / DF,Administração (Bacharelado),Diurno,EP_R2_NPPI,EP_R2_NPPI,True,R2,NPPI,False,1.5,-80.471,-26.835
2018-2020,1,2020,Darcy Ribeiro (Plano Piloto) / DF,Administração (Bacharelado),Noturno,EP_R2_NPPI,EP_R2_NPPI,True,R2,NPPI,False,1.5,-30.302,31.847
2019-2021,2,2021,Darcy Ribeiro,Administração (Bacharelado),Diurno,EP_R2_NPPI,EP_R2_NPPI,True,R2,NPPI,False,1.5,-11.331,85.005
2019-2021,2,2021,Darcy Ribeiro,Administração (Bacharelado),Noturno,EP_R2_NPPI,EP_R2_NPPI,True,R2,NPPI,False,1.5,-8.376,14.991
2020-2022,3,2022,Darcy Ribeiro (Plano Piloto) / DF,Administração (Bacharelado),Diurno,EP_R2_NPPI,EP_R2_NPPI,True,R2,NPPI,False,1.5,0.373,53.503
2020-2022,3,2022,Darcy Ribeiro (Plano Piloto) / DF,Administração (Bacharelado),Noturno,EP_R2_NPPI,EP_R2_NPPI,True,R2,NPPI,False,1.5,-12.505,3.601
2021-2023,4,2023,Darcy Ribeiro (Plano Piloto) / DF,Administração (Bacharelado),Diurno,EP_R2_NPPI,EP_R2_NPPI,True,R2,NPPI,False,1.5,13.596,33.653
2021-2023,4,2023,Darcy Ribeiro (Plano Piloto) / DF,Administração (Bacharelado),Noturno,EP_R2_NPPI,EP_R2_NPPI,True,R2,NPPI,False,1.5,-63.326,12.204
2022-2024,5,2024,Darcy Ribeiro (Plano Piloto) / DF,Administração (Bacharelado),Diurno,EP_R2_NPPI,EP_R2_NPPI,True,R2,NPPI,False,1.5,-77.484,-34.03
2023-2025,6,2025,Darcy Ribeiro (Plano Piloto) / DF,Administração (Bacharelado),Diurno,EP_R2_NPPIQ,EP_R2_NPPIQ,True,R2,NPPIQ,False,1.0,-17.433,18.394
2023-2025,6,2025,Darcy Ribeiro (Plano Piloto) / DF,Administração (Bacharelado),Noturno,EP_R2_NPPIQ,EP_R2_NPPIQ,True,R2,NPPIQ,False,1.0,-55.503,-4.817
2018-2020,1,2020,Darcy Ribeiro (Plano Piloto) / DF,Administração (Bacharelado),Diurno,EP_R2_PPI,EP_R2_PPI,True,R2,PPI,False,1.5,-66.919,-1.149
2018-2020,1,2020,Darcy Ribeiro (Plano Piloto) / DF,Administração (Bacharelado),Noturno,EP_R2_PPI,EP_R2_PPI,True,R2,PPI,False,1.5,-74.731,-4.551
2019-2021,2,2021,Darcy Ribeiro,Administração (Bacharelado),Diurno,EP_R2_PPI,EP_R2_PPI,True,R2,PPI,False,1.5,-32.915,0.643
2019-2021,2,2021,Darcy Ribeiro,Administração (Bacharelado),Noturno,EP_R2_PPI,EP_R2_PPI,True,R2,PPI,False,1.5,-51.667,-6.11
2020-2022,3,2022,Darcy Ribeiro (Plano Piloto) / DF,Administração (Bacharelado),Diurno,EP_R2_PPI,EP_R2_PPI,True,R2,PPI,False,1.5,-14.213,17.044
2020-2022,3,2022,Darcy Ribeiro (Plano Piloto) / DF,Administração (Bacharelado),Noturno,EP_R2_PPI,EP_R2_PPI,True,R2,PPI,False,1.5,-84.174,-84.174
2021-2023,4,2023,Darcy Ribeiro (Plano Piloto) / DF,Administração (Bacharelado),Diurno,EP_R2_PPI,EP_R2_PPI,True,R2,PPI,False,1.5,-51.29,2.093
2023-2025,6,2025,Darcy Ribeiro (Plano Piloto) / DF,Administração (Bacharelado),Diurno,EP_R2_PPIQ,EP_R2_PPIQ,True,R2,PPIQ,False,1.0,-25.422,-3.245
2018-2020,1,2020,Darcy Ribeiro (Plano Piloto) / DF,Agronomia (Bacharelado),Diurno,AC,AC,False,,,False,,-82.562,39.359
2019-2021,2,2021,Darcy Ribeiro,Agronomia (Bacharelado),Diurno,AC,AC,False,,,False,,-9.125,49.697
2020-2022,3,2022,Darcy Ribeiro (Plano Piloto) / DF,Agronomia (Bacharelado),Diurno,AC,AC,False,,,False,,-6.614,104.416
2021-2023,4,2023,Darcy Ribeiro (Plano Piloto) / DF,Agronomia (Bacharelado),Diurno,AC,AC,False,,,False,,-7.422,85.304
2022-2024,5,2024,Darcy Ribeiro (Plano Piloto) / DF,Agronomia (Bacharelado),Diurno,AC,AC,False,,,False,,-95.148,-49.448
2023-2025,6,2025,Darcy Ribeiro (Plano Piloto) / DF,Agronomia (Bacharelado),Diurno,AC,AC,False,,,False,,-5.377,112.172
2018-2020,1,2020,Darcy Ribeiro (Plano Piloto) / DF,Agronomia (Bacharelado),Diurno,CN,CN,False,,NEGROS,False,,-56.023,-9.606
2019-2021,2,2021,Darcy Ribeiro,Agronomia (Bacharelado),Diurno,CN,CN,False,,NEGROS,False,,-13.14,11.95
2020-2022,3,2022,Darcy Ribeiro (Plano Piloto) / DF,Agronomia (Bacharelado),Diurno,CN,CN,False,,NEGROS,False,,-74.847,-66.324
2021-2023,4,2023,Darcy Ribeiro (Plano Piloto) / DF,Agronomia (Bacharelado),Diurno,CN,CN,False,,NEGROS,False,,-86.604,32.518
2023-2025,6,2025,Darcy Ribeiro (Plano Piloto) / DF,Agronomia (Bacharelado),Diurno,CN,CN,False,,NEGROS,False,,-22.112,-14.127
2018-2020,1,2020,Darcy Ribeiro (Plano Piloto) / DF,Agronomia (Bacharelado),Diurno,EP_R1_NPPI,EP_R1_NPPI,True,R1,NPPI,False,1.5,-64.547,-64.547
2019-2021,2,2021,Darcy Ribeiro,Agronomia (Bacharelado),Diurno,EP_R1_NPPI,EP_R1_NPPI,True,R1,NPPI,False,1.5,-50.337,33.84
2021-2023,4,2023,Darcy Ribeiro (Plano Piloto) / DF,Agronomia (Bacharelado),Diurno,EP_R1_NPPI,EP_R1_NPPI,True,R1,NPPI,False,1.5,-28.599,19.269
2023-2025,6,2025,Darcy Ribeiro (Plano Piloto) / DF,Agronomia (Bacharelado),Diurno,EP_R1_NPPIQ,EP_R1_NPPIQ,True,R1,NPPIQ,False,1.0,-56.39,-56.39
2018-2020,1,2020,Darcy Ribeiro (Plano Piloto) / DF,Agronomia (Bacharelado),Diurno,EP_R1_PPI,EP_R1_PPI,True,R1,PPI,False,1.5,-73.408,-29.038
2019-2021,2,2021,Darcy Ribeiro,Agronomia (Bacharelado),Diurno,EP_R1_PPI,EP_R1_PPI,True,R1,PPI,False,1.5,-60.355,-33.373
2020-2022,3,2022,Darcy Ribeiro (Plano Piloto) / DF,Agronomia (Bacharelado),Diurno,EP_R1_PPI,EP_R1_PPI,True,R1,PPI,False,1.5,-82.722,-82.722
2021-2023,4,2023,Darcy Ribeiro (Plano Piloto) / DF,Agronomia (Bacharelado),Diurno,EP_R1_PPI,EP_R1_PPI,True,R1,PPI,False,1.5,-64.647,-16.992
2018-2020,1,2020,Darcy Ribeiro (Plano Piloto) / DF,Agronomia (Bacharelado),Diurno,EP_R2_NPPI,EP_R2_NPPI,True,R2,NPPI,False,1.5,-58.889,21.927
2019-2021,2,2021,Darcy Ribeiro,Agronomia (Bacharelado),Diurno,EP_R2_NPPI,EP_R2_NPPI,True,R2,NPPI,False,1.5,-47.09,38.297
2020-2022,3,2022,Darcy Ribeiro (Plano Piloto) / DF,Agronomia (Bacharelado),Diurno,EP_R2_NPPI,EP_R2_NPPI,True,R2,NPPI,False,1.5,-94.126,25.397
2021-2023,4,2023,Darcy Ribeiro (Plano Piloto) / DF,Agronomia (Bacharelado),Diurno,EP_R2_NPPI,EP_R2_NPPI,True,R2,NPPI,False,1.5,-35.875,1.054
2023-2025,6,2025,Darcy Ribeiro (Plano Piloto) / DF,Agronomia (Bacharelado),Diurno,EP_R2_NPPIQ,EP_R2_NPPIQ,True,R2,NPPIQ,False,1.0,-58.036,-13.042
2018-2020,1,2020,Darcy Ribeiro (Plano Piloto) / DF,Agronomia (Bacharelado),Diurno,EP_R2_PPI,EP_R2_PPI,True,R2,PPI,False,1.5,-67.906,-36.5
2019-2021,2,2021,Darcy Ribeiro,Agronomia (Bacharelado),Diurno,EP_R2_PPI,EP_R2_PPI,True,R2,PPI,False,1.5,-79.596,
2020-2022,3,2022,Darcy Ribeiro (Plano Piloto) / DF,Agronomia (Bacharelado),Diurno,EP_R2_PPI,EP_R2_PPI,True,R2,PPI,False,1.5,-81.527,-28.783
2021-2023,4,2023,Darcy Ribeiro (Plano Piloto) / DF,Agronomia (Bacharelado),Diurno,EP_R2_PPI,EP_R2_PPI,True,R2,PPI,False,1.5,-61.917,-4.933
2023-2025,6,2025,Darcy Ribeiro (Plano Piloto) / DF,Agronomia (Bacharelado),Diurno,EP_R2_PPIQ,EP_R2_PPIQ,True,R2,PPIQ,False,1.0,-62.778,-36.2
2018-2020,1,2020,Darcy Ribeiro (Plano Piloto) / DF,Arquitetura e Urbanismo (Bacharelado),Diurno,AC,AC,False,,,False,,65.986,111.643
2018-2020,1,2020,Darcy Ribeiro (Plano Piloto) / DF,Arquitetura e Urbanismo (Bacharelado),Noturno,AC,AC,False,,,False,,-31.822,62.419
2019-2021,2,2021,Darcy Ribeiro,Arquitetura e Urbanismo (Bacharelado),Diurno,AC,AC,False,,,False,,74.758,
2019-2021,2,2021,Darcy Ribeiro,Arquitetura e Urbanismo (Bacharelado),Noturno,AC,AC,False,,,False,,19.181,76.568
2020-2022,3,2022,Darcy Ribeiro (Plano Piloto) / DF,Arquitetura e Urbanismo (Bacharelado),Diurno,AC,AC,False,,,False,,84.147,121.99
2020-2022,3,2022,Darcy Ribeiro (Plano Piloto) / DF,Arquitetura e Urbanismo (Bacharelado),Noturno,AC,AC,False,,,False,,53.202,67.911
2021-2023,4,2023,Darcy Ribeiro (Plano Piloto) / DF,Arquitetura e Urbanismo (Bacharelado),Diurno,AC,AC,False,,,False,,89.757,125.136
2021-2023,4,2023,Darcy Ribeiro (Plano Piloto) / DF,Arquitetura e Urbanismo (Bacharelado),Noturno,AC,AC,False,,,False,,61.623,87.641
2022-2024,5,2024,Darcy Ribeiro (Plano Piloto) / DF,Arquitetura e Urbanismo (Bacharelado),Diurno,AC,AC,False,,,False,,64.82,77.537
2022-2024,5,2024,Darcy Ribeiro (Plano Piloto) / DF,Arquitetura e Urbanismo (Bacharelado),Noturno,AC,AC,False,,,False,,-5.784,15.316
2023-2025,6,2025,Darcy Ribeiro (Plano Piloto) / DF,Arquitetura e Urbanismo (Bacharelado),Diurno,AC,AC,False,,,False,,98.047,146.303
2023-2025,6,2025,Darcy Ribeiro (Plano Piloto) / DF,Arquitetura e Urbanismo (Bacharelado),Noturno,AC,AC,False,,,False,,48.138,74.131
2018-2020,1,2020,Darcy Ribeiro (Plano Piloto) / DF,Arquitetura e Urbanismo (Bacharelado),Diurno,CN,CN,False,,NEGROS,False,,46.911,54.412
2018-2020,1,2020,Darcy Ribeiro (Plano Piloto) / DF,Arquitetura e Urbanismo (Bacharelado),Noturno,CN,CN,False,,NEGROS,False,,-66.223,-53.075
2019-2021,2,2021,Darcy Ribeiro,Arquitetura e Urbanismo (Bacharelado),Diurno,CN,CN,False,,NEGROS,False,,85.859,85.859
2019-2021,2,2021,Darcy Ribeiro,Arquitetura e Urbanismo (Bacharelado),Noturno,CN,CN,False,,NEGROS,False,,-2.692,-2.692
2020-2022,3,2022,Darcy Ribeiro (Plano Piloto) / DF,Arquitetura e Urbanismo (Bacharelado),Diurno,CN,CN,False,,NEGROS,False,,27.497,27.497
2020-2022,3,2022,Darcy Ribeiro (Plano Piloto) / DF,Arquitetura e Urbanismo (Bacharelado),Noturno,CN,CN,False,,NEGROS,False,,-56.427,-56.427
2021-2023,4,2023,Darcy Ribeiro (Plano Piloto) / DF,Arquitetura e Urbanismo (Bacharelado),Diurno,CN,CN,False,,NEGROS,False,,53.175,53.175
2021-2023,4,2023,Darcy Ribeiro (Plano Piloto) / DF,Arquitetura e Urbanismo (Bacharelado),Noturno,CN,CN,False,,NEGROS,False,,-49.856,-49.856
2022-2024,5,2024,Darcy Ribeiro (Plano Piloto) / DF,Arquitetura e Urbanismo (Bacharelado),Diurno,CN,CN,False,,NEGROS,False,,47.865,47.865
2022-2024,5,2024,Darcy Ribeiro (Plano Piloto) / DF,Arquitetura e Urbanismo (Bacharelado),Noturno,CN,CN,False,,NEGROS,False,,0.302,0.302
2023-2025,6,2025,Darcy Ribeiro (Plano Piloto) / DF,Arquitetura e Urbanismo (Bacharelado),Diurno,CN,CN,False,,NEGROS,False,,65.15,65.15
2023-2025,6,2025,Darcy Ribeiro (Plano Piloto) / DF,Arquitetura e Urbanismo (Bacharelado),Noturno,CN,CN,False,,NEGROS,False,,23.271,23.271
2018-2020,1,2020,Darcy Ribeiro (Plano Piloto) / DF,Arquitetura e Urbanismo (Bacharelado),Diurno,EP_R1_NPPI,EP_R1_NPPI,True,R1,NPPI,False,1.5,-74.003,-50.838
2018-2020,1,2020,Darcy Ribeiro (Plano Piloto) / DF,Arquitetura e Urbanismo (Bacharelado),Noturno,EP_R1_NPPI,EP_R1_NPPI,True,R1,NPPI,False,1.5,-65.025,5.459
2019-2021,2,2021,Darcy Ribeiro,Arquitetura e Urbanismo (Bacharelado),Diurno,EP_R1_NPPI,EP_R1_NPPI,True,R1,NPPI,False,1.5,20.353,38.018
2019-2021,2,2021,Darcy Ribeiro,Arquitetura e Urbanismo (Bacharelado),Noturno,EP_R1_NPPI,EP_R1_NPPI,True,R1,NPPI,False,1.5,-2.815,12.718
2020-2022,3,2022,Darcy Ribeiro (Plano Piloto) / DF,Arquitetura e Urbanismo (Bacharelado),Diurno,EP_R1_NPPI,EP_R1_NPPI,True,R1,NPPI,False,1.5,36.319,57.664
2020-2022,3,2022,Darcy Ribeiro (Plano Piloto) / DF,Arquitetura e Urbanismo (Bacharelado),Noturno,EP_R1_NPPI,EP_R1_NPPI,True,R1,NPPI,False,1.5,-19.787,-19.787
2021-2023,4,2023,Darcy Ribeiro (Plano Piloto) / DF,Arquitetura e Urbanismo (Bacharelado),Diurno,EP_R1_NPPI,EP_R1_NPPI,True,R1,NPPI,False,1.5,-14.415,58.507
2023-2025,6,2025,Darcy Ribeiro (Plano Piloto) / DF,Arquitetura e Urbanismo (Bacharelado),Diurno,EP_R1_NPPIQ,EP_R1_NPPIQ,True,R1,NPPIQ,False,1.0,-32.379,4.506
2018-2020,1,2020,Darcy Ribeiro (Plano Piloto) / DF,Arquitetura e Urbanismo (Bacharelado),Diurno,EP_R1_PPI,EP_R1_PPI,True,R1,PPI,False,1.5,-44.527,18.536
2019-2021,2,2021,Darcy Ribeiro,Arquitetura e Urbanismo (Bacharelado),Diurno,EP_R1_PPI,EP_R1_PPI,True,R1,PPI,False,1.5,16.653,31.35
2019-2021,2,2021,Darcy Ribeiro,Arquitetura e Urbanismo (Bacharelado),Noturno,EP_R1_PPI,EP_R1_PPI,True,R1,PPI,False,1.5,-46.6,-28.781
2020-2022,3,2022,Darcy Ribeiro (Plano Piloto) / DF,Arquitetura e Urbanismo (Bacharelado),Diurno,EP_R1_PPI,EP_R1_PPI,True,R1,PPI,False,1.5,-16.413,47.826
2020-2022,3,2022,Darcy Ribeiro (Plano Piloto) / DF,Arquitetura e Urbanismo (Bacharelado),Noturno,EP_R1_PPI,EP_R1_PPI,True,R1,PPI,False,1.5,-6.545,-6.545
2021-2023,4,2023,Darcy Ribeiro (Plano Piloto) / DF,Arquitetura e Urbanismo (Bacharelado),Diurno,EP_R1_PPI,EP_R1_PPI,True,R1,PPI,False,1.5,-23.28,23.159
2021-2023,4,2023,Darcy Ribeiro (Plano Piloto) / DF,Arquitetura e Urbanismo (Bacharelado),Noturno,EP_R1_PPI,EP_R1_PPI,True,R1,PPI,False,1.5,-20.256,-20.256
2018-2020,1,2020,Darcy Ribeiro (Plano Piloto) / DF,Arquitetura e Urbanismo (Bacharelado),Diurno,EP_R2_NPPI,EP_R2_NPPI,True,R2,NPPI,False,1.5,23.187,39.321
2018-2020,1,2020,Darcy Ribeiro (Plano Piloto) / DF,Arquitetura e Urbanismo (Bacharelado),Noturno,EP_R2_NPPI,EP_R2_NPPI,True,R2,NPPI,False,1.5,-25.804,12.181
2019-2021,2,2021,Darcy Ribeiro,Arquitetura e Urbanismo (Bacharelado),Diurno,EP_R2_NPPI,EP_R2_NPPI,True,R2,NPPI,False,1.5,49.823,61.77
2019-2021,2,2021,Darcy Ribeiro,Arquitetura e Urbanismo (Bacharelado),Noturno,EP_R2_NPPI,EP_R2_NPPI,True,R2,NPPI,False,1.5,-14.083,12.438
2020-2022,3,2022,Darcy Ribeiro (Plano Piloto) / DF,Arquitetura e Urbanismo (Bacharelado),Diurno,EP_R2_NPPI,EP_R2_NPPI,True,R2,NPPI,False,1.5,74.542,108.759
2020-2022,3,2022,Darcy Ribeiro (Plano Piloto) / DF,Arquitetura e Urbanismo (Bacharelado),Noturno,EP_R2_NPPI,EP_R2_NPPI,True,R2,NPPI,False,1.5,-29.219,-7.5
2021-2023,4,2023,Darcy Ribeiro (Plano Piloto) / DF,Arquitetura e Urbanismo (Bacharelado),Diurno,EP_R2_NPPI,EP_R2_NPPI,True,R2,NPPI,False,1.5,59.408,79.914
2021-2023,4,2023,Darcy Ribeiro (Plano Piloto) / DF,Arquitetura e Urbanismo (Bacharelado),Noturno,EP_R2_NPPI,EP_R2_NPPI,True,R2,NPPI,False,1.5,-44.019,37.832
2022-2024,5,2024,Darcy Ribeiro (Plano Piloto) / DF,Arquitetura e Urbanismo (Bacharelado),Diurno,EP_R2_NPPI,EP_R2_NPPI,True,R2,NPPI,False,1.5,-33.969,4.708
2023-2025,6,2025,Darcy Ribeiro (Plano Piloto) / DF,Arquitetura e Urbanismo (Bacharelado),Diurno,EP_R2_NPPIQ,EP_R2_NPPIQ,True,R2,NPPIQ,False,1.0,65.505,97.824
2023-2025,6,2025,Darcy Ribeiro (Plano Piloto) / DF,Arquitetura e Urbanismo (Bacharelado),Noturno,EP_R2_NPPIQ,EP_R2_NPPIQ,True,R2,NPPIQ,False,1.0,-57.497,11.923
2018-2020,1,2020,Darcy Ribeiro (Plano Piloto) / DF,Arquitetura e Urbanismo (Bacharelado),Diurno,EP_R2_PPI,EP_R2_PPI,True,R2,PPI,False,1.5,-33.644,16.99
2018-2020,1,2020,Darcy Ribeiro (Plano Piloto) / DF,Arquitetura e Urbanismo (Bacharelado),Noturno,EP_R2_PPI,EP_R2_PPI,True,R2,PPI,False,1.5,-17.044,-17.044
2019-2021,2,2021,Darcy Ribeiro,Arquitetura e Urbanismo (Bacharelado),Diurno,EP_R2_PPI,EP_R2_PPI,True,R2,PPI,False,1.5,18.42,53.972
2019-2021,2,2021,Darcy Ribeiro,Arquitetura e Urbanismo (Bacharelado),Noturno,EP_R2_PPI,EP_R2_PPI,True,R2,PPI,False,1.5,-10.972,-10.972
2020-2022,3,2022,Darcy Ribeiro (Plano Piloto) / DF,Arquitetura e Urbanismo (Bacharelado),Diurno,EP_R2_PPI,EP_R2_PPI,True,R2,PPI,False,1.5,14.502,52.696
2020-2022,3,2022,Darcy Ribeiro (Plano Piloto) / DF,Arquitetura e Urbanismo (Bacharelado),Noturno,EP_R2_PPI,EP_R2_PPI,True,R2,PPI,False,1.5,-81.638,-5.822
2021-2023,4,2023,Darcy Ribeiro (Plano Piloto) / DF,Arquitetura e Urbanismo (Bacharelado),Diurno,EP_R2_PPI,EP_R2_PPI,True,R2,PPI,False,1.5,-10.139,15.247
2021-2023,4,2023,Darcy Ribeiro (Plano Piloto) / DF,Arquitetura e Urbanismo (Bacharelado),Noturno,EP_R2_PPI,EP_R2_PPI,True,R2,PPI,False,1.5,-39.05,-39.05
2023-2025,6,2025,Darcy Ribeiro (Plano Piloto) / DF,Arquitetura e Urbanismo (Bacharelado),Diurno,EP_R2_PPIQ,EP_R2_PPIQ,True,R2,PPIQ,False,1.0,12.661,61.488
2018-2020,1,2020,Darcy Ribeiro (Plano Piloto) / DF,Arquivologia (Bacharelado),Noturno,AC,AC,False,,,False,,-46.303,-10.847
2019-2021,2,2021,Darcy Ribeiro,Arquivologia (Bacharelado),Noturno,AC,AC,False,,,False,,-70.173,-5.298
2020-2022,3,2022,Darcy Ribeiro (Plano Piloto) / DF,Arquivologia (Bacharelado),Noturno,AC,AC,False,,,False,,-82.039,32.901
2021-2023,4,2023,Darcy Ribeiro (Plano Piloto) / DF,Arquivologia (Bacharelado),Noturno,AC,AC,False,,,False,,-55.63,-13.001
2023-2025,6,2025,Darcy Ribeiro (Plano Piloto) / DF,Arquivologia (Bacharelado),Noturno,AC,AC,False,,,False,,-57.868,41.329
2018-2020,1,2020,Darcy Ribeiro (Plano Piloto) / DF,Arquivologia (Bacharelado),Noturno,CN,CN,False,,NEGROS,False,,-71.228,-71.228
2019-2021,2,2021,Darcy Ribeiro,Arquivologia (Bacharelado),Noturno,CN,CN,False,,NEGROS,False,,-72.96,-72.96
2020-2022,3,2022,Darcy Ribeiro (Plano Piloto) / DF,Arquivologia (Bacharelado),Noturno,CN,CN,False,,NEGROS,False,,10.221,10.221
2020-2022,3,2022,Darcy Ribeiro (Plano Piloto) / DF,Arquivologia (Bacharelado),Noturno,EP_R1_NPPI,EP_R1_NPPI,True,R1,NPPI,False,1.5,-47.977,-47.977
2021-2023,4,2023,Darcy Ribeiro (Plano Piloto) / DF,Arquivologia (Bacharelado),Noturno,EP_R1_NPPI,EP_R1_NPPI,True,R1,NPPI,False,1.5,-30.721,-19.2
2018-2020,1,2020,Darcy Ribeiro (Plano Piloto) / DF,Arquivologia (Bacharelado),Noturno,EP_R2_NPPI,EP_R2_NPPI,True,R2,NPPI,False,1.5,-55.757,-55.757
2019-2021,2,2021,Darcy Ribeiro,Arquivologia (Bacharelado),Noturno,EP_R2_NPPI,EP_R2_NPPI,True,R2,NPPI,False,1.5,-59.094,-59.094
2021-2023,4,2023,Darcy Ribeiro (Plano Piloto) / DF,Arquivologia (Bacharelado),Noturno,EP_R2_NPPI,EP_R2_NPPI,True,R2,NPPI,False,1.5,-34.645,-30.382
2023-2025,6,2025,Darcy Ribeiro (Plano Piloto) / DF,Arquivologia (Bacharelado),Noturno,EP_R2_NPPIQ,EP_R2_NPPIQ,True,R2,NPPIQ,False,1.0,-70.619,-31.332
2018-2020,1,2020,Darcy Ribeiro (Plano Piloto) / DF,Arquivologia (Bacharelado),Noturno,EP_R2_PPI,EP_R2_PPI,True,R2,PPI,False,1.5,-36.22,-34.267
2020-2022,3,2022,Darcy Ribeiro (Plano Piloto) / DF,Arquivologia (Bacharelado),Noturno,EP_R2_PPI,EP_R2_PPI,True,R2,PPI,False,1.5,-66.41,-66.41
2018-2020,1,2020,Darcy Ribeiro (Plano Piloto) / DF,Artes Cênicas (Bacharelado),Diurno,AC,AC,False,,,False,,-35.963,47.134
2019-2021,2,2021,Darcy Ribeiro,Artes Cênicas (Bacharelado),Diurno,AC,AC,False,,,False,,-31.865,22.845
2020-2022,3,2022,Darcy Ribeiro (Plano Piloto) / DF,Artes Cênicas (Bacharelado),Diurno,AC,AC,False,,,False,,-35.525,88.886
2021-2023,4,2023,Darcy Ribeiro (Plano Piloto) / DF,Artes Cênicas (Bacharelado),Diurno,AC,AC,False,,,False,,9.492,24.387
2022-2024,5,2024,Darcy Ribeiro (Plano Piloto) / DF,Artes Cênicas (Bacharelado),Diurno,AC,AC,False,,,False,,27.497,29.223
2023-2025,6,2025,Darcy Ribeiro (Plano Piloto) / DF,Artes Cênicas (Bacharelado),Diurno,AC,AC,False,,,False,,23.679,42.35
2021-2023,4,2023,Darcy Ribeiro (Plano Piloto) / DF,Artes Cênicas (Bacharelado),Diurno,EP_R1_NPPI,EP_R1_NPPI,True,R1,NPPI,False,1.5,-64.508,-64.508
2018-2020,1,2020,Darcy Ribeiro (Plano Piloto) / DF,Artes Cênicas (Bacharelado),Diurno,EP_R1_PPI,EP_R1_PPI,True,R1,PPI,False,1.5,-5.726,-5.726
2019-2021,2,2021,Darcy Ribeiro,Artes Cênicas (Bacharelado),Diurno,EP_R1_PPI,EP_R1_PPI,True,R1,PPI,False,1.5,0.432,0.432
2021-2023,4,2023,Darcy Ribeiro (Plano Piloto) / DF,Artes Cênicas (Bacharelado),Diurno,EP_R1_PPI,EP_R1_PPI,True,R1,PPI,False,1.5,-42.49,-42.49
2018-2020,1,2020,Darcy Ribeiro (Plano Piloto) / DF,Artes Cênicas (Bacharelado),Diurno,EP_R2_NPPI,EP_R2_NPPI,True,R2,NPPI,False,1.5,19.746,19.746
2021-2023,4,2023,Darcy Ribeiro (Plano Piloto) / DF,Artes Cênicas (Bacharelado),Diurno,EP_R2_NPPI,EP_R2_NPPI,True,R2,NPPI,False,1.5,-6.534,-6.534
2022-2024,5,2024,Darcy Ribeiro (Plano Piloto) / DF,Artes Cênicas (Bacharelado),Diurno,EP_R2_NPPI,EP_R2_NPPI,True,R2,NPPI,False,1.5,-19.882,-1.832
2023-2025,6,2025,Darcy Ribeiro (Plano Piloto) / DF,Artes Cênicas (Bacharelado),Diurno,EP_R2_NPPIQ,EP_R2_NPPIQ,True,R2,NPPIQ,False,1.0,-30.791,18.165
2023-2025,6,2025,Darcy Ribeiro (Plano Piloto) / DF,Artes Cênicas (Bacharelado),Diurno,EP_R2_NPPIQ_PCD,EP_R2_NPPIQ_PCD,True,R2,NPPIQ,True,1.0,-33.372,-33.372
2021-2023,4,2023,Darcy Ribeiro (Plano Piloto) / DF,Artes Cênicas (Bacharelado),Diurno,EP_R2_PPI,EP_R2_PPI,True,R2,PPI,False,1.5,-58.968,-58.968
2023-2025,6,2025,Darcy Ribeiro (Plano Piloto) / DF,Artes Cênicas (Licenciatura),Diurno,AC,AC,False,,,False,,-12.384,29.579
2023-2025,6,2025,Darcy Ribeiro (Plano Piloto) / DF,Artes Cênicas (Licenciatura),Noturno,AC,AC,False,,,False,,-53.375,16.725
2023-2025,6,2025,Darcy Ribeiro (Plano Piloto) / DF,Artes Cênicas (Licenciatura),Diurno,EP_R2_NPPIQ,EP_R2_NPPIQ,True,R2,NPPIQ,False,1.0,-49.808,-49.808
2023-2025,6,2025,Darcy Ribeiro (Plano Piloto) / DF,Artes Cênicas (Licenciatura),Diurno,EP_R2_PPIQ,EP_R2_PPIQ,True,R2,PPIQ,False,1.0,-62.337,-53.522
2018-2020,1,2020,Darcy Ribeiro (Plano Piloto) / DF,Artes Cênicas (Literatura),Diurno,AC,AC,False,,,False,,-52.165,19.702
2019-2021,2,2021,Darcy Ribeiro,Artes Cênicas (Literatura),Diurno,AC,AC,False,,,False,,18.627,18.627
2020-2022,3,2022,Darcy Ribeiro (Plano Piloto) / DF,Artes Cênicas (Literatura),Diurno,AC,AC,False,,,False,,-49.27,96.437
2021-2023,4,2023,Darcy Ribeiro (Plano Piloto) / DF,Artes Cênicas (Literatura),Diurno,AC,AC,False,,,False,,-1.077,21.881
2021-2023,4,2023,Darcy Ribeiro (Plano Piloto) / DF,Artes Cênicas (Literatura),Noturno,AC,AC,False,,,False,,-68.863,25.467
2020-2022,3,2022,Darcy Ribeiro (Plano Piloto) / DF,Artes Cênicas (Literatura),Diurno,EP_R1_NPPI,EP_R1_NPPI,True,R1,NPPI,False,1.5,14.969,14.969
2021-2023,4,2023,Darcy Ribeiro (Plano Piloto) / DF,Artes Cênicas (Literatura),Diurno,EP_R1_NPPI,EP_R1_NPPI,True,R1,NPPI,False,1.5,-42.056,-5.063
2019-2021,2,2021,Darcy Ribeiro,Artes Cênicas (Literatura),Noturno,EP_R1_PPI,EP_R1_PPI,True,R1,PPI,False,1.5,-10.798,-10.798
2018-2020,1,2020,Darcy Ribeiro (Plano Piloto) / DF,Artes Cênicas (Literatura),Noturno,EP_R2_NPPI,EP_R2_NPPI,True,R2,NPPI,False,1.5,-68.553,-68.553
2020-2022,3,2022,Darcy Ribeiro (Plano Piloto) / DF,Artes Cênicas (Literatura),Diurno,EP_R2_NPPI,EP_R2_NPPI,True,R2,NPPI,False,1.5,-21.566,-21.566
2019-2021,2,2021,Darcy Ribeiro,Artes Cênicas (Literatura),Diurno,EP_R2_PPI,EP_R2_PPI,True,R2,PPI,False,1.5,-49.617,-49.617
2018-2020,1,2020,Darcy Ribeiro (Plano Piloto) / DF,Artes Visuais (Bacharelado),Diurno,AC,AC,False,,,False,,-54.583,41.796
2019-2021,2,2021,Darcy Ribeiro,Artes Visuais (Bacharelado),Diurno,AC,AC,False,,,False,,-68.761,10.926
2020-2022,3,2022,Darcy Ribeiro (Plano Piloto) / DF,Artes Visuais (Bacharelado),Diurno,AC,AC,False,,,False,,29.41,58.914
2021-2023,4,2023,Darcy Ribeiro (Plano Piloto) / DF,Artes Visuais (Bacharelado),Diurno,AC,AC,False,,,False,,-13.782,47.739
2022-2024,5,2024,Darcy Ribeiro (Plano Piloto) / DF,Artes Visuais (Bacharelado),Diurno,AC,AC,False,,,False,,-25.519,9.382
2023-2025,6,2025,Darcy Ribeiro (Plano Piloto) / DF,Artes Visuais (Bacharelado),Diurno,AC,AC,False,,,False,,13.225,75.062
2023-2025,6,2025,Darcy Ribeiro (Plano Piloto) / DF,Artes Visuais (Bacharelado),Diurno,CN,CN,False,,NEGROS,False,,-21.925,-21.925
2018-2020,1,2020,Darcy Ribeiro (Plano Piloto) / DF,Artes Visuais (Bacharelado),Diurno,EP_R2_NPPI,EP_R2_NPPI,True,R2,NPPI,False,1.5,-37.278,-37.278
2020-2022,3,2022,Darcy Ribeiro (Plano Piloto) / DF,Artes Visuais (Bacharelado),Diurno,EP_R2_NPPI,EP_R2_NPPI,True,R2,NPPI,False,1.5,21.489,21.489
2021-2023,4,2023,Darcy Ribeiro (Plano Piloto) / DF,Artes Visuais (Bacharelado),Diurno,EP_R2_NPPI,EP_R2_NPPI,True,R2,NPPI,False,1.5,-73.314,-3.219
2023-2025,6,2025,Darcy Ribeiro (Plano Piloto) / DF,Artes Visuais (Bacharelado),Diurno,EP_R2_NPPIQ,EP_R2_NPPIQ,True,R2,NPPIQ,False,1.0,-64.314,-16.574
2018-2020,1,2020,Darcy Ribeiro (Plano Piloto) / DF,Artes Visuais (Licenciatura),Noturno,AC,AC,False,,,False,,-13.502,-13.502
2018-2020,1,2020,Darcy Ribeiro (Plano Piloto) / DF,Artes Visuais (Licenciatura),Diurno,AC,AC,False,,,False,,-56.057,28.223
2020-2022,3,2022,Darcy Ribeiro (Plano Piloto) / DF,Artes Visuais (Licenciatura),Diurno,AC,AC,False,,,False,,-90.01,54.376
2022-2024,5,2024,Darcy Ribeiro (Plano Piloto) / DF,Artes Visuais (Licenciatura),Diurno,AC,AC,False,,,False,,-7.957,70.753
2018-2020,1,2020,Darcy Ribeiro (Plano Piloto) / DF,Artes Visuais (Licenciatura),Diurno,CN,CN,False,,NEGROS,False,,-30.845,-30.845
2022-2024,5,2024,Darcy Ribeiro (Plano Piloto) / DF,Artes Visuais (Licenciatura),Diurno,CN,CN,False,,NEGROS,False,,-33.237,-33.237
2022-2024,5,2024,Darcy Ribeiro (Plano Piloto) / DF,Artes Visuais (Licenciatura),Diurno,EP_R1_NPPI,EP_R1_NPPI,True,R1,NPPI,False,1.5,-23.748,-23.748
2018-2020,1,2020,Darcy Ribeiro (Plano Piloto) / DF,Artes Visuais (Licenciatura),Diurno,EP_R1_PPI,EP_R1_PPI,True,R1,PPI,False,1.5,-23.125,-23.125
2018-2020,1,2020,Darcy Ribeiro (Plano Piloto) / DF,Artes Visuais (Licenciatura),Diurno,EP_R2_NPPI,EP_R2_NPPI,True,R2,NPPI,False,1.5,29.145,29.145
2020-2022,3,2022,Darcy Ribeiro (Plano Piloto) / DF,Artes Visuais (Licenciatura),Diurno,EP_R2_NPPI,EP_R2_NPPI,True,R2,NPPI,False,1.5,-21.695,34.369
2022-2024,5,2024,Darcy Ribeiro (Plano Piloto) / DF,Artes Visuais (Licenciatura),Diurno,EP_R2_NPPI,EP_R2_NPPI,True,R2,NPPI,False,1.5,-59.575,-16.763
2018-2020,1,2020,Darcy Ribeiro (Plano Piloto) / DF,Artes Visuais (Licenciatura),Diurno,EP_R2_PPI,EP_R2_PPI,True,R2,PPI,False,1.5,-17.979,-17.979
2020-2022,3,2022,Darcy Ribeiro (Plano Piloto) / DF,Artes Visuais (Licenciatura),Diurno,EP_R2_PPI,EP_R2_PPI,True,R2,PPI,False,1.5,-22.141,-22.141
2018-2020,1,2020,Darcy Ribeiro (Plano Piloto) / DF,Biblioteconomia (Bacharelado),Diurno,AC,AC,False,,,False,,-37.863,15.722
2019-2021,2,2021,Darcy Ribeiro,Biblioteconomia (Bacharelado),Diurno,AC,AC,False,,,False,,-80.935,60.65
2020-2022,3,2022,Darcy Ribeiro (Plano Piloto) / DF,Biblioteconomia (Bacharelado),Diurno,AC,AC,False,,,False,,-69.572,28.392
2021-2023,4,2023,Darcy Ribeiro (Plano Piloto) / DF,Biblioteconomia (Bacharelado),Diurno,AC,AC,False,,,False,,-82.692,28.164
2023-2025,6,2025,Darcy Ribeiro (Plano Piloto) / DF,Biblioteconomia (Bacharelado),Diurno,AC,AC,False,,,False,,-57.49,36.282
2019-2021,2,2021,Darcy Ribeiro,Biblioteconomia (Bacharelado),Diurno,CN,CN,False,,NEGROS,False,,-13.884,-13.884
2020-2022,3,2022,Darcy Ribeiro (Plano Piloto) / DF,Biblioteconomia (Bacharelado),Diurno,CN,CN,False,,NEGROS,False,,-17.598,-17.598
2021-2023,4,2023,Darcy Ribeiro (Plano Piloto) / DF,Biblioteconomia (Bacharelado),Diurno,CN,CN,False,,NEGROS,False,,-34.372,-34.372
2023-2025,6,2025,Darcy Ribeiro (Plano Piloto) / DF,Biblioteconomia (Bacharelado),Diurno,CN,CN,False,,NEGROS,False,,-46.402,-46.402
2019-2021,2,2021,Darcy Ribeiro,Biblioteconomia (Bacharelado),Diurno,EP_R1_NPPI,EP_R1_NPPI,True,R1,NPPI,False,1.5,-36.505,-15.885
2020-2022,3,2022,Darcy Ribeiro (Plano Piloto) / DF,Biblioteconomia (Bacharelado),Diurno,EP_R1_NPPI,EP_R1_NPPI,True,R1,NPPI,False,1.5,-72.447,-34.556
2021-2023,4,2023,Darcy Ribeiro (Plano Piloto) / DF,Biblioteconomia (Bacharelado),Diurno,EP_R1_NPPI,EP_R1_NPPI,True,R1,NPPI,False,1.5,-15.523,-15.523
2019-2021,2,2021,Darcy Ribeiro,Biblioteconomia (Bacharelado),Diurno,EP_R1_PPI,EP_R1_PPI,True,R1,PPI,False,1.5,-41.515,-41.515
2020-2022,3,2022,Darcy Ribeiro (Plano Piloto) / DF,Biblioteconomia (Bacharelado),Diurno,EP_R1_PPI,EP_R1_PPI,True,R1,PPI,False,1.5,-59.315,-59.315
2018-2020,1,2020,Darcy Ribeiro (Plano Piloto) / DF,Biblioteconomia (Bacharelado),Diurno,EP_R2_NPPI,EP_R2_NPPI,True,R2,NPPI,False,1.5,-18.898,-18.898
2019-2021,2,2021,Darcy Ribeiro,Biblioteconomia (Bacharelado),Diurno,EP_R2_NPPI,EP_R2_NPPI,True,R2,NPPI,False,1.5,-10.259,9.476
2020-2022,3,2022,Darcy Ribeiro (Plano Piloto) / DF,Biblioteconomia (Bacharelado),Diurno,EP_R2_NPPI,EP_R2_NPPI,True,R2,NPPI,False,1.5,-57.03,46.357
2021-2023,4,2023,Darcy Ribeiro (Plano Piloto) / DF,Biblioteconomia (Bacharelado),Diurno,EP_R2_NPPI,EP_R2_NPPI,True,R2,NPPI,False,1.5,-30.853,22.648
2023-2025,6,2025,Darcy Ribeiro (Plano Piloto) / DF,Biblioteconomia (Bacharelado),Diurno,EP_R2_NPPIQ,EP_R2_NPPIQ,True,R2,NPPIQ,False,1.0,-54.547,-52.729
2019-2021,2,2021,Darcy Ribeiro,Biblioteconomia (Bacharelado),Diurno,EP_R2_PPI,EP_R2_PPI,True,R2,PPI,False,1.5,-9.93,-9.93
2020-2022,3,2022,Darcy Ribeiro (Plano Piloto) / DF,Biblioteconomia (Bacharelado),Diurno,EP_R2_PPI,EP_R2_PPI,True,R2,PPI,False,1.5,-45.036,-45.036
2021-2023,4,2023,Darcy Ribeiro (Plano Piloto) / DF,Biblioteconomia (Bacharelado),Diurno,EP_R2_PPI,EP_R2_PPI,True,R2,PPI,False,1.5,-45.652,-45.652
2018-2020,1,2020,Darcy Ribeiro (Plano Piloto) / DF,Biologia (Bacharelado),Diurno,AC,AC,False,,,False,,47.639,102.589
2020-2022,3,2022,Darcy Ribeiro (Plano Piloto) / DF,Biologia (Bacharelado),Diurno,AC,AC,False,,,False,,70.253,174.618
2021-2023,4,2023,Darcy Ribeiro (Plano Piloto) / DF,Biologia (Bacharelado),Diurno,AC,AC,False,,,False,,92.094,139.272
2022-2024,5,2024,Darcy Ribeiro (Plano Piloto) / DF,Biologia (Bacharelado),Diurno,AC,AC,False,,,False,,48.174,55.263
2023-2025,6,2025,Darcy Ribeiro (Plano Piloto) / DF,Biologia (Bacharelado),Diurno,AC,AC,False,,,False,,78.793,119.236
2018-2020,1,2020,Darcy Ribeiro (Plano Piloto) / DF,Biologia (Bacharelado),Diurno,CN,CN,False,,NEGROS,False,,-8.39,-0.152
2020-2022,3,2022,Darcy Ribeiro (Plano Piloto) / DF,Biologia (Bacharelado),Diurno,CN,CN,False,,NEGROS,False,,23.621,23.621
2021-2023,4,2023,Darcy Ribeiro (Plano Piloto) / DF,Biologia (Bacharelado),Diurno,CN,CN,False,,NEGROS,False,,24.351,24.351
2022-2024,5,2024,Darcy Ribeiro (Plano Piloto) / DF,Biologia (Bacharelado),Diurno,CN,CN,False,,NEGROS,False,,-29.292,-29.292
2023-2025,6,2025,Darcy Ribeiro (Plano Piloto) / DF,Biologia (Bacharelado),Diurno,CN,CN,False,,NEGROS,False,,29.652,29.652
2018-2020,1,2020,Darcy Ribeiro (Plano Piloto) / DF,Biologia (Bacharelado),Diurno,EP_R1_NPPI,EP_R1_NPPI,True,R1,NPPI,False,1.5,-58.578,-3.085
2020-2022,3,2022,Darcy Ribeiro (Plano Piloto) / DF,Biologia (Bacharelado),Diurno,EP_R1_NPPI,EP_R1_NPPI,True,R1,NPPI,False,1.5,72.752,72.752
2021-2023,4,2023,Darcy Ribeiro (Plano Piloto) / DF,Biologia (Bacharelado),Diurno,EP_R1_NPPI,EP_R1_NPPI,True,R1,NPPI,False,1.5,11.011,14.473
2022-2024,5,2024,Darcy Ribeiro (Plano Piloto) / DF,Biologia (Bacharelado),Diurno,EP_R1_NPPI,EP_R1_NPPI,True,R1,NPPI,False,1.5,-64.765,-36.085
2023-2025,6,2025,Darcy Ribeiro (Plano Piloto) / DF,Biologia (Bacharelado),Diurno,EP_R1_NPPIQ,EP_R1_NPPIQ,True,R1,NPPIQ,False,1.0,-78.848,-26.937
2020-2022,3,2022,Darcy Ribeiro (Plano Piloto) / DF,Biologia (Bacharelado),Diurno,EP_R1_NPPI_PCD,EP_R1_NPPI_PCD,True,R1,NPPI,True,1.5,6.759,6.759
2018-2020,1,2020,Darcy Ribeiro (Plano Piloto) / DF,Biologia (Bacharelado),Diurno,EP_R1_PPI,EP_R1_PPI,True,R1,PPI,False,1.5,-42.429,-6.123
2020-2022,3,2022,Darcy Ribeiro (Plano Piloto) / DF,Biologia (Bacharelado),Diurno,EP_R1_PPI,EP_R1_PPI,True,R1,PPI,False,1.5,-2.765,89.849
2021-2023,4,2023,Darcy Ribeiro (Plano Piloto) / DF,Biologia (Bacharelado),Diurno,EP_R1_PPI,EP_R1_PPI,True,R1,PPI,False,1.5,-4.111,3.96
2018-2020,1,2020,Darcy Ribeiro (Plano Piloto) / DF,Biologia (Bacharelado),Diurno,EP_R2_NPPI,EP_R2_NPPI,True,R2,NPPI,False,1.5,5.725,31.993
2020-2022,3,2022,Darcy Ribeiro (Plano Piloto) / DF,Biologia (Bacharelado),Diurno,EP_R2_NPPI,EP_R2_NPPI,True,R2,NPPI,False,1.5,25.539,29.452
2021-2023,4,2023,Darcy Ribeiro (Plano Piloto) / DF,Biologia (Bacharelado),Diurno,EP_R2_NPPI,EP_R2_NPPI,True,R2,NPPI,False,1.5,40.429,40.429
2022-2024,5,2024,Darcy Ribeiro (Plano Piloto) / DF,Biologia (Bacharelado),Diurno,EP_R2_NPPI,EP_R2_NPPI,True,R2,NPPI,False,1.5,5.963,29.19
2023-2025,6,2025,Darcy Ribeiro (Plano Piloto) / DF,Biologia (Bacharelado),Diurno,EP_R2_NPPIQ,EP_R2_NPPIQ,True,R2,NPPIQ,False,1.0,29.597,56.051
2021-2023,4,2023,Darcy Ribeiro (Plano Piloto) / DF,Biologia (Bacharelado),Diurno,EP_R2_NPPI_PCD,EP_R2_NPPI_PCD,True,R2,NPPI,True,1.5,-25.671,-25.671
2018-2020,1,2020,Darcy Ribeiro (Plano Piloto) / DF,Biologia (Bacharelado),Diurno,EP_R2_PPI,EP_R2_PPI,True,R2,PPI,False,1.5,-40.62,42.573
2020-2022,3,2022,Darcy Ribeiro (Plano Piloto) / DF,Biologia (Bacharelado),Diurno,EP_R2_PPI,EP_R2_PPI,True,R2,PPI,False,1.5,20.011,28.207
2021-2023,4,2023,Darcy Ribeiro (Plano Piloto) / DF,Biologia (Bacharelado),Diurno,EP_R2_PPI,EP_R2_PPI,True,R2,PPI,False,1.5,-50.159,-26.927
2022-2024,5,2024,Darcy Ribeiro (Plano Piloto) / DF,Biologia (Bacharelado),Diurno,EP_R2_PPI,EP_R2_PPI,True,R2,PPI,False,1.5,-80.211,-58.11
2023-2025,6,2025,Darcy Ribeiro (Plano Piloto) / DF,Biologia (Bacharelado),Diurno,EP_R2_PPIQ,EP_R2_PPIQ,True,R2,PPIQ,False,1.0,-67.982,8.016
2018-2020,1,2020,Darcy Ribeiro (Plano Piloto) / DF,Biologia (Licenciatura),Noturno,AC,AC,False,,,False,,-36.584,45.635
2019-2021,2,2021,Darcy Ribeiro,Biologia (Licenciatura),Diurno,AC,AC,False,,,False,,61.373,143.74
2019-2021,2,2021,Darcy Ribeiro,Biologia (Licenciatura),Noturno,AC,AC,False,,,False,,5.948,
2020-2022,3,2022,Darcy Ribeiro (Plano Piloto) / DF,Biologia (Licenciatura),Noturno,AC,AC,False,,,False,,-34.711,141.546
2021-2023,4,2023,Darcy Ribeiro (Plano Piloto) / DF,Biologia (Licenciatura),Noturno,AC,AC,False,,,False,,1.357,67.671
2023-2025,6,2025,Darcy Ribeiro (Plano Piloto) / DF,Biologia (Licenciatura),Noturno,AC,AC,False,,,False,,-14.729,54.739
2018-2020,1,2020,Darcy Ribeiro (Plano Piloto) / DF,Biologia (Licenciatura),Noturno,CN,CN,False,,NEGROS,False,,9.788,35.977
2019-2021,2,2021,Darcy Ribeiro,Biologia (Licenciatura),Diurno,CN,CN,False,,NEGROS,False,,45.804,45.804
2019-2021,2,2021,Darcy Ribeiro,Biologia (Licenciatura),Noturno,CN,CN,False,,NEGROS,False,,40.662,40.662
2023-2025,6,2025,Darcy Ribeiro (Plano Piloto) / DF,Biologia (Licenciatura),Noturno,CN,CN,False,,NEGROS,False,,-17.183,-17.183
2019-2021,2,2021,Darcy Ribeiro,Biologia (Licenciatura),Diurno,EP_R1_NPPI,EP_R1_NPPI,True,R1,NPPI,False,1.5,38.006,47.711
2019-2021,2,2021,Darcy Ribeiro,Biologia (Licenciatura),Noturno,EP_R1_NPPI,EP_R1_NPPI,True,R1,NPPI,False,1.5,-18.134,22.642
2020-2022,3,2022,Darcy Ribeiro (Plano Piloto) / DF,Biologia (Licenciatura),Noturno,EP_R1_NPPI,EP_R1_NPPI,True,R1,NPPI,False,1.5,-45.443,-25.456
2021-2023,4,2023,Darcy Ribeiro (Plano Piloto) / DF,Biologia (Licenciatura),Noturno,EP_R1_NPPI,EP_R1_NPPI,True,R1,NPPI,False,1.5,-34.27,-8.304
2018-2020,1,2020,Darcy Ribeiro (Plano Piloto) / DF,Biologia (Licenciatura),Noturno,EP_R1_PPI,EP_R1_PPI,True,R1,PPI,False,1.5,-57.415,-43.489
2019-2021,2,2021,Darcy Ribeiro,Biologia (Licenciatura),Diurno,EP_R1_PPI,EP_R1_PPI,True,R1,PPI,False,1.5,,-7.024
2019-2021,2,2021,Darcy Ribeiro,Biologia (Licenciatura),Noturno,EP_R1_PPI,EP_R1_PPI,True,R1,PPI,False,1.5,-25.71,32.075
2021-2023,4,2023,Darcy Ribeiro (Plano Piloto) / DF,Biologia (Licenciatura),Noturno,EP_R1_PPI,EP_R1_PPI,True,R1,PPI,False,1.5,-32.04,-17.529
2018-2020,1,2020,Darcy Ribeiro (Plano Piloto) / DF,Biologia (Licenciatura),Noturno,EP_R2_NPPI,EP_R2_NPPI,True,R2,NPPI,False,1.5,-20.37,18.629
2019-2021,2,2021,Darcy Ribeiro,Biologia (Licenciatura),Diurno,EP_R2_NPPI,EP_R2_NPPI,True,R2,NPPI,False,1.5,51.276,55.29
2019-2021,2,2021,Darcy Ribeiro,Biologia (Licenciatura),Noturno,EP_R2_NPPI,EP_R2_NPPI,True,R2,NPPI,False,1.5,19.703,40.899
2020-2022,3,2022,Darcy Ribeiro (Plano Piloto) / DF,Biologia (Licenciatura),Noturno,EP_R2_NPPI,EP_R2_NPPI,True,R2,NPPI,False,1.5,-44.203,-44.203
2021-2023,4,2023,Darcy Ribeiro (Plano Piloto) / DF,Biologia (Licenciatura),Noturno,EP_R2_NPPI,EP_R2_NPPI,True,R2,NPPI,False,1.5,3.563,3.563
2023-2025,6,2025,Darcy Ribeiro (Plano Piloto) / DF,Biologia (Licenciatura),Noturno,EP_R2_NPPIQ,EP_R2_NPPIQ,True,R2,NPPIQ,False,1.0,-40.608,7.61
2018-2020,1,2020,Darcy Ribeiro (Plano Piloto) / DF,Biologia (Licenciatura),Noturno,EP_R2_PPI,EP_R2_PPI,True,R2,PPI,False,1.5,-17.581,-17.581
2019-2021,2,2021,Darcy Ribeiro,Biologia (Licenciatura),Diurno,EP_R2_PPI,EP_R2_PPI,True,R2,PPI,False,1.5,21.358,36.304
2019-2021,2,2021,Darcy Ribeiro,Biologia (Licenciatura),Noturno,EP_R2_PPI,EP_R2_PPI,True,R2,PPI,False,1.5,-26.888,-17.786
2020-2022,3,2022,Darcy Ribeiro (Plano Piloto) / DF,Biologia (Licenciatura),Noturno,EP_R2_PPI,EP_R2_PPI,True,R2,PPI,False,1.5,-43.355,11.906
2021-2023,4,2023,Darcy Ribeiro (Plano Piloto) / DF,Biologia (Licenciatura),Noturno,EP_R2_PPI,EP_R2_PPI,True,R2,PPI,False,1.5,-14.417,9.672
2018-2020,1,2020,Darcy Ribeiro (Plano Piloto) / DF,Biotecnologia (Bacharelado),Diurno,AC,AC,False,,,False,,13.962,103.116
2019-2021,2,2021,Darcy Ribeiro,Biotecnologia (Bacharelado),Diurno,AC,AC,False,,,False,,87.359,154.25
2020-2022,3,2022,Darcy Ribeiro (Plano Piloto) / DF,Biotecnologia (Bacharelado),Diurno,AC,AC,False,,,False,,57.009,150.391
2021-2023,4,2023,Darcy Ribeiro (Plano Piloto) / DF,Biotecnologia (Bacharelado),Diurno,AC,AC,False,,,False,,68.301,132.613
2022-2024,5,2024,Darcy Ribeiro (Plano Piloto) / DF,Biotecnologia (Bacharelado),Diurno,AC,AC,False,,,False,,-13.439,20.763
2023-2025,6,2025,Darcy Ribeiro (Plano Piloto) / DF,Biotecnologia (Bacharelado),Diurno,AC,AC,False,,,False,,67.536,157.41
2018-2020,1,2020,Darcy Ribeiro (Plano Piloto) / DF,Biotecnologia (Bacharelado),Diurno,CN,CN,False,,NEGROS,False,,-40.953,-1.459
2019-2021,2,2021,Darcy Ribeiro,Biotecnologia (Bacharelado),Diurno,CN,CN,False,,NEGROS,False,,29.186,29.186
2020-2022,3,2022,Darcy Ribeiro (Plano Piloto) / DF,Biotecnologia (Bacharelado),Diurno,CN,CN,False,,NEGROS,False,,72.345,72.345
2021-2023,4,2023,Darcy Ribeiro (Plano Piloto) / DF,Biotecnologia (Bacharelado),Diurno,CN,CN,False,,NEGROS,False,,64.75,64.75
2023-2025,6,2025,Darcy Ribeiro (Plano Piloto) / DF,Biotecnologia (Bacharelado),Diurno,CN,CN,False,,NEGROS,False,,64.205,64.205
2019-2021,2,2021,Darcy Ribeiro,Biotecnologia (Bacharelado),Diurno,EP_R1_NPPI,EP_R1_NPPI,True,R1,NPPI,False,1.5,-62.356,44.477
2020-2022,3,2022,Darcy Ribeiro (Plano Piloto) / DF,Biotecnologia (Bacharelado),Diurno,EP_R1_NPPI,EP_R1_NPPI,True,R1,NPPI,False,1.5,-50.648,-50.648
2021-2023,4,2023,Darcy Ribeiro (Plano Piloto) / DF,Biotecnologia (Bacharelado),Diurno,EP_R1_NPPI,EP_R1_NPPI,True,R1,NPPI,False,1.5,-35.358,22.414
2022-2024,5,2024,Darcy Ribeiro (Plano Piloto) / DF,Biotecnologia (Bacharelado),Diurno,EP_R1_NPPI,EP_R1_NPPI,True,R1,NPPI,False,1.5,-32.078,-32.078
2023-2025,6,2025,Darcy Ribeiro (Plano Piloto) / DF,Biotecnologia (Bacharelado),Diurno,EP_R1_NPPIQ,EP_R1_NPPIQ,True,R1,NPPIQ,False,1.0,22.903,22.903
2018-2020,1,2020,Darcy Ribeiro (Plano Piloto) / DF,Biotecnologia (Bacharelado),Diurno,EP_R1_PPI,EP_R1_PPI,True,R1,PPI,False,1.5,-47.176,-47.176
2019-2021,2,2021,Darcy Ribeiro,Biotecnologia (Bacharelado),Diurno,EP_R1_PPI,EP_R1_PPI,True,R1,PPI,False,1.5,-29.963,12.895
2020-2022,3,2022,Darcy Ribeiro (Plano Piloto) / DF,Biotecnologia (Bacharelado),Diurno,EP_R1_PPI,EP_R1_PPI,True,R1,PPI,False,1.5,-25.889,42.794
2018-2020,1,2020,Darcy Ribeiro (Plano Piloto) / DF,Biotecnologia (Bacharelado),Diurno,EP_R2_NPPI,EP_R2_NPPI,True,R2,NPPI,False,1.5,-60.398,32.963
2019-2021,2,2021,Darcy Ribeiro,Biotecnologia (Bacharelado),Diurno,EP_R2_NPPI,EP_R2_NPPI,True,R2,NPPI,False,1.5,55.938,88.431
2020-2022,3,2022,Darcy Ribeiro (Plano Piloto) / DF,Biotecnologia (Bacharelado),Diurno,EP_R2_NPPI,EP_R2_NPPI,True,R2,NPPI,False,1.5,50.506,130.314
2021-2023,4,2023,Darcy Ribeiro (Plano Piloto) / DF,Biotecnologia (Bacharelado),Diurno,EP_R2_NPPI,EP_R2_NPPI,True,R2,NPPI,False,1.5,2.909,28.978
2022-2024,5,2024,Darcy Ribeiro (Plano Piloto) / DF,Biotecnologia (Bacharelado),Diurno,EP_R2_NPPI,EP_R2_NPPI,True,R2,NPPI,False,1.5,-84.167,-24.822
2023-2025,6,2025,Darcy Ribeiro (Plano Piloto) / DF,Biotecnologia (Bacharelado),Diurno,EP_R2_NPPIQ,EP_R2_NPPIQ,True,R2,NPPIQ,False,1.0,-36.957,43.54
2018-2020,1,2020,Darcy Ribeiro (Plano Piloto) / DF,Biotecnologia (Bacharelado),Diurno,EP_R2_PPI,EP_R2_PPI,True,R2,PPI,False,1.5,-40.891,40.546
2019-2021,2,2021,Darcy Ribeiro,Biotecnologia (Bacharelado),Diurno,EP_R2_PPI,EP_R2_PPI,True,R2,PPI,False,1.5,-53.337,58.876
2020-2022,3,2022,Darcy Ribeiro (Plano Piloto) / DF,Biotecnologia (Bacharelado),Diurno,EP_R2_PPI,EP_R2_PPI,True,R2,PPI,False,1.5,-10.399,104.025
2021-2023,4,2023,Darcy Ribeiro (Plano Piloto) / DF,Biotecnologia (Bacharelado),Diurno,EP_R2_PPI,EP_R2_PPI,True,R2,PPI,False,1.5,-25.817,-25.817
2023-2025,6,2025,Darcy Ribeiro (Plano Piloto) / DF,Biotecnologia (Bacharelado),Diurno,EP_R2_PPIQ,EP_R2_PPIQ,True,R2,PPIQ,False,1.0,-47.168,-47.168
2018-2020,1,2020,Darcy Ribeiro (Plano Piloto) / DF,Ciência Política (Bacharelado),Diurno,AC,AC,False,,,False,,-16.226,118.576
2019-2021,2,2021,Darcy Ribeiro,Ciência Política (Bacharelado),Diurno,AC,AC,False,,,False,,47.264,128.48
2020-2022,3,2022,Darcy Ribeiro (Plano Piloto) / DF,Ciência Política (Bacharelado),Diurno,AC,AC,False,,,False,,53.088,111.048
2021-2023,4,2023,Darcy Ribeiro (Plano Piloto) / DF,Ciência Política (Bacharelado),Diurno,AC,AC,False,,,False,,51.125,76.944
2022-2024,5,2024,Darcy Ribeiro (Plano Piloto) / DF,Ciência Política (Bacharelado),Diurno,AC,AC,False,,,False,,-0.707,27.872
2023-2025,6,2025,Darcy Ribeiro (Plano Piloto) / DF,Ciência Política (Bacharelado),Diurno,AC,AC,False,,,False,,55.467,112.083
2018-2020,1,2020,Darcy Ribeiro (Plano Piloto) / DF,Ciência Política (Bacharelado),Diurno,CN,CN,False,,NEGROS,False,,-6.36,63.804
2019-2021,2,2021,Darcy Ribeiro,Ciência Política (Bacharelado),Diurno,CN,CN,False,,NEGROS,False,,-6.889,-6.889
2020-2022,3,2022,Darcy Ribeiro (Plano Piloto) / DF,Ciência Política (Bacharelado),Diurno,CN,CN,False,,NEGROS,False,,23.841,23.841
2021-2023,4,2023,Darcy Ribeiro (Plano Piloto) / DF,Ciência Política (Bacharelado),Diurno,CN,CN,False,,NEGROS,False,,59.772,59.772
2022-2024,5,2024,Darcy Ribeiro (Plano Piloto) / DF,Ciência Política (Bacharelado),Diurno,CN,CN,False,,NEGROS,False,,-1.435,-1.435
2023-2025,6,2025,Darcy Ribeiro (Plano Piloto) / DF,Ciência Política (Bacharelado),Diurno,CN,CN,False,,NEGROS,False,,48.441,48.441
2018-2020,1,2020,Darcy Ribeiro (Plano Piloto) / DF,Ciência Política (Bacharelado),Diurno,EP_R1_NPPI,EP_R1_NPPI,True,R1,NPPI,False,1.5,-23.763,2.994
2019-2021,2,2021,Darcy Ribeiro,Ciência Política (Bacharelado),Diurno,EP_R1_NPPI,EP_R1_NPPI,True,R1,NPPI,False,1.5,-27.935,-27.935
2020-2022,3,2022,Darcy Ribeiro (Plano Piloto) / DF,Ciência Política (Bacharelado),Diurno,EP_R1_NPPI,EP_R1_NPPI,True,R1,NPPI,False,1.5,-44.5,-22.087
2021-2023,4,2023,Darcy Ribeiro (Plano Piloto) / DF,Ciência Política (Bacharelado),Diurno,EP_R1_NPPI,EP_R1_NPPI,True,R1,NPPI,False,1.5,-21.736,15.499
2023-2025,6,2025,Darcy Ribeiro (Plano Piloto) / DF,Ciência Política (Bacharelado),Diurno,EP_R1_NPPIQ,EP_R1_NPPIQ,True,R1,NPPIQ,False,1.0,-33.164,-3.3
2018-2020,1,2020,Darcy Ribeiro (Plano Piloto) / DF,Ciência Política (Bacharelado),Diurno,EP_R1_PPI,EP_R1_PPI,True,R1,PPI,False,1.5,-20.735,4.398
2019-2021,2,2021,Darcy Ribeiro,Ciência Política (Bacharelado),Diurno,EP_R1_PPI,EP_R1_PPI,True,R1,PPI,False,1.5,-14.082,41.919
2020-2022,3,2022,Darcy Ribeiro (Plano Piloto) / DF,Ciência Política (Bacharelado),Diurno,EP_R1_PPI,EP_R1_PPI,True,R1,PPI,False,1.5,-30.87,-18.086
2021-2023,4,2023,Darcy Ribeiro (Plano Piloto) / DF,Ciência Política (Bacharelado),Diurno,EP_R1_PPI,EP_R1_PPI,True,R1,PPI,False,1.5,-15.546,-3.077
2018-2020,1,2020,Darcy Ribeiro (Plano Piloto) / DF,Ciência Política (Bacharelado),Diurno,EP_R2_NPPI,EP_R2_NPPI,True,R2,NPPI,False,1.5,-48.057,24.311
2019-2021,2,2021,Darcy Ribeiro,Ciência Política (Bacharelado),Diurno,EP_R2_NPPI,EP_R2_NPPI,True,R2,NPPI,False,1.5,-13.224,26.979
2020-2022,3,2022,Darcy Ribeiro (Plano Piloto) / DF,Ciência Política (Bacharelado),Diurno,EP_R2_NPPI,EP_R2_NPPI,True,R2,NPPI,False,1.5,-21.41,20.572
2021-2023,4,2023,Darcy Ribeiro (Plano Piloto) / DF,Ciência Política (Bacharelado),Diurno,EP_R2_NPPI,EP_R2_NPPI,True,R2,NPPI,False,1.5,16.428,22.171
2023-2025,6,2025,Darcy Ribeiro (Plano Piloto) / DF,Ciência Política (Bacharelado),Diurno,EP_R2_NPPIQ,EP_R2_NPPIQ,True,R2,NPPIQ,False,1.0,13.769,47.698
2023-2025,6,2025,Darcy Ribeiro (Plano Piloto) / DF,Ciência Política (Bacharelado),Diurno,EP_R2_NPPIQ_PCD,EP_R2_NPPIQ_PCD,True,R2,NPPIQ,True,1.0,-31.841,-24.216
2018-2020,1,2020,Darcy Ribeiro (Plano Piloto) / DF,Ciência Política (Bacharelado),Diurno,EP_R2_PPI,EP_R2_PPI,True,R2,PPI,False,1.5,-68.378,55.251
2019-2021,2,2021,Darcy Ribeiro,Ciência Política (Bacharelado),Diurno,EP_R2_PPI,EP_R2_PPI,True,R2,PPI,False,1.5,-50.288,-8.471
2020-2022,3,2022,Darcy Ribeiro (Plano Piloto) / DF,Ciência Política (Bacharelado),Diurno,EP_R2_PPI,EP_R2_PPI,True,R2,PPI,False,1.5,-47.386,-5.052
2021-2023,4,2023,Darcy Ribeiro (Plano Piloto) / DF,Ciência Política (Bacharelado),Diurno,EP_R2_PPI,EP_R2_PPI,True,R2,PPI,False,1.5,-30.791,5.586
2023-2025,6,2025,Darcy Ribeiro (Plano Piloto) / DF,Ciência Política (Bacharelado),Diurno,EP_R2_PPIQ,EP_R2_PPIQ,True,R2,PPIQ,False,1.0,-37.151,-5.97
2018-2020,1,2020,Darcy Ribeiro (Plano Piloto) / DF,Ciência da Computação (Bacharelado),Diurno,AC,AC,False,,,False,,78.303,141.416
2019-2021,2,2021,Darcy Ribeiro,Ciência da Computação (Bacharelado),Diurno,AC,AC,False,,,False,,115.0,192.19
2020-2022,3,2022,Darcy Ribeiro (Plano Piloto) / DF,Ciência da Computação (Bacharelado),Diurno,AC,AC,False,,,False,,139.434,168.535
2021-2023,4,2023,Darcy Ribeiro (Plano Piloto) / DF,Ciência da Computação (Bacharelado),Diurno,AC,AC,False,,,False,,143.984,188.751
2022-2024,5,2024,Darcy Ribeiro (Plano Piloto) / DF,Ciência da Computação (Bacharelado),Diurno,AC,AC,False,,,False,,111.639,126.56
2023-2025,6,2025,Darcy Ribeiro (Plano Piloto) / DF,Ciência da Computação (Bacharelado),Diurno,AC,AC,False,,,False,,135.827,166.528
2018-2020,1,2020,Darcy Ribeiro (Plano Piloto) / DF,Ciência da Computação (Bacharelado),Diurno,CN,CN,False,,NEGROS,False,,44.904,57.682
2019-2021,2,2021,Darcy Ribeiro,Ciência da Computação (Bacharelado),Diurno,CN,CN,False,,NEGROS,False,,82.755,82.755
2020-2022,3,2022,Darcy Ribeiro (Plano Piloto) / DF,Ciência da Computação (Bacharelado),Diurno,CN,CN,False,,NEGROS,False,,91.881,91.881
2021-2023,4,2023,Darcy Ribeiro (Plano Piloto) / DF,Ciência da Computação (Bacharelado),Diurno,CN,CN,False,,NEGROS,False,,137.024,137.024
2022-2024,5,2024,Darcy Ribeiro (Plano Piloto) / DF,Ciência da Computação (Bacharelado),Diurno,CN,CN,False,,NEGROS,False,,64.835,64.835
2023-2025,6,2025,Darcy Ribeiro (Plano Piloto) / DF,Ciência da Computação (Bacharelado),Diurno,CN,CN,False,,NEGROS,False,,117.648,117.648
2018-2020,1,2020,Darcy Ribeiro (Plano Piloto) / DF,Ciência da Computação (Bacharelado),Diurno,EP_R1_NPPI,EP_R1_NPPI,True,R1,NPPI,False,1.5,-75.28,-0.86
2019-2021,2,2021,Darcy Ribeiro,Ciência da Computação (Bacharelado),Diurno,EP_R1_NPPI,EP_R1_NPPI,True,R1,NPPI,False,1.5,46.784,65.016
2020-2022,3,2022,Darcy Ribeiro (Plano Piloto) / DF,Ciência da Computação (Bacharelado),Diurno,EP_R1_NPPI,EP_R1_NPPI,True,R1,NPPI,False,1.5,19.695,86.756
2021-2023,4,2023,Darcy Ribeiro (Plano Piloto) / DF,Ciência da Computação (Bacharelado),Diurno,EP_R1_NPPI,EP_R1_NPPI,True,R1,NPPI,False,1.5,8.992,21.805
2022-2024,5,2024,Darcy Ribeiro (Plano Piloto) / DF,Ciência da Computação (Bacharelado),Diurno,EP_R1_NPPI,EP_R1_NPPI,True,R1,NPPI,False,1.5,8.647,18.344
2023-2025,6,2025,Darcy Ribeiro (Plano Piloto) / DF,Ciência da Computação (Bacharelado),Diurno,EP_R1_NPPIQ,EP_R1_NPPIQ,True,R1,NPPIQ,False,1.0,-38.263,32.989
2018-2020,1,2020,Darcy Ribeiro (Plano Piloto) / DF,Ciência da Computação (Bacharelado),Diurno,EP_R1_PPI,EP_R1_PPI,True,R1,PPI,False,1.5,-34.939,-2.517
2019-2021,2,2021,Darcy Ribeiro,Ciência da Computação (Bacharelado),Diurno,EP_R1_PPI,EP_R1_PPI,True,R1,PPI,False,1.5,9.006,79.464
2020-2022,3,2022,Darcy Ribeiro (Plano Piloto) / DF,Ciência da Computação (Bacharelado),Diurno,EP_R1_PPI,EP_R1_PPI,True,R1,PPI,False,1.5,11.4,28.373
2021-2023,4,2023,Darcy Ribeiro (Plano Piloto) / DF,Ciência da Computação (Bacharelado),Diurno,EP_R1_PPI,EP_R1_PPI,True,R1,PPI,False,1.5,-7.916,6.671
2022-2024,5,2024,Darcy Ribeiro (Plano Piloto) / DF,Ciência da Computação (Bacharelado),Diurno,EP_R1_PPI,EP_R1_PPI,True,R1,PPI,False,1.5,-18.098,-7.693
2023-2025,6,2025,Darcy Ribeiro (Plano Piloto) / DF,Ciência da Computação (Bacharelado),Diurno,EP_R1_PPIQ,EP_R1_PPIQ,True,R1,PPIQ,False,1.0,0.178,0.178
2018-2020,1,2020,Darcy Ribeiro (Plano Piloto) / DF,Ciência da Computação (Bacharelado),Diurno,EP_R2_NPPI,EP_R2_NPPI,True,R2,NPPI,False,1.5,9.801,115.857
2019-2021,2,2021,Darcy Ribeiro,Ciência da Computação (Bacharelado),Diurno,EP_R2_NPPI,EP_R2_NPPI,True,R2,NPPI,False,1.5,114.94,142.35
2020-2022,3,2022,Darcy Ribeiro (Plano Piloto) / DF,Ciência da Computação (Bacharelado),Diurno,EP_R2_NPPI,EP_R2_NPPI,True,R2,NPPI,False,1.5,131.855,181.985
2021-2023,4,2023,Darcy Ribeiro (Plano Piloto) / DF,Ciência da Computação (Bacharelado),Diurno,EP_R2_NPPI,EP_R2_NPPI,True,R2,NPPI,False,1.5,107.146,124.221
2022-2024,5,2024,Darcy Ribeiro (Plano Piloto) / DF,Ciência da Computação (Bacharelado),Diurno,EP_R2_NPPI,EP_R2_NPPI,True,R2,NPPI,False,1.5,77.535,77.535
2023-2025,6,2025,Darcy Ribeiro (Plano Piloto) / DF,Ciência da Computação (Bacharelado),Diurno,EP_R2_NPPIQ,EP_R2_NPPIQ,True,R2,NPPIQ,False,1.0,118.288,118.288
2023-2025,6,2025,Darcy Ribeiro (Plano Piloto) / DF,Ciência da Computação (Bacharelado),Diurno,EP_R2_NPPIQ_PCD,EP_R2_NPPIQ_PCD,True,R2,NPPIQ,True,1.0,42.861,42.861
2022-2024,5,2024,Darcy Ribeiro (Plano Piloto) / DF,Ciência da Computação (Bacharelado),Diurno,EP_R2_NPPI_PCD,EP_R2_NPPI_PCD,True,R2,NPPI,True,1.5,-10.517,-10.517
2018-2020,1,2020,Darcy Ribeiro (Plano Piloto) / DF,Ciência da Computação (Bacharelado),Diurno,EP_R2_PPI,EP_R2_PPI,True,R2,PPI,False,1.5,12.338,54.187
2019-2021,2,2021,Darcy Ribeiro,Ciência da Computação (Bacharelado),Diurno,EP_R2_PPI,EP_R2_PPI,True,R2,PPI,False,1.5,29.628,64.873
2020-2022,3,2022,Darcy Ribeiro (Plano Piloto) / DF,Ciência da Computação (Bacharelado),Diurno,EP_R2_PPI,EP_R2_PPI,True,R2,PPI,False,1.5,37.394,56.75
2021-2023,4,2023,Darcy Ribeiro (Plano Piloto) / DF,Ciência da Computação (Bacharelado),Diurno,EP_R2_PPI,EP_R2_PPI,True,R2,PPI,False,1.5,53.97,91.909
2022-2024,5,2024,Darcy Ribeiro (Plano Piloto) / DF,Ciência da Computação (Bacharelado),Diurno,EP_R2_PPI,EP_R2_PPI,True,R2,PPI,False,1.5,-12.086,22.791
2023-2025,6,2025,Darcy Ribeiro (Plano Piloto) / DF,Ciência da Computação (Bacharelado),Diurno,EP_R2_PPIQ,EP_R2_PPIQ,True,R2,PPIQ,False,1.0,48.884,74.724
2018-2020,1,2020,Darcy Ribeiro (Plano Piloto) / DF,Ciência da Computação (Bacharelado),Diurno,EP_R2_PPI_PCD,EP_R2_PPI_PCD,True,R2,PPI,True,1.5,-13.051,-13.051
2018-2020,1,2020,Darcy Ribeiro (Plano Piloto) / DF,Ciências Ambientais (Bacharelado),Noturno,AC,AC,False,,,False,,-86.73,22.379
2019-2021,2,2021,Darcy Ribeiro,Ciências Ambientais (Bacharelado),Noturno,AC,AC,False,,,False,,-63.616,118.33
2020-2022,3,2022,Darcy Ribeiro (Plano Piloto) / DF,Ciências Ambientais (Bacharelado),Noturno,AC,AC,False,,,False,,-88.634,18.579
2021-2023,4,2023,Darcy Ribeiro (Plano Piloto) / DF,Ciências Ambientais (Bacharelado),Noturno,AC,AC,False,,,False,,-51.442,9.203
2023-2025,6,2025,Darcy Ribeiro (Plano Piloto) / DF,Ciências Ambientais (Bacharelado),Noturno,AC,AC,False,,,False,,-60.711,-15.392
2018-2020,1,2020,Darcy Ribeiro (Plano Piloto) / DF,Ciências Ambientais (Bacharelado),Noturno,CN,CN,False,,NEGROS,False,,-35.352,-30.498
2019-2021,2,2021,Darcy Ribeiro,Ciências Ambientais (Bacharelado),Noturno,CN,CN,False,,NEGROS,False,,-16.032,-16.032
2020-2022,3,2022,Darcy Ribeiro (Plano Piloto) / DF,Ciências Ambientais (Bacharelado),Noturno,CN,CN,False,,NEGROS,False,,-37.945,-37.945
2021-2023,4,2023,Darcy Ribeiro (Plano Piloto) / DF,Ciências Ambientais (Bacharelado),Noturno,CN,CN,False,,NEGROS,False,,-39.988,-39.988
2021-2023,4,2023,Darcy Ribeiro (Plano Piloto) / DF,Ciências Ambientais (Bacharelado),Noturno,EP_R1_NPPI,EP_R1_NPPI,True,R1,NPPI,False,1.5,-6.827,-6.827
2018-2020,1,2020,Darcy Ribeiro (Plano Piloto) / DF,Ciências Ambientais (Bacharelado),Noturno,EP_R2_NPPI,EP_R2_NPPI,True,R2,NPPI,False,1.5,-49.599,-33.542
2020-2022,3,2022,Darcy Ribeiro (Plano Piloto) / DF,Ciências Ambientais (Bacharelado),Noturno,EP_R2_NPPI,EP_R2_NPPI,True,R2,NPPI,False,1.5,46.048,46.048
2021-2023,4,2023,Darcy Ribeiro (Plano Piloto) / DF,Ciências Ambientais (Bacharelado),Noturno,EP_R2_NPPI,EP_R2_NPPI,True,R2,NPPI,False,1.5,-29.414,-13.823
2018-2020,1,2020,Darcy Ribeiro (Plano Piloto) / DF,Ciências Ambientais (Bacharelado),Noturno,EP_R2_PPI,EP_R2_PPI,True,R2,PPI,False,1.5,-59.986,-33.277
2019-2021,2,2021,Darcy Ribeiro,Ciências Ambientais (Bacharelado),Noturno,EP_R2_PPI,EP_R2_PPI,True,R2,PPI,False,1.5,-15.686,-15.686
2020-2022,3,2022,Darcy Ribeiro (Plano Piloto) / DF,Ciências Ambientais (Bacharelado),Noturno,EP_R2_PPI,EP_R2_PPI,True,R2,PPI,False,1.5,-27.184,-25.474
2021-2023,4,2023,Darcy Ribeiro (Plano Piloto) / DF,Ciências Ambientais (Bacharelado),Noturno,EP_R2_PPI,EP_R2_PPI,True,R2,PPI,False,1.5,-51.524,-51.524
2018-2020,1,2020,Darcy Ribeiro (Plano Piloto) / DF,Ciências Contábeis (Bacharelado),Diurno,AC,AC,False,,,False,,-77.991,70.338
2018-2020,1,2020,Darcy Ribeiro (Plano Piloto) / DF,Ciências Contábeis (Bacharelado),Noturno,AC,AC,False,,,False,,-71.302,44.077
2019-2021,2,2021,Darcy Ribeiro,Ciências Contábeis (Bacharelado),Diurno,AC,AC,False,,,False,,13.056,64.385
2019-2021,2,2021,Darcy Ribeiro,Ciências Contábeis (Bacharelado),Noturno,AC,AC,False,,,False,,-20.052,46.127
2020-2022,3,2022,Darcy Ribeiro (Plano Piloto) / DF,Ciências Contábeis (Bacharelado),Diurno,AC,AC,False,,,False,,4.883,84.034
2020-2022,3,2022,Darcy Ribeiro (Plano Piloto) / DF,Ciências Contábeis (Bacharelado),Noturno,AC,AC,False,,,False,,-62.176,42.671
2021-2023,4,2023,Darcy Ribeiro (Plano Piloto) / DF,Ciências Contábeis (Bacharelado),Diurno,AC,AC,False,,,False,,12.567,74.209
2021-2023,4,2023,Darcy Ribeiro (Plano Piloto) / DF,Ciências Contábeis (Bacharelado),Noturno,AC,AC,False,,,False,,-69.227,45.134
2022-2024,5,2024,Darcy Ribeiro (Plano Piloto) / DF,Ciências Contábeis (Bacharelado),Diurno,AC,AC,False,,,False,,-102.261,-10.335
2023-2025,6,2025,Darcy Ribeiro (Plano Piloto) / DF,Ciências Contábeis (Bacharelado),Diurno,AC,AC,False,,,False,,17.85,82.737
2023-2025,6,2025,Darcy Ribeiro (Plano Piloto) / DF,Ciências Contábeis (Bacharelado),Noturno,AC,AC,False,,,False,,-27.789,31.88
2018-2020,1,2020,Darcy Ribeiro (Plano Piloto) / DF,Ciências Contábeis (Bacharelado),Diurno,CN,CN,False,,NEGROS,False,,5.872,5.872
2019-2021,2,2021,Darcy Ribeiro,Ciências Contábeis (Bacharelado),Diurno,CN,CN,False,,NEGROS,False,,-30.284,
2019-2021,2,2021,Darcy Ribeiro,Ciências Contábeis (Bacharelado),Noturno,CN,CN,False,,NEGROS,False,,-2.467,25.446
2020-2022,3,2022,Darcy Ribeiro (Plano Piloto) / DF,Ciências Contábeis (Bacharelado),Diurno,CN,CN,False,,NEGROS,False,,25.609,25.609
2021-2023,4,2023,Darcy Ribeiro (Plano Piloto) / DF,Ciências Contábeis (Bacharelado),Diurno,CN,CN,False,,NEGROS,False,,-24.684,3.632
2021-2023,4,2023,Darcy Ribeiro (Plano Piloto) / DF,Ciências Contábeis (Bacharelado),Noturno,CN,CN,False,,NEGROS,False,,-70.205,-24.978
2023-2025,6,2025,Darcy Ribeiro (Plano Piloto) / DF,Ciências Contábeis (Bacharelado),Diurno,CN,CN,False,,NEGROS,False,,-0.627,14.496
2023-2025,6,2025,Darcy Ribeiro (Plano Piloto) / DF,Ciências Contábeis (Bacharelado),Noturno,CN,CN,False,,NEGROS,False,,-40.834,-24.325
2018-2020,1,2020,Darcy Ribeiro (Plano Piloto) / DF,Ciências Contábeis (Bacharelado),Diurno,EP_R1_NPPI,EP_R1_NPPI,True,R1,NPPI,False,1.5,-33.95,-9.24
2018-2020,1,2020,Darcy Ribeiro (Plano Piloto) / DF,Ciências Contábeis (Bacharelado),Noturno,EP_R1_NPPI,EP_R1_NPPI,True,R1,NPPI,False,1.5,-54.029,-54.029
2019-2021,2,2021,Darcy Ribeiro,Ciências Contábeis (Bacharelado),Diurno,EP_R1_NPPI,EP_R1_NPPI,True,R1,NPPI,False,1.5,,12.234
2019-2021,2,2021,Darcy Ribeiro,Ciências Contábeis (Bacharelado),Noturno,EP_R1_NPPI,EP_R1_NPPI,True,R1,NPPI,False,1.5,-62.154,-7.43
2020-2022,3,2022,Darcy Ribeiro (Plano Piloto) / DF,Ciências Contábeis (Bacharelado),Diurno,EP_R1_NPPI,EP_R1_NPPI,True,R1,NPPI,False,1.5,-35.936,29.827
2021-2023,4,2023,Darcy Ribeiro (Plano Piloto) / DF,Ciências Contábeis (Bacharelado),Diurno,EP_R1_NPPI,EP_R1_NPPI,True,R1,NPPI,False,1.5,-49.303,44.815
2021-2023,4,2023,Darcy Ribeiro (Plano Piloto) / DF,Ciências Contábeis (Bacharelado),Noturno,EP_R1_NPPI,EP_R1_NPPI,True,R1,NPPI,False,1.5,-54.966,-29.047
2023-2025,6,2025,Darcy Ribeiro (Plano Piloto) / DF,Ciências Contábeis (Bacharelado),Diurno,EP_R1_NPPIQ,EP_R1_NPPIQ,True,R1,NPPIQ,False,1.0,-24.064,-24.064
2019-2021,2,2021,Darcy Ribeiro,Ciências Contábeis (Bacharelado),Diurno,EP_R1_PPI,EP_R1_PPI,True,R1,PPI,False,1.5,,13.346
2019-2021,2,2021,Darcy Ribeiro,Ciências Contábeis (Bacharelado),Noturno,EP_R1_PPI,EP_R1_PPI,True,R1,PPI,False,1.5,-50.721,-38.632
2020-2022,3,2022,Darcy Ribeiro (Plano Piloto) / DF,Ciências Contábeis (Bacharelado),Diurno,EP_R1_PPI,EP_R1_PPI,True,R1,PPI,False,1.5,-45.199,-45.199
2020-2022,3,2022,Darcy Ribeiro (Plano Piloto) / DF,Ciências Contábeis (Bacharelado),Noturno,EP_R1_PPI,EP_R1_PPI,True,R1,PPI,False,1.5,1.491,1.491
2021-2023,4,2023,Darcy Ribeiro (Plano Piloto) / DF,Ciências Contábeis (Bacharelado),Diurno,EP_R1_PPI,EP_R1_PPI,True,R1,PPI,False,1.5,-59.857,-59.857
2018-2020,1,2020,Darcy Ribeiro (Plano Piloto) / DF,Ciências Contábeis (Bacharelado),Diurno,EP_R2_NPPI,EP_R2_NPPI,True,R2,NPPI,False,1.5,-26.025,9.416
2019-2021,2,2021,Darcy Ribeiro,Ciências Contábeis (Bacharelado),Diurno,EP_R2_NPPI,EP_R2_NPPI,True,R2,NPPI,False,1.5,,8.335
2019-2021,2,2021,Darcy Ribeiro,Ciências Contábeis (Bacharelado),Noturno,EP_R2_NPPI,EP_R2_NPPI,True,R2,NPPI,False,1.5,-68.678,-68.678
2020-2022,3,2022,Darcy Ribeiro (Plano Piloto) / DF,Ciências Contábeis (Bacharelado),Diurno,EP_R2_NPPI,EP_R2_NPPI,True,R2,NPPI,False,1.5,-30.058,37.264
2020-2022,3,2022,Darcy Ribeiro (Plano Piloto) / DF,Ciências Contábeis (Bacharelado),Noturno,EP_R2_NPPI,EP_R2_NPPI,True,R2,NPPI,False,1.5,-76.035,9.581
2021-2023,4,2023,Darcy Ribeiro (Plano Piloto) / DF,Ciências Contábeis (Bacharelado),Diurno,EP_R2_NPPI,EP_R2_NPPI,True,R2,NPPI,False,1.5,-50.174,55.242
2021-2023,4,2023,Darcy Ribeiro (Plano Piloto) / DF,Ciências Contábeis (Bacharelado),Noturno,EP_R2_NPPI,EP_R2_NPPI,True,R2,NPPI,False,1.5,-60.649,0.749
2022-2024,5,2024,Darcy Ribeiro (Plano Piloto) / DF,Ciências Contábeis (Bacharelado),Diurno,EP_R2_NPPI,EP_R2_NPPI,True,R2,NPPI,False,1.5,-75.965,-49.701
2023-2025,6,2025,Darcy Ribeiro (Plano Piloto) / DF,Ciências Contábeis (Bacharelado),Diurno,EP_R2_NPPIQ,EP_R2_NPPIQ,True,R2,NPPIQ,False,1.0,-50.333,11.211
2023-2025,6,2025,Darcy Ribeiro (Plano Piloto) / DF,Ciências Contábeis (Bacharelado),Noturno,EP_R2_NPPIQ,EP_R2_NPPIQ,True,R2,NPPIQ,False,1.0,-36.706,-21.206
2018-2020,1,2020,Darcy Ribeiro (Plano Piloto) / DF,Ciências Contábeis (Bacharelado),Diurno,EP_R2_PPI,EP_R2_PPI,True,R2,PPI,False,1.5,-43.271,60.116
2018-2020,1,2020,Darcy Ribeiro (Plano Piloto) / DF,Ciências Contábeis (Bacharelado),Noturno,EP_R2_PPI,EP_R2_PPI,True,R2,PPI,False,1.5,-37.932,-13.347
2019-2021,2,2021,Darcy Ribeiro,Ciências Contábeis (Bacharelado),Diurno,EP_R2_PPI,EP_R2_PPI,True,R2,PPI,False,1.5,,4.995
2019-2021,2,2021,Darcy Ribeiro,Ciências Contábeis (Bacharelado),Noturno,EP_R2_PPI,EP_R2_PPI,True,R2,PPI,False,1.5,-52.303,16.406
2020-2022,3,2022,Darcy Ribeiro (Plano Piloto) / DF,Ciências Contábeis (Bacharelado),Diurno,EP_R2_PPI,EP_R2_PPI,True,R2,PPI,False,1.5,-37.765,38.821
2020-2022,3,2022,Darcy Ribeiro (Plano Piloto) / DF,Ciências Contábeis (Bacharelado),Noturno,EP_R2_PPI,EP_R2_PPI,True,R2,PPI,False,1.5,-53.936,-4.601
2021-2023,4,2023,Darcy Ribeiro (Plano Piloto) / DF,Ciências Contábeis (Bacharelado),Diurno,EP_R2_PPI,EP_R2_PPI,True,R2,PPI,False,1.5,-21.687,-21.687
2021-2023,4,2023,Darcy Ribeiro (Plano Piloto) / DF,Ciências Contábeis (Bacharelado),Noturno,EP_R2_PPI,EP_R2_PPI,True,R2,PPI,False,1.5,-29.321,-6.142
2023-2025,6,2025,Darcy Ribeiro (Plano Piloto) / DF,Ciências Contábeis (Bacharelado),Diurno,EP_R2_PPIQ,EP_R2_PPIQ,True,R2,PPIQ,False,1.0,-81.153,-5.417
2023-2025,6,2025,Darcy Ribeiro (Plano Piloto) / DF,Ciências Contábeis (Bacharelado),Noturno,EP_R2_PPIQ,EP_R2_PPIQ,True,R2,PPIQ,False,1.0,-72.809,-37.134
2018-2020,1,2020,Darcy Ribeiro (Plano Piloto) / DF,Ciências Econômicas (Bacharelado),Diurno,AC,AC,False,,,False,,39.606,170.983
2019-2021,2,2021,Darcy Ribeiro,Ciências Econômicas (Bacharelado),Diurno,AC,AC,False,,,False,,92.033,
2020-2022,3,2022,Darcy Ribeiro (Plano Piloto) / DF,Ciências Econômicas (Bacharelado),Diurno,AC,AC,False,,,False,,90.763,149.64
2021-2023,4,2023,Darcy Ribeiro (Plano Piloto) / DF,Ciências Econômicas (Bacharelado),Diurno,AC,AC,False,,,False,,105.597,150.5
2022-2024,5,2024,Darcy Ribeiro (Plano Piloto) / DF,Ciências Econômicas (Bacharelado),Diurno,AC,AC,False,,,False,,50.313,75.802
2023-2025,6,2025,Darcy Ribeiro (Plano Piloto) / DF,Ciências Econômicas (Bacharelado),Diurno,AC,AC,False,,,False,,98.037,136.512
2018-2020,1,2020,Darcy Ribeiro (Plano Piloto) / DF,Ciências Econômicas (Bacharelado),Diurno,CN,CN,False,,NEGROS,False,,52.181,54.601
2019-2021,2,2021,Darcy Ribeiro,Ciências Econômicas (Bacharelado),Diurno,CN,CN,False,,NEGROS,False,,19.037,19.037
2020-2022,3,2022,Darcy Ribeiro (Plano Piloto) / DF,Ciências Econômicas (Bacharelado),Diurno,CN,CN,False,,NEGROS,False,,64.336,64.336
2021-2023,4,2023,Darcy Ribeiro (Plano Piloto) / DF,Ciências Econômicas (Bacharelado),Diurno,CN,CN,False,,NEGROS,False,,13.26,13.26
2022-2024,5,2024,Darcy Ribeiro (Plano Piloto) / DF,Ciências Econômicas (Bacharelado),Diurno,CN,CN,False,,NEGROS,False,,38.698,38.698
2023-2025,6,2025,Darcy Ribeiro (Plano Piloto) / DF,Ciências Econômicas (Bacharelado),Diurno,CN,CN,False,,NEGROS,False,,83.431,83.431
2018-2020,1,2020,Darcy Ribeiro (Plano Piloto) / DF,Ciências Econômicas (Bacharelado),Diurno,EP_R1_NPPI,EP_R1_NPPI,True,R1,NPPI,False,1.5,-19.708,37.407
2019-2021,2,2021,Darcy Ribeiro,Ciências Econômicas (Bacharelado),Diurno,EP_R1_NPPI,EP_R1_NPPI,True,R1,NPPI,False,1.5,-60.912,0.999
2020-2022,3,2022,Darcy Ribeiro (Plano Piloto) / DF,Ciências Econômicas (Bacharelado),Diurno,EP_R1_NPPI,EP_R1_NPPI,True,R1,NPPI,False,1.5,1.518,35.529
2021-2023,4,2023,Darcy Ribeiro (Plano Piloto) / DF,Ciências Econômicas (Bacharelado),Diurno,EP_R1_NPPI,EP_R1_NPPI,True,R1,NPPI,False,1.5,-37.553,35.066
2022-2024,5,2024,Darcy Ribeiro (Plano Piloto) / DF,Ciências Econômicas (Bacharelado),Diurno,EP_R1_NPPI,EP_R1_NPPI,True,R1,NPPI,False,1.5,-56.632,-56.632
2023-2025,6,2025,Darcy Ribeiro (Plano Piloto) / DF,Ciências Econômicas (Bacharelado),Diurno,EP_R1_NPPIQ,EP_R1_NPPIQ,True,R1,NPPIQ,False,1.0,-30.927,-30.927
2018-2020,1,2020,Darcy Ribeiro (Plano Piloto) / DF,Ciências Econômicas (Bacharelado),Diurno,EP_R1_PPI,EP_R1_PPI,True,R1,PPI,False,1.5,-31.962,3.364
2019-2021,2,2021,Darcy Ribeiro,Ciências Econômicas (Bacharelado),Diurno,EP_R1_PPI,EP_R1_PPI,True,R1,PPI,False,1.5,-25.591,29.074
2020-2022,3,2022,Darcy Ribeiro (Plano Piloto) / DF,Ciências Econômicas (Bacharelado),Diurno,EP_R1_PPI,EP_R1_PPI,True,R1,PPI,False,1.5,-10.898,67.95
2018-2020,1,2020,Darcy Ribeiro (Plano Piloto) / DF,Ciências Econômicas (Bacharelado),Diurno,EP_R2_NPPI,EP_R2_NPPI,True,R2,NPPI,False,1.5,-31.155,71.256
2019-2021,2,2021,Darcy Ribeiro,Ciências Econômicas (Bacharelado),Diurno,EP_R2_NPPI,EP_R2_NPPI,True,R2,NPPI,False,1.5,44.978,51.9
2020-2022,3,2022,Darcy Ribeiro (Plano Piloto) / DF,Ciências Econômicas (Bacharelado),Diurno,EP_R2_NPPI,EP_R2_NPPI,True,R2,NPPI,False,1.5,74.425,116.541
2021-2023,4,2023,Darcy Ribeiro (Plano Piloto) / DF,Ciências Econômicas (Bacharelado),Diurno,EP_R2_NPPI,EP_R2_NPPI,True,R2,NPPI,False,1.5,-8.931,73.774
2022-2024,5,2024,Darcy Ribeiro (Plano Piloto) / DF,Ciências Econômicas (Bacharelado),Diurno,EP_R2_NPPI,EP_R2_NPPI,True,R2,NPPI,False,1.5,-64.258,-22.961
2023-2025,6,2025,Darcy Ribeiro (Plano Piloto) / DF,Ciências Econômicas (Bacharelado),Diurno,EP_R2_NPPIQ,EP_R2_NPPIQ,True,R2,NPPIQ,False,1.0,18.823,94.124
2018-2020,1,2020,Darcy Ribeiro (Plano Piloto) / DF,Ciências Econômicas (Bacharelado),Diurno,EP_R2_PPI,EP_R2_PPI,True,R2,PPI,False,1.5,-48.677,23.009
2019-2021,2,2021,Darcy Ribeiro,Ciências Econômicas (Bacharelado),Diurno,EP_R2_PPI,EP_R2_PPI,True,R2,PPI,False,1.5,-40.775,55.484
2020-2022,3,2022,Darcy Ribeiro (Plano Piloto) / DF,Ciências Econômicas (Bacharelado),Diurno,EP_R2_PPI,EP_R2_PPI,True,R2,PPI,False,1.5,-23.99,7.712
2021-2023,4,2023,Darcy Ribeiro (Plano Piloto) / DF,Ciências Econômicas (Bacharelado),Diurno,EP_R2_PPI,EP_R2_PPI,True,R2,PPI,False,1.5,-37.254,59.411
2023-2025,6,2025,Darcy Ribeiro (Plano Piloto) / DF,Ciências Econômicas (Bacharelado),Diurno,EP_R2_PPIQ,EP_R2_PPIQ,True,R2,PPIQ,False,1.0,-17.699,30.922
2018-2020,1,2020,Planaltina / DF,Ciências Naturais (Licenciatura),Diurno,AC,AC,False,,,False,,-78.584,-15.361
2019-2021,2,2021,Planalti na (FUP),Ciências Naturais (Licenciatura),Diurno,AC,AC,False,,,False,,-85.5,-85.5
2019-2021,2,2021,Planalti na (FUP),Ciências Naturais (Licenciatura),Noturno,AC,AC,False,,,False,,-76.854,-20.469
2020-2022,3,2022,Planaltina / DF,Ciências Naturais (Licenciatura),Diurno,AC,AC,False,,,False,,-71.509,21.657
2020-2022,3,2022,Planaltina / DF,Ciências Naturais (Licenciatura),Noturno,AC,AC,False,,,False,,-62.526,-39.709
2021-2023,4,2023,Planaltina / DF,Ciências Naturais (Licenciatura),Diurno,AC,AC,False,,,False,,-85.11,9.258
2021-2023,4,2023,Planaltina / DF,Ciências Naturais (Licenciatura),Noturno,AC,AC,False,,,False,,-52.216,9.125
2023-2025,6,2025,Planaltina / DF,Ciências Naturais (Licenciatura),Diurno,AC,AC,False,,,False,,-78.391,13.11
2019-2021,2,2021,Planalti na (FUP),Ciências Naturais (Licenciatura),Noturno,CN,CN,False,,NEGROS,False,,-90.203,-90.203
2020-2022,3,2022,Planaltina / DF,Ciências Naturais (Licenciatura),Diurno,EP_R1_PPI,EP_R1_PPI,True,R1,PPI,False,1.5,-19.534,-19.534
2021-2023,4,2023,Planaltina / DF,Ciências Naturais (Licenciatura),Diurno,EP_R1_PPI,EP_R1_PPI,True,R1,PPI,False,1.5,-49.692,-49.692
2018-2020,1,2020,Planaltina / DF,Ciências Naturais (Licenciatura),Diurno,EP_R2_PPI,EP_R2_PPI,True,R2,PPI,False,1.5,-38.144,-7.442
2020-2022,3,2022,Planaltina / DF,Ciências Naturais (Licenciatura),Diurno,EP_R2_PPI,EP_R2_PPI,True,R2,PPI,False,1.5,-36.562,-36.562
2020-2022,3,2022,Planaltina / DF,Ciências Naturais (Licenciatura),Noturno,EP_R2_PPI,EP_R2_PPI,True,R2,PPI,False,1.5,-37.156,-37.156
2018-2020,1,2020,Darcy Ribeiro (Plano Piloto) / DF,Ciências Sociais – Antropologia/ Sociologia (Bacharelado/Licenciatura),Diurno,AC,AC,False,,,False,,-73.444,63.097
2019-2021,2,2021,Darcy Ribeiro,Ciências Sociais – Antropologia/ Sociologia (Bacharelado/Licenciatura),Diurno,AC,AC,False,,,False,,11.533,94.463
2020-2022,3,2022,Darcy Ribeiro (Plano Piloto) / DF,Ciências Sociais – Antropologia/ Sociologia (Bacharelado/Licenciatura),Diurno,AC,AC,False,,,False,,-7.672,71.472
2021-2023,4,2023,Darcy Ribeiro (Plano Piloto) / DF,Ciências Sociais – Antropologia/ Sociologia (Bacharelado/Licenciatura),Diurno,AC,AC,False,,,False,,3.024,73.106
2023-2025,6,2025,Darcy Ribeiro (Plano Piloto) / DF,Ciências Sociais – Antropologia/ Sociologia (Bacharelado/Licenciatura),Diurno,AC,AC,False,,,False,,-15.532,69.84
2018-2020,1,2020,Darcy Ribeiro (Plano Piloto) / DF,Ciências Sociais – Antropologia/ Sociologia (Bacharelado/Licenciatura),Diurno,CN,CN,False,,NEGROS,False,,-2.423,22.985
2019-2021,2,2021,Darcy Ribeiro,Ciências Sociais – Antropologia/ Sociologia (Bacharelado/Licenciatura),Diurno,CN,CN,False,,NEGROS,False,,0.428,6.996
2020-2022,3,2022,Darcy Ribeiro (Plano Piloto) / DF,Ciências Sociais – Antropologia/ Sociologia (Bacharelado/Licenciatura),Diurno,CN,CN,False,,NEGROS,False,,-40.831,8.448
2021-2023,4,2023,Darcy Ribeiro (Plano Piloto) / DF,Ciências Sociais – Antropologia/ Sociologia (Bacharelado/Licenciatura),Diurno,CN,CN,False,,NEGROS,False,,-9.211,20.554
2023-2025,6,2025,Darcy Ribeiro (Plano Piloto) / DF,Ciências Sociais – Antropologia/ Sociologia (Bacharelado/Licenciatura),Diurno,CN,CN,False,,NEGROS,False,,-34.923,-32.091
2018-2020,1,2020,Darcy Ribeiro (Plano Piloto) / DF,Ciências Sociais – Antropologia/ Sociologia (Bacharelado/Licenciatura),Diurno,EP_R1_NPPI,EP_R1_NPPI,True,R1,NPPI,False,1.5,-58.842,12.31
2019-2021,2,2021,Darcy Ribeiro,Ciências Sociais – Antropologia/ Sociologia (Bacharelado/Licenciatura),Diurno,EP_R1_NPPI,EP_R1_NPPI,True,R1,NPPI,False,1.5,-32.433,-16.98
2020-2022,3,2022,Darcy Ribeiro (Plano Piloto) / DF,Ciências Sociais – Antropologia/ Sociologia (Bacharelado/Licenciatura),Diurno,EP_R1_NPPI,EP_R1_NPPI,True,R1,NPPI,False,1.5,-64.94,10.205
2021-2023,4,2023,Darcy Ribeiro (Plano Piloto) / DF,Ciências Sociais – Antropologia/ Sociologia (Bacharelado/Licenciatura),Diurno,EP_R1_NPPI,EP_R1_NPPI,True,R1,NPPI,False,1.5,-65.302,-5.054
2023-2025,6,2025,Darcy Ribeiro (Plano Piloto) / DF,Ciências Sociais – Antropologia/ Sociologia (Bacharelado/Licenciatura),Diurno,EP_R1_NPPIQ,EP_R1_NPPIQ,True,R1,NPPIQ,False,1.0,-30.926,-30.926
2018-2020,1,2020,Darcy Ribeiro (Plano Piloto) / DF,Ciências Sociais – Antropologia/ Sociologia (Bacharelado/Licenciatura),Diurno,EP_R1_PPI,EP_R1_PPI,True,R1,PPI,False,1.5,-79.622,13.422
2019-2021,2,2021,Darcy Ribeiro,Ciências Sociais – Antropologia/ Sociologia (Bacharelado/Licenciatura),Diurno,EP_R1_PPI,EP_R1_PPI,True,R1,PPI,False,1.5,-35.497,-29.515
2020-2022,3,2022,Darcy Ribeiro (Plano Piloto) / DF,Ciências Sociais – Antropologia/ Sociologia (Bacharelado/Licenciatura),Diurno,EP_R1_PPI,EP_R1_PPI,True,R1,PPI,False,1.5,-45.824,-26.627
2021-2023,4,2023,Darcy Ribeiro (Plano Piloto) / DF,Ciências Sociais – Antropologia/ Sociologia (Bacharelado/Licenciatura),Diurno,EP_R1_PPI,EP_R1_PPI,True,R1,PPI,False,1.5,-61.197,-32.867
2018-2020,1,2020,Darcy Ribeiro (Plano Piloto) / DF,Ciências Sociais – Antropologia/ Sociologia (Bacharelado/Licenciatura),Diurno,EP_R2_NPPI,EP_R2_NPPI,True,R2,NPPI,False,1.5,-34.495,6.009
2019-2021,2,2021,Darcy Ribeiro,Ciências Sociais – Antropologia/ Sociologia (Bacharelado/Licenciatura),Diurno,EP_R2_NPPI,EP_R2_NPPI,True,R2,NPPI,False,1.5,-51.116,31.064
2020-2022,3,2022,Darcy Ribeiro (Plano Piloto) / DF,Ciências Sociais – Antropologia/ Sociologia (Bacharelado/Licenciatura),Diurno,EP_R2_NPPI,EP_R2_NPPI,True,R2,NPPI,False,1.5,-28.663,62.948
2021-2023,4,2023,Darcy Ribeiro (Plano Piloto) / DF,Ciências Sociais – Antropologia/ Sociologia (Bacharelado/Licenciatura),Diurno,EP_R2_NPPI,EP_R2_NPPI,True,R2,NPPI,False,1.5,-37.615,33.041
2023-2025,6,2025,Darcy Ribeiro (Plano Piloto) / DF,Ciências Sociais – Antropologia/ Sociologia (Bacharelado/Licenciatura),Diurno,EP_R2_NPPIQ,EP_R2_NPPIQ,True,R2,NPPIQ,False,1.0,-91.423,-6.3
2023-2025,6,2025,Darcy Ribeiro (Plano Piloto) / DF,Ciências Sociais – Antropologia/ Sociologia (Bacharelado/Licenciatura),Diurno,EP_R2_NPPIQ_PCD,EP_R2_NPPIQ_PCD,True,R2,NPPIQ,True,1.0,-32.205,-32.205
2018-2020,1,2020,Darcy Ribeiro (Plano Piloto) / DF,Ciências Sociais – Antropologia/ Sociologia (Bacharelado/Licenciatura),Diurno,EP_R2_PPI,EP_R2_PPI,True,R2,PPI,False,1.5,-62.078,-12.864
2019-2021,2,2021,Darcy Ribeiro,Ciências Sociais – Antropologia/ Sociologia (Bacharelado/Licenciatura),Diurno,EP_R2_PPI,EP_R2_PPI,True,R2,PPI,False,1.5,-70.502,28.724
2020-2022,3,2022,Darcy Ribeiro (Plano Piloto) / DF,Ciências Sociais – Antropologia/ Sociologia (Bacharelado/Licenciatura),Diurno,EP_R2_PPI,EP_R2_PPI,True,R2,PPI,False,1.5,-80.884,-1.376
2021-2023,4,2023,Darcy Ribeiro (Plano Piloto) / DF,Ciências Sociais – Antropologia/ Sociologia (Bacharelado/Licenciatura),Diurno,EP_R2_PPI,EP_R2_PPI,True,R2,PPI,False,1.5,-57.603,10.11
2023-2025,6,2025,Darcy Ribeiro (Plano Piloto) / DF,Ciências Sociais – Antropologia/ Sociologia (Bacharelado/Licenciatura),Diurno,EP_R2_PPIQ,EP_R2_PPIQ,True,R2,PPIQ,False,1.0,-70.919,-49.487
2018-2020,1,2020,Darcy Ribeiro (Plano Piloto) / DF,Computação (Licenciatura),Noturno,AC,AC,False,,,False,,-96.333,63.42
2019-2021,2,2021,Darcy Ribeiro,Computação (Licenciatura),Noturno,AC,AC,False,,,False,,-20.863,34.167
2020-2022,3,2022,Darcy Ribeiro (Plano Piloto) / DF,Computação (Licenciatura),Noturno,AC,AC,False,,,False,,-2.433,74.983
2021-2023,4,2023,Darcy Ribeiro (Plano Piloto) / DF,Computação (Licenciatura),Noturno,AC,AC,False,,,False,,-26.5,71.725
2022-2024,5,2024,Darcy Ribeiro (Plano Piloto) / DF,Computação (Licenciatura),Noturno,AC,AC,False,,,False,,-105.03,-44.569
2023-2025,6,2025,Darcy Ribeiro (Plano Piloto) / DF,Computação (Licenciatura),Noturno,AC,AC,False,,,False,,-22.177,45.581
2019-2021,2,2021,Darcy Ribeiro,Computação (Licenciatura),Noturno,CN,CN,False,,NEGROS,False,,-3.314,-3.314
2020-2022,3,2022,Darcy Ribeiro (Plano Piloto) / DF,Computação (Licenciatura),Noturno,CN,CN,False,,NEGROS,False,,-63.586,-63.586
2021-2023,4,2023,Darcy Ribeiro (Plano Piloto) / DF,Computação (Licenciatura),Noturno,CN,CN,False,,NEGROS,False,,35.66,35.66
2023-2025,6,2025,Darcy Ribeiro (Plano Piloto) / DF,Computação (Licenciatura),Noturno,CN,CN,False,,NEGROS,False,,-23.781,-23.781
2020-2022,3,2022,Darcy Ribeiro (Plano Piloto) / DF,Computação (Licenciatura),Noturno,EP_R1_NPPI,EP_R1_NPPI,True,R1,NPPI,False,1.5,-65.745,-51.109
2018-2020,1,2020,Darcy Ribeiro (Plano Piloto) / DF,Computação (Licenciatura),Noturno,EP_R1_PPI,EP_R1_PPI,True,R1,PPI,False,1.5,36.577,36.577
2019-2021,2,2021,Darcy Ribeiro,Computação (Licenciatura),Noturno,EP_R1_PPI,EP_R1_PPI,True,R1,PPI,False,1.5,-81.096,-81.096
2020-2022,3,2022,Darcy Ribeiro (Plano Piloto) / DF,Computação (Licenciatura),Noturno,EP_R1_PPI,EP_R1_PPI,True,R1,PPI,False,1.5,-49.349,-32.293
2021-2023,4,2023,Darcy Ribeiro (Plano Piloto) / DF,Computação (Licenciatura),Noturno,EP_R1_PPI,EP_R1_PPI,True,R1,PPI,False,1.5,-5.522,-5.522
2018-2020,1,2020,Darcy Ribeiro (Plano Piloto) / DF,Computação (Licenciatura),Noturno,EP_R2_NPPI,EP_R2_NPPI,True,R2,NPPI,False,1.5,-28.675,14.464
2019-2021,2,2021,Darcy Ribeiro,Computação (Licenciatura),Noturno,EP_R2_NPPI,EP_R2_NPPI,True,R2,NPPI,False,1.5,-57.125,-53.651
2020-2022,3,2022,Darcy Ribeiro (Plano Piloto) / DF,Computação (Licenciatura),Noturno,EP_R2_NPPI,EP_R2_NPPI,True,R2,NPPI,False,1.5,-20.342,-8.206
2021-2023,4,2023,Darcy Ribeiro (Plano Piloto) / DF,Computação (Licenciatura),Noturno,EP_R2_NPPI,EP_R2_NPPI,True,R2,NPPI,False,1.5,-50.802,-11.64
2023-2025,6,2025,Darcy Ribeiro (Plano Piloto) / DF,Computação (Licenciatura),Noturno,EP_R2_NPPIQ,EP_R2_NPPIQ,True,R2,NPPIQ,False,1.0,-44.036,-4.601
2021-2023,4,2023,Darcy Ribeiro (Plano Piloto) / DF,Computação (Licenciatura),Noturno,EP_R2_NPPI_PCD,EP_R2_NPPI_PCD,True,R2,NPPI,True,1.5,18.874,18.874
2019-2021,2,2021,Darcy Ribeiro,Computação (Licenciatura),Noturno,EP_R2_PPI,EP_R2_PPI,True,R2,PPI,False,1.5,-51.231,-44.126
2020-2022,3,2022,Darcy Ribeiro (Plano Piloto) / DF,Computação (Licenciatura),Noturno,EP_R2_PPI,EP_R2_PPI,True,R2,PPI,False,1.5,-85.346,-10.124
2018-2020,1,2020,Darcy Ribeiro (Plano Piloto) / DF,Comunicação Organizacional (Bacharelado),Noturno,AC,AC,False,,,False,,-60.884,61.325
2019-2021,2,2021,Darcy Ribeiro,Comunicação Organizacional (Bacharelado),Noturno,AC,AC,False,,,False,,-17.502,62.26
2020-2022,3,2022,Darcy Ribeiro (Plano Piloto) / DF,Comunicação Organizacional (Bacharelado),Noturno,AC,AC,False,,,False,,-22.175,42.588
2021-2023,4,2023,Darcy Ribeiro (Plano Piloto) / DF,Comunicação Organizacional (Bacharelado),Noturno,AC,AC,False,,,False,,-28.122,57.848
2022-2024,5,2024,Darcy Ribeiro (Plano Piloto) / DF,Comunicação Organizacional (Bacharelado),Noturno,AC,AC,False,,,False,,-98.302,-18.384
2023-2025,6,2025,Darcy Ribeiro (Plano Piloto) / DF,Comunicação Organizacional (Bacharelado),Noturno,AC,AC,False,,,False,,8.45,66.357
2018-2020,1,2020,Darcy Ribeiro (Plano Piloto) / DF,Comunicação Organizacional (Bacharelado),Noturno,CN,CN,False,,NEGROS,False,,-41.513,4.914
2019-2021,2,2021,Darcy Ribeiro,Comunicação Organizacional (Bacharelado),Noturno,CN,CN,False,,NEGROS,False,,-78.071,-78.071
2020-2022,3,2022,Darcy Ribeiro (Plano Piloto) / DF,Comunicação Organizacional (Bacharelado),Noturno,CN,CN,False,,NEGROS,False,,23.426,23.426
2021-2023,4,2023,Darcy Ribeiro (Plano Piloto) / DF,Comunicação Organizacional (Bacharelado),Noturno,CN,CN,False,,NEGROS,False,,-9.15,-9.15
2023-2025,6,2025,Darcy Ribeiro (Plano Piloto) / DF,Comunicação Organizacional (Bacharelado),Noturno,CN,CN,False,,NEGROS,False,,-4.348,-4.348
2018-2020,1,2020,Darcy Ribeiro (Plano Piloto) / DF,Comunicação Organizacional (Bacharelado),Noturno,EP_R2_NPPI,EP_R2_NPPI,True,R2,NPPI,False,1.5,-24.715,-24.715
2019-2021,2,2021,Darcy Ribeiro,Comunicação Organizacional (Bacharelado),Noturno,EP_R2_NPPI,EP_R2_NPPI,True,R2,NPPI,False,1.5,-49.352,-45.012
2020-2022,3,2022,Darcy Ribeiro (Plano Piloto) / DF,Comunicação Organizacional (Bacharelado),Noturno,EP_R2_NPPI,EP_R2_NPPI,True,R2,NPPI,False,1.5,-36.846,-36.846
2021-2023,4,2023,Darcy Ribeiro (Plano Piloto) / DF,Comunicação Organizacional (Bacharelado),Noturno,EP_R2_NPPI,EP_R2_NPPI,True,R2,NPPI,False,1.5,-56.789,-56.789
2023-2025,6,2025,Darcy Ribeiro (Plano Piloto) / DF,Comunicação Organizacional (Bacharelado),Noturno,EP_R2_NPPIQ,EP_R2_NPPIQ,True,R2,NPPIQ,False,1.0,-83.245,15.877
2019-2021,2,2021,Darcy Ribeiro,Comunicação Organizacional (Bacharelado),Noturno,EP_R2_PPI,EP_R2_PPI,True,R2,PPI,False,1.5,-76.574,-23.424
2020-2022,3,2022,Darcy Ribeiro (Plano Piloto) / DF,Comunicação Organizacional (Bacharelado),Noturno,EP_R2_PPI,EP_R2_PPI,True,R2,PPI,False,1.5,-46.61,-14.593
2023-2025,6,2025,Darcy Ribeiro (Plano Piloto) / DF,Comunicação Organizacional (Bacharelado),Noturno,EP_R2_PPIQ,EP_R2_PPIQ,True,R2,PPIQ,False,1.0,-49.545,-18.438
2018-2020,1,2020,Darcy Ribeiro (Plano Piloto) / DF,Comunicação Social - Publicidade e Propaganda (Bacharelado),Diurno,AC,AC,False,,,False,,42.875,95.093
2019-2021,2,2021,Darcy Ribeiro,Comunicação Social - Publicidade e Propaganda (Bacharelado),Diurno,AC,AC,False,,,False,,77.921,
2020-2022,3,2022,Darcy Ribeiro (Plano Piloto) / DF,Comunicação Social - Publicidade e Propaganda (Bacharelado),Diurno,AC,AC,False,,,False,,62.484,120.186
2021-2023,4,2023,Darcy Ribeiro (Plano Piloto) / DF,Comunicação Social - Publicidade e Propaganda (Bacharelado),Diurno,AC,AC,False,,,False,,69.286,79.509
2022-2024,5,2024,Darcy Ribeiro (Plano Piloto) / DF,Comunicação Social - Publicidade e Propaganda (Bacharelado),Diurno,AC,AC,False,,,False,,40.414,48.42
2023-2025,6,2025,Darcy Ribeiro (Plano Piloto) / DF,Comunicação Social - Publicidade e Propaganda (Bacharelado),Diurno,AC,AC,False,,,False,,56.963,86.414
2018-2020,1,2020,Darcy Ribeiro (Plano Piloto) / DF,Comunicação Social - Publicidade e Propaganda (Bacharelado),Diurno,CN,CN,False,,NEGROS,False,,39.163,52.808
2019-2021,2,2021,Darcy Ribeiro,Comunicação Social - Publicidade e Propaganda (Bacharelado),Diurno,CN,CN,False,,NEGROS,False,,35.413,35.413
2020-2022,3,2022,Darcy Ribeiro (Plano Piloto) / DF,Comunicação Social - Publicidade e Propaganda (Bacharelado),Diurno,CN,CN,False,,NEGROS,False,,64.041,64.041
2021-2023,4,2023,Darcy Ribeiro (Plano Piloto) / DF,Comunicação Social - Publicidade e Propaganda (Bacharelado),Diurno,CN,CN,False,,NEGROS,False,,66.561,66.561
2022-2024,5,2024,Darcy Ribeiro (Plano Piloto) / DF,Comunicação Social - Publicidade e Propaganda (Bacharelado),Diurno,CN,CN,False,,NEGROS,False,,-45.956,-45.956
2023-2025,6,2025,Darcy Ribeiro (Plano Piloto) / DF,Comunicação Social - Publicidade e Propaganda (Bacharelado),Diurno,CN,CN,False,,NEGROS,False,,44.425,44.425
2018-2020,1,2020,Darcy Ribeiro (Plano Piloto) / DF,Comunicação Social - Publicidade e Propaganda (Bacharelado),Diurno,EP_R1_NPPI,EP_R1_NPPI,True,R1,NPPI,False,1.5,-49.871,2.367
2019-2021,2,2021,Darcy Ribeiro,Comunicação Social - Publicidade e Propaganda (Bacharelado),Diurno,EP_R1_NPPI,EP_R1_NPPI,True,R1,NPPI,False,1.5,4.223,4.223
2020-2022,3,2022,Darcy Ribeiro (Plano Piloto) / DF,Comunicação Social - Publicidade e Propaganda (Bacharelado),Diurno,EP_R1_NPPI,EP_R1_NPPI,True,R1,NPPI,False,1.5,-26.988,-26.988
2021-2023,4,2023,Darcy Ribeiro (Plano Piloto) / DF,Comunicação Social - Publicidade e Propaganda (Bacharelado),Diurno,EP_R1_NPPI,EP_R1_NPPI,True,R1,NPPI,False,1.5,28.907,28.907
2023-2025,6,2025,Darcy Ribeiro (Plano Piloto) / DF,Comunicação Social - Publicidade e Propaganda (Bacharelado),Diurno,EP_R1_NPPIQ,EP_R1_NPPIQ,True,R1,NPPIQ,False,1.0,-29.329,-29.329
2018-2020,1,2020,Darcy Ribeiro (Plano Piloto) / DF,Comunicação Social - Publicidade e Propaganda (Bacharelado),Diurno,EP_R1_PPI,EP_R1_PPI,True,R1,PPI,False,1.5,-43.64,29.027
2019-2021,2,2021,Darcy Ribeiro,Comunicação Social - Publicidade e Propaganda (Bacharelado),Diurno,EP_R1_PPI,EP_R1_PPI,True,R1,PPI,False,1.5,1.108,24.992
2020-2022,3,2022,Darcy Ribeiro (Plano Piloto) / DF,Comunicação Social - Publicidade e Propaganda (Bacharelado),Diurno,EP_R1_PPI,EP_R1_PPI,True,R1,PPI,False,1.5,-11.505,-0.422
2021-2023,4,2023,Darcy Ribeiro (Plano Piloto) / DF,Comunicação Social - Publicidade e Propaganda (Bacharelado),Diurno,EP_R1_PPI,EP_R1_PPI,True,R1,PPI,False,1.5,-11.438,-1.404
2018-2020,1,2020,Darcy Ribeiro (Plano Piloto) / DF,Comunicação Social - Publicidade e Propaganda (Bacharelado),Diurno,EP_R2_NPPI,EP_R2_NPPI,True,R2,NPPI,False,1.5,-27.135,-14.554
2019-2021,2,2021,Darcy Ribeiro,Comunicação Social - Publicidade e Propaganda (Bacharelado),Diurno,EP_R2_NPPI,EP_R2_NPPI,True,R2,NPPI,False,1.5,54.06,54.06
2020-2022,3,2022,Darcy Ribeiro (Plano Piloto) / DF,Comunicação Social - Publicidade e Propaganda (Bacharelado),Diurno,EP_R2_NPPI,EP_R2_NPPI,True,R2,NPPI,False,1.5,73.446,73.446
2021-2023,4,2023,Darcy Ribeiro (Plano Piloto) / DF,Comunicação Social - Publicidade e Propaganda (Bacharelado),Diurno,EP_R2_NPPI,EP_R2_NPPI,True,R2,NPPI,False,1.5,22.817,31.547
2022-2024,5,2024,Darcy Ribeiro (Plano Piloto) / DF,Comunicação Social - Publicidade e Propaganda (Bacharelado),Diurno,EP_R2_NPPI,EP_R2_NPPI,True,R2,NPPI,False,1.5,-39.668,-12.554
2023-2025,6,2025,Darcy Ribeiro (Plano Piloto) / DF,Comunicação Social - Publicidade e Propaganda (Bacharelado),Diurno,EP_R2_NPPIQ,EP_R2_NPPIQ,True,R2,NPPIQ,False,1.0,50.59,50.59
2018-2020,1,2020,Darcy Ribeiro (Plano Piloto) / DF,Comunicação Social - Publicidade e Propaganda (Bacharelado),Diurno,EP_R2_PPI,EP_R2_PPI,True,R2,PPI,False,1.5,-26.233,8.751
2019-2021,2,2021,Darcy Ribeiro,Comunicação Social - Publicidade e Propaganda (Bacharelado),Diurno,EP_R2_PPI,EP_R2_PPI,True,R2,PPI,False,1.5,14.955,56.294
2020-2022,3,2022,Darcy Ribeiro (Plano Piloto) / DF,Comunicação Social - Publicidade e Propaganda (Bacharelado),Diurno,EP_R2_PPI,EP_R2_PPI,True,R2,PPI,False,1.5,2.976,41.968
2021-2023,4,2023,Darcy Ribeiro (Plano Piloto) / DF,Comunicação Social - Publicidade e Propaganda (Bacharelado),Diurno,EP_R2_PPI,EP_R2_PPI,True,R2,PPI,False,1.5,-74.578,-74.578
2023-2025,6,2025,Darcy Ribeiro (Plano Piloto) / DF,Comunicação Social - Publicidade e Propaganda (Bacharelado),Diurno,EP_R2_PPIQ,EP_R2_PPIQ,True,R2,PPIQ,False,1.0,-41.458,-16.426
2018-2020,1,2020,Darcy Ribeiro (Plano Piloto) / DF,Comunicação Social – Audiovisual (Bacharelado),Diurno,AC,AC,False,,,False,,47.993,110.494
2019-2021,2,2021,Darcy Ribeiro,Comunicação Social – Audiovisual (Bacharelado),Diurno,AC,AC,False,,,False,,64.46,
2020-2022,3,2022,Darcy Ribeiro (Plano Piloto) / DF,Comunicação Social – Audiovisual (Bacharelado),Diurno,AC,AC,False,,,False,,86.509,175.444
2021-2023,4,2023,Darcy Ribeiro (Plano Piloto) / DF,Comunicação Social – Audiovisual (Bacharelado),Diurno,AC,AC,False,,,False,,64.129,103.109
2022-2024,5,2024,Darcy Ribeiro (Plano Piloto) / DF,Comunicação Social – Audiovisual (Bacharelado),Diurno,AC,AC,False,,,False,,39.969,57.784
2023-2025,6,2025,Darcy Ribeiro (Plano Piloto) / DF,Comunicação Social – Audiovisual (Bacharelado),Diurno,AC,AC,False,,,False,,69.433,134.182
2018-2020,1,2020,Darcy Ribeiro (Plano Piloto) / DF,Comunicação Social – Audiovisual (Bacharelado),Diurno,CN,CN,False,,NEGROS,False,,-49.161,-49.161
2019-2021,2,2021,Darcy Ribeiro,Comunicação Social – Audiovisual (Bacharelado),Diurno,CN,CN,False,,NEGROS,False,,48.632,48.632
2020-2022,3,2022,Darcy Ribeiro (Plano Piloto) / DF,Comunicação Social – Audiovisual (Bacharelado),Diurno,CN,CN,False,,NEGROS,False,,0.681,0.681
2021-2023,4,2023,Darcy Ribeiro (Plano Piloto) / DF,Comunicação Social – Audiovisual (Bacharelado),Diurno,CN,CN,False,,NEGROS,False,,3.32,3.32
2022-2024,5,2024,Darcy Ribeiro (Plano Piloto) / DF,Comunicação Social – Audiovisual (Bacharelado),Diurno,CN,CN,False,,NEGROS,False,,2.287,2.287
2023-2025,6,2025,Darcy Ribeiro (Plano Piloto) / DF,Comunicação Social – Audiovisual (Bacharelado),Diurno,CN,CN,False,,NEGROS,False,,-55.674,-55.674
2020-2022,3,2022,Darcy Ribeiro (Plano Piloto) / DF,Comunicação Social – Audiovisual (Bacharelado),Diurno,EP_R1_NPPI,EP_R1_NPPI,True,R1,NPPI,False,1.5,7.659,7.659
2021-2023,4,2023,Darcy Ribeiro (Plano Piloto) / DF,Comunicação Social – Audiovisual (Bacharelado),Diurno,EP_R1_NPPI,EP_R1_NPPI,True,R1,NPPI,False,1.5,-34.127,-10.753
2018-2020,1,2020,Darcy Ribeiro (Plano Piloto) / DF,Comunicação Social – Audiovisual (Bacharelado),Diurno,EP_R1_PPI,EP_R1_PPI,True,R1,PPI,False,1.5,-40.091,9.785
2019-2021,2,2021,Darcy Ribeiro,Comunicação Social – Audiovisual (Bacharelado),Diurno,EP_R1_PPI,EP_R1_PPI,True,R1,PPI,False,1.5,-36.365,-36.365
2020-2022,3,2022,Darcy Ribeiro (Plano Piloto) / DF,Comunicação Social – Audiovisual (Bacharelado),Diurno,EP_R1_PPI,EP_R1_PPI,True,R1,PPI,False,1.5,-17.004,-14.344
2018-2020,1,2020,Darcy Ribeiro (Plano Piloto) / DF,Comunicação Social – Audiovisual (Bacharelado),Diurno,EP_R2_NPPI,EP_R2_NPPI,True,R2,NPPI,False,1.5,-30.985,9.153
2019-2021,2,2021,Darcy Ribeiro,Comunicação Social – Audiovisual (Bacharelado),Diurno,EP_R2_NPPI,EP_R2_NPPI,True,R2,NPPI,False,1.5,-7.569,44.378
2020-2022,3,2022,Darcy Ribeiro (Plano Piloto) / DF,Comunicação Social – Audiovisual (Bacharelado),Diurno,EP_R2_NPPI,EP_R2_NPPI,True,R2,NPPI,False,1.5,5.234,7.439
2021-2023,4,2023,Darcy Ribeiro (Plano Piloto) / DF,Comunicação Social – Audiovisual (Bacharelado),Diurno,EP_R2_NPPI,EP_R2_NPPI,True,R2,NPPI,False,1.5,-15.585,74.452
2022-2024,5,2024,Darcy Ribeiro (Plano Piloto) / DF,Comunicação Social – Audiovisual (Bacharelado),Diurno,EP_R2_NPPI,EP_R2_NPPI,True,R2,NPPI,False,1.5,-42.029,-0.538
2023-2025,6,2025,Darcy Ribeiro (Plano Piloto) / DF,Comunicação Social – Audiovisual (Bacharelado),Diurno,EP_R2_NPPIQ,EP_R2_NPPIQ,True,R2,NPPIQ,False,1.0,41.977,41.977
2018-2020,1,2020,Darcy Ribeiro (Plano Piloto) / DF,Comunicação Social – Audiovisual (Bacharelado),Diurno,EP_R2_PPI,EP_R2_PPI,True,R2,PPI,False,1.5,-27.235,13.364
2019-2021,2,2021,Darcy Ribeiro,Comunicação Social – Audiovisual (Bacharelado),Diurno,EP_R2_PPI,EP_R2_PPI,True,R2,PPI,False,1.5,-28.396,33.343
2020-2022,3,2022,Darcy Ribeiro (Plano Piloto) / DF,Comunicação Social – Audiovisual (Bacharelado),Diurno,EP_R2_PPI,EP_R2_PPI,True,R2,PPI,False,1.5,-63.885,-63.885
2023-2025,6,2025,Darcy Ribeiro (Plano Piloto) / DF,Comunicação Social – Audiovisual (Bacharelado),Diurno,EP_R2_PPIQ,EP_R2_PPIQ,True,R2,PPIQ,False,1.0,-32.295,26.778
2021-2023,4,2023,Darcy Ribeiro (Plano Piloto) / DF,Comunicação Social – Audiovisual (Bacharelado),Diurno,EP_R2_PPI_PCD,EP_R2_PPI_PCD,True,R2,PPI,True,1.5,-6.39,-6.39
2018-2020,1,2020,Darcy Ribeiro (Plano Piloto) / DF,Design – Programação Visual/Projeto do Produto (Bacharelado),Diurno,AC,AC,False,,,False,,79.753,125.943
2019-2021,2,2021,Darcy Ribeiro,Design – Programação Visual/Projeto do Produto (Bacharelado),Diurno,AC,AC,False,,,False,,80.914,98.283
2020-2022,3,2022,Darcy Ribeiro (Plano Piloto) / DF,Design – Programação Visual/Projeto do Produto (Bacharelado),Diurno,AC,AC,False,,,False,,77.866,108.078
2021-2023,4,2023,Darcy Ribeiro (Plano Piloto) / DF,Design – Programação Visual/Projeto do Produto (Bacharelado),Diurno,AC,AC,False,,,False,,72.512,107.697
2022-2024,5,2024,Darcy Ribeiro (Plano Piloto) / DF,Design – Programação Visual/Projeto do Produto (Bacharelado),Diurno,AC,AC,False,,,False,,54.836,69.182
2023-2025,6,2025,Darcy Ribeiro (Plano Piloto) / DF,Design – Programação Visual/Projeto do Produto (Bacharelado),Diurno,AC,AC,False,,,False,,87.407,110.73
2018-2020,1,2020,Darcy Ribeiro (Plano Piloto) / DF,Design – Programação Visual/Projeto do Produto (Bacharelado),Diurno,CN,CN,False,,NEGROS,False,,6.632,32.212
2019-2021,2,2021,Darcy Ribeiro,Design – Programação Visual/Projeto do Produto (Bacharelado),Diurno,CN,CN,False,,NEGROS,False,,24.028,24.028
2020-2022,3,2022,Darcy Ribeiro (Plano Piloto) / DF,Design – Programação Visual/Projeto do Produto (Bacharelado),Diurno,CN,CN,False,,NEGROS,False,,35.281,35.281
2021-2023,4,2023,Darcy Ribeiro (Plano Piloto) / DF,Design – Programação Visual/Projeto do Produto (Bacharelado),Diurno,CN,CN,False,,NEGROS,False,,61.424,61.424
2022-2024,5,2024,Darcy Ribeiro (Plano Piloto) / DF,Design – Programação Visual/Projeto do Produto (Bacharelado),Diurno,CN,CN,False,,NEGROS,False,,-82.226,-82.226
2023-2025,6,2025,Darcy Ribeiro (Plano Piloto) / DF,Design – Programação Visual/Projeto do Produto (Bacharelado),Diurno,CN,CN,False,,NEGROS,False,,3.136,3.136
2018-2020,1,2020,Darcy Ribeiro (Plano Piloto) / DF,Design – Programação Visual/Projeto do Produto (Bacharelado),Diurno,EP_R1_NPPI,EP_R1_NPPI,True,R1,NPPI,False,1.5,-13.605,-0.286
2019-2021,2,2021,Darcy Ribeiro,Design – Programação Visual/Projeto do Produto (Bacharelado),Diurno,EP_R1_NPPI,EP_R1_NPPI,True,R1,NPPI,False,1.5,-45.596,-45.596
2020-2022,3,2022,Darcy Ribeiro (Plano Piloto) / DF,Design – Programação Visual/Projeto do Produto (Bacharelado),Diurno,EP_R1_NPPI,EP_R1_NPPI,True,R1,NPPI,False,1.5,38.427,38.427
2021-2023,4,2023,Darcy Ribeiro (Plano Piloto) / DF,Design – Programação Visual/Projeto do Produto (Bacharelado),Diurno,EP_R1_NPPI,EP_R1_NPPI,True,R1,NPPI,False,1.5,-3.349,-3.349
2022-2024,5,2024,Darcy Ribeiro (Plano Piloto) / DF,Design – Programação Visual/Projeto do Produto (Bacharelado),Diurno,EP_R1_NPPI,EP_R1_NPPI,True,R1,NPPI,False,1.5,-63.935,-63.935
2023-2025,6,2025,Darcy Ribeiro (Plano Piloto) / DF,Design – Programação Visual/Projeto do Produto (Bacharelado),Diurno,EP_R1_NPPIQ,EP_R1_NPPIQ,True,R1,NPPIQ,False,1.0,-55.242,-7.149
2018-2020,1,2020,Darcy Ribeiro (Plano Piloto) / DF,Design – Programação Visual/Projeto do Produto (Bacharelado),Diurno,EP_R1_PPI,EP_R1_PPI,True,R1,PPI,False,1.5,-36.333,-11.018
2019-2021,2,2021,Darcy Ribeiro,Design – Programação Visual/Projeto do Produto (Bacharelado),Diurno,EP_R1_PPI,EP_R1_PPI,True,R1,PPI,False,1.5,-31.239,-11.424
2020-2022,3,2022,Darcy Ribeiro (Plano Piloto) / DF,Design – Programação Visual/Projeto do Produto (Bacharelado),Diurno,EP_R1_PPI,EP_R1_PPI,True,R1,PPI,False,1.5,-24.693,-12.16
2021-2023,4,2023,Darcy Ribeiro (Plano Piloto) / DF,Design – Programação Visual/Projeto do Produto (Bacharelado),Diurno,EP_R1_PPI,EP_R1_PPI,True,R1,PPI,False,1.5,-10.378,1.203
2022-2024,5,2024,Darcy Ribeiro (Plano Piloto) / DF,Design – Programação Visual/Projeto do Produto (Bacharelado),Diurno,EP_R2_NPPI,EP_R2_NPPI,True,R2,NPPI,False,1.5,26.07,26.07
2018-2020,1,2020,Darcy Ribeiro (Plano Piloto) / DF,Design – Programação Visual/Projeto do Produto (Bacharelado),Diurno,EP_R2_PPI,EP_R2_PPI,True,R2,PPI,False,1.5,-22.489,9.31
2019-2021,2,2021,Darcy Ribeiro,Design – Programação Visual/Projeto do Produto (Bacharelado),Diurno,EP_R2_PPI,EP_R2_PPI,True,R2,PPI,False,1.5,47.464,47.464
2020-2022,3,2022,Darcy Ribeiro (Plano Piloto) / DF,Design – Programação Visual/Projeto do Produto (Bacharelado),Diurno,EP_R2_PPI,EP_R2_PPI,True,R2,PPI,False,1.5,-12.903,16.702
2021-2023,4,2023,Darcy Ribeiro (Plano Piloto) / DF,Design – Programação Visual/Projeto do Produto (Bacharelado),Diurno,EP_R2_PPI,EP_R2_PPI,True,R2,PPI,False,1.5,-33.34,-24.481
2022-2024,5,2024,Darcy Ribeiro (Plano Piloto) / DF,Design – Programação Visual/Projeto do Produto (Bacharelado),Diurno,EP_R2_PPI,EP_R2_PPI,True,R2,PPI,False,1.5,-61.294,-29.644
2023-2025,6,2025,Darcy Ribeiro (Plano Piloto) / DF,Design – Programação Visual/Projeto do Produto (Bacharelado),Diurno,EP_R2_PPIQ,EP_R2_PPIQ,True,R2,PPIQ,False,1.0,-44.318,-44.259
2018-2020,1,2020,Darcy Ribeiro (Plano Piloto) / DF,Direito (Bacharelado),Diurno,AC,AC,False,,,False,,101.827,146.068
2018-2020,1,2020,Darcy Ribeiro (Plano Piloto) / DF,Direito (Bacharelado),Noturno,AC,AC,False,,,False,,56.835,124.602
2019-2021,2,2021,Darcy Ribeiro,Direito (Bacharelado),Noturno,AC,AC,False,,,False,,77.019,
2020-2022,3,2022,Darcy Ribeiro (Plano Piloto) / DF,Direito (Bacharelado),Diurno,AC,AC,False,,,False,,129.903,176.907
2020-2022,3,2022,Darcy Ribeiro (Plano Piloto) / DF,Direito (Bacharelado),Noturno,AC,AC,False,,,False,,86.54,128.71
2021-2023,4,2023,Darcy Ribeiro (Plano Piloto) / DF,Direito (Bacharelado),Diurno,AC,AC,False,,,False,,120.424,173.239
2021-2023,4,2023,Darcy Ribeiro (Plano Piloto) / DF,Direito (Bacharelado),Noturno,AC,AC,False,,,False,,101.522,131.453
2022-2024,5,2024,Darcy Ribeiro (Plano Piloto) / DF,Direito (Bacharelado),Diurno,AC,AC,False,,,False,,108.006,117.929
2022-2024,5,2024,Darcy Ribeiro (Plano Piloto) / DF,Direito (Bacharelado),Noturno,AC,AC,False,,,False,,76.028,82.163
2023-2025,6,2025,Darcy Ribeiro (Plano Piloto) / DF,Direito (Bacharelado),Diurno,AC,AC,False,,,False,,137.491,172.039
2023-2025,6,2025,Darcy Ribeiro (Plano Piloto) / DF,Direito (Bacharelado),Noturno,AC,AC,False,,,False,,104.746,126.174
2018-2020,1,2020,Darcy Ribeiro (Plano Piloto) / DF,Direito (Bacharelado),Diurno,CN,CN,False,,NEGROS,False,,67.814,109.896
2018-2020,1,2020,Darcy Ribeiro (Plano Piloto) / DF,Direito (Bacharelado),Noturno,CN,CN,False,,NEGROS,False,,54.94,84.963
2019-2021,2,2021,Darcy Ribeiro,Direito (Bacharelado),Diurno,CN,CN,False,,NEGROS,False,,71.703,98.148
2019-2021,2,2021,Darcy Ribeiro,Direito (Bacharelado),Noturno,CN,CN,False,,NEGROS,False,,52.904,84.592
2020-2022,3,2022,Darcy Ribeiro (Plano Piloto) / DF,Direito (Bacharelado),Diurno,CN,CN,False,,NEGROS,False,,101.124,130.856
2020-2022,3,2022,Darcy Ribeiro (Plano Piloto) / DF,Direito (Bacharelado),Noturno,CN,CN,False,,NEGROS,False,,34.08,91.279
2021-2023,4,2023,Darcy Ribeiro (Plano Piloto) / DF,Direito (Bacharelado),Diurno,CN,CN,False,,NEGROS,False,,71.16,85.356
2021-2023,4,2023,Darcy Ribeiro (Plano Piloto) / DF,Direito (Bacharelado),Noturno,CN,CN,False,,NEGROS,False,,66.815,97.6
2022-2024,5,2024,Darcy Ribeiro (Plano Piloto) / DF,Direito (Bacharelado),Diurno,CN,CN,False,,NEGROS,False,,50.939,81.379
2022-2024,5,2024,Darcy Ribeiro (Plano Piloto) / DF,Direito (Bacharelado),Noturno,CN,CN,False,,NEGROS,False,,30.06,30.572
2023-2025,6,2025,Darcy Ribeiro (Plano Piloto) / DF,Direito (Bacharelado),Diurno,CN,CN,False,,NEGROS,False,,85.357,112.75
2023-2025,6,2025,Darcy Ribeiro (Plano Piloto) / DF,Direito (Bacharelado),Noturno,CN,CN,False,,NEGROS,False,,80.945,89.34
2018-2020,1,2020,Darcy Ribeiro (Plano Piloto) / DF,Direito (Bacharelado),Diurno,EP_R1_NPPI,EP_R1_NPPI,True,R1,NPPI,False,1.5,35.037,69.129
2018-2020,1,2020,Darcy Ribeiro (Plano Piloto) / DF,Direito (Bacharelado),Noturno,EP_R1_NPPI,EP_R1_NPPI,True,R1,NPPI,False,1.5,-30.887,1.416
2019-2021,2,2021,Darcy Ribeiro,Direito (Bacharelado),Diurno,EP_R1_NPPI,EP_R1_NPPI,True,R1,NPPI,False,1.5,28.279,53.85
2019-2021,2,2021,Darcy Ribeiro,Direito (Bacharelado),Noturno,EP_R1_NPPI,EP_R1_NPPI,True,R1,NPPI,False,1.5,12.304,37.517
2020-2022,3,2022,Darcy Ribeiro (Plano Piloto) / DF,Direito (Bacharelado),Diurno,EP_R1_NPPI,EP_R1_NPPI,True,R1,NPPI,False,1.5,44.672,55.688
2020-2022,3,2022,Darcy Ribeiro (Plano Piloto) / DF,Direito (Bacharelado),Noturno,EP_R1_NPPI,EP_R1_NPPI,True,R1,NPPI,False,1.5,23.633,54.154
2021-2023,4,2023,Darcy Ribeiro (Plano Piloto) / DF,Direito (Bacharelado),Diurno,EP_R1_NPPI,EP_R1_NPPI,True,R1,NPPI,False,1.5,28.509,56.079
2021-2023,4,2023,Darcy Ribeiro (Plano Piloto) / DF,Direito (Bacharelado),Noturno,EP_R1_NPPI,EP_R1_NPPI,True,R1,NPPI,False,1.5,26.665,96.173
2022-2024,5,2024,Darcy Ribeiro (Plano Piloto) / DF,Direito (Bacharelado),Diurno,EP_R1_NPPI,EP_R1_NPPI,True,R1,NPPI,False,1.5,1.715,12.53
2022-2024,5,2024,Darcy Ribeiro (Plano Piloto) / DF,Direito (Bacharelado),Noturno,EP_R1_NPPI,EP_R1_NPPI,True,R1,NPPI,False,1.5,-23.726,-20.32
2023-2025,6,2025,Darcy Ribeiro (Plano Piloto) / DF,Direito (Bacharelado),Diurno,EP_R1_NPPIQ,EP_R1_NPPIQ,True,R1,NPPIQ,False,1.0,14.584,66.246
2023-2025,6,2025,Darcy Ribeiro (Plano Piloto) / DF,Direito (Bacharelado),Noturno,EP_R1_NPPIQ,EP_R1_NPPIQ,True,R1,NPPIQ,False,1.0,-26.945,36.277
2020-2022,3,2022,Darcy Ribeiro (Plano Piloto) / DF,Direito (Bacharelado),Diurno,EP_R1_NPPI_PCD,EP_R1_NPPI_PCD,True,R1,NPPI,True,1.5,-22.954,-22.954
2018-2020,1,2020,Darcy Ribeiro (Plano Piloto) / DF,Direito (Bacharelado),Diurno,EP_R1_PPI,EP_R1_PPI,True,R1,PPI,False,1.5,-16.819,65.641
2018-2020,1,2020,Darcy Ribeiro (Plano Piloto) / DF,Direito (Bacharelado),Noturno,EP_R1_PPI,EP_R1_PPI,True,R1,PPI,False,1.5,-26.837,12.579
2019-2021,2,2021,Darcy Ribeiro,Direito (Bacharelado),Diurno,EP_R1_PPI,EP_R1_PPI,True,R1,PPI,False,1.5,1.027,53.764
2019-2021,2,2021,Darcy Ribeiro,Direito (Bacharelado),Noturno,EP_R1_PPI,EP_R1_PPI,True,R1,PPI,False,1.5,2.332,42.274
2020-2022,3,2022,Darcy Ribeiro (Plano Piloto) / DF,Direito (Bacharelado),Diurno,EP_R1_PPI,EP_R1_PPI,True,R1,PPI,False,1.5,6.044,66.651
2020-2022,3,2022,Darcy Ribeiro (Plano Piloto) / DF,Direito (Bacharelado),Noturno,EP_R1_PPI,EP_R1_PPI,True,R1,PPI,False,1.5,-16.116,19.571
2021-2023,4,2023,Darcy Ribeiro (Plano Piloto) / DF,Direito (Bacharelado),Diurno,EP_R1_PPI,EP_R1_PPI,True,R1,PPI,False,1.5,19.392,69.167
2021-2023,4,2023,Darcy Ribeiro (Plano Piloto) / DF,Direito (Bacharelado),Noturno,EP_R1_PPI,EP_R1_PPI,True,R1,PPI,False,1.5,-5.484,1.005
2022-2024,5,2024,Darcy Ribeiro (Plano Piloto) / DF,Direito (Bacharelado),Diurno,EP_R1_PPI,EP_R1_PPI,True,R1,PPI,False,1.5,-25.544,-13.238
2023-2025,6,2025,Darcy Ribeiro (Plano Piloto) / DF,Direito (Bacharelado),Diurno,EP_R1_PPIQ,EP_R1_PPIQ,True,R1,PPIQ,False,1.0,-87.773,5.701
2023-2025,6,2025,Darcy Ribeiro (Plano Piloto) / DF,Direito (Bacharelado),Noturno,EP_R1_PPIQ,EP_R1_PPIQ,True,R1,PPIQ,False,1.0,-40.663,-26.586
2018-2020,1,2020,Darcy Ribeiro (Plano Piloto) / DF,Direito (Bacharelado),Diurno,EP_R1_PPI_PCD,EP_R1_PPI_PCD,True,R1,PPI,True,1.5,-15.077,-15.077
2018-2020,1,2020,Darcy Ribeiro (Plano Piloto) / DF,Direito (Bacharelado),Diurno,EP_R2_NPPI,EP_R2_NPPI,True,R2,NPPI,False,1.5,26.201,124.283
2018-2020,1,2020,Darcy Ribeiro (Plano Piloto) / DF,Direito (Bacharelado),Noturno,EP_R2_NPPI,EP_R2_NPPI,True,R2,NPPI,False,1.5,20.26,66.642
2019-2021,2,2021,Darcy Ribeiro,Direito (Bacharelado),Noturno,EP_R2_NPPI,EP_R2_NPPI,True,R2,NPPI,False,1.5,54.367,61.664
2020-2022,3,2022,Darcy Ribeiro (Plano Piloto) / DF,Direito (Bacharelado),Diurno,EP_R2_NPPI,EP_R2_NPPI,True,R2,NPPI,False,1.5,94.622,113.21
2020-2022,3,2022,Darcy Ribeiro (Plano Piloto) / DF,Direito (Bacharelado),Noturno,EP_R2_NPPI,EP_R2_NPPI,True,R2,NPPI,False,1.5,59.961,87.15
2021-2023,4,2023,Darcy Ribeiro (Plano Piloto) / DF,Direito (Bacharelado),Diurno,EP_R2_NPPI,EP_R2_NPPI,True,R2,NPPI,False,1.5,100.598,133.701
2021-2023,4,2023,Darcy Ribeiro (Plano Piloto) / DF,Direito (Bacharelado),Noturno,EP_R2_NPPI,EP_R2_NPPI,True,R2,NPPI,False,1.5,74.138,94.779
2022-2024,5,2024,Darcy Ribeiro (Plano Piloto) / DF,Direito (Bacharelado),Diurno,EP_R2_NPPI,EP_R2_NPPI,True,R2,NPPI,False,1.5,87.931,94.48
2022-2024,5,2024,Darcy Ribeiro (Plano Piloto) / DF,Direito (Bacharelado),Noturno,EP_R2_NPPI,EP_R2_NPPI,True,R2,NPPI,False,1.5,34.633,65.065
2023-2025,6,2025,Darcy Ribeiro (Plano Piloto) / DF,Direito (Bacharelado),Diurno,EP_R2_NPPIQ,EP_R2_NPPIQ,True,R2,NPPIQ,False,1.0,123.845,123.845
2023-2025,6,2025,Darcy Ribeiro (Plano Piloto) / DF,Direito (Bacharelado),Noturno,EP_R2_NPPIQ,EP_R2_NPPIQ,True,R2,NPPIQ,False,1.0,92.181,92.842
2023-2025,6,2025,Darcy Ribeiro (Plano Piloto) / DF,Direito (Bacharelado),Diurno,EP_R2_NPPIQ_PCD,EP_R2_NPPIQ_PCD,True,R2,NPPIQ,True,1.0,27.527,27.527
2018-2020,1,2020,Darcy Ribeiro (Plano Piloto) / DF,Direito (Bacharelado),Diurno,EP_R2_PPI,EP_R2_PPI,True,R2,PPI,False,1.5,16.331,49.195
2018-2020,1,2020,Darcy Ribeiro (Plano Piloto) / DF,Direito (Bacharelado),Noturno,EP_R2_PPI,EP_R2_PPI,True,R2,PPI,False,1.5,-10.395,45.688
2019-2021,2,2021,Darcy Ribeiro,Direito (Bacharelado),Diurno,EP_R2_PPI,EP_R2_PPI,True,R2,PPI,False,1.5,48.707,52.731
2019-2021,2,2021,Darcy Ribeiro,Direito (Bacharelado),Noturno,EP_R2_PPI,EP_R2_PPI,True,R2,PPI,False,1.5,38.282,74.352
2020-2022,3,2022,Darcy Ribeiro (Plano Piloto) / DF,Direito (Bacharelado),Diurno,EP_R2_PPI,EP_R2_PPI,True,R2,PPI,False,1.5,44.407,72.089
2020-2022,3,2022,Darcy Ribeiro (Plano Piloto) / DF,Direito (Bacharelado),Noturno,EP_R2_PPI,EP_R2_PPI,True,R2,PPI,False,1.5,30.892,77.986
2021-2023,4,2023,Darcy Ribeiro (Plano Piloto) / DF,Direito (Bacharelado),Diurno,EP_R2_PPI,EP_R2_PPI,True,R2,PPI,False,1.5,31.732,114.506
2021-2023,4,2023,Darcy Ribeiro (Plano Piloto) / DF,Direito (Bacharelado),Noturno,EP_R2_PPI,EP_R2_PPI,True,R2,PPI,False,1.5,-10.725,9.184
2022-2024,5,2024,Darcy Ribeiro (Plano Piloto) / DF,Direito (Bacharelado),Diurno,EP_R2_PPI,EP_R2_PPI,True,R2,PPI,False,1.5,19.197,45.871
2022-2024,5,2024,Darcy Ribeiro (Plano Piloto) / DF,Direito (Bacharelado),Noturno,EP_R2_PPI,EP_R2_PPI,True,R2,PPI,False,1.5,-54.298,-22.6
2023-2025,6,2025,Darcy Ribeiro (Plano Piloto) / DF,Direito (Bacharelado),Diurno,EP_R2_PPIQ,EP_R2_PPIQ,True,R2,PPIQ,False,1.0,61.18,81.56
2023-2025,6,2025,Darcy Ribeiro (Plano Piloto) / DF,Direito (Bacharelado),Noturno,EP_R2_PPIQ,EP_R2_PPIQ,True,R2,PPIQ,False,1.0,31.885,58.328
2018-2020,1,2020,Darcy Ribeiro (Plano Piloto) / DF,Educação Física (Bacharelado),Diurno,AC,AC,False,,,False,,-33.049,44.232
2019-2021,2,2021,Darcy Ribeiro,Educação Física (Bacharelado),Diurno,AC,AC,False,,,False,,8.352,45.082
2020-2022,3,2022,Darcy Ribeiro (Plano Piloto) / DF,Educação Física (Bacharelado),Diurno,AC,AC,False,,,False,,11.455,53.752
2021-2023,4,2023,Darcy Ribeiro (Plano Piloto) / DF,Educação Física (Bacharelado),Diurno,AC,AC,False,,,False,,15.802,78.06
2018-2020,1,2020,Darcy Ribeiro (Plano Piloto) / DF,Educação Física (Bacharelado),Diurno,CN,CN,False,,NEGROS,False,,-14.695,27.052
2019-2021,2,2021,Darcy Ribeiro,Educação Física (Bacharelado),Diurno,CN,CN,False,,NEGROS,False,,-7.405,-7.405
2020-2022,3,2022,Darcy Ribeiro (Plano Piloto) / DF,Educação Física (Bacharelado),Diurno,CN,CN,False,,NEGROS,False,,16.093,16.093
2021-2023,4,2023,Darcy Ribeiro (Plano Piloto) / DF,Educação Física (Bacharelado),Diurno,CN,CN,False,,NEGROS,False,,32.152,32.152
2018-2020,1,2020,Darcy Ribeiro (Plano Piloto) / DF,Educação Física (Bacharelado),Diurno,EP_R1_NPPI,EP_R1_NPPI,True,R1,NPPI,False,1.5,-22.536,-22.536
2019-2021,2,2021,Darcy Ribeiro,Educação Física (Bacharelado),Diurno,EP_R1_NPPI,EP_R1_NPPI,True,R1,NPPI,False,1.5,-54.427,-33.945
2020-2022,3,2022,Darcy Ribeiro (Plano Piloto) / DF,Educação Física (Bacharelado),Diurno,EP_R1_NPPI,EP_R1_NPPI,True,R1,NPPI,False,1.5,-28.061,11.714
2021-2023,4,2023,Darcy Ribeiro (Plano Piloto) / DF,Educação Física (Bacharelado),Diurno,EP_R1_NPPI,EP_R1_NPPI,True,R1,NPPI,False,1.5,-32.422,31.837
2018-2020,1,2020,Darcy Ribeiro (Plano Piloto) / DF,Educação Física (Bacharelado),Diurno,EP_R1_PPI,EP_R1_PPI,True,R1,PPI,False,1.5,-25.052,-25.052
2019-2021,2,2021,Darcy Ribeiro,Educação Física (Bacharelado),Diurno,EP_R1_PPI,EP_R1_PPI,True,R1,PPI,False,1.5,-30.501,-17.981
2020-2022,3,2022,Darcy Ribeiro (Plano Piloto) / DF,Educação Física (Bacharelado),Diurno,EP_R1_PPI,EP_R1_PPI,True,R1,PPI,False,1.5,-54.13,-26.608
2021-2023,4,2023,Darcy Ribeiro (Plano Piloto) / DF,Educação Física (Bacharelado),Diurno,EP_R1_PPI,EP_R1_PPI,True,R1,PPI,False,1.5,-62.949,11.211
2018-2020,1,2020,Darcy Ribeiro (Plano Piloto) / DF,Educação Física (Bacharelado),Diurno,EP_R2_NPPI,EP_R2_NPPI,True,R2,NPPI,False,1.5,-84.571,3.39
2019-2021,2,2021,Darcy Ribeiro,Educação Física (Bacharelado),Diurno,EP_R2_NPPI,EP_R2_NPPI,True,R2,NPPI,False,1.5,6.786,12.56
2020-2022,3,2022,Darcy Ribeiro (Plano Piloto) / DF,Educação Física (Bacharelado),Diurno,EP_R2_NPPI,EP_R2_NPPI,True,R2,NPPI,False,1.5,-29.762,44.154
2021-2023,4,2023,Darcy Ribeiro (Plano Piloto) / DF,Educação Física (Bacharelado),Diurno,EP_R2_NPPI,EP_R2_NPPI,True,R2,NPPI,False,1.5,9.385,12.097
2018-2020,1,2020,Darcy Ribeiro (Plano Piloto) / DF,Educação Física (Bacharelado),Diurno,EP_R2_PPI,EP_R2_PPI,True,R2,PPI,False,1.5,-94.317,2.411
2019-2021,2,2021,Darcy Ribeiro,Educação Física (Bacharelado),Diurno,EP_R2_PPI,EP_R2_PPI,True,R2,PPI,False,1.5,-36.462,24.338
2020-2022,3,2022,Darcy Ribeiro (Plano Piloto) / DF,Educação Física (Bacharelado),Diurno,EP_R2_PPI,EP_R2_PPI,True,R2,PPI,False,1.5,-40.481,-3.232
2021-2023,4,2023,Darcy Ribeiro (Plano Piloto) / DF,Educação Física (Bacharelado),Diurno,EP_R2_PPI,EP_R2_PPI,True,R2,PPI,False,1.5,-24.98,-3.544
2018-2020,1,2020,Darcy Ribeiro (Plano Piloto) / DF,Educação Física (Licenciatura),Diurno,AC,AC,False,,,False,,-64.096,10.409
2019-2021,2,2021,Darcy Ribeiro,Educação Física (Licenciatura),Diurno,AC,AC,False,,,False,,-21.256,46.723
2020-2022,3,2022,Darcy Ribeiro (Plano Piloto) / DF,Educação Física (Licenciatura),Diurno,AC,AC,False,,,False,,-10.111,20.985
2021-2023,4,2023,Darcy Ribeiro (Plano Piloto) / DF,Educação Física (Licenciatura),Diurno,AC,AC,False,,,False,,-13.216,39.102
2018-2020,1,2020,Darcy Ribeiro (Plano Piloto) / DF,Educação Física (Licenciatura),Diurno,CN,CN,False,,NEGROS,False,,-20.627,-2.822
2019-2021,2,2021,Darcy Ribeiro,Educação Física (Licenciatura),Diurno,CN,CN,False,,NEGROS,False,,-18.38,-18.38
2020-2022,3,2022,Darcy Ribeiro (Plano Piloto) / DF,Educação Física (Licenciatura),Diurno,CN,CN,False,,NEGROS,False,,-2.82,-2.82
2021-2023,4,2023,Darcy Ribeiro (Plano Piloto) / DF,Educação Física (Licenciatura),Diurno,CN,CN,False,,NEGROS,False,,20.087,20.087
2018-2020,1,2020,Darcy Ribeiro (Plano Piloto) / DF,Educação Física (Licenciatura),Diurno,EP_R1_NPPI,EP_R1_NPPI,True,R1,NPPI,False,1.5,-43.227,-20.021
2019-2021,2,2021,Darcy Ribeiro,Educação Física (Licenciatura),Diurno,EP_R1_NPPI,EP_R1_NPPI,True,R1,NPPI,False,1.5,-53.868,-18.279
2020-2022,3,2022,Darcy Ribeiro (Plano Piloto) / DF,Educação Física (Licenciatura),Diurno,EP_R1_NPPI,EP_R1_NPPI,True,R1,NPPI,False,1.5,-92.355,-73.207
2021-2023,4,2023,Darcy Ribeiro (Plano Piloto) / DF,Educação Física (Licenciatura),Diurno,EP_R1_NPPI,EP_R1_NPPI,True,R1,NPPI,False,1.5,-50.604,-24.864
2018-2020,1,2020,Darcy Ribeiro (Plano Piloto) / DF,Educação Física (Licenciatura),Diurno,EP_R1_PPI,EP_R1_PPI,True,R1,PPI,False,1.5,-101.251,-27.83
2019-2021,2,2021,Darcy Ribeiro,Educação Física (Licenciatura),Diurno,EP_R1_PPI,EP_R1_PPI,True,R1,PPI,False,1.5,-73.641,-24.238
2020-2022,3,2022,Darcy Ribeiro (Plano Piloto) / DF,Educação Física (Licenciatura),Diurno,EP_R1_PPI,EP_R1_PPI,True,R1,PPI,False,1.5,-55.945,-28.09
2021-2023,4,2023,Darcy Ribeiro (Plano Piloto) / DF,Educação Física (Licenciatura),Diurno,EP_R1_PPI,EP_R1_PPI,True,R1,PPI,False,1.5,-52.013,-31.87
2018-2020,1,2020,Darcy Ribeiro (Plano Piloto) / DF,Educação Física (Licenciatura),Diurno,EP_R2_NPPI,EP_R2_NPPI,True,R2,NPPI,False,1.5,-70.759,-0.024
2019-2021,2,2021,Darcy Ribeiro,Educação Física (Licenciatura),Diurno,EP_R2_NPPI,EP_R2_NPPI,True,R2,NPPI,False,1.5,-21.889,-19.463
2020-2022,3,2022,Darcy Ribeiro (Plano Piloto) / DF,Educação Física (Licenciatura),Diurno,EP_R2_NPPI,EP_R2_NPPI,True,R2,NPPI,False,1.5,-14.459,13.1
2021-2023,4,2023,Darcy Ribeiro (Plano Piloto) / DF,Educação Física (Licenciatura),Diurno,EP_R2_NPPI,EP_R2_NPPI,True,R2,NPPI,False,1.5,-16.337,-15.772
2018-2020,1,2020,Darcy Ribeiro (Plano Piloto) / DF,Educação Física (Licenciatura),Diurno,EP_R2_PPI,EP_R2_PPI,True,R2,PPI,False,1.5,-91.266,22.938
2019-2021,2,2021,Darcy Ribeiro,Educação Física (Licenciatura),Diurno,EP_R2_PPI,EP_R2_PPI,True,R2,PPI,False,1.5,-21.729,-5.99
2020-2022,3,2022,Darcy Ribeiro (Plano Piloto) / DF,Educação Física (Licenciatura),Diurno,EP_R2_PPI,EP_R2_PPI,True,R2,PPI,False,1.5,-70.465,-42.643
2021-2023,4,2023,Darcy Ribeiro (Plano Piloto) / DF,Educação Física (Licenciatura),Diurno,EP_R2_PPI,EP_R2_PPI,True,R2,PPI,False,1.5,-72.467,-34.575
2022-2024,5,2024,Darcy Ribeiro (Plano Piloto) / DF,Educação Física Ciclo Básico (Bacharelado/Licenciatura),Diurno,AC,AC,False,,,False,,-27.052,-13.512
2023-2025,6,2025,Darcy Ribeiro (Plano Piloto) / DF,Educação Física Ciclo Básico (Bacharelado/Licenciatura),Diurno,AC,AC,False,,,False,,1.609,38.076
2022-2024,5,2024,Darcy Ribeiro (Plano Piloto) / DF,Educação Física Ciclo Básico (Bacharelado/Licenciatura),Diurno,CN,CN,False,,NEGROS,False,,-34.592,-33.682
2023-2025,6,2025,Darcy Ribeiro (Plano Piloto) / DF,Educação Física Ciclo Básico (Bacharelado/Licenciatura),Diurno,CN,CN,False,,NEGROS,False,,-19.322,0.653
2023-2025,6,2025,Darcy Ribeiro (Plano Piloto) / DF,Educação Física Ciclo Básico (Bacharelado/Licenciatura),Diurno,EP_R1_NPPIQ,EP_R1_NPPIQ,True,R1,NPPIQ,False,1.0,-69.589,-46.355
2022-2024,5,2024,Darcy Ribeiro (Plano Piloto) / DF,Educação Física Ciclo Básico (Bacharelado/Licenciatura),Diurno,EP_R2_NPPI,EP_R2_NPPI,True,R2,NPPI,False,1.5,-72.598,-29.223
2023-2025,6,2025,Darcy Ribeiro (Plano Piloto) / DF,Educação Física Ciclo Básico (Bacharelado/Licenciatura),Diurno,EP_R2_NPPIQ,EP_R2_NPPIQ,True,R2,NPPIQ,False,1.0,-16.974,0.769
2023-2025,6,2025,Darcy Ribeiro (Plano Piloto) / DF,Educação Física Ciclo Básico (Bacharelado/Licenciatura),Diurno,EP_R2_PPIQ,EP_R2_PPIQ,True,R2,PPIQ,False,1.0,-86.267,-8.852
2018-2020,1,2020,Ceilândia / DF,Enfermagem (Bacharelado),Diurno,AC,AC,False,,,False,,9.2,70.871
2018-2020,1,2020,Darcy Ribeiro (Plano Piloto) / DF,Enfermagem (Bacharelado),Diurno,AC,AC,False,,,False,,6.734,93.171
2019-2021,2,2021,Ceilândi a (FCE),Enfermagem (Bacharelado),Diurno,AC,AC,False,,,False,,26.432,71.32
2019-2021,2,2021,Darcy Ribeiro,Enfermagem (Bacharelado),Diurno,AC,AC,False,,,False,,53.945,
2020-2022,3,2022,Ceilândia / DF,Enfermagem (Bacharelado),Diurno,AC,AC,False,,,False,,30.01,77.432
2020-2022,3,2022,Darcy Ribeiro (Plano Piloto) / DF,Enfermagem (Bacharelado),Diurno,AC,AC,False,,,False,,48.594,73.121
2021-2023,4,2023,Ceilândia / DF,Enfermagem (Bacharelado),Diurno,AC,AC,False,,,False,,40.205,65.958
2021-2023,4,2023,Darcy Ribeiro (Plano Piloto) / DF,Enfermagem (Bacharelado),Diurno,AC,AC,False,,,False,,59.656,128.899
2022-2024,5,2024,Ceilândia / DF,Enfermagem (Bacharelado),Diurno,AC,AC,False,,,False,,2.383,9.145
2022-2024,5,2024,Darcy Ribeiro (Plano Piloto) / DF,Enfermagem (Bacharelado),Diurno,AC,AC,False,,,False,,21.198,33.032
2023-2025,6,2025,Ceilândia / DF,Enfermagem (Bacharelado),Diurno,AC,AC,False,,,False,,28.045,92.811
2023-2025,6,2025,Darcy Ribeiro (Plano Piloto) / DF,Enfermagem (Bacharelado),Diurno,AC,AC,False,,,False,,53.833,90.752
2018-2020,1,2020,Ceilândia / DF,Enfermagem (Bacharelado),Diurno,CN,CN,False,,NEGROS,False,,6.016,17.233
2018-2020,1,2020,Darcy Ribeiro (Plano Piloto) / DF,Enfermagem (Bacharelado),Diurno,CN,CN,False,,NEGROS,False,,31.111,61.195
2019-2021,2,2021,Ceilândi a (FCE),Enfermagem (Bacharelado),Diurno,CN,CN,False,,NEGROS,False,,36.97,36.97
2019-2021,2,2021,Darcy Ribeiro,Enfermagem (Bacharelado),Diurno,CN,CN,False,,NEGROS,False,,33.356,33.356
2020-2022,3,2022,Ceilândia / DF,Enfermagem (Bacharelado),Diurno,CN,CN,False,,NEGROS,False,,20.513,20.513
2020-2022,3,2022,Darcy Ribeiro (Plano Piloto) / DF,Enfermagem (Bacharelado),Diurno,CN,CN,False,,NEGROS,False,,49.514,49.514
2021-2023,4,2023,Ceilândia / DF,Enfermagem (Bacharelado),Diurno,CN,CN,False,,NEGROS,False,,2.879,2.879
2021-2023,4,2023,Darcy Ribeiro (Plano Piloto) / DF,Enfermagem (Bacharelado),Diurno,CN,CN,False,,NEGROS,False,,11.027,11.027
2022-2024,5,2024,Ceilândia / DF,Enfermagem (Bacharelado),Diurno,CN,CN,False,,NEGROS,False,,-45.031,-45.031
2022-2024,5,2024,Darcy Ribeiro (Plano Piloto) / DF,Enfermagem (Bacharelado),Diurno,CN,CN,False,,NEGROS,False,,6.688,6.688
2023-2025,6,2025,Ceilândia / DF,Enfermagem (Bacharelado),Diurno,CN,CN,False,,NEGROS,False,,22.701,22.701
2023-2025,6,2025,Darcy Ribeiro (Plano Piloto) / DF,Enfermagem (Bacharelado),Diurno,CN,CN,False,,NEGROS,False,,39.99,39.99
2018-2020,1,2020,Ceilândia / DF,Enfermagem (Bacharelado),Diurno,EP_R1_NPPI,EP_R1_NPPI,True,R1,NPPI,False,1.5,-16.36,12.216
2018-2020,1,2020,Darcy Ribeiro (Plano Piloto) / DF,Enfermagem (Bacharelado),Diurno,EP_R1_NPPI,EP_R1_NPPI,True,R1,NPPI,False,1.5,-26.556,13.018
2019-2021,2,2021,Ceilândi a (FCE),Enfermagem (Bacharelado),Diurno,EP_R1_NPPI,EP_R1_NPPI,True,R1,NPPI,False,1.5,14.131,22.52
2019-2021,2,2021,Darcy Ribeiro,Enfermagem (Bacharelado),Diurno,EP_R1_NPPI,EP_R1_NPPI,True,R1,NPPI,False,1.5,26.39,29.599
2020-2022,3,2022,Ceilândia / DF,Enfermagem (Bacharelado),Diurno,EP_R1_NPPI,EP_R1_NPPI,True,R1,NPPI,False,1.5,-8.713,27.763
2020-2022,3,2022,Darcy Ribeiro (Plano Piloto) / DF,Enfermagem (Bacharelado),Diurno,EP_R1_NPPI,EP_R1_NPPI,True,R1,NPPI,False,1.5,9.678,12.691
2021-2023,4,2023,Ceilândia / DF,Enfermagem (Bacharelado),Diurno,EP_R1_NPPI,EP_R1_NPPI,True,R1,NPPI,False,1.5,4.774,52.752
2021-2023,4,2023,Darcy Ribeiro (Plano Piloto) / DF,Enfermagem (Bacharelado),Diurno,EP_R1_NPPI,EP_R1_NPPI,True,R1,NPPI,False,1.5,6.742,13.82
2022-2024,5,2024,Ceilândia / DF,Enfermagem (Bacharelado),Diurno,EP_R1_NPPI,EP_R1_NPPI,True,R1,NPPI,False,1.5,-49.851,-32.128
2022-2024,5,2024,Darcy Ribeiro (Plano Piloto) / DF,Enfermagem (Bacharelado),Diurno,EP_R1_NPPI,EP_R1_NPPI,True,R1,NPPI,False,1.5,-9.897,1.734
2023-2025,6,2025,Ceilândia / DF,Enfermagem (Bacharelado),Diurno,EP_R1_NPPIQ,EP_R1_NPPIQ,True,R1,NPPIQ,False,1.0,-46.839,3.143
2023-2025,6,2025,Darcy Ribeiro (Plano Piloto) / DF,Enfermagem (Bacharelado),Diurno,EP_R1_NPPIQ,EP_R1_NPPIQ,True,R1,NPPIQ,False,1.0,-31.522,17.682
2018-2020,1,2020,Ceilândia / DF,Enfermagem (Bacharelado),Diurno,EP_R1_PPI,EP_R1_PPI,True,R1,PPI,False,1.5,-50.128,18.233
2018-2020,1,2020,Darcy Ribeiro (Plano Piloto) / DF,Enfermagem (Bacharelado),Diurno,EP_R1_PPI,EP_R1_PPI,True,R1,PPI,False,1.5,-58.894,24.588
2019-2021,2,2021,Ceilândi a (FCE),Enfermagem (Bacharelado),Diurno,EP_R1_PPI,EP_R1_PPI,True,R1,PPI,False,1.5,3.019,34.414
2019-2021,2,2021,Darcy Ribeiro,Enfermagem (Bacharelado),Diurno,EP_R1_PPI,EP_R1_PPI,True,R1,PPI,False,1.5,4.875,33.844
2020-2022,3,2022,Ceilândia / DF,Enfermagem (Bacharelado),Diurno,EP_R1_PPI,EP_R1_PPI,True,R1,PPI,False,1.5,-39.237,25.484
2020-2022,3,2022,Darcy Ribeiro (Plano Piloto) / DF,Enfermagem (Bacharelado),Diurno,EP_R1_PPI,EP_R1_PPI,True,R1,PPI,False,1.5,17.032,48.519
2021-2023,4,2023,Ceilândia / DF,Enfermagem (Bacharelado),Diurno,EP_R1_PPI,EP_R1_PPI,True,R1,PPI,False,1.5,-35.67,-13.949
2021-2023,4,2023,Darcy Ribeiro (Plano Piloto) / DF,Enfermagem (Bacharelado),Diurno,EP_R1_PPI,EP_R1_PPI,True,R1,PPI,False,1.5,-7.654,20.717
2018-2020,1,2020,Ceilândia / DF,Enfermagem (Bacharelado),Diurno,EP_R2_NPPI,EP_R2_NPPI,True,R2,NPPI,False,1.5,12.11,43.716
2018-2020,1,2020,Darcy Ribeiro (Plano Piloto) / DF,Enfermagem (Bacharelado),Diurno,EP_R2_NPPI,EP_R2_NPPI,True,R2,NPPI,False,1.5,-12.543,16.446
2019-2021,2,2021,Ceilândi a (FCE),Enfermagem (Bacharelado),Diurno,EP_R2_NPPI,EP_R2_NPPI,True,R2,NPPI,False,1.5,26.36,46.546
2019-2021,2,2021,Darcy Ribeiro,Enfermagem (Bacharelado),Diurno,EP_R2_NPPI,EP_R2_NPPI,True,R2,NPPI,False,1.5,64.649,65.414
2020-2022,3,2022,Ceilândia / DF,Enfermagem (Bacharelado),Diurno,EP_R2_NPPI,EP_R2_NPPI,True,R2,NPPI,False,1.5,-2.391,4.712
2020-2022,3,2022,Darcy Ribeiro (Plano Piloto) / DF,Enfermagem (Bacharelado),Diurno,EP_R2_NPPI,EP_R2_NPPI,True,R2,NPPI,False,1.5,61.872,75.478
2021-2023,4,2023,Ceilândia / DF,Enfermagem (Bacharelado),Diurno,EP_R2_NPPI,EP_R2_NPPI,True,R2,NPPI,False,1.5,19.111,35.365
2021-2023,4,2023,Darcy Ribeiro (Plano Piloto) / DF,Enfermagem (Bacharelado),Diurno,EP_R2_NPPI,EP_R2_NPPI,True,R2,NPPI,False,1.5,5.924,41.75
2022-2024,5,2024,Ceilândia / DF,Enfermagem (Bacharelado),Diurno,EP_R2_NPPI,EP_R2_NPPI,True,R2,NPPI,False,1.5,-16.271,-1.68
2022-2024,5,2024,Darcy Ribeiro (Plano Piloto) / DF,Enfermagem (Bacharelado),Diurno,EP_R2_NPPI,EP_R2_NPPI,True,R2,NPPI,False,1.5,6.012,18.469
2023-2025,6,2025,Ceilândia / DF,Enfermagem (Bacharelado),Diurno,EP_R2_NPPIQ,EP_R2_NPPIQ,True,R2,NPPIQ,False,1.0,8.744,18.405
2023-2025,6,2025,Darcy Ribeiro (Plano Piloto) / DF,Enfermagem (Bacharelado),Diurno,EP_R2_NPPIQ,EP_R2_NPPIQ,True,R2,NPPIQ,False,1.0,28.885,42.362
2023-2025,6,2025,Ceilândia / DF,Enfermagem (Bacharelado),Diurno,EP_R2_NPPIQ_PCD,EP_R2_NPPIQ_PCD,True,R2,NPPIQ,True,1.0,-43.64,-43.64
2018-2020,1,2020,Ceilândia / DF,Enfermagem (Bacharelado),Diurno,EP_R2_PPI,EP_R2_PPI,True,R2,PPI,False,1.5,-20.508,11.174
2018-2020,1,2020,Darcy Ribeiro (Plano Piloto) / DF,Enfermagem (Bacharelado),Diurno,EP_R2_PPI,EP_R2_PPI,True,R2,PPI,False,1.5,-20.184,20.99
2019-2021,2,2021,Ceilândi a (FCE),Enfermagem (Bacharelado),Diurno,EP_R2_PPI,EP_R2_PPI,True,R2,PPI,False,1.5,4.949,31.291
2019-2021,2,2021,Darcy Ribeiro,Enfermagem (Bacharelado),Diurno,EP_R2_PPI,EP_R2_PPI,True,R2,PPI,False,1.5,19.771,40.127
2020-2022,3,2022,Ceilândia / DF,Enfermagem (Bacharelado),Diurno,EP_R2_PPI,EP_R2_PPI,True,R2,PPI,False,1.5,-16.177,3.184
2020-2022,3,2022,Darcy Ribeiro (Plano Piloto) / DF,Enfermagem (Bacharelado),Diurno,EP_R2_PPI,EP_R2_PPI,True,R2,PPI,False,1.5,9.318,19.495
2021-2023,4,2023,Ceilândia / DF,Enfermagem (Bacharelado),Diurno,EP_R2_PPI,EP_R2_PPI,True,R2,PPI,False,1.5,-66.432,-42.493
2021-2023,4,2023,Darcy Ribeiro (Plano Piloto) / DF,Enfermagem (Bacharelado),Diurno,EP_R2_PPI,EP_R2_PPI,True,R2,PPI,False,1.5,-19.606,42.63
2022-2024,5,2024,Ceilândia / DF,Enfermagem (Bacharelado),Diurno,EP_R2_PPI,EP_R2_PPI,True,R2,PPI,False,1.5,-77.474,-39.613
2022-2024,5,2024,Darcy Ribeiro (Plano Piloto) / DF,Enfermagem (Bacharelado),Diurno,EP_R2_PPI,EP_R2_PPI,True,R2,PPI,False,1.5,-52.781,-29.624
2023-2025,6,2025,Ceilândia / DF,Enfermagem (Bacharelado),Diurno,EP_R2_PPIQ,EP_R2_PPIQ,True,R2,PPIQ,False,1.0,-46.024,-16.22
2023-2025,6,2025,Darcy Ribeiro (Plano Piloto) / DF,Enfermagem (Bacharelado),Diurno,EP_R2_PPIQ,EP_R2_PPIQ,True,R2,PPIQ,False,1.0,-32.977,21.488
2018-2020,1,2020,Darcy Ribeiro (Plano Piloto) / DF,Engenharia Ambiental (Bacharelado),Diurno,AC,AC,False,,,False,,-48.911,18.608
2019-2021,2,2021,Darcy Ribeiro,Engenharia Ambiental (Bacharelado),Diurno,AC,AC,False,,,False,,26.947,94.16
2020-2022,3,2022,Darcy Ribeiro (Plano Piloto) / DF,Engenharia Ambiental (Bacharelado),Diurno,AC,AC,False,,,False,,-7.834,139.431
2021-2023,4,2023,Darcy Ribeiro (Plano Piloto) / DF,Engenharia Ambiental (Bacharelado),Diurno,AC,AC,False,,,False,,18.395,67.115
2023-2025,6,2025,Darcy Ribeiro (Plano Piloto) / DF,Engenharia Ambiental (Bacharelado),Diurno,AC,AC,False,,,False,,-53.928,39.353
2019-2021,2,2021,Darcy Ribeiro,Engenharia Ambiental (Bacharelado),Diurno,CN,CN,False,,NEGROS,False,,72.619,72.619
2020-2022,3,2022,Darcy Ribeiro (Plano Piloto) / DF,Engenharia Ambiental (Bacharelado),Diurno,CN,CN,False,,NEGROS,False,,7.046,7.046
2021-2023,4,2023,Darcy Ribeiro (Plano Piloto) / DF,Engenharia Ambiental (Bacharelado),Diurno,CN,CN,False,,NEGROS,False,,70.353,70.353
2023-2025,6,2025,Darcy Ribeiro (Plano Piloto) / DF,Engenharia Ambiental (Bacharelado),Diurno,CN,CN,False,,NEGROS,False,,-51.192,-51.192
2018-2020,1,2020,Darcy Ribeiro (Plano Piloto) / DF,Engenharia Ambiental (Bacharelado),Diurno,EP_R1_NPPI,EP_R1_NPPI,True,R1,NPPI,False,1.5,-15.863,-15.863
2020-2022,3,2022,Darcy Ribeiro (Plano Piloto) / DF,Engenharia Ambiental (Bacharelado),Diurno,EP_R1_NPPI,EP_R1_NPPI,True,R1,NPPI,False,1.5,65.209,65.209
2021-2023,4,2023,Darcy Ribeiro (Plano Piloto) / DF,Engenharia Ambiental (Bacharelado),Diurno,EP_R1_NPPI,EP_R1_NPPI,True,R1,NPPI,False,1.5,-53.536,-53.536
2019-2021,2,2021,Darcy Ribeiro,Engenharia Ambiental (Bacharelado),Diurno,EP_R1_PPI,EP_R1_PPI,True,R1,PPI,False,1.5,-72.216,-72.216
2018-2020,1,2020,Darcy Ribeiro (Plano Piloto) / DF,Engenharia Ambiental (Bacharelado),Diurno,EP_R2_NPPI,EP_R2_NPPI,True,R2,NPPI,False,1.5,-14.794,1.282
2019-2021,2,2021,Darcy Ribeiro,Engenharia Ambiental (Bacharelado),Diurno,EP_R2_NPPI,EP_R2_NPPI,True,R2,NPPI,False,1.5,-55.038,-2.954
2021-2023,4,2023,Darcy Ribeiro (Plano Piloto) / DF,Engenharia Ambiental (Bacharelado),Diurno,EP_R2_NPPI,EP_R2_NPPI,True,R2,NPPI,False,1.5,-58.071,12.011
2023-2025,6,2025,Darcy Ribeiro (Plano Piloto) / DF,Engenharia Ambiental (Bacharelado),Diurno,EP_R2_NPPIQ,EP_R2_NPPIQ,True,R2,NPPIQ,False,1.0,-44.993,-34.671
2018-2020,1,2020,Darcy Ribeiro (Plano Piloto) / DF,Engenharia Ambiental (Bacharelado),Diurno,EP_R2_PPI,EP_R2_PPI,True,R2,PPI,False,1.5,-45.951,-23.355
2019-2021,2,2021,Darcy Ribeiro,Engenharia Ambiental (Bacharelado),Diurno,EP_R2_PPI,EP_R2_PPI,True,R2,PPI,False,1.5,-49.389,38.819
2020-2022,3,2022,Darcy Ribeiro (Plano Piloto) / DF,Engenharia Ambiental (Bacharelado),Diurno,EP_R2_PPI,EP_R2_PPI,True,R2,PPI,False,1.5,-56.495,68.61
2021-2023,4,2023,Darcy Ribeiro (Plano Piloto) / DF,Engenharia Ambiental (Bacharelado),Diurno,EP_R2_PPI,EP_R2_PPI,True,R2,PPI,False,1.5,110.263,110.263
2018-2020,1,2020,Darcy Ribeiro (Plano Piloto) / DF,Engenharia Civil (Bacharelado),Diurno,AC,AC,False,,,False,,-10.667,147.15
2019-2021,2,2021,Darcy Ribeiro,Engenharia Civil (Bacharelado),Diurno,AC,AC,False,,,False,,96.375,
2020-2022,3,2022,Darcy Ribeiro (Plano Piloto) / DF,Engenharia Civil (Bacharelado),Diurno,AC,AC,False,,,False,,-14.958,126.978
2021-2023,4,2023,Darcy Ribeiro (Plano Piloto) / DF,Engenharia Civil (Bacharelado),Diurno,AC,AC,False,,,False,,66.769,120.301
2022-2024,5,2024,Darcy Ribeiro (Plano Piloto) / DF,Engenharia Civil (Bacharelado),Diurno,AC,AC,False,,,False,,34.504,63.663
2023-2025,6,2025,Darcy Ribeiro (Plano Piloto) / DF,Engenharia Civil (Bacharelado),Diurno,AC,AC,False,,,False,,71.072,110.0
2018-2020,1,2020,Darcy Ribeiro (Plano Piloto) / DF,Engenharia Civil (Bacharelado),Diurno,CN,CN,False,,NEGROS,False,,66.75,101.479
2019-2021,2,2021,Darcy Ribeiro,Engenharia Civil (Bacharelado),Diurno,CN,CN,False,,NEGROS,False,,14.522,14.522
2020-2022,3,2022,Darcy Ribeiro (Plano Piloto) / DF,Engenharia Civil (Bacharelado),Diurno,CN,CN,False,,NEGROS,False,,-48.61,-48.61
2021-2023,4,2023,Darcy Ribeiro (Plano Piloto) / DF,Engenharia Civil (Bacharelado),Diurno,CN,CN,False,,NEGROS,False,,39.079,39.079
2022-2024,5,2024,Darcy Ribeiro (Plano Piloto) / DF,Engenharia Civil (Bacharelado),Diurno,CN,CN,False,,NEGROS,False,,16.686,16.686
2023-2025,6,2025,Darcy Ribeiro (Plano Piloto) / DF,Engenharia Civil (Bacharelado),Diurno,CN,CN,False,,NEGROS,False,,26.849,26.849
2018-2020,1,2020,Darcy Ribeiro (Plano Piloto) / DF,Engenharia Civil (Bacharelado),Diurno,EP_R1_NPPI,EP_R1_NPPI,True,R1,NPPI,False,1.5,-10.46,-10.46
2019-2021,2,2021,Darcy Ribeiro,Engenharia Civil (Bacharelado),Diurno,EP_R1_NPPI,EP_R1_NPPI,True,R1,NPPI,False,1.5,-14.773,23.601
2021-2023,4,2023,Darcy Ribeiro (Plano Piloto) / DF,Engenharia Civil (Bacharelado),Diurno,EP_R1_NPPI,EP_R1_NPPI,True,R1,NPPI,False,1.5,-19.162,28.158
2023-2025,6,2025,Darcy Ribeiro (Plano Piloto) / DF,Engenharia Civil (Bacharelado),Diurno,EP_R1_NPPIQ,EP_R1_NPPIQ,True,R1,NPPIQ,False,1.0,-46.606,-6.776
2018-2020,1,2020,Darcy Ribeiro (Plano Piloto) / DF,Engenharia Civil (Bacharelado),Diurno,EP_R1_PPI,EP_R1_PPI,True,R1,PPI,False,1.5,5.858,5.858
2019-2021,2,2021,Darcy Ribeiro,Engenharia Civil (Bacharelado),Diurno,EP_R1_PPI,EP_R1_PPI,True,R1,PPI,False,1.5,-28.648,18.511
2020-2022,3,2022,Darcy Ribeiro (Plano Piloto) / DF,Engenharia Civil (Bacharelado),Diurno,EP_R1_PPI,EP_R1_PPI,True,R1,PPI,False,1.5,-39.011,-21.766
2021-2023,4,2023,Darcy Ribeiro (Plano Piloto) / DF,Engenharia Civil (Bacharelado),Diurno,EP_R1_PPI,EP_R1_PPI,True,R1,PPI,False,1.5,-33.289,-33.289
2018-2020,1,2020,Darcy Ribeiro (Plano Piloto) / DF,Engenharia Civil (Bacharelado),Diurno,EP_R2_NPPI,EP_R2_NPPI,True,R2,NPPI,False,1.5,-68.924,39.037
2019-2021,2,2021,Darcy Ribeiro,Engenharia Civil (Bacharelado),Diurno,EP_R2_NPPI,EP_R2_NPPI,True,R2,NPPI,False,1.5,-6.562,53.596
2020-2022,3,2022,Darcy Ribeiro (Plano Piloto) / DF,Engenharia Civil (Bacharelado),Diurno,EP_R2_NPPI,EP_R2_NPPI,True,R2,NPPI,False,1.5,-16.627,82.763
2021-2023,4,2023,Darcy Ribeiro (Plano Piloto) / DF,Engenharia Civil (Bacharelado),Diurno,EP_R2_NPPI,EP_R2_NPPI,True,R2,NPPI,False,1.5,-29.887,76.766
2023-2025,6,2025,Darcy Ribeiro (Plano Piloto) / DF,Engenharia Civil (Bacharelado),Diurno,EP_R2_NPPIQ,EP_R2_NPPIQ,True,R2,NPPIQ,False,1.0,19.123,44.103
2018-2020,1,2020,Darcy Ribeiro (Plano Piloto) / DF,Engenharia Civil (Bacharelado),Diurno,EP_R2_PPI,EP_R2_PPI,True,R2,PPI,False,1.5,-27.977,1.668
2019-2021,2,2021,Darcy Ribeiro,Engenharia Civil (Bacharelado),Diurno,EP_R2_PPI,EP_R2_PPI,True,R2,PPI,False,1.5,-16.736,85.341
2020-2022,3,2022,Darcy Ribeiro (Plano Piloto) / DF,Engenharia Civil (Bacharelado),Diurno,EP_R2_PPI,EP_R2_PPI,True,R2,PPI,False,1.5,-43.065,-7.167
2023-2025,6,2025,Darcy Ribeiro (Plano Piloto) / DF,Engenharia Civil (Bacharelado),Diurno,EP_R2_PPIQ,EP_R2_PPIQ,True,R2,PPIQ,False,1.0,-20.258,41.376
2018-2020,1,2020,Darcy Ribeiro (Plano Piloto) / DF,Engenharia Elétrica (Bacharelado),Diurno,AC,AC,False,,,False,,-54.46,165.36
2020-2022,3,2022,Darcy Ribeiro (Plano Piloto) / DF,Engenharia Elétrica (Bacharelado),Diurno,AC,AC,False,,,False,,41.135,163.248
2021-2023,4,2023,Darcy Ribeiro (Plano Piloto) / DF,Engenharia Elétrica (Bacharelado),Diurno,AC,AC,False,,,False,,125.478,156.3
2022-2024,5,2024,Darcy Ribeiro (Plano Piloto) / DF,Engenharia Elétrica (Bacharelado),Diurno,AC,AC,False,,,False,,-52.004,-11.328
2023-2025,6,2025,Darcy Ribeiro (Plano Piloto) / DF,Engenharia Elétrica (Bacharelado),Diurno,AC,AC,False,,,False,,97.075,144.38
2018-2020,1,2020,Darcy Ribeiro (Plano Piloto) / DF,Engenharia Elétrica (Bacharelado),Diurno,CN,CN,False,,NEGROS,False,,-12.144,-12.144
2020-2022,3,2022,Darcy Ribeiro (Plano Piloto) / DF,Engenharia Elétrica (Bacharelado),Diurno,CN,CN,False,,NEGROS,False,,77.957,77.957
2021-2023,4,2023,Darcy Ribeiro (Plano Piloto) / DF,Engenharia Elétrica (Bacharelado),Diurno,CN,CN,False,,NEGROS,False,,85.127,85.127
2023-2025,6,2025,Darcy Ribeiro (Plano Piloto) / DF,Engenharia Elétrica (Bacharelado),Diurno,CN,CN,False,,NEGROS,False,,19.288,19.288
2019-2021,2,2021,Darcy Ribeiro,Engenharia Elétrica (Bacharelado),Diurno,EP_R1_NPPI,EP_R1_NPPI,True,R1,NPPI,False,1.5,-26.903,-26.903
2021-2023,4,2023,Darcy Ribeiro (Plano Piloto) / DF,Engenharia Elétrica (Bacharelado),Diurno,EP_R1_NPPI,EP_R1_NPPI,True,R1,NPPI,False,1.5,-22.252,6.079
2018-2020,1,2020,Darcy Ribeiro (Plano Piloto) / DF,Engenharia Elétrica (Bacharelado),Diurno,EP_R1_PPI,EP_R1_PPI,True,R1,PPI,False,1.5,-62.725,10.242
2019-2021,2,2021,Darcy Ribeiro,Engenharia Elétrica (Bacharelado),Diurno,EP_R1_PPI,EP_R1_PPI,True,R1,PPI,False,1.5,-12.839,-12.839
2020-2022,3,2022,Darcy Ribeiro (Plano Piloto) / DF,Engenharia Elétrica (Bacharelado),Diurno,EP_R1_PPI,EP_R1_PPI,True,R1,PPI,False,1.5,0.067,0.067
2021-2023,4,2023,Darcy Ribeiro (Plano Piloto) / DF,Engenharia Elétrica (Bacharelado),Diurno,EP_R1_PPI,EP_R1_PPI,True,R1,PPI,False,1.5,21.442,51.5
2018-2020,1,2020,Darcy Ribeiro (Plano Piloto) / DF,Engenharia Elétrica (Bacharelado),Diurno,EP_R2_NPPI,EP_R2_NPPI,True,R2,NPPI,False,1.5,-45.468,145.719
2019-2021,2,2021,Darcy Ribeiro,Engenharia Elétrica (Bacharelado),Diurno,EP_R2_NPPI,EP_R2_NPPI,True,R2,NPPI,False,1.5,-20.572,66.75
2020-2022,3,2022,Darcy Ribeiro (Plano Piloto) / DF,Engenharia Elétrica (Bacharelado),Diurno,EP_R2_NPPI,EP_R2_NPPI,True,R2,NPPI,False,1.5,-20.364,135.211
2021-2023,4,2023,Darcy Ribeiro (Plano Piloto) / DF,Engenharia Elétrica (Bacharelado),Diurno,EP_R2_NPPI,EP_R2_NPPI,True,R2,NPPI,False,1.5,25.261,75.92
2023-2025,6,2025,Darcy Ribeiro (Plano Piloto) / DF,Engenharia Elétrica (Bacharelado),Diurno,EP_R2_NPPIQ,EP_R2_NPPIQ,True,R2,NPPIQ,False,1.0,-6.585,58.012
2018-2020,1,2020,Darcy Ribeiro (Plano Piloto) / DF,Engenharia Elétrica (Bacharelado),Diurno,EP_R2_PPI,EP_R2_PPI,True,R2,PPI,False,1.5,-25.08,33.134
2019-2021,2,2021,Darcy Ribeiro,Engenharia Elétrica (Bacharelado),Diurno,EP_R2_PPI,EP_R2_PPI,True,R2,PPI,False,1.5,-38.064,19.809
2020-2022,3,2022,Darcy Ribeiro (Plano Piloto) / DF,Engenharia Elétrica (Bacharelado),Diurno,EP_R2_PPI,EP_R2_PPI,True,R2,PPI,False,1.5,-9.239,33.9
2021-2023,4,2023,Darcy Ribeiro (Plano Piloto) / DF,Engenharia Elétrica (Bacharelado),Diurno,EP_R2_PPI,EP_R2_PPI,True,R2,PPI,False,1.5,51.632,72.957
2023-2025,6,2025,Darcy Ribeiro (Plano Piloto) / DF,Engenharia Elétrica (Bacharelado),Diurno,EP_R2_PPIQ,EP_R2_PPIQ,True,R2,PPIQ,False,1.0,-23.359,-23.359
2018-2020,1,2020,Darcy Ribeiro (Plano Piloto) / DF,Engenharia Florestal (Bacharelado),Diurno,AC,AC,False,,,False,,-65.083,17.752
2019-2021,2,2021,Darcy Ribeiro,Engenharia Florestal (Bacharelado),Diurno,AC,AC,False,,,False,,-71.066,30.842
2020-2022,3,2022,Darcy Ribeiro (Plano Piloto) / DF,Engenharia Florestal (Bacharelado),Diurno,AC,AC,False,,,False,,-50.298,54.606
2021-2023,4,2023,Darcy Ribeiro (Plano Piloto) / DF,Engenharia Florestal (Bacharelado),Diurno,AC,AC,False,,,False,,-53.021,42.301
2023-2025,6,2025,Darcy Ribeiro (Plano Piloto) / DF,Engenharia Florestal (Bacharelado),Diurno,AC,AC,False,,,False,,-69.015,65.667
2018-2020,1,2020,Darcy Ribeiro (Plano Piloto) / DF,Engenharia Florestal (Bacharelado),Diurno,CN,CN,False,,NEGROS,False,,-27.121,8.294
2019-2021,2,2021,Darcy Ribeiro,Engenharia Florestal (Bacharelado),Diurno,CN,CN,False,,NEGROS,False,,-32.127,-32.127
2020-2022,3,2022,Darcy Ribeiro (Plano Piloto) / DF,Engenharia Florestal (Bacharelado),Diurno,CN,CN,False,,NEGROS,False,,-21.139,-21.139
2021-2023,4,2023,Darcy Ribeiro (Plano Piloto) / DF,Engenharia Florestal (Bacharelado),Diurno,CN,CN,False,,NEGROS,False,,-32.417,-32.417
2023-2025,6,2025,Darcy Ribeiro (Plano Piloto) / DF,Engenharia Florestal (Bacharelado),Diurno,CN,CN,False,,NEGROS,False,,-59.51,-59.51
2019-2021,2,2021,Darcy Ribeiro,Engenharia Florestal (Bacharelado),Diurno,EP_R1_NPPI,EP_R1_NPPI,True,R1,NPPI,False,1.5,-2.213,-2.213
2020-2022,3,2022,Darcy Ribeiro (Plano Piloto) / DF,Engenharia Florestal (Bacharelado),Diurno,EP_R1_NPPI,EP_R1_NPPI,True,R1,NPPI,False,1.5,-15.457,9.613
2018-2020,1,2020,Darcy Ribeiro (Plano Piloto) / DF,Engenharia Florestal (Bacharelado),Diurno,EP_R1_PPI,EP_R1_PPI,True,R1,PPI,False,1.5,-72.218,20.162
2021-2023,4,2023,Darcy Ribeiro (Plano Piloto) / DF,Engenharia Florestal (Bacharelado),Diurno,EP_R1_PPI,EP_R1_PPI,True,R1,PPI,False,1.5,-21.467,-21.467
2019-2021,2,2021,Darcy Ribeiro,Engenharia Florestal (Bacharelado),Diurno,EP_R2_NPPI,EP_R2_NPPI,True,R2,NPPI,False,1.5,-29.541,-29.541
2020-2022,3,2022,Darcy Ribeiro (Plano Piloto) / DF,Engenharia Florestal (Bacharelado),Diurno,EP_R2_NPPI,EP_R2_NPPI,True,R2,NPPI,False,1.5,-52.846,-50.215
2021-2023,4,2023,Darcy Ribeiro (Plano Piloto) / DF,Engenharia Florestal (Bacharelado),Diurno,EP_R2_NPPI,EP_R2_NPPI,True,R2,NPPI,False,1.5,-13.984,-13.984
2023-2025,6,2025,Darcy Ribeiro (Plano Piloto) / DF,Engenharia Florestal (Bacharelado),Diurno,EP_R2_NPPIQ,EP_R2_NPPIQ,True,R2,NPPIQ,False,1.0,-27.754,-27.754
2018-2020,1,2020,Darcy Ribeiro (Plano Piloto) / DF,Engenharia Florestal (Bacharelado),Diurno,EP_R2_PPI,EP_R2_PPI,True,R2,PPI,False,1.5,-42.766,-42.766
2019-2021,2,2021,Darcy Ribeiro,Engenharia Florestal (Bacharelado),Diurno,EP_R2_PPI,EP_R2_PPI,True,R2,PPI,False,1.5,-5.848,-5.848
2020-2022,3,2022,Darcy Ribeiro (Plano Piloto) / DF,Engenharia Florestal (Bacharelado),Diurno,EP_R2_PPI,EP_R2_PPI,True,R2,PPI,False,1.5,-50.84,-13.077
2018-2020,1,2020,Darcy Ribeiro (Plano Piloto) / DF,Engenharia Mecatrônica (Bacharelado),Diurno,AC,AC,False,,,False,,-40.37,134.759
2020-2022,3,2022,Darcy Ribeiro (Plano Piloto) / DF,Engenharia Mecatrônica (Bacharelado),Diurno,AC,AC,False,,,False,,116.231,162.86
2021-2023,4,2023,Darcy Ribeiro (Plano Piloto) / DF,Engenharia Mecatrônica (Bacharelado),Diurno,AC,AC,False,,,False,,71.137,156.247
2022-2024,5,2024,Darcy Ribeiro (Plano Piloto) / DF,Engenharia Mecatrônica (Bacharelado),Diurno,AC,AC,False,,,False,,8.54,37.891
2023-2025,6,2025,Darcy Ribeiro (Plano Piloto) / DF,Engenharia Mecatrônica (Bacharelado),Diurno,AC,AC,False,,,False,,84.017,170.136
2018-2020,1,2020,Darcy Ribeiro (Plano Piloto) / DF,Engenharia Mecatrônica (Bacharelado),Diurno,CN,CN,False,,NEGROS,False,,-19.965,1.525
2019-2021,2,2021,Darcy Ribeiro,Engenharia Mecatrônica (Bacharelado),Diurno,CN,CN,False,,NEGROS,False,,84.165,84.165
2020-2022,3,2022,Darcy Ribeiro (Plano Piloto) / DF,Engenharia Mecatrônica (Bacharelado),Diurno,CN,CN,False,,NEGROS,False,,53.035,53.035
2021-2023,4,2023,Darcy Ribeiro (Plano Piloto) / DF,Engenharia Mecatrônica (Bacharelado),Diurno,CN,CN,False,,NEGROS,False,,139.153,139.153
2023-2025,6,2025,Darcy Ribeiro (Plano Piloto) / DF,Engenharia Mecatrônica (Bacharelado),Diurno,CN,CN,False,,NEGROS,False,,25.527,25.527
2018-2020,1,2020,Darcy Ribeiro (Plano Piloto) / DF,Engenharia Mecatrônica (Bacharelado),Diurno,EP_R1_NPPI,EP_R1_NPPI,True,R1,NPPI,False,1.5,-32.767,-32.767
2019-2021,2,2021,Darcy Ribeiro,Engenharia Mecatrônica (Bacharelado),Diurno,EP_R1_NPPI,EP_R1_NPPI,True,R1,NPPI,False,1.5,-29.193,1.117
2020-2022,3,2022,Darcy Ribeiro (Plano Piloto) / DF,Engenharia Mecatrônica (Bacharelado),Diurno,EP_R1_NPPI,EP_R1_NPPI,True,R1,NPPI,False,1.5,-42.409,-41.277
2023-2025,6,2025,Darcy Ribeiro (Plano Piloto) / DF,Engenharia Mecatrônica (Bacharelado),Diurno,EP_R1_NPPIQ,EP_R1_NPPIQ,True,R1,NPPIQ,False,1.0,-4.756,8.105
2018-2020,1,2020,Darcy Ribeiro (Plano Piloto) / DF,Engenharia Mecatrônica (Bacharelado),Diurno,EP_R1_PPI,EP_R1_PPI,True,R1,PPI,False,1.5,-37.722,54.405
2019-2021,2,2021,Darcy Ribeiro,Engenharia Mecatrônica (Bacharelado),Diurno,EP_R1_PPI,EP_R1_PPI,True,R1,PPI,False,1.5,-27.662,46.608
2020-2022,3,2022,Darcy Ribeiro (Plano Piloto) / DF,Engenharia Mecatrônica (Bacharelado),Diurno,EP_R1_PPI,EP_R1_PPI,True,R1,PPI,False,1.5,-24.504,59.809
2018-2020,1,2020,Darcy Ribeiro (Plano Piloto) / DF,Engenharia Mecatrônica (Bacharelado),Diurno,EP_R2_NPPI,EP_R2_NPPI,True,R2,NPPI,False,1.5,19.302,65.536
2019-2021,2,2021,Darcy Ribeiro,Engenharia Mecatrônica (Bacharelado),Diurno,EP_R2_NPPI,EP_R2_NPPI,True,R2,NPPI,False,1.5,49.02,79.438
2020-2022,3,2022,Darcy Ribeiro (Plano Piloto) / DF,Engenharia Mecatrônica (Bacharelado),Diurno,EP_R2_NPPI,EP_R2_NPPI,True,R2,NPPI,False,1.5,-41.875,43.548
2021-2023,4,2023,Darcy Ribeiro (Plano Piloto) / DF,Engenharia Mecatrônica (Bacharelado),Diurno,EP_R2_NPPI,EP_R2_NPPI,True,R2,NPPI,False,1.5,-40.631,71.731
2022-2024,5,2024,Darcy Ribeiro (Plano Piloto) / DF,Engenharia Mecatrônica (Bacharelado),Diurno,EP_R2_NPPI,EP_R2_NPPI,True,R2,NPPI,False,1.5,-65.329,-19.947
2023-2025,6,2025,Darcy Ribeiro (Plano Piloto) / DF,Engenharia Mecatrônica (Bacharelado),Diurno,EP_R2_NPPIQ,EP_R2_NPPIQ,True,R2,NPPIQ,False,1.0,-19.193,79.642
2018-2020,1,2020,Darcy Ribeiro (Plano Piloto) / DF,Engenharia Mecatrônica (Bacharelado),Diurno,EP_R2_PPI,EP_R2_PPI,True,R2,PPI,False,1.5,-46.573,42.867
2019-2021,2,2021,Darcy Ribeiro,Engenharia Mecatrônica (Bacharelado),Diurno,EP_R2_PPI,EP_R2_PPI,True,R2,PPI,False,1.5,-39.081,-20.043
2020-2022,3,2022,Darcy Ribeiro (Plano Piloto) / DF,Engenharia Mecatrônica (Bacharelado),Diurno,EP_R2_PPI,EP_R2_PPI,True,R2,PPI,False,1.5,1.944,1.944
2023-2025,6,2025,Darcy Ribeiro (Plano Piloto) / DF,Engenharia Mecatrônica (Bacharelado),Diurno,EP_R2_PPIQ,EP_R2_PPIQ,True,R2,PPIQ,False,1.0,-53.086,-27.897
2018-2020,1,2020,Darcy Ribeiro (Plano Piloto) / DF,Engenharia Mecânica (Bacharelado),Diurno,AC,AC,False,,,False,,-102.234,142.555
2019-2021,2,2021,Darcy Ribeiro,Engenharia Mecânica (Bacharelado),Diurno,AC,AC,False,,,False,,80.147,
2020-2022,3,2022,Darcy Ribeiro (Plano Piloto) / DF,Engenharia Mecânica (Bacharelado),Diurno,AC,AC,False,,,False,,58.439,154.863
2021-2023,4,2023,Darcy Ribeiro (Plano Piloto) / DF,Engenharia Mecânica (Bacharelado),Diurno,AC,AC,False,,,False,,88.12,136.666
2022-2024,5,2024,Darcy Ribeiro (Plano Piloto) / DF,Engenharia Mecânica (Bacharelado),Diurno,AC,AC,False,,,False,,-39.537,27.385
2023-2025,6,2025,Darcy Ribeiro (Plano Piloto) / DF,Engenharia Mecânica (Bacharelado),Diurno,AC,AC,False,,,False,,83.117,151.18
2018-2020,1,2020,Darcy Ribeiro (Plano Piloto) / DF,Engenharia Mecânica (Bacharelado),Diurno,CN,CN,False,,NEGROS,False,,27.299,30.337
2019-2021,2,2021,Darcy Ribeiro,Engenharia Mecânica (Bacharelado),Diurno,CN,CN,False,,NEGROS,False,,25.588,25.588
2020-2022,3,2022,Darcy Ribeiro (Plano Piloto) / DF,Engenharia Mecânica (Bacharelado),Diurno,CN,CN,False,,NEGROS,False,,12.814,12.814
2021-2023,4,2023,Darcy Ribeiro (Plano Piloto) / DF,Engenharia Mecânica (Bacharelado),Diurno,CN,CN,False,,NEGROS,False,,65.176,65.176
2022-2024,5,2024,Darcy Ribeiro (Plano Piloto) / DF,Engenharia Mecânica (Bacharelado),Diurno,CN,CN,False,,NEGROS,False,,-47.32,-47.32
2023-2025,6,2025,Darcy Ribeiro (Plano Piloto) / DF,Engenharia Mecânica (Bacharelado),Diurno,CN,CN,False,,NEGROS,False,,68.151,68.151
2019-2021,2,2021,Darcy Ribeiro,Engenharia Mecânica (Bacharelado),Diurno,EP_R1_NPPI,EP_R1_NPPI,True,R1,NPPI,False,1.5,-40.249,33.782
2021-2023,4,2023,Darcy Ribeiro (Plano Piloto) / DF,Engenharia Mecânica (Bacharelado),Diurno,EP_R1_NPPI,EP_R1_NPPI,True,R1,NPPI,False,1.5,-32.365,-32.365
2023-2025,6,2025,Darcy Ribeiro (Plano Piloto) / DF,Engenharia Mecânica (Bacharelado),Diurno,EP_R1_NPPIQ,EP_R1_NPPIQ,True,R1,NPPIQ,False,1.0,-69.376,-69.376
2018-2020,1,2020,Darcy Ribeiro (Plano Piloto) / DF,Engenharia Mecânica (Bacharelado),Diurno,EP_R1_PPI,EP_R1_PPI,True,R1,PPI,False,1.5,-33.726,5.966
2019-2021,2,2021,Darcy Ribeiro,Engenharia Mecânica (Bacharelado),Diurno,EP_R1_PPI,EP_R1_PPI,True,R1,PPI,False,1.5,-21.929,-3.886
2020-2022,3,2022,Darcy Ribeiro (Plano Piloto) / DF,Engenharia Mecânica (Bacharelado),Diurno,EP_R1_PPI,EP_R1_PPI,True,R1,PPI,False,1.5,-34.593,-30.996
2021-2023,4,2023,Darcy Ribeiro (Plano Piloto) / DF,Engenharia Mecânica (Bacharelado),Diurno,EP_R1_PPI,EP_R1_PPI,True,R1,PPI,False,1.5,22.756,22.756
2018-2020,1,2020,Darcy Ribeiro (Plano Piloto) / DF,Engenharia Mecânica (Bacharelado),Diurno,EP_R2_NPPI,EP_R2_NPPI,True,R2,NPPI,False,1.5,-8.237,129.024
2019-2021,2,2021,Darcy Ribeiro,Engenharia Mecânica (Bacharelado),Diurno,EP_R2_NPPI,EP_R2_NPPI,True,R2,NPPI,False,1.5,-28.117,20.947
2020-2022,3,2022,Darcy Ribeiro (Plano Piloto) / DF,Engenharia Mecânica (Bacharelado),Diurno,EP_R2_NPPI,EP_R2_NPPI,True,R2,NPPI,False,1.5,-12.021,70.474
2021-2023,4,2023,Darcy Ribeiro (Plano Piloto) / DF,Engenharia Mecânica (Bacharelado),Diurno,EP_R2_NPPI,EP_R2_NPPI,True,R2,NPPI,False,1.5,-22.76,39.682
2023-2025,6,2025,Darcy Ribeiro (Plano Piloto) / DF,Engenharia Mecânica (Bacharelado),Diurno,EP_R2_NPPIQ,EP_R2_NPPIQ,True,R2,NPPIQ,False,1.0,-1.775,66.886
2018-2020,1,2020,Darcy Ribeiro (Plano Piloto) / DF,Engenharia Mecânica (Bacharelado),Diurno,EP_R2_PPI,EP_R2_PPI,True,R2,PPI,False,1.5,-5.156,32.83
2020-2022,3,2022,Darcy Ribeiro (Plano Piloto) / DF,Engenharia Mecânica (Bacharelado),Diurno,EP_R2_PPI,EP_R2_PPI,True,R2,PPI,False,1.5,-84.626,-77.546
2021-2023,4,2023,Darcy Ribeiro (Plano Piloto) / DF,Engenharia Mecânica (Bacharelado),Diurno,EP_R2_PPI,EP_R2_PPI,True,R2,PPI,False,1.5,-68.903,42.09
2023-2025,6,2025,Darcy Ribeiro (Plano Piloto) / DF,Engenharia Mecânica (Bacharelado),Diurno,EP_R2_PPIQ,EP_R2_PPIQ,True,R2,PPIQ,False,1.0,5.003,17.361
2018-2020,1,2020,Darcy Ribeiro (Plano Piloto) / DF,Engenharia Química (Bacharelado),Diurno,AC,AC,False,,,False,,-50.087,134.041
2019-2021,2,2021,Darcy Ribeiro,Engenharia Química (Bacharelado),Diurno,AC,AC,False,,,False,,70.109,
2020-2022,3,2022,Darcy Ribeiro (Plano Piloto) / DF,Engenharia Química (Bacharelado),Diurno,AC,AC,False,,,False,,59.512,108.454
2021-2023,4,2023,Darcy Ribeiro (Plano Piloto) / DF,Engenharia Química (Bacharelado),Diurno,AC,AC,False,,,False,,61.647,136.761
2022-2024,5,2024,Darcy Ribeiro (Plano Piloto) / DF,Engenharia Química (Bacharelado),Diurno,AC,AC,False,,,False,,-31.736,-7.947
2023-2025,6,2025,Darcy Ribeiro (Plano Piloto) / DF,Engenharia Química (Bacharelado),Diurno,AC,AC,False,,,False,,51.716,135.786
2019-2021,2,2021,Darcy Ribeiro,Engenharia Química (Bacharelado),Diurno,CN,CN,False,,NEGROS,False,,11.144,11.144
2021-2023,4,2023,Darcy Ribeiro (Plano Piloto) / DF,Engenharia Química (Bacharelado),Diurno,CN,CN,False,,NEGROS,False,,56.973,56.973
2023-2025,6,2025,Darcy Ribeiro (Plano Piloto) / DF,Engenharia Química (Bacharelado),Diurno,CN,CN,False,,NEGROS,False,,5.744,5.744
2019-2021,2,2021,Darcy Ribeiro,Engenharia Química (Bacharelado),Diurno,EP_R1_NPPI,EP_R1_NPPI,True,R1,NPPI,False,1.5,-47.162,-47.162
2020-2022,3,2022,Darcy Ribeiro (Plano Piloto) / DF,Engenharia Química (Bacharelado),Diurno,EP_R1_NPPI,EP_R1_NPPI,True,R1,NPPI,False,1.5,-43.682,-43.682
2021-2023,4,2023,Darcy Ribeiro (Plano Piloto) / DF,Engenharia Química (Bacharelado),Diurno,EP_R1_NPPI,EP_R1_NPPI,True,R1,NPPI,False,1.5,-55.77,-55.77
2018-2020,1,2020,Darcy Ribeiro (Plano Piloto) / DF,Engenharia Química (Bacharelado),Diurno,EP_R1_PPI,EP_R1_PPI,True,R1,PPI,False,1.5,38.999,38.999
2019-2021,2,2021,Darcy Ribeiro,Engenharia Química (Bacharelado),Diurno,EP_R1_PPI,EP_R1_PPI,True,R1,PPI,False,1.5,-35.915,5.342
2020-2022,3,2022,Darcy Ribeiro (Plano Piloto) / DF,Engenharia Química (Bacharelado),Diurno,EP_R1_PPI,EP_R1_PPI,True,R1,PPI,False,1.5,5.172,46.146
2021-2023,4,2023,Darcy Ribeiro (Plano Piloto) / DF,Engenharia Química (Bacharelado),Diurno,EP_R1_PPI,EP_R1_PPI,True,R1,PPI,False,1.5,27.883,27.883
2018-2020,1,2020,Darcy Ribeiro (Plano Piloto) / DF,Engenharia Química (Bacharelado),Diurno,EP_R2_NPPI,EP_R2_NPPI,True,R2,NPPI,False,1.5,-16.557,132.95
2019-2021,2,2021,Darcy Ribeiro,Engenharia Química (Bacharelado),Diurno,EP_R2_NPPI,EP_R2_NPPI,True,R2,NPPI,False,1.5,13.493,
2020-2022,3,2022,Darcy Ribeiro (Plano Piloto) / DF,Engenharia Química (Bacharelado),Diurno,EP_R2_NPPI,EP_R2_NPPI,True,R2,NPPI,False,1.5,51.7,79.292
2021-2023,4,2023,Darcy Ribeiro (Plano Piloto) / DF,Engenharia Química (Bacharelado),Diurno,EP_R2_NPPI,EP_R2_NPPI,True,R2,NPPI,False,1.5,-42.449,125.822
2023-2025,6,2025,Darcy Ribeiro (Plano Piloto) / DF,Engenharia Química (Bacharelado),Diurno,EP_R2_NPPIQ,EP_R2_NPPIQ,True,R2,NPPIQ,False,1.0,-59.302,49.093
2018-2020,1,2020,Darcy Ribeiro (Plano Piloto) / DF,Engenharia Química (Bacharelado),Diurno,EP_R2_PPI,EP_R2_PPI,True,R2,PPI,False,1.5,-14.085,-14.085
2019-2021,2,2021,Darcy Ribeiro,Engenharia Química (Bacharelado),Diurno,EP_R2_PPI,EP_R2_PPI,True,R2,PPI,False,1.5,-40.025,-40.025
2020-2022,3,2022,Darcy Ribeiro (Plano Piloto) / DF,Engenharia Química (Bacharelado),Diurno,EP_R2_PPI,EP_R2_PPI,True,R2,PPI,False,1.5,30.811,59.008
2023-2025,6,2025,Darcy Ribeiro (Plano Piloto) / DF,Engenharia Química (Bacharelado),Diurno,EP_R2_PPIQ,EP_R2_PPIQ,True,R2,PPIQ,False,1.0,-17.786,2.511
2018-2020,1,2020,Darcy Ribeiro (Plano Piloto) / DF,Engenharia de Computação (Bacharelado),Diurno,AC,AC,False,,,False,,76.169,143.359
2020-2022,3,2022,Darcy Ribeiro (Plano Piloto) / DF,Engenharia de Computação (Bacharelado),Diurno,AC,AC,False,,,False,,120.321,160.318
2021-2023,4,2023,Darcy Ribeiro (Plano Piloto) / DF,Engenharia de Computação (Bacharelado),Diurno,AC,AC,False,,,False,,120.445,156.459
2022-2024,5,2024,Darcy Ribeiro (Plano Piloto) / DF,Engenharia de Computação (Bacharelado),Diurno,AC,AC,False,,,False,,102.972,115.572
2023-2025,6,2025,Darcy Ribeiro (Plano Piloto) / DF,Engenharia de Computação (Bacharelado),Diurno,AC,AC,False,,,False,,120.918,167.223
2018-2020,1,2020,Darcy Ribeiro (Plano Piloto) / DF,Engenharia de Computação (Bacharelado),Diurno,CN,CN,False,,NEGROS,False,,21.015,92.852
2019-2021,2,2021,Darcy Ribeiro,Engenharia de Computação (Bacharelado),Diurno,CN,CN,False,,NEGROS,False,,84.173,84.173
2020-2022,3,2022,Darcy Ribeiro (Plano Piloto) / DF,Engenharia de Computação (Bacharelado),Diurno,CN,CN,False,,NEGROS,False,,44.324,44.324
2021-2023,4,2023,Darcy Ribeiro (Plano Piloto) / DF,Engenharia de Computação (Bacharelado),Diurno,CN,CN,False,,NEGROS,False,,46.95,46.95
2022-2024,5,2024,Darcy Ribeiro (Plano Piloto) / DF,Engenharia de Computação (Bacharelado),Diurno,CN,CN,False,,NEGROS,False,,48.438,48.438
2023-2025,6,2025,Darcy Ribeiro (Plano Piloto) / DF,Engenharia de Computação (Bacharelado),Diurno,CN,CN,False,,NEGROS,False,,70.718,70.718
2019-2021,2,2021,Darcy Ribeiro,Engenharia de Computação (Bacharelado),Diurno,EP_R1_NPPI,EP_R1_NPPI,True,R1,NPPI,False,1.5,17.976,19.536
2020-2022,3,2022,Darcy Ribeiro (Plano Piloto) / DF,Engenharia de Computação (Bacharelado),Diurno,EP_R1_NPPI,EP_R1_NPPI,True,R1,NPPI,False,1.5,-52.218,-10.159
2021-2023,4,2023,Darcy Ribeiro (Plano Piloto) / DF,Engenharia de Computação (Bacharelado),Diurno,EP_R1_NPPI,EP_R1_NPPI,True,R1,NPPI,False,1.5,29.216,40.403
2022-2024,5,2024,Darcy Ribeiro (Plano Piloto) / DF,Engenharia de Computação (Bacharelado),Diurno,EP_R1_NPPI,EP_R1_NPPI,True,R1,NPPI,False,1.5,-26.48,-5.042
2023-2025,6,2025,Darcy Ribeiro (Plano Piloto) / DF,Engenharia de Computação (Bacharelado),Diurno,EP_R1_NPPIQ,EP_R1_NPPIQ,True,R1,NPPIQ,False,1.0,-33.752,-33.752
2018-2020,1,2020,Darcy Ribeiro (Plano Piloto) / DF,Engenharia de Computação (Bacharelado),Diurno,EP_R1_PPI,EP_R1_PPI,True,R1,PPI,False,1.5,-44.598,18.4
2019-2021,2,2021,Darcy Ribeiro,Engenharia de Computação (Bacharelado),Diurno,EP_R1_PPI,EP_R1_PPI,True,R1,PPI,False,1.5,39.279,96.047
2020-2022,3,2022,Darcy Ribeiro (Plano Piloto) / DF,Engenharia de Computação (Bacharelado),Diurno,EP_R1_PPI,EP_R1_PPI,True,R1,PPI,False,1.5,-0.447,35.476
2021-2023,4,2023,Darcy Ribeiro (Plano Piloto) / DF,Engenharia de Computação (Bacharelado),Diurno,EP_R1_PPI,EP_R1_PPI,True,R1,PPI,False,1.5,16.988,70.613
2018-2020,1,2020,Darcy Ribeiro (Plano Piloto) / DF,Engenharia de Computação (Bacharelado),Diurno,EP_R2_NPPI,EP_R2_NPPI,True,R2,NPPI,False,1.5,-63.631,29.797
2020-2022,3,2022,Darcy Ribeiro (Plano Piloto) / DF,Engenharia de Computação (Bacharelado),Diurno,EP_R2_NPPI,EP_R2_NPPI,True,R2,NPPI,False,1.5,132.082,142.531
2021-2023,4,2023,Darcy Ribeiro (Plano Piloto) / DF,Engenharia de Computação (Bacharelado),Diurno,EP_R2_NPPI,EP_R2_NPPI,True,R2,NPPI,False,1.5,72.542,154.756
2022-2024,5,2024,Darcy Ribeiro (Plano Piloto) / DF,Engenharia de Computação (Bacharelado),Diurno,EP_R2_NPPI,EP_R2_NPPI,True,R2,NPPI,False,1.5,13.301,34.706
2023-2025,6,2025,Darcy Ribeiro (Plano Piloto) / DF,Engenharia de Computação (Bacharelado),Diurno,EP_R2_NPPIQ,EP_R2_NPPIQ,True,R2,NPPIQ,False,1.0,82.189,83.309
2023-2025,6,2025,Darcy Ribeiro (Plano Piloto) / DF,Engenharia de Computação (Bacharelado),Diurno,EP_R2_NPPIQ_PCD,EP_R2_NPPIQ_PCD,True,R2,NPPIQ,True,1.0,25.163,25.163
2018-2020,1,2020,Darcy Ribeiro (Plano Piloto) / DF,Engenharia de Computação (Bacharelado),Diurno,EP_R2_PPI,EP_R2_PPI,True,R2,PPI,False,1.5,-31.837,53.774
2019-2021,2,2021,Darcy Ribeiro,Engenharia de Computação (Bacharelado),Diurno,EP_R2_PPI,EP_R2_PPI,True,R2,PPI,False,1.5,13.355,
2020-2022,3,2022,Darcy Ribeiro (Plano Piloto) / DF,Engenharia de Computação (Bacharelado),Diurno,EP_R2_PPI,EP_R2_PPI,True,R2,PPI,False,1.5,12.403,47.079
2021-2023,4,2023,Darcy Ribeiro (Plano Piloto) / DF,Engenharia de Computação (Bacharelado),Diurno,EP_R2_PPI,EP_R2_PPI,True,R2,PPI,False,1.5,8.39,40.382
2022-2024,5,2024,Darcy Ribeiro (Plano Piloto) / DF,Engenharia de Computação (Bacharelado),Diurno,EP_R2_PPI,EP_R2_PPI,True,R2,PPI,False,1.5,-62.409,-51.296
2023-2025,6,2025,Darcy Ribeiro (Plano Piloto) / DF,Engenharia de Computação (Bacharelado),Diurno,EP_R2_PPIQ,EP_R2_PPIQ,True,R2,PPIQ,False,1.0,-67.012,55.801
2018-2020,1,2020,Darcy Ribeiro (Plano Piloto) / DF,Engenharia de Produção (Bacharelado),Noturno,AC,AC,False,,,False,,-45.285,97.751
2019-2021,2,2021,Darcy Ribeiro,Engenharia de Produção (Bacharelado),Noturno,AC,AC,False,,,False,,42.183,
2020-2022,3,2022,Darcy Ribeiro (Plano Piloto) / DF,Engenharia de Produção (Bacharelado),Noturno,AC,AC,False,,,False,,38.913,159.558
2021-2023,4,2023,Darcy Ribeiro (Plano Piloto) / DF,Engenharia de Produção (Bacharelado),Noturno,AC,AC,False,,,False,,-75.158,104.096
2022-2024,5,2024,Darcy Ribeiro (Plano Piloto) / DF,Engenharia de Produção (Bacharelado),Noturno,AC,AC,False,,,False,,-66.153,14.375
2023-2025,6,2025,Darcy Ribeiro (Plano Piloto) / DF,Engenharia de Produção (Bacharelado),Noturno,AC,AC,False,,,False,,49.032,130.073
2018-2020,1,2020,Darcy Ribeiro (Plano Piloto) / DF,Engenharia de Produção (Bacharelado),Noturno,CN,CN,False,,NEGROS,False,,13.105,18.914
2019-2021,2,2021,Darcy Ribeiro,Engenharia de Produção (Bacharelado),Noturno,CN,CN,False,,NEGROS,False,,-20.158,-20.158
2020-2022,3,2022,Darcy Ribeiro (Plano Piloto) / DF,Engenharia de Produção (Bacharelado),Noturno,CN,CN,False,,NEGROS,False,,27.336,27.336
2021-2023,4,2023,Darcy Ribeiro (Plano Piloto) / DF,Engenharia de Produção (Bacharelado),Noturno,CN,CN,False,,NEGROS,False,,-13.4,-13.4
2022-2024,5,2024,Darcy Ribeiro (Plano Piloto) / DF,Engenharia de Produção (Bacharelado),Noturno,CN,CN,False,,NEGROS,False,,-71.003,-71.003
2023-2025,6,2025,Darcy Ribeiro (Plano Piloto) / DF,Engenharia de Produção (Bacharelado),Noturno,CN,CN,False,,NEGROS,False,,-31.733,-31.733
2019-2021,2,2021,Darcy Ribeiro,Engenharia de Produção (Bacharelado),Noturno,EP_R1_NPPI,EP_R1_NPPI,True,R1,NPPI,False,1.5,-47.974,-47.974
2023-2025,6,2025,Darcy Ribeiro (Plano Piloto) / DF,Engenharia de Produção (Bacharelado),Noturno,EP_R1_NPPIQ,EP_R1_NPPIQ,True,R1,NPPIQ,False,1.0,-20.589,-16.273
2019-2021,2,2021,Darcy Ribeiro,Engenharia de Produção (Bacharelado),Noturno,EP_R1_PPI,EP_R1_PPI,True,R1,PPI,False,1.5,-5.047,-5.047
2020-2022,3,2022,Darcy Ribeiro (Plano Piloto) / DF,Engenharia de Produção (Bacharelado),Noturno,EP_R1_PPI,EP_R1_PPI,True,R1,PPI,False,1.5,11.401,11.401
2019-2021,2,2021,Darcy Ribeiro,Engenharia de Produção (Bacharelado),Noturno,EP_R2_NPPI,EP_R2_NPPI,True,R2,NPPI,False,1.5,46.816,71.428
2021-2023,4,2023,Darcy Ribeiro (Plano Piloto) / DF,Engenharia de Produção (Bacharelado),Noturno,EP_R2_NPPI,EP_R2_NPPI,True,R2,NPPI,False,1.5,-30.751,-18.063
2023-2025,6,2025,Darcy Ribeiro (Plano Piloto) / DF,Engenharia de Produção (Bacharelado),Noturno,EP_R2_NPPIQ,EP_R2_NPPIQ,True,R2,NPPIQ,False,1.0,-30.464,60.182
2019-2021,2,2021,Darcy Ribeiro,Engenharia de Produção (Bacharelado),Noturno,EP_R2_PPI,EP_R2_PPI,True,R2,PPI,False,1.5,-86.266,14.269
2023-2025,6,2025,Darcy Ribeiro (Plano Piloto) / DF,Engenharia de Produção (Bacharelado),Noturno,EP_R2_PPIQ,EP_R2_PPIQ,True,R2,PPIQ,False,1.0,-5.763,-5.763
2018-2020,1,2020,Darcy Ribeiro (Plano Piloto) / DF,Engenharia de Redes de Comunicação (Bacharelado),Diurno,AC,AC,False,,,False,,-31.904,55.127
2019-2021,2,2021,Darcy Ribeiro,Engenharia de Redes de Comunicação (Bacharelado),Diurno,AC,AC,False,,,False,,1.695,71.841
2020-2022,3,2022,Darcy Ribeiro (Plano Piloto) / DF,Engenharia de Redes de Comunicação (Bacharelado),Diurno,AC,AC,False,,,False,,-37.069,84.551
2021-2023,4,2023,Darcy Ribeiro (Plano Piloto) / DF,Engenharia de Redes de Comunicação (Bacharelado),Diurno,AC,AC,False,,,False,,17.816,61.652
2022-2024,5,2024,Darcy Ribeiro (Plano Piloto) / DF,Engenharia de Redes de Comunicação (Bacharelado),Diurno,AC,AC,False,,,False,,-50.195,-2.835
2023-2025,6,2025,Darcy Ribeiro (Plano Piloto) / DF,Engenharia de Redes de Comunicação (Bacharelado),Diurno,AC,AC,False,,,False,,34.703,63.406
2018-2020,1,2020,Darcy Ribeiro (Plano Piloto) / DF,Engenharia de Redes de Comunicação (Bacharelado),Diurno,CN,CN,False,,NEGROS,False,,-6.137,-4.801
2019-2021,2,2021,Darcy Ribeiro,Engenharia de Redes de Comunicação (Bacharelado),Diurno,CN,CN,False,,NEGROS,False,,24.498,24.498
2020-2022,3,2022,Darcy Ribeiro (Plano Piloto) / DF,Engenharia de Redes de Comunicação (Bacharelado),Diurno,CN,CN,False,,NEGROS,False,,67.472,67.472
2021-2023,4,2023,Darcy Ribeiro (Plano Piloto) / DF,Engenharia de Redes de Comunicação (Bacharelado),Diurno,CN,CN,False,,NEGROS,False,,59.299,59.299
2023-2025,6,2025,Darcy Ribeiro (Plano Piloto) / DF,Engenharia de Redes de Comunicação (Bacharelado),Diurno,CN,CN,False,,NEGROS,False,,-20.38,-20.38
2019-2021,2,2021,Darcy Ribeiro,Engenharia de Redes de Comunicação (Bacharelado),Diurno,EP_R1_NPPI,EP_R1_NPPI,True,R1,NPPI,False,1.5,-43.862,-43.862
2021-2023,4,2023,Darcy Ribeiro (Plano Piloto) / DF,Engenharia de Redes de Comunicação (Bacharelado),Diurno,EP_R1_NPPI,EP_R1_NPPI,True,R1,NPPI,False,1.5,-66.487,-9.02
2023-2025,6,2025,Darcy Ribeiro (Plano Piloto) / DF,Engenharia de Redes de Comunicação (Bacharelado),Diurno,EP_R1_NPPIQ,EP_R1_NPPIQ,True,R1,NPPIQ,False,1.0,-55.125,-55.125
2018-2020,1,2020,Darcy Ribeiro (Plano Piloto) / DF,Engenharia de Redes de Comunicação (Bacharelado),Diurno,EP_R1_PPI,EP_R1_PPI,True,R1,PPI,False,1.5,-29.883,-29.883
2021-2023,4,2023,Darcy Ribeiro (Plano Piloto) / DF,Engenharia de Redes de Comunicação (Bacharelado),Diurno,EP_R1_PPI,EP_R1_PPI,True,R1,PPI,False,1.5,-22.553,-22.553
2018-2020,1,2020,Darcy Ribeiro (Plano Piloto) / DF,Engenharia de Redes de Comunicação (Bacharelado),Diurno,EP_R2_NPPI,EP_R2_NPPI,True,R2,NPPI,False,1.5,-66.201,-66.201
2019-2021,2,2021,Darcy Ribeiro,Engenharia de Redes de Comunicação (Bacharelado),Diurno,EP_R2_NPPI,EP_R2_NPPI,True,R2,NPPI,False,1.5,-67.492,-21.402
2020-2022,3,2022,Darcy Ribeiro (Plano Piloto) / DF,Engenharia de Redes de Comunicação (Bacharelado),Diurno,EP_R2_NPPI,EP_R2_NPPI,True,R2,NPPI,False,1.5,-49.0,-49.0
2021-2023,4,2023,Darcy Ribeiro (Plano Piloto) / DF,Engenharia de Redes de Comunicação (Bacharelado),Diurno,EP_R2_NPPI,EP_R2_NPPI,True,R2,NPPI,False,1.5,-25.064,7.869
2023-2025,6,2025,Darcy Ribeiro (Plano Piloto) / DF,Engenharia de Redes de Comunicação (Bacharelado),Diurno,EP_R2_NPPIQ,EP_R2_NPPIQ,True,R2,NPPIQ,False,1.0,-73.187,2.297
2018-2020,1,2020,Darcy Ribeiro (Plano Piloto) / DF,Engenharia de Redes de Comunicação (Bacharelado),Diurno,EP_R2_PPI,EP_R2_PPI,True,R2,PPI,False,1.5,-50.627,3.941
2019-2021,2,2021,Darcy Ribeiro,Engenharia de Redes de Comunicação (Bacharelado),Diurno,EP_R2_PPI,EP_R2_PPI,True,R2,PPI,False,1.5,-41.369,24.509
2021-2023,4,2023,Darcy Ribeiro (Plano Piloto) / DF,Engenharia de Redes de Comunicação (Bacharelado),Diurno,EP_R2_PPI,EP_R2_PPI,True,R2,PPI,False,1.5,-14.191,13.092
2023-2025,6,2025,Darcy Ribeiro (Plano Piloto) / DF,Engenharia de Redes de Comunicação (Bacharelado),Diurno,EP_R2_PPIQ,EP_R2_PPIQ,True,R2,PPIQ,False,1.0,-54.018,-24.926
2018-2020,1,2020,Gama / DF,Engenharias (FGA),Diurno,AC,AC,False,,,False,,-101.981,133.817
2019-2021,2,2021,Gama (FGA),Engenharias (FGA),Diurno,AC,AC,False,,,False,,50.195,
2020-2022,3,2022,Gama / DF,Engenharias (FGA),Diurno,AC,AC,False,,,False,,50.773,178.331
2021-2023,4,2023,Gama / DF,Engenharias (FGA),Diurno,AC,AC,False,,,False,,70.386,144.063
2022-2024,5,2024,Gama / DF,Engenharias (FGA),Diurno,AC,AC,False,,,False,,24.317,50.424
2023-2025,6,2025,Gama / DF,Engenharias (FGA),Diurno,AC,AC,False,,,False,,61.705,145.39
2018-2020,1,2020,Gama / DF,Engenharias (FGA),Diurno,CN,CN,False,,NEGROS,False,,-57.125,76.031
2019-2021,2,2021,Gama (FGA),Engenharias (FGA),Diurno,CN,CN,False,,NEGROS,False,,3.555,62.949
2020-2022,3,2022,Gama / DF,Engenharias (FGA),Diurno,CN,CN,False,,NEGROS,False,,24.066,129.802
2021-2023,4,2023,Gama / DF,Engenharias (FGA),Diurno,CN,CN,False,,NEGROS,False,,33.37,77.805
2022-2024,5,2024,Gama / DF,Engenharias (FGA),Diurno,CN,CN,False,,NEGROS,False,,-7.303,15.846
2023-2025,6,2025,Gama / DF,Engenharias (FGA),Diurno,CN,CN,False,,NEGROS,False,,17.209,55.531
2018-2020,1,2020,Gama / DF,Engenharias (FGA),Diurno,EP_R1_NPPI,EP_R1_NPPI,True,R1,NPPI,False,1.5,-46.52,4.292
2019-2021,2,2021,Gama (FGA),Engenharias (FGA),Diurno,EP_R1_NPPI,EP_R1_NPPI,True,R1,NPPI,False,1.5,-53.711,45.621
2020-2022,3,2022,Gama / DF,Engenharias (FGA),Diurno,EP_R1_NPPI,EP_R1_NPPI,True,R1,NPPI,False,1.5,-35.606,44.82
2021-2023,4,2023,Gama / DF,Engenharias (FGA),Diurno,EP_R1_NPPI,EP_R1_NPPI,True,R1,NPPI,False,1.5,-36.993,53.835
2023-2025,6,2025,Gama / DF,Engenharias (FGA),Diurno,EP_R1_NPPIQ,EP_R1_NPPIQ,True,R1,NPPIQ,False,1.0,-52.564,-11.45
2018-2020,1,2020,Gama / DF,Engenharias (FGA),Diurno,EP_R1_PPI,EP_R1_PPI,True,R1,PPI,False,1.5,-56.987,-0.878
2019-2021,2,2021,Gama (FGA),Engenharias (FGA),Diurno,EP_R1_PPI,EP_R1_PPI,True,R1,PPI,False,1.5,-67.127,17.176
2020-2022,3,2022,Gama / DF,Engenharias (FGA),Diurno,EP_R1_PPI,EP_R1_PPI,True,R1,PPI,False,1.5,-53.959,47.686
2021-2023,4,2023,Gama / DF,Engenharias (FGA),Diurno,EP_R1_PPI,EP_R1_PPI,True,R1,PPI,False,1.5,-48.142,32.607
2018-2020,1,2020,Gama / DF,Engenharias (FGA),Diurno,EP_R2_NPPI,EP_R2_NPPI,True,R2,NPPI,False,1.5,-100.534,41.234
2019-2021,2,2021,Gama (FGA),Engenharias (FGA),Diurno,EP_R2_NPPI,EP_R2_NPPI,True,R2,NPPI,False,1.5,12.504,93.644
2020-2022,3,2022,Gama / DF,Engenharias (FGA),Diurno,EP_R2_NPPI,EP_R2_NPPI,True,R2,NPPI,False,1.5,11.743,81.398
2021-2023,4,2023,Gama / DF,Engenharias (FGA),Diurno,EP_R2_NPPI,EP_R2_NPPI,True,R2,NPPI,False,1.5,13.073,93.718
2022-2024,5,2024,Gama / DF,Engenharias (FGA),Diurno,EP_R2_NPPI,EP_R2_NPPI,True,R2,NPPI,False,1.5,-90.269,-6.587
2023-2025,6,2025,Gama / DF,Engenharias (FGA),Diurno,EP_R2_NPPIQ,EP_R2_NPPIQ,True,R2,NPPIQ,False,1.0,-8.202,60.62
2023-2025,6,2025,Gama / DF,Engenharias (FGA),Diurno,EP_R2_NPPIQ_PCD,EP_R2_NPPIQ_PCD,True,R2,NPPIQ,True,1.0,-2.52,19.278
2018-2020,1,2020,Gama / DF,Engenharias (FGA),Diurno,EP_R2_PPI,EP_R2_PPI,True,R2,PPI,False,1.5,-80.254,1.161
2019-2021,2,2021,Gama (FGA),Engenharias (FGA),Diurno,EP_R2_PPI,EP_R2_PPI,True,R2,PPI,False,1.5,-54.926,44.722
2020-2022,3,2022,Gama / DF,Engenharias (FGA),Diurno,EP_R2_PPI,EP_R2_PPI,True,R2,PPI,False,1.5,-64.219,70.524
2021-2023,4,2023,Gama / DF,Engenharias (FGA),Diurno,EP_R2_PPI,EP_R2_PPI,True,R2,PPI,False,1.5,-44.055,107.386
2023-2025,6,2025,Gama / DF,Engenharias (FGA),Diurno,EP_R2_PPIQ,EP_R2_PPIQ,True,R2,PPIQ,False,1.0,-63.197,17.991
2018-2020,1,2020,Darcy Ribeiro (Plano Piloto) / DF,Estatística (Bacharelado),Diurno,AC,AC,False,,,False,,-72.065,57.878
2019-2021,2,2021,Darcy Ribeiro,Estatística (Bacharelado),Diurno,AC,AC,False,,,False,,34.508,
2020-2022,3,2022,Darcy Ribeiro (Plano Piloto) / DF,Estatística (Bacharelado),Diurno,AC,AC,False,,,False,,10.445,122.669
2021-2023,4,2023,Darcy Ribeiro (Plano Piloto) / DF,Estatística (Bacharelado),Diurno,AC,AC,False,,,False,,30.096,136.549
2022-2024,5,2024,Darcy Ribeiro (Plano Piloto) / DF,Estatística (Bacharelado),Diurno,AC,AC,False,,,False,,-86.083,-0.406
2023-2025,6,2025,Darcy Ribeiro (Plano Piloto) / DF,Estatística (Bacharelado),Diurno,AC,AC,False,,,False,,14.483,111.408
2018-2020,1,2020,Darcy Ribeiro (Plano Piloto) / DF,Estatística (Bacharelado),Diurno,CN,CN,False,,NEGROS,False,,-42.667,-5.916
2019-2021,2,2021,Darcy Ribeiro,Estatística (Bacharelado),Diurno,CN,CN,False,,NEGROS,False,,-38.073,-38.073
2021-2023,4,2023,Darcy Ribeiro (Plano Piloto) / DF,Estatística (Bacharelado),Diurno,CN,CN,False,,NEGROS,False,,-44.549,-44.549
2023-2025,6,2025,Darcy Ribeiro (Plano Piloto) / DF,Estatística (Bacharelado),Diurno,CN,CN,False,,NEGROS,False,,8.239,8.239
2020-2022,3,2022,Darcy Ribeiro (Plano Piloto) / DF,Estatística (Bacharelado),Diurno,EP_R1_NPPI,EP_R1_NPPI,True,R1,NPPI,False,1.5,-32.737,-32.737
2019-2021,2,2021,Darcy Ribeiro,Estatística (Bacharelado),Diurno,EP_R1_PPI,EP_R1_PPI,True,R1,PPI,False,1.5,-20.062,-12.041
2018-2020,1,2020,Darcy Ribeiro (Plano Piloto) / DF,Estatística (Bacharelado),Diurno,EP_R2_NPPI,EP_R2_NPPI,True,R2,NPPI,False,1.5,-0.124,-0.124
2019-2021,2,2021,Darcy Ribeiro,Estatística (Bacharelado),Diurno,EP_R2_NPPI,EP_R2_NPPI,True,R2,NPPI,False,1.5,-19.116,-19.116
2020-2022,3,2022,Darcy Ribeiro (Plano Piloto) / DF,Estatística (Bacharelado),Diurno,EP_R2_NPPI,EP_R2_NPPI,True,R2,NPPI,False,1.5,-49.618,5.697
2021-2023,4,2023,Darcy Ribeiro (Plano Piloto) / DF,Estatística (Bacharelado),Diurno,EP_R2_NPPI,EP_R2_NPPI,True,R2,NPPI,False,1.5,-34.548,-13.142
2023-2025,6,2025,Darcy Ribeiro (Plano Piloto) / DF,Estatística (Bacharelado),Diurno,EP_R2_NPPIQ,EP_R2_NPPIQ,True,R2,NPPIQ,False,1.0,-27.068,22.541
2018-2020,1,2020,Darcy Ribeiro (Plano Piloto) / DF,Estatística (Bacharelado),Diurno,EP_R2_PPI,EP_R2_PPI,True,R2,PPI,False,1.5,0.031,0.031
2019-2021,2,2021,Darcy Ribeiro,Estatística (Bacharelado),Diurno,EP_R2_PPI,EP_R2_PPI,True,R2,PPI,False,1.5,-39.185,-39.185
2023-2025,6,2025,Darcy Ribeiro (Plano Piloto) / DF,Estatística (Bacharelado),Diurno,EP_R2_PPIQ,EP_R2_PPIQ,True,R2,PPIQ,False,1.0,-34.447,-34.447
2018-2020,1,2020,Ceilândia / DF,Farmácia (Bacharelado),Diurno,AC,AC,False,,,False,,-85.275,81.955
2018-2020,1,2020,Darcy Ribeiro (Plano Piloto) / DF,Farmácia (Bacharelado),Noturno,AC,AC,False,,,False,,-81.89,25.212
2018-2020,1,2020,Darcy Ribeiro (Plano Piloto) / DF,Farmácia (Bacharelado),Diurno,AC,AC,False,,,False,,13.016,75.783
2019-2021,2,2021,Ceilândi a (FCE),Farmácia (Bacharelado),Diurno,AC,AC,False,,,False,,-1.212,74.556
2019-2021,2,2021,Darcy Ribeiro,Farmácia (Bacharelado),Diurno,AC,AC,False,,,False,,60.297,
2019-2021,2,2021,Darcy Ribeiro,Farmácia (Bacharelado),Noturno,AC,AC,False,,,False,,-1.557,29.537
2020-2022,3,2022,Ceilândia / DF,Farmácia (Bacharelado),Diurno,AC,AC,False,,,False,,17.577,66.477
2020-2022,3,2022,Darcy Ribeiro (Plano Piloto) / DF,Farmácia (Bacharelado),Diurno,AC,AC,False,,,False,,57.242,101.253
2020-2022,3,2022,Darcy Ribeiro (Plano Piloto) / DF,Farmácia (Bacharelado),Noturno,AC,AC,False,,,False,,1.833,15.434
2021-2023,4,2023,Ceilândia / DF,Farmácia (Bacharelado),Diurno,AC,AC,False,,,False,,11.818,63.743
2021-2023,4,2023,Darcy Ribeiro (Plano Piloto) / DF,Farmácia (Bacharelado),Diurno,AC,AC,False,,,False,,76.858,148.69
2021-2023,4,2023,Darcy Ribeiro (Plano Piloto) / DF,Farmácia (Bacharelado),Noturno,AC,AC,False,,,False,,19.242,88.621
2022-2024,5,2024,Ceilândia / DF,Farmácia (Bacharelado),Diurno,AC,AC,False,,,False,,0.278,14.814
2022-2024,5,2024,Darcy Ribeiro (Plano Piloto) / DF,Farmácia (Bacharelado),Diurno,AC,AC,False,,,False,,27.53,42.869
2022-2024,5,2024,Darcy Ribeiro (Plano Piloto) / DF,Farmácia (Bacharelado),Noturno,AC,AC,False,,,False,,-73.721,-9.583
2023-2025,6,2025,Ceilândia / DF,Farmácia (Bacharelado),Diurno,AC,AC,False,,,False,,31.936,92.243
2023-2025,6,2025,Darcy Ribeiro (Plano Piloto) / DF,Farmácia (Bacharelado),Diurno,AC,AC,False,,,False,,51.18,93.959
2023-2025,6,2025,Darcy Ribeiro (Plano Piloto) / DF,Farmácia (Bacharelado),Noturno,AC,AC,False,,,False,,18.047,45.641
2018-2020,1,2020,Ceilândia / DF,Farmácia (Bacharelado),Diurno,CN,CN,False,,NEGROS,False,,-26.27,-25.843
2018-2020,1,2020,Darcy Ribeiro (Plano Piloto) / DF,Farmácia (Bacharelado),Diurno,CN,CN,False,,NEGROS,False,,0.785,25.807
2019-2021,2,2021,Ceilândi a (FCE),Farmácia (Bacharelado),Diurno,CN,CN,False,,NEGROS,False,,3.739,3.739
2019-2021,2,2021,Darcy Ribeiro,Farmácia (Bacharelado),Diurno,CN,CN,False,,NEGROS,False,,51.589,51.589
2019-2021,2,2021,Darcy Ribeiro,Farmácia (Bacharelado),Noturno,CN,CN,False,,NEGROS,False,,39.999,39.999
2020-2022,3,2022,Ceilândia / DF,Farmácia (Bacharelado),Diurno,CN,CN,False,,NEGROS,False,,37.12,37.12
2020-2022,3,2022,Darcy Ribeiro (Plano Piloto) / DF,Farmácia (Bacharelado),Diurno,CN,CN,False,,NEGROS,False,,-29.349,-29.349
2020-2022,3,2022,Darcy Ribeiro (Plano Piloto) / DF,Farmácia (Bacharelado),Noturno,CN,CN,False,,NEGROS,False,,27.978,27.978
2021-2023,4,2023,Ceilândia / DF,Farmácia (Bacharelado),Diurno,CN,CN,False,,NEGROS,False,,11.437,11.437
2021-2023,4,2023,Darcy Ribeiro (Plano Piloto) / DF,Farmácia (Bacharelado),Diurno,CN,CN,False,,NEGROS,False,,15.549,15.549
2021-2023,4,2023,Darcy Ribeiro (Plano Piloto) / DF,Farmácia (Bacharelado),Noturno,CN,CN,False,,NEGROS,False,,25.623,25.623
2022-2024,5,2024,Ceilândia / DF,Farmácia (Bacharelado),Diurno,CN,CN,False,,NEGROS,False,,-53.795,-53.795
2023-2025,6,2025,Ceilândia / DF,Farmácia (Bacharelado),Diurno,CN,CN,False,,NEGROS,False,,15.618,15.618
2023-2025,6,2025,Darcy Ribeiro (Plano Piloto) / DF,Farmácia (Bacharelado),Diurno,CN,CN,False,,NEGROS,False,,15.902,15.902
2018-2020,1,2020,Ceilândia / DF,Farmácia (Bacharelado),Diurno,EP_R1_NPPI,EP_R1_NPPI,True,R1,NPPI,False,1.5,-60.347,21.528
2018-2020,1,2020,Darcy Ribeiro (Plano Piloto) / DF,Farmácia (Bacharelado),Diurno,EP_R1_NPPI,EP_R1_NPPI,True,R1,NPPI,False,1.5,-11.157,1.525
2019-2021,2,2021,Ceilândi a (FCE),Farmácia (Bacharelado),Diurno,EP_R1_NPPI,EP_R1_NPPI,True,R1,NPPI,False,1.5,-47.03,60.896
2019-2021,2,2021,Darcy Ribeiro,Farmácia (Bacharelado),Diurno,EP_R1_NPPI,EP_R1_NPPI,True,R1,NPPI,False,1.5,15.342,15.796
2019-2021,2,2021,Darcy Ribeiro,Farmácia (Bacharelado),Noturno,EP_R1_NPPI,EP_R1_NPPI,True,R1,NPPI,False,1.5,-10.711,-10.711
2020-2022,3,2022,Ceilândia / DF,Farmácia (Bacharelado),Diurno,EP_R1_NPPI,EP_R1_NPPI,True,R1,NPPI,False,1.5,-18.323,13.031
2020-2022,3,2022,Darcy Ribeiro (Plano Piloto) / DF,Farmácia (Bacharelado),Diurno,EP_R1_NPPI,EP_R1_NPPI,True,R1,NPPI,False,1.5,-14.318,-8.04
2020-2022,3,2022,Darcy Ribeiro (Plano Piloto) / DF,Farmácia (Bacharelado),Noturno,EP_R1_NPPI,EP_R1_NPPI,True,R1,NPPI,False,1.5,-23.033,12.84
2021-2023,4,2023,Ceilândia / DF,Farmácia (Bacharelado),Diurno,EP_R1_NPPI,EP_R1_NPPI,True,R1,NPPI,False,1.5,-55.33,-35.599
2021-2023,4,2023,Darcy Ribeiro (Plano Piloto) / DF,Farmácia (Bacharelado),Diurno,EP_R1_NPPI,EP_R1_NPPI,True,R1,NPPI,False,1.5,-19.548,56.659
2021-2023,4,2023,Darcy Ribeiro (Plano Piloto) / DF,Farmácia (Bacharelado),Noturno,EP_R1_NPPI,EP_R1_NPPI,True,R1,NPPI,False,1.5,-14.031,2.801
2022-2024,5,2024,Ceilândia / DF,Farmácia (Bacharelado),Diurno,EP_R1_NPPI,EP_R1_NPPI,True,R1,NPPI,False,1.5,-52.228,-42.092
2023-2025,6,2025,Ceilândia / DF,Farmácia (Bacharelado),Diurno,EP_R1_NPPIQ,EP_R1_NPPIQ,True,R1,NPPIQ,False,1.0,-33.173,14.394
2023-2025,6,2025,Darcy Ribeiro (Plano Piloto) / DF,Farmácia (Bacharelado),Diurno,EP_R1_NPPIQ,EP_R1_NPPIQ,True,R1,NPPIQ,False,1.0,-45.41,3.367
2023-2025,6,2025,Darcy Ribeiro (Plano Piloto) / DF,Farmácia (Bacharelado),Noturno,EP_R1_NPPIQ,EP_R1_NPPIQ,True,R1,NPPIQ,False,1.0,-32.371,-7.88
2018-2020,1,2020,Ceilândia / DF,Farmácia (Bacharelado),Diurno,EP_R1_PPI,EP_R1_PPI,True,R1,PPI,False,1.5,-39.519,-39.519
2018-2020,1,2020,Darcy Ribeiro (Plano Piloto) / DF,Farmácia (Bacharelado),Noturno,EP_R1_PPI,EP_R1_PPI,True,R1,PPI,False,1.5,-93.87,-50.055
2018-2020,1,2020,Darcy Ribeiro (Plano Piloto) / DF,Farmácia (Bacharelado),Diurno,EP_R1_PPI,EP_R1_PPI,True,R1,PPI,False,1.5,-56.072,-55.265
2019-2021,2,2021,Ceilândi a (FCE),Farmácia (Bacharelado),Diurno,EP_R1_PPI,EP_R1_PPI,True,R1,PPI,False,1.5,2.818,2.818
2019-2021,2,2021,Darcy Ribeiro,Farmácia (Bacharelado),Diurno,EP_R1_PPI,EP_R1_PPI,True,R1,PPI,False,1.5,-5.174,25.813
2019-2021,2,2021,Darcy Ribeiro,Farmácia (Bacharelado),Noturno,EP_R1_PPI,EP_R1_PPI,True,R1,PPI,False,1.5,-35.372,-22.447
2020-2022,3,2022,Ceilândia / DF,Farmácia (Bacharelado),Diurno,EP_R1_PPI,EP_R1_PPI,True,R1,PPI,False,1.5,-28.606,10.433
2020-2022,3,2022,Darcy Ribeiro (Plano Piloto) / DF,Farmácia (Bacharelado),Diurno,EP_R1_PPI,EP_R1_PPI,True,R1,PPI,False,1.5,-4.013,-0.12
2020-2022,3,2022,Darcy Ribeiro (Plano Piloto) / DF,Farmácia (Bacharelado),Noturno,EP_R1_PPI,EP_R1_PPI,True,R1,PPI,False,1.5,-12.46,40.572
2021-2023,4,2023,Ceilândia / DF,Farmácia (Bacharelado),Diurno,EP_R1_PPI,EP_R1_PPI,True,R1,PPI,False,1.5,-42.825,-3.477
2021-2023,4,2023,Darcy Ribeiro (Plano Piloto) / DF,Farmácia (Bacharelado),Diurno,EP_R1_PPI,EP_R1_PPI,True,R1,PPI,False,1.5,-30.833,-30.833
2021-2023,4,2023,Darcy Ribeiro (Plano Piloto) / DF,Farmácia (Bacharelado),Noturno,EP_R1_PPI,EP_R1_PPI,True,R1,PPI,False,1.5,-4.337,-4.337
2018-2020,1,2020,Ceilândia / DF,Farmácia (Bacharelado),Diurno,EP_R2_NPPI,EP_R2_NPPI,True,R2,NPPI,False,1.5,-76.441,-2.832
2018-2020,1,2020,Darcy Ribeiro (Plano Piloto) / DF,Farmácia (Bacharelado),Noturno,EP_R2_NPPI,EP_R2_NPPI,True,R2,NPPI,False,1.5,-84.214,-84.214
2018-2020,1,2020,Darcy Ribeiro (Plano Piloto) / DF,Farmácia (Bacharelado),Diurno,EP_R2_NPPI,EP_R2_NPPI,True,R2,NPPI,False,1.5,-9.63,67.493
2019-2021,2,2021,Ceilândi a (FCE),Farmácia (Bacharelado),Diurno,EP_R2_NPPI,EP_R2_NPPI,True,R2,NPPI,False,1.5,22.311,28.161
2019-2021,2,2021,Darcy Ribeiro,Farmácia (Bacharelado),Diurno,EP_R2_NPPI,EP_R2_NPPI,True,R2,NPPI,False,1.5,18.037,52.683
2019-2021,2,2021,Darcy Ribeiro,Farmácia (Bacharelado),Noturno,EP_R2_NPPI,EP_R2_NPPI,True,R2,NPPI,False,1.5,1.051,1.051
2020-2022,3,2022,Ceilândia / DF,Farmácia (Bacharelado),Diurno,EP_R2_NPPI,EP_R2_NPPI,True,R2,NPPI,False,1.5,-6.499,38.946
2020-2022,3,2022,Darcy Ribeiro (Plano Piloto) / DF,Farmácia (Bacharelado),Diurno,EP_R2_NPPI,EP_R2_NPPI,True,R2,NPPI,False,1.5,72.441,79.533
2020-2022,3,2022,Darcy Ribeiro (Plano Piloto) / DF,Farmácia (Bacharelado),Noturno,EP_R2_NPPI,EP_R2_NPPI,True,R2,NPPI,False,1.5,13.926,13.926
2021-2023,4,2023,Ceilândia / DF,Farmácia (Bacharelado),Diurno,EP_R2_NPPI,EP_R2_NPPI,True,R2,NPPI,False,1.5,-1.811,86.786
2021-2023,4,2023,Darcy Ribeiro (Plano Piloto) / DF,Farmácia (Bacharelado),Diurno,EP_R2_NPPI,EP_R2_NPPI,True,R2,NPPI,False,1.5,36.288,66.401
2021-2023,4,2023,Darcy Ribeiro (Plano Piloto) / DF,Farmácia (Bacharelado),Noturno,EP_R2_NPPI,EP_R2_NPPI,True,R2,NPPI,False,1.5,-37.354,5.191
2022-2024,5,2024,Ceilândia / DF,Farmácia (Bacharelado),Diurno,EP_R2_NPPI,EP_R2_NPPI,True,R2,NPPI,False,1.5,-86.268,-18.416
2022-2024,5,2024,Darcy Ribeiro (Plano Piloto) / DF,Farmácia (Bacharelado),Diurno,EP_R2_NPPI,EP_R2_NPPI,True,R2,NPPI,False,1.5,-18.151,16.198
2023-2025,6,2025,Ceilândia / DF,Farmácia (Bacharelado),Diurno,EP_R2_NPPIQ,EP_R2_NPPIQ,True,R2,NPPIQ,False,1.0,14.796,18.796
2023-2025,6,2025,Darcy Ribeiro (Plano Piloto) / DF,Farmácia (Bacharelado),Diurno,EP_R2_NPPIQ,EP_R2_NPPIQ,True,R2,NPPIQ,False,1.0,50.704,50.704
2023-2025,6,2025,Darcy Ribeiro (Plano Piloto) / DF,Farmácia (Bacharelado),Noturno,EP_R2_NPPIQ,EP_R2_NPPIQ,True,R2,NPPIQ,False,1.0,-10.117,7.338
2023-2025,6,2025,Darcy Ribeiro (Plano Piloto) / DF,Farmácia (Bacharelado),Diurno,EP_R2_NPPIQ_PCD,EP_R2_NPPIQ_PCD,True,R2,NPPIQ,True,1.0,0.119,0.119
2018-2020,1,2020,Ceilândia / DF,Farmácia (Bacharelado),Diurno,EP_R2_PPI,EP_R2_PPI,True,R2,PPI,False,1.5,-83.874,19.707
2018-2020,1,2020,Darcy Ribeiro (Plano Piloto) / DF,Farmácia (Bacharelado),Noturno,EP_R2_PPI,EP_R2_PPI,True,R2,PPI,False,1.5,-77.467,14.729
2018-2020,1,2020,Darcy Ribeiro (Plano Piloto) / DF,Farmácia (Bacharelado),Diurno,EP_R2_PPI,EP_R2_PPI,True,R2,PPI,False,1.5,-41.496,19.612
2019-2021,2,2021,Ceilândi a (FCE),Farmácia (Bacharelado),Diurno,EP_R2_PPI,EP_R2_PPI,True,R2,PPI,False,1.5,-17.25,63.724
2019-2021,2,2021,Darcy Ribeiro,Farmácia (Bacharelado),Diurno,EP_R2_PPI,EP_R2_PPI,True,R2,PPI,False,1.5,-34.082,-15.667
2019-2021,2,2021,Darcy Ribeiro,Farmácia (Bacharelado),Noturno,EP_R2_PPI,EP_R2_PPI,True,R2,PPI,False,1.5,-73.518,-0.575
2020-2022,3,2022,Ceilândia / DF,Farmácia (Bacharelado),Diurno,EP_R2_PPI,EP_R2_PPI,True,R2,PPI,False,1.5,-50.438,-14.608
2020-2022,3,2022,Darcy Ribeiro (Plano Piloto) / DF,Farmácia (Bacharelado),Diurno,EP_R2_PPI,EP_R2_PPI,True,R2,PPI,False,1.5,-18.29,26.718
2020-2022,3,2022,Darcy Ribeiro (Plano Piloto) / DF,Farmácia (Bacharelado),Noturno,EP_R2_PPI,EP_R2_PPI,True,R2,PPI,False,1.5,-48.92,-1.44
2021-2023,4,2023,Ceilândia / DF,Farmácia (Bacharelado),Diurno,EP_R2_PPI,EP_R2_PPI,True,R2,PPI,False,1.5,-59.032,1.504
2021-2023,4,2023,Darcy Ribeiro (Plano Piloto) / DF,Farmácia (Bacharelado),Diurno,EP_R2_PPI,EP_R2_PPI,True,R2,PPI,False,1.5,-63.95,27.148
2023-2025,6,2025,Ceilândia / DF,Farmácia (Bacharelado),Diurno,EP_R2_PPIQ,EP_R2_PPIQ,True,R2,PPIQ,False,1.0,-83.68,-4.707
2023-2025,6,2025,Darcy Ribeiro (Plano Piloto) / DF,Farmácia (Bacharelado),Diurno,EP_R2_PPIQ,EP_R2_PPIQ,True,R2,PPIQ,False,1.0,-19.971,38.952
2023-2025,6,2025,Darcy Ribeiro (Plano Piloto) / DF,Farmácia (Bacharelado),Noturno,EP_R2_PPIQ,EP_R2_PPIQ,True,R2,PPIQ,False,1.0,-46.669,-21.564
2018-2020,1,2020,Darcy Ribeiro (Plano Piloto) / DF,Filosofia (Bacharelado/Licenciatura),Diurno,AC,AC,False,,,False,,-72.833,65.201
2019-2021,2,2021,Darcy Ribeiro,Filosofia (Bacharelado/Licenciatura),Diurno,AC,AC,False,,,False,,-69.896,33.582
2020-2022,3,2022,Darcy Ribeiro (Plano Piloto) / DF,Filosofia (Bacharelado/Licenciatura),Diurno,AC,AC,False,,,False,,-65.778,92.933
2021-2023,4,2023,Darcy Ribeiro (Plano Piloto) / DF,Filosofia (Bacharelado/Licenciatura),Diurno,AC,AC,False,,,False,,-30.256,34.653
2023-2025,6,2025,Darcy Ribeiro (Plano Piloto) / DF,Filosofia (Bacharelado/Licenciatura),Diurno,AC,AC,False,,,False,,-100.426,-3.548
2018-2020,1,2020,Darcy Ribeiro (Plano Piloto) / DF,Filosofia (Bacharelado/Licenciatura),Diurno,CN,CN,False,,NEGROS,False,,7.704,29.933
2021-2023,4,2023,Darcy Ribeiro (Plano Piloto) / DF,Filosofia (Bacharelado/Licenciatura),Diurno,CN,CN,False,,NEGROS,False,,-23.598,-23.598
2018-2020,1,2020,Darcy Ribeiro (Plano Piloto) / DF,Filosofia (Bacharelado/Licenciatura),Diurno,EP_R1_NPPI,EP_R1_NPPI,True,R1,NPPI,False,1.5,-16.795,-16.795
2019-2021,2,2021,Darcy Ribeiro,Filosofia (Bacharelado/Licenciatura),Diurno,EP_R1_NPPI,EP_R1_NPPI,True,R1,NPPI,False,1.5,-68.136,-68.136
2021-2023,4,2023,Darcy Ribeiro (Plano Piloto) / DF,Filosofia (Bacharelado/Licenciatura),Diurno,EP_R1_NPPI,EP_R1_NPPI,True,R1,NPPI,False,1.5,-17.946,-17.946
2020-2022,3,2022,Darcy Ribeiro (Plano Piloto) / DF,Filosofia (Bacharelado/Licenciatura),Diurno,EP_R1_PPI,EP_R1_PPI,True,R1,PPI,False,1.5,-55.356,-55.356
2021-2023,4,2023,Darcy Ribeiro (Plano Piloto) / DF,Filosofia (Bacharelado/Licenciatura),Diurno,EP_R1_PPI,EP_R1_PPI,True,R1,PPI,False,1.5,-37.555,-37.555
2019-2021,2,2021,Darcy Ribeiro,Filosofia (Bacharelado/Licenciatura),Diurno,EP_R2_NPPI,EP_R2_NPPI,True,R2,NPPI,False,1.5,45.216,45.216
2020-2022,3,2022,Darcy Ribeiro (Plano Piloto) / DF,Filosofia (Bacharelado/Licenciatura),Diurno,EP_R2_NPPI,EP_R2_NPPI,True,R2,NPPI,False,1.5,-36.86,29.673
2021-2023,4,2023,Darcy Ribeiro (Plano Piloto) / DF,Filosofia (Bacharelado/Licenciatura),Diurno,EP_R2_NPPI,EP_R2_NPPI,True,R2,NPPI,False,1.5,-68.186,-15.966
2018-2020,1,2020,Darcy Ribeiro (Plano Piloto) / DF,Filosofia (Bacharelado/Licenciatura),Diurno,EP_R2_PPI,EP_R2_PPI,True,R2,PPI,False,1.5,-8.586,-8.586
2019-2021,2,2021,Darcy Ribeiro,Filosofia (Bacharelado/Licenciatura),Diurno,EP_R2_PPI,EP_R2_PPI,True,R2,PPI,False,1.5,-86.322,1.642
2020-2022,3,2022,Darcy Ribeiro (Plano Piloto) / DF,Filosofia (Bacharelado/Licenciatura),Diurno,EP_R2_PPI,EP_R2_PPI,True,R2,PPI,False,1.5,-24.861,-18.079
2021-2023,4,2023,Darcy Ribeiro (Plano Piloto) / DF,Filosofia (Bacharelado/Licenciatura),Diurno,EP_R2_PPI_PCD,EP_R2_PPI_PCD,True,R2,PPI,True,1.5,-48.451,-48.451
2019-2021,2,2021,Darcy Ribeiro,Filosofia (Licenciatura),Noturno,AC,AC,False,,,False,,-52.983,37.478
2020-2022,3,2022,Darcy Ribeiro (Plano Piloto) / DF,Filosofia (Licenciatura),Noturno,AC,AC,False,,,False,,-30.212,2.725
2021-2023,4,2023,Darcy Ribeiro (Plano Piloto) / DF,Filosofia (Licenciatura),Noturno,AC,AC,False,,,False,,-48.29,-48.29
2023-2025,6,2025,Darcy Ribeiro (Plano Piloto) / DF,Filosofia (Licenciatura),Noturno,AC,AC,False,,,False,,-52.159,5.216
2019-2021,2,2021,Darcy Ribeiro,Filosofia (Licenciatura),Noturno,EP_R1_PPI,EP_R1_PPI,True,R1,PPI,False,1.5,-59.768,-59.768
2018-2020,1,2020,Darcy Ribeiro (Plano Piloto) / DF,Filosofia (Licenciatura),Noturno,EP_R2_NPPI,EP_R2_NPPI,True,R2,NPPI,False,1.5,-22.521,-22.521
2019-2021,2,2021,Darcy Ribeiro,Filosofia (Licenciatura),Noturno,EP_R2_PPI,EP_R2_PPI,True,R2,PPI,False,1.5,-63.589,-63.589
2020-2022,3,2022,Darcy Ribeiro (Plano Piloto) / DF,Filosofia (Licenciatura),Noturno,EP_R2_PPI,EP_R2_PPI,True,R2,PPI,False,1.5,-20.759,-20.759
2018-2020,1,2020,Ceilândia / DF,Fisioterapia (Bacharelado),Diurno,AC,AC,False,,,False,,5.582,54.666
2019-2021,2,2021,Ceilândi a (FCE),Fisioterapia (Bacharelado),Diurno,AC,AC,False,,,False,,30.618,
2020-2022,3,2022,Ceilândia / DF,Fisioterapia (Bacharelado),Diurno,AC,AC,False,,,False,,33.173,91.814
2021-2023,4,2023,Ceilândia / DF,Fisioterapia (Bacharelado),Diurno,AC,AC,False,,,False,,31.089,79.217
2022-2024,5,2024,Ceilândia / DF,Fisioterapia (Bacharelado),Diurno,AC,AC,False,,,False,,3.438,16.934
2023-2025,6,2025,Ceilândia / DF,Fisioterapia (Bacharelado),Diurno,AC,AC,False,,,False,,30.23,81.869
2018-2020,1,2020,Ceilândia / DF,Fisioterapia (Bacharelado),Diurno,CN,CN,False,,NEGROS,False,,10.489,34.882
2019-2021,2,2021,Ceilândi a (FCE),Fisioterapia (Bacharelado),Diurno,CN,CN,False,,NEGROS,False,,23.699,23.699
2020-2022,3,2022,Ceilândia / DF,Fisioterapia (Bacharelado),Diurno,CN,CN,False,,NEGROS,False,,3.695,3.695
2021-2023,4,2023,Ceilândia / DF,Fisioterapia (Bacharelado),Diurno,CN,CN,False,,NEGROS,False,,-9.095,-9.095
2022-2024,5,2024,Ceilândia / DF,Fisioterapia (Bacharelado),Diurno,CN,CN,False,,NEGROS,False,,-4.572,-4.572
2023-2025,6,2025,Ceilândia / DF,Fisioterapia (Bacharelado),Diurno,CN,CN,False,,NEGROS,False,,13.637,13.637
2018-2020,1,2020,Ceilândia / DF,Fisioterapia (Bacharelado),Diurno,EP_R1_NPPI,EP_R1_NPPI,True,R1,NPPI,False,1.5,-31.032,13.229
2019-2021,2,2021,Ceilândi a (FCE),Fisioterapia (Bacharelado),Diurno,EP_R1_NPPI,EP_R1_NPPI,True,R1,NPPI,False,1.5,0.515,17.749
2020-2022,3,2022,Ceilândia / DF,Fisioterapia (Bacharelado),Diurno,EP_R1_NPPI,EP_R1_NPPI,True,R1,NPPI,False,1.5,-19.321,61.01
2021-2023,4,2023,Ceilândia / DF,Fisioterapia (Bacharelado),Diurno,EP_R1_NPPI,EP_R1_NPPI,True,R1,NPPI,False,1.5,16.592,40.502
2022-2024,5,2024,Ceilândia / DF,Fisioterapia (Bacharelado),Diurno,EP_R1_NPPI,EP_R1_NPPI,True,R1,NPPI,False,1.5,-65.973,-65.973
2023-2025,6,2025,Ceilândia / DF,Fisioterapia (Bacharelado),Diurno,EP_R1_NPPIQ,EP_R1_NPPIQ,True,R1,NPPIQ,False,1.0,-35.235,-33.078
2018-2020,1,2020,Ceilândia / DF,Fisioterapia (Bacharelado),Diurno,EP_R1_PPI,EP_R1_PPI,True,R1,PPI,False,1.5,-16.495,13.421
2019-2021,2,2021,Ceilândi a (FCE),Fisioterapia (Bacharelado),Diurno,EP_R1_PPI,EP_R1_PPI,True,R1,PPI,False,1.5,-13.417,3.499
2020-2022,3,2022,Ceilândia / DF,Fisioterapia (Bacharelado),Diurno,EP_R1_PPI,EP_R1_PPI,True,R1,PPI,False,1.5,-56.29,16.447
2021-2023,4,2023,Ceilândia / DF,Fisioterapia (Bacharelado),Diurno,EP_R1_PPI,EP_R1_PPI,True,R1,PPI,False,1.5,-29.528,-6.075
2023-2025,6,2025,Ceilândia / DF,Fisioterapia (Bacharelado),Diurno,EP_R1_PPIQ,EP_R1_PPIQ,True,R1,PPIQ,False,1.0,-59.032,-59.032
2018-2020,1,2020,Ceilândia / DF,Fisioterapia (Bacharelado),Diurno,EP_R2_NPPI,EP_R2_NPPI,True,R2,NPPI,False,1.5,-1.995,27.517
2019-2021,2,2021,Ceilândi a (FCE),Fisioterapia (Bacharelado),Diurno,EP_R2_NPPI,EP_R2_NPPI,True,R2,NPPI,False,1.5,10.703,24.247
2020-2022,3,2022,Ceilândia / DF,Fisioterapia (Bacharelado),Diurno,EP_R2_NPPI,EP_R2_NPPI,True,R2,NPPI,False,1.5,43.008,45.269
2021-2023,4,2023,Ceilândia / DF,Fisioterapia (Bacharelado),Diurno,EP_R2_NPPI,EP_R2_NPPI,True,R2,NPPI,False,1.5,11.653,27.267
2022-2024,5,2024,Ceilândia / DF,Fisioterapia (Bacharelado),Diurno,EP_R2_NPPI,EP_R2_NPPI,True,R2,NPPI,False,1.5,-19.889,-0.296
2023-2025,6,2025,Ceilândia / DF,Fisioterapia (Bacharelado),Diurno,EP_R2_NPPIQ,EP_R2_NPPIQ,True,R2,NPPIQ,False,1.0,12.991,24.746
2018-2020,1,2020,Ceilândia / DF,Fisioterapia (Bacharelado),Diurno,EP_R2_PPI,EP_R2_PPI,True,R2,PPI,False,1.5,-26.611,40.374
2019-2021,2,2021,Ceilândi a (FCE),Fisioterapia (Bacharelado),Diurno,EP_R2_PPI,EP_R2_PPI,True,R2,PPI,False,1.5,-7.663,20.714
2020-2022,3,2022,Ceilândia / DF,Fisioterapia (Bacharelado),Diurno,EP_R2_PPI,EP_R2_PPI,True,R2,PPI,False,1.5,-1.257,11.757
2021-2023,4,2023,Ceilândia / DF,Fisioterapia (Bacharelado),Diurno,EP_R2_PPI,EP_R2_PPI,True,R2,PPI,False,1.5,-56.521,-28.036
2022-2024,5,2024,Ceilândia / DF,Fisioterapia (Bacharelado),Diurno,EP_R2_PPI,EP_R2_PPI,True,R2,PPI,False,1.5,-79.757,-46.126
2023-2025,6,2025,Ceilândia / DF,Fisioterapia (Bacharelado),Diurno,EP_R2_PPIQ,EP_R2_PPIQ,True,R2,PPIQ,False,1.0,-59.558,8.862
2018-2020,1,2020,Ceilândia / DF,Fonoaudiologia (Bacharelado),Diurno,AC,AC,False,,,False,,-40.855,57.282
2019-2021,2,2021,Ceilândi a (FCE),Fonoaudiologia (Bacharelado),Diurno,AC,AC,False,,,False,,-14.934,11.358
2020-2022,3,2022,Ceilândia / DF,Fonoaudiologia (Bacharelado),Diurno,AC,AC,False,,,False,,8.094,46.991
2021-2023,4,2023,Ceilândia / DF,Fonoaudiologia (Bacharelado),Diurno,AC,AC,False,,,False,,19.105,64.645
2022-2024,5,2024,Ceilândia / DF,Fonoaudiologia (Bacharelado),Diurno,AC,AC,False,,,False,,-19.871,0.53
2023-2025,6,2025,Ceilândia / DF,Fonoaudiologia (Bacharelado),Diurno,AC,AC,False,,,False,,16.721,40.508
2018-2020,1,2020,Ceilândia / DF,Fonoaudiologia (Bacharelado),Diurno,CN,CN,False,,NEGROS,False,,-28.93,45.132
2019-2021,2,2021,Ceilândi a (FCE),Fonoaudiologia (Bacharelado),Diurno,CN,CN,False,,NEGROS,False,,46.715,46.715
2020-2022,3,2022,Ceilândia / DF,Fonoaudiologia (Bacharelado),Diurno,CN,CN,False,,NEGROS,False,,2.749,2.749
2021-2023,4,2023,Ceilândia / DF,Fonoaudiologia (Bacharelado),Diurno,CN,CN,False,,NEGROS,False,,-21.229,-21.229
2023-2025,6,2025,Ceilândia / DF,Fonoaudiologia (Bacharelado),Diurno,CN,CN,False,,NEGROS,False,,5.402,5.402
2018-2020,1,2020,Ceilândia / DF,Fonoaudiologia (Bacharelado),Diurno,EP_R1_NPPI,EP_R1_NPPI,True,R1,NPPI,False,1.5,-33.514,0.916
2019-2021,2,2021,Ceilândi a (FCE),Fonoaudiologia (Bacharelado),Diurno,EP_R1_NPPI,EP_R1_NPPI,True,R1,NPPI,False,1.5,-8.658,18.255
2020-2022,3,2022,Ceilândia / DF,Fonoaudiologia (Bacharelado),Diurno,EP_R1_NPPI,EP_R1_NPPI,True,R1,NPPI,False,1.5,-37.896,-4.698
2021-2023,4,2023,Ceilândia / DF,Fonoaudiologia (Bacharelado),Diurno,EP_R1_NPPI,EP_R1_NPPI,True,R1,NPPI,False,1.5,-27.261,-17.719
2023-2025,6,2025,Ceilândia / DF,Fonoaudiologia (Bacharelado),Diurno,EP_R1_NPPIQ,EP_R1_NPPIQ,True,R1,NPPIQ,False,1.0,-60.121,-60.121
2018-2020,1,2020,Ceilândia / DF,Fonoaudiologia (Bacharelado),Diurno,EP_R1_PPI,EP_R1_PPI,True,R1,PPI,False,1.5,-5.802,-5.802
2019-2021,2,2021,Ceilândi a (FCE),Fonoaudiologia (Bacharelado),Diurno,EP_R1_PPI,EP_R1_PPI,True,R1,PPI,False,1.5,-11.763,14.629
2020-2022,3,2022,Ceilândia / DF,Fonoaudiologia (Bacharelado),Diurno,EP_R1_PPI,EP_R1_PPI,True,R1,PPI,False,1.5,-37.971,-37.971
2021-2023,4,2023,Ceilândia / DF,Fonoaudiologia (Bacharelado),Diurno,EP_R1_PPI,EP_R1_PPI,True,R1,PPI,False,1.5,-68.611,20.447
2018-2020,1,2020,Ceilândia / DF,Fonoaudiologia (Bacharelado),Diurno,EP_R2_NPPI,EP_R2_NPPI,True,R2,NPPI,False,1.5,-75.822,6.478
2019-2021,2,2021,Ceilândi a (FCE),Fonoaudiologia (Bacharelado),Diurno,EP_R2_NPPI,EP_R2_NPPI,True,R2,NPPI,False,1.5,25.151,25.151
2020-2022,3,2022,Ceilândia / DF,Fonoaudiologia (Bacharelado),Diurno,EP_R2_NPPI,EP_R2_NPPI,True,R2,NPPI,False,1.5,-12.187,-10.565
2021-2023,4,2023,Ceilândia / DF,Fonoaudiologia (Bacharelado),Diurno,EP_R2_NPPI,EP_R2_NPPI,True,R2,NPPI,False,1.5,-38.678,34.443
2022-2024,5,2024,Ceilândia / DF,Fonoaudiologia (Bacharelado),Diurno,EP_R2_NPPI,EP_R2_NPPI,True,R2,NPPI,False,1.5,-66.134,-37.894
2023-2025,6,2025,Ceilândia / DF,Fonoaudiologia (Bacharelado),Diurno,EP_R2_NPPIQ,EP_R2_NPPIQ,True,R2,NPPIQ,False,1.0,-20.384,5.716
2023-2025,6,2025,Ceilândia / DF,Fonoaudiologia (Bacharelado),Diurno,EP_R2_NPPIQ_PCD,EP_R2_NPPIQ_PCD,True,R2,NPPIQ,True,1.0,-43.816,-43.816
2018-2020,1,2020,Ceilândia / DF,Fonoaudiologia (Bacharelado),Diurno,EP_R2_PPI,EP_R2_PPI,True,R2,PPI,False,1.5,-40.393,-16.378
2019-2021,2,2021,Ceilândi a (FCE),Fonoaudiologia (Bacharelado),Diurno,EP_R2_PPI,EP_R2_PPI,True,R2,PPI,False,1.5,-69.725,23.483
2020-2022,3,2022,Ceilândia / DF,Fonoaudiologia (Bacharelado),Diurno,EP_R2_PPI,EP_R2_PPI,True,R2,PPI,False,1.5,-50.578,-6.146
2021-2023,4,2023,Ceilândia / DF,Fonoaudiologia (Bacharelado),Diurno,EP_R2_PPI,EP_R2_PPI,True,R2,PPI,False,1.5,-49.838,-49.838
2023-2025,6,2025,Ceilândia / DF,Fonoaudiologia (Bacharelado),Diurno,EP_R2_PPIQ,EP_R2_PPIQ,True,R2,PPIQ,False,1.0,-48.358,-48.358
2018-2020,1,2020,Darcy Ribeiro (Plano Piloto) / DF,Física (Bacharelado),Diurno,AC,AC,False,,,False,,-49.177,91.641
2019-2021,2,2021,Darcy Ribeiro,Física (Bacharelado),Diurno,AC,AC,False,,,False,,91.722,
2020-2022,3,2022,Darcy Ribeiro (Plano Piloto) / DF,Física (Bacharelado),Diurno,AC,AC,False,,,False,,18.948,130.469
2021-2023,4,2023,Darcy Ribeiro (Plano Piloto) / DF,Física (Bacharelado),Diurno,AC,AC,False,,,False,,-7.206,141.578
2023-2025,6,2025,Darcy Ribeiro (Plano Piloto) / DF,Física (Bacharelado),Diurno,AC,AC,False,,,False,,14.167,97.592
2018-2020,1,2020,Darcy Ribeiro (Plano Piloto) / DF,Física (Bacharelado),Diurno,CN,CN,False,,NEGROS,False,,-10.52,128.902
2020-2022,3,2022,Darcy Ribeiro (Plano Piloto) / DF,Física (Bacharelado),Diurno,CN,CN,False,,NEGROS,False,,60.143,60.143
2021-2023,4,2023,Darcy Ribeiro (Plano Piloto) / DF,Física (Bacharelado),Diurno,CN,CN,False,,NEGROS,False,,37.136,37.136
2019-2021,2,2021,Darcy Ribeiro,Física (Bacharelado),Diurno,EP_R1_NPPI,EP_R1_NPPI,True,R1,NPPI,False,1.5,-59.265,65.812
2020-2022,3,2022,Darcy Ribeiro (Plano Piloto) / DF,Física (Bacharelado),Diurno,EP_R1_NPPI,EP_R1_NPPI,True,R1,NPPI,False,1.5,-20.071,43.762
2021-2023,4,2023,Darcy Ribeiro (Plano Piloto) / DF,Física (Bacharelado),Diurno,EP_R1_NPPI,EP_R1_NPPI,True,R1,NPPI,False,1.5,-15.349,7.367
2018-2020,1,2020,Darcy Ribeiro (Plano Piloto) / DF,Física (Bacharelado),Diurno,EP_R1_PPI,EP_R1_PPI,True,R1,PPI,False,1.5,-74.73,-74.73
2019-2021,2,2021,Darcy Ribeiro,Física (Bacharelado),Diurno,EP_R1_PPI,EP_R1_PPI,True,R1,PPI,False,1.5,39.226,39.226
2020-2022,3,2022,Darcy Ribeiro (Plano Piloto) / DF,Física (Bacharelado),Diurno,EP_R1_PPI,EP_R1_PPI,True,R1,PPI,False,1.5,72.767,72.767
2018-2020,1,2020,Darcy Ribeiro (Plano Piloto) / DF,Física (Bacharelado),Diurno,EP_R2_NPPI,EP_R2_NPPI,True,R2,NPPI,False,1.5,-11.788,-11.788
2019-2021,2,2021,Darcy Ribeiro,Física (Bacharelado),Diurno,EP_R2_NPPI,EP_R2_NPPI,True,R2,NPPI,False,1.5,-4.154,48.857
2020-2022,3,2022,Darcy Ribeiro (Plano Piloto) / DF,Física (Bacharelado),Diurno,EP_R2_NPPI,EP_R2_NPPI,True,R2,NPPI,False,1.5,-72.92,99.501
2021-2023,4,2023,Darcy Ribeiro (Plano Piloto) / DF,Física (Bacharelado),Diurno,EP_R2_NPPI,EP_R2_NPPI,True,R2,NPPI,False,1.5,-57.411,41.027
2023-2025,6,2025,Darcy Ribeiro (Plano Piloto) / DF,Física (Bacharelado),Diurno,EP_R2_NPPIQ,EP_R2_NPPIQ,True,R2,NPPIQ,False,1.0,-29.298,5.538
2018-2020,1,2020,Darcy Ribeiro (Plano Piloto) / DF,Física (Bacharelado),Diurno,EP_R2_PPI,EP_R2_PPI,True,R2,PPI,False,1.5,-45.931,26.603
2019-2021,2,2021,Darcy Ribeiro,Física (Bacharelado),Diurno,EP_R2_PPI,EP_R2_PPI,True,R2,PPI,False,1.5,20.11,20.11
2020-2022,3,2022,Darcy Ribeiro (Plano Piloto) / DF,Física (Bacharelado),Diurno,EP_R2_PPI,EP_R2_PPI,True,R2,PPI,False,1.5,-19.355,-19.355
2023-2025,6,2025,Darcy Ribeiro (Plano Piloto) / DF,Física (Bacharelado),Diurno,EP_R2_PPIQ,EP_R2_PPIQ,True,R2,PPIQ,False,1.0,-15.865,-15.865
2018-2020,1,2020,Darcy Ribeiro (Plano Piloto) / DF,Física (Licenciatura),Noturno,AC,AC,False,,,False,,-14.535,38.883
2019-2021,2,2021,Darcy Ribeiro,Física (Licenciatura),Noturno,AC,AC,False,,,False,,-68.138,94.263
2020-2022,3,2022,Darcy Ribeiro (Plano Piloto) / DF,Física (Licenciatura),Noturno,AC,AC,False,,,False,,-76.547,52.384
2021-2023,4,2023,Darcy Ribeiro (Plano Piloto) / DF,Física (Licenciatura),Noturno,AC,AC,False,,,False,,55.585,149.957
2023-2025,6,2025,Darcy Ribeiro (Plano Piloto) / DF,Física (Licenciatura),Noturno,AC,AC,False,,,False,,-62.273,125.678
2020-2022,3,2022,Darcy Ribeiro (Plano Piloto) / DF,Física (Licenciatura),Noturno,CN,CN,False,,NEGROS,False,,-46.226,-46.226
2020-2022,3,2022,Darcy Ribeiro (Plano Piloto) / DF,Física (Licenciatura),Noturno,EP_R1_NPPI,EP_R1_NPPI,True,R1,NPPI,False,1.5,-59.91,26.842
2019-2021,2,2021,Darcy Ribeiro,Física (Licenciatura),Noturno,EP_R2_NPPI,EP_R2_NPPI,True,R2,NPPI,False,1.5,-30.161,26.655
2018-2020,1,2020,Darcy Ribeiro (Plano Piloto) / DF,Geofísica (Bacharelado),Diurno,AC,AC,False,,,False,,-82.398,-2.424
2019-2021,2,2021,Darcy Ribeiro,Geofísica (Bacharelado),Diurno,AC,AC,False,,,False,,-48.237,8.279
2020-2022,3,2022,Darcy Ribeiro (Plano Piloto) / DF,Geofísica (Bacharelado),Diurno,AC,AC,False,,,False,,-30.09,113.042
2021-2023,4,2023,Darcy Ribeiro (Plano Piloto) / DF,Geofísica (Bacharelado),Diurno,AC,AC,False,,,False,,-47.521,8.759
2023-2025,6,2025,Darcy Ribeiro (Plano Piloto) / DF,Geofísica (Bacharelado),Diurno,AC,AC,False,,,False,,-47.993,45.309
2019-2021,2,2021,Darcy Ribeiro,Geofísica (Bacharelado),Diurno,CN,CN,False,,NEGROS,False,,-6.216,-6.216
2020-2022,3,2022,Darcy Ribeiro (Plano Piloto) / DF,Geofísica (Bacharelado),Diurno,EP_R1_NPPI,EP_R1_NPPI,True,R1,NPPI,False,1.5,-40.118,-40.118
2021-2023,4,2023,Darcy Ribeiro (Plano Piloto) / DF,Geofísica (Bacharelado),Diurno,EP_R1_NPPI,EP_R1_NPPI,True,R1,NPPI,False,1.5,-50.006,-50.006
2020-2022,3,2022,Darcy Ribeiro (Plano Piloto) / DF,Geofísica (Bacharelado),Diurno,EP_R1_PPI,EP_R1_PPI,True,R1,PPI,False,1.5,-16.259,-16.259
2019-2021,2,2021,Darcy Ribeiro,Geofísica (Bacharelado),Diurno,EP_R2_NPPI,EP_R2_NPPI,True,R2,NPPI,False,1.5,-27.06,-27.06
2021-2023,4,2023,Darcy Ribeiro (Plano Piloto) / DF,Geofísica (Bacharelado),Diurno,EP_R2_NPPI,EP_R2_NPPI,True,R2,NPPI,False,1.5,-48.561,-48.561
2018-2020,1,2020,Darcy Ribeiro (Plano Piloto) / DF,Geofísica (Bacharelado),Diurno,EP_R2_PPI,EP_R2_PPI,True,R2,PPI,False,1.5,-20.904,-20.904
2018-2020,1,2020,Darcy Ribeiro (Plano Piloto) / DF,Geografia (Bacharelado/Licenciatura),Diurno,AC,AC,False,,,False,,-52.004,33.9
2019-2021,2,2021,Darcy Ribeiro,Geografia (Bacharelado/Licenciatura),Diurno,AC,AC,False,,,False,,-11.709,44.499
2020-2022,3,2022,Darcy Ribeiro (Plano Piloto) / DF,Geografia (Bacharelado/Licenciatura),Diurno,AC,AC,False,,,False,,-23.824,96.723
2021-2023,4,2023,Darcy Ribeiro (Plano Piloto) / DF,Geografia (Bacharelado/Licenciatura),Diurno,AC,AC,False,,,False,,-25.568,44.373
2023-2025,6,2025,Darcy Ribeiro (Plano Piloto) / DF,Geografia (Bacharelado/Licenciatura),Diurno,AC,AC,False,,,False,,-90.016,129.343
2018-2020,1,2020,Darcy Ribeiro (Plano Piloto) / DF,Geografia (Bacharelado/Licenciatura),Diurno,CN,CN,False,,NEGROS,False,,-51.632,-41.47
2019-2021,2,2021,Darcy Ribeiro,Geografia (Bacharelado/Licenciatura),Diurno,CN,CN,False,,NEGROS,False,,-8.341,-8.341
2018-2020,1,2020,Darcy Ribeiro (Plano Piloto) / DF,Geografia (Bacharelado/Licenciatura),Diurno,EP_R1_NPPI,EP_R1_NPPI,True,R1,NPPI,False,1.5,-45.35,-45.35
2019-2021,2,2021,Darcy Ribeiro,Geografia (Bacharelado/Licenciatura),Diurno,EP_R1_NPPI,EP_R1_NPPI,True,R1,NPPI,False,1.5,13.323,13.323
2020-2022,3,2022,Darcy Ribeiro (Plano Piloto) / DF,Geografia (Bacharelado/Licenciatura),Diurno,EP_R1_NPPI,EP_R1_NPPI,True,R1,NPPI,False,1.5,-35.349,-13.749
2021-2023,4,2023,Darcy Ribeiro (Plano Piloto) / DF,Geografia (Bacharelado/Licenciatura),Diurno,EP_R1_NPPI,EP_R1_NPPI,True,R1,NPPI,False,1.5,7.666,7.666
2019-2021,2,2021,Darcy Ribeiro,Geografia (Bacharelado/Licenciatura),Diurno,EP_R1_PPI,EP_R1_PPI,True,R1,PPI,False,1.5,-24.912,3.902
2021-2023,4,2023,Darcy Ribeiro (Plano Piloto) / DF,Geografia (Bacharelado/Licenciatura),Diurno,EP_R1_PPI,EP_R1_PPI,True,R1,PPI,False,1.5,-53.491,-53.491
2018-2020,1,2020,Darcy Ribeiro (Plano Piloto) / DF,Geografia (Bacharelado/Licenciatura),Diurno,EP_R2_NPPI,EP_R2_NPPI,True,R2,NPPI,False,1.5,-54.684,-14.787
2019-2021,2,2021,Darcy Ribeiro,Geografia (Bacharelado/Licenciatura),Diurno,EP_R2_NPPI,EP_R2_NPPI,True,R2,NPPI,False,1.5,-8.556,19.938
2021-2023,4,2023,Darcy Ribeiro (Plano Piloto) / DF,Geografia (Bacharelado/Licenciatura),Diurno,EP_R2_NPPI,EP_R2_NPPI,True,R2,NPPI,False,1.5,-8.19,18.368
2023-2025,6,2025,Darcy Ribeiro (Plano Piloto) / DF,Geografia (Bacharelado/Licenciatura),Diurno,EP_R2_NPPIQ,EP_R2_NPPIQ,True,R2,NPPIQ,False,1.0,-66.839,-44.521
2019-2021,2,2021,Darcy Ribeiro,Geografia (Bacharelado/Licenciatura),Diurno,EP_R2_PPI,EP_R2_PPI,True,R2,PPI,False,1.5,-28.339,-20.368
2020-2022,3,2022,Darcy Ribeiro (Plano Piloto) / DF,Geografia (Bacharelado/Licenciatura),Diurno,EP_R2_PPI,EP_R2_PPI,True,R2,PPI,False,1.5,-16.626,-16.626
2021-2023,4,2023,Darcy Ribeiro (Plano Piloto) / DF,Geografia (Bacharelado/Licenciatura),Diurno,EP_R2_PPI,EP_R2_PPI,True,R2,PPI,False,1.5,-16.387,7.067
2018-2020,1,2020,Darcy Ribeiro (Plano Piloto) / DF,Geologia (Bacharelado),Diurno,AC,AC,False,,,False,,-96.644,38.599
2019-2021,2,2021,Darcy Ribeiro,Geologia (Bacharelado),Diurno,AC,AC,False,,,False,,-68.729,68.345
2020-2022,3,2022,Darcy Ribeiro (Plano Piloto) / DF,Geologia (Bacharelado),Diurno,AC,AC,False,,,False,,-54.123,77.924
2021-2023,4,2023,Darcy Ribeiro (Plano Piloto) / DF,Geologia (Bacharelado),Diurno,AC,AC,False,,,False,,-56.763,97.846
2023-2025,6,2025,Darcy Ribeiro (Plano Piloto) / DF,Geologia (Bacharelado),Diurno,AC,AC,False,,,False,,-63.489,80.103
2019-2021,2,2021,Darcy Ribeiro,Geologia (Bacharelado),Diurno,CN,CN,False,,NEGROS,False,,-33.967,-33.967
2020-2022,3,2022,Darcy Ribeiro (Plano Piloto) / DF,Geologia (Bacharelado),Diurno,CN,CN,False,,NEGROS,False,,-36.67,-36.67
2019-2021,2,2021,Darcy Ribeiro,Geologia (Bacharelado),Diurno,EP_R1_NPPI,EP_R1_NPPI,True,R1,NPPI,False,1.5,-36.351,-36.351
2019-2021,2,2021,Darcy Ribeiro,Geologia (Bacharelado),Diurno,EP_R1_PPI,EP_R1_PPI,True,R1,PPI,False,1.5,-59.404,-59.404
2020-2022,3,2022,Darcy Ribeiro (Plano Piloto) / DF,Geologia (Bacharelado),Diurno,EP_R1_PPI,EP_R1_PPI,True,R1,PPI,False,1.5,-14.615,-14.615
2021-2023,4,2023,Darcy Ribeiro (Plano Piloto) / DF,Geologia (Bacharelado),Diurno,EP_R1_PPI,EP_R1_PPI,True,R1,PPI,False,1.5,-3.498,-3.498
2018-2020,1,2020,Darcy Ribeiro (Plano Piloto) / DF,Geologia (Bacharelado),Diurno,EP_R2_NPPI,EP_R2_NPPI,True,R2,NPPI,False,1.5,-28.409,-28.409
2019-2021,2,2021,Darcy Ribeiro,Geologia (Bacharelado),Diurno,EP_R2_NPPI,EP_R2_NPPI,True,R2,NPPI,False,1.5,33.859,33.859
2021-2023,4,2023,Darcy Ribeiro (Plano Piloto) / DF,Geologia (Bacharelado),Diurno,EP_R2_NPPI,EP_R2_NPPI,True,R2,NPPI,False,1.5,9.264,9.264
2020-2022,3,2022,Darcy Ribeiro (Plano Piloto) / DF,Geologia (Bacharelado),Diurno,EP_R2_PPI,EP_R2_PPI,True,R2,PPI,False,1.5,-34.358,-10.741
2018-2020,1,2020,Planaltina / DF,Gestão Ambiental (Bacharelado),Noturno,AC,AC,False,,,False,,-62.155,-62.155
2020-2022,3,2022,Planaltina / DF,Gestão Ambiental (Bacharelado),Noturno,AC,AC,False,,,False,,-46.76,31.975
2019-2021,2,2021,Planalti na (FUP),Gestão Ambiental (Bacharelado),Noturno,EP_R2_NPPI,EP_R2_NPPI,True,R2,NPPI,False,1.5,-73.509,39.118
2020-2022,3,2022,Planaltina / DF,Gestão Ambiental (Bacharelado),Noturno,EP_R2_NPPI,EP_R2_NPPI,True,R2,NPPI,False,1.5,-10.728,-10.728
2019-2021,2,2021,Planalti na (FUP),Gestão Ambiental (Bacharelado),Noturno,EP_R2_PPI,EP_R2_PPI,True,R2,PPI,False,1.5,-34.138,-34.138
2018-2020,1,2020,Darcy Ribeiro (Plano Piloto) / DF,Gestão de Agronegócio (Bacharelado),Noturno,AC,AC,False,,,False,,-93.752,-40.181
2019-2021,2,2021,Darcy Ribeiro,Gestão de Agronegócio (Bacharelado),Noturno,AC,AC,False,,,False,,-61.028,11.189
2020-2022,3,2022,Darcy Ribeiro (Plano Piloto) / DF,Gestão de Agronegócio (Bacharelado),Noturno,AC,AC,False,,,False,,-60.214,-19.741
2021-2023,4,2023,Darcy Ribeiro (Plano Piloto) / DF,Gestão de Agronegócio (Bacharelado),Noturno,AC,AC,False,,,False,,-83.888,-27.976
2023-2025,6,2025,Darcy Ribeiro (Plano Piloto) / DF,Gestão de Agronegócio (Bacharelado),Noturno,AC,AC,False,,,False,,-46.176,16.69
2018-2020,1,2020,Darcy Ribeiro (Plano Piloto) / DF,Gestão de Agronegócio (Bacharelado),Noturno,CN,CN,False,,NEGROS,False,,-25.521,-25.521
2021-2023,4,2023,Darcy Ribeiro (Plano Piloto) / DF,Gestão de Agronegócio (Bacharelado),Noturno,CN,CN,False,,NEGROS,False,,-12.02,-12.02
2021-2023,4,2023,Darcy Ribeiro (Plano Piloto) / DF,Gestão de Agronegócio (Bacharelado),Noturno,EP_R1_NPPI,EP_R1_NPPI,True,R1,NPPI,False,1.5,-32.966,-32.966
2019-2021,2,2021,Darcy Ribeiro,Gestão de Agronegócio (Bacharelado),Noturno,EP_R1_PPI,EP_R1_PPI,True,R1,PPI,False,1.5,-57.616,-57.616
2018-2020,1,2020,Darcy Ribeiro (Plano Piloto) / DF,Gestão de Agronegócio (Bacharelado),Noturno,EP_R2_NPPI,EP_R2_NPPI,True,R2,NPPI,False,1.5,-71.314,-1.139
2021-2023,4,2023,Darcy Ribeiro (Plano Piloto) / DF,Gestão de Agronegócio (Bacharelado),Noturno,EP_R2_NPPI,EP_R2_NPPI,True,R2,NPPI,False,1.5,-48.114,-48.114
2019-2021,2,2021,Darcy Ribeiro,Gestão de Agronegócio (Bacharelado),Noturno,EP_R2_PPI,EP_R2_PPI,True,R2,PPI,False,1.5,-44.795,-33.635
2018-2020,1,2020,Darcy Ribeiro (Plano Piloto) / DF,Gestão de Políticas Públicas (Bacharelado),Noturno,AC,AC,False,,,False,,-72.389,73.386
2019-2021,2,2021,Darcy Ribeiro,Gestão de Políticas Públicas (Bacharelado),Noturno,AC,AC,False,,,False,,-51.535,51.644
2020-2022,3,2022,Darcy Ribeiro (Plano Piloto) / DF,Gestão de Políticas Públicas (Bacharelado),Noturno,AC,AC,False,,,False,,-65.744,40.755
2021-2023,4,2023,Darcy Ribeiro (Plano Piloto) / DF,Gestão de Políticas Públicas (Bacharelado),Noturno,AC,AC,False,,,False,,-19.441,89.961
2023-2025,6,2025,Darcy Ribeiro (Plano Piloto) / DF,Gestão de Políticas Públicas (Bacharelado),Noturno,AC,AC,False,,,False,,-2.832,64.854
2018-2020,1,2020,Darcy Ribeiro (Plano Piloto) / DF,Gestão de Políticas Públicas (Bacharelado),Noturno,CN,CN,False,,NEGROS,False,,-20.13,24.96
2019-2021,2,2021,Darcy Ribeiro,Gestão de Políticas Públicas (Bacharelado),Noturno,CN,CN,False,,NEGROS,False,,-66.75,-66.75
2020-2022,3,2022,Darcy Ribeiro (Plano Piloto) / DF,Gestão de Políticas Públicas (Bacharelado),Noturno,CN,CN,False,,NEGROS,False,,-18.676,-18.676
2021-2023,4,2023,Darcy Ribeiro (Plano Piloto) / DF,Gestão de Políticas Públicas (Bacharelado),Noturno,CN,CN,False,,NEGROS,False,,5.313,5.313
2023-2025,6,2025,Darcy Ribeiro (Plano Piloto) / DF,Gestão de Políticas Públicas (Bacharelado),Noturno,CN,CN,False,,NEGROS,False,,-10.584,-10.584
2018-2020,1,2020,Darcy Ribeiro (Plano Piloto) / DF,Gestão de Políticas Públicas (Bacharelado),Noturno,EP_R1_NPPI,EP_R1_NPPI,True,R1,NPPI,False,1.5,-12.548,-12.548
2019-2021,2,2021,Darcy Ribeiro,Gestão de Políticas Públicas (Bacharelado),Noturno,EP_R1_NPPI,EP_R1_NPPI,True,R1,NPPI,False,1.5,-94.961,-94.961
2020-2022,3,2022,Darcy Ribeiro (Plano Piloto) / DF,Gestão de Políticas Públicas (Bacharelado),Noturno,EP_R1_NPPI,EP_R1_NPPI,True,R1,NPPI,False,1.5,-40.811,-40.811
2021-2023,4,2023,Darcy Ribeiro (Plano Piloto) / DF,Gestão de Políticas Públicas (Bacharelado),Noturno,EP_R1_NPPI,EP_R1_NPPI,True,R1,NPPI,False,1.5,-58.902,-41.161
2023-2025,6,2025,Darcy Ribeiro (Plano Piloto) / DF,Gestão de Políticas Públicas (Bacharelado),Noturno,EP_R1_NPPIQ,EP_R1_NPPIQ,True,R1,NPPIQ,False,1.0,-34.132,-29.67
2018-2020,1,2020,Darcy Ribeiro (Plano Piloto) / DF,Gestão de Políticas Públicas (Bacharelado),Noturno,EP_R1_PPI,EP_R1_PPI,True,R1,PPI,False,1.5,-95.963,-57.354
2019-2021,2,2021,Darcy Ribeiro,Gestão de Políticas Públicas (Bacharelado),Noturno,EP_R1_PPI,EP_R1_PPI,True,R1,PPI,False,1.5,-67.263,9.475
2020-2022,3,2022,Darcy Ribeiro (Plano Piloto) / DF,Gestão de Políticas Públicas (Bacharelado),Noturno,EP_R1_PPI,EP_R1_PPI,True,R1,PPI,False,1.5,-45.045,-45.045
2021-2023,4,2023,Darcy Ribeiro (Plano Piloto) / DF,Gestão de Políticas Públicas (Bacharelado),Noturno,EP_R1_PPI,EP_R1_PPI,True,R1,PPI,False,1.5,-41.061,-34.96
2018-2020,1,2020,Darcy Ribeiro (Plano Piloto) / DF,Gestão de Políticas Públicas (Bacharelado),Noturno,EP_R2_NPPI,EP_R2_NPPI,True,R2,NPPI,False,1.5,-43.785,-6.373
2019-2021,2,2021,Darcy Ribeiro,Gestão de Políticas Públicas (Bacharelado),Noturno,EP_R2_NPPI,EP_R2_NPPI,True,R2,NPPI,False,1.5,-81.612,-11.424
2020-2022,3,2022,Darcy Ribeiro (Plano Piloto) / DF,Gestão de Políticas Públicas (Bacharelado),Noturno,EP_R2_NPPI,EP_R2_NPPI,True,R2,NPPI,False,1.5,-26.029,-6.666
2021-2023,4,2023,Darcy Ribeiro (Plano Piloto) / DF,Gestão de Políticas Públicas (Bacharelado),Noturno,EP_R2_NPPI,EP_R2_NPPI,True,R2,NPPI,False,1.5,-64.37,20.875
2023-2025,6,2025,Darcy Ribeiro (Plano Piloto) / DF,Gestão de Políticas Públicas (Bacharelado),Noturno,EP_R2_NPPIQ,EP_R2_NPPIQ,True,R2,NPPIQ,False,1.0,-39.713,-11.757
2018-2020,1,2020,Darcy Ribeiro (Plano Piloto) / DF,Gestão de Políticas Públicas (Bacharelado),Noturno,EP_R2_PPI,EP_R2_PPI,True,R2,PPI,False,1.5,-60.85,-6.58
2019-2021,2,2021,Darcy Ribeiro,Gestão de Políticas Públicas (Bacharelado),Noturno,EP_R2_PPI,EP_R2_PPI,True,R2,PPI,False,1.5,-66.12,-0.681
2021-2023,4,2023,Darcy Ribeiro (Plano Piloto) / DF,Gestão de Políticas Públicas (Bacharelado),Noturno,EP_R2_PPI,EP_R2_PPI,True,R2,PPI,False,1.5,-36.205,-36.205
2023-2025,6,2025,Darcy Ribeiro (Plano Piloto) / DF,Gestão de Políticas Públicas (Bacharelado),Noturno,EP_R2_PPIQ,EP_R2_PPIQ,True,R2,PPIQ,False,1.0,-50.028,-41.002
2018-2020,1,2020,Planaltina / DF,Gestão do Agronegócio (Bacharelado),Diurno,AC,AC,False,,,False,,-80.136,-49.865
2019-2021,2,2021,Planalti na (FUP),Gestão do Agronegócio (Bacharelado),Diurno,AC,AC,False,,,False,,-78.135,-78.135
2020-2022,3,2022,Planaltina / DF,Gestão do Agronegócio (Bacharelado),Diurno,AC,AC,False,,,False,,-96.675,4.58
2021-2023,4,2023,Planaltina / DF,Gestão do Agronegócio (Bacharelado),Diurno,AC,AC,False,,,False,,-56.321,-36.7
2023-2025,6,2025,Planaltina / DF,Gestão do Agronegócio (Bacharelado),Diurno,AC,AC,False,,,False,,-82.791,-28.816
2020-2022,3,2022,Planaltina / DF,Gestão do Agronegócio (Bacharelado),Diurno,CN,CN,False,,NEGROS,False,,-45.106,-45.106
2021-2023,4,2023,Planaltina / DF,Gestão do Agronegócio (Bacharelado),Diurno,EP_R2_NPPI,EP_R2_NPPI,True,R2,NPPI,False,1.5,-54.109,-22.499
2018-2020,1,2020,Darcy Ribeiro (Plano Piloto) / DF,História (Bacharelado/Licenciatura),Diurno,AC,AC,False,,,False,,4.468,99.466
2019-2021,2,2021,Darcy Ribeiro,História (Bacharelado/Licenciatura),Diurno,AC,AC,False,,,False,,44.047,
2020-2022,3,2022,Darcy Ribeiro (Plano Piloto) / DF,História (Bacharelado/Licenciatura),Diurno,AC,AC,False,,,False,,41.891,79.295
2021-2023,4,2023,Darcy Ribeiro (Plano Piloto) / DF,História (Bacharelado/Licenciatura),Diurno,AC,AC,False,,,False,,36.27,120.935
2022-2024,5,2024,Darcy Ribeiro (Plano Piloto) / DF,História (Bacharelado/Licenciatura),Diurno,AC,AC,False,,,False,,-8.561,17.254
2023-2025,6,2025,Darcy Ribeiro (Plano Piloto) / DF,História (Bacharelado/Licenciatura),Diurno,AC,AC,False,,,False,,47.472,96.499
2018-2020,1,2020,Darcy Ribeiro (Plano Piloto) / DF,História (Bacharelado/Licenciatura),Diurno,CN,CN,False,,NEGROS,False,,25.571,48.115
2019-2021,2,2021,Darcy Ribeiro,História (Bacharelado/Licenciatura),Diurno,CN,CN,False,,NEGROS,False,,13.241,13.241
2020-2022,3,2022,Darcy Ribeiro (Plano Piloto) / DF,História (Bacharelado/Licenciatura),Diurno,CN,CN,False,,NEGROS,False,,-36.358,-36.358
2021-2023,4,2023,Darcy Ribeiro (Plano Piloto) / DF,História (Bacharelado/Licenciatura),Diurno,CN,CN,False,,NEGROS,False,,11.829,11.829
2022-2024,5,2024,Darcy Ribeiro (Plano Piloto) / DF,História (Bacharelado/Licenciatura),Diurno,CN,CN,False,,NEGROS,False,,-27.515,-27.515
2023-2025,6,2025,Darcy Ribeiro (Plano Piloto) / DF,História (Bacharelado/Licenciatura),Diurno,CN,CN,False,,NEGROS,False,,-27.232,-27.232
2018-2020,1,2020,Darcy Ribeiro (Plano Piloto) / DF,História (Bacharelado/Licenciatura),Diurno,EP_R1_NPPI,EP_R1_NPPI,True,R1,NPPI,False,1.5,-8.107,18.517
2019-2021,2,2021,Darcy Ribeiro,História (Bacharelado/Licenciatura),Diurno,EP_R1_NPPI,EP_R1_NPPI,True,R1,NPPI,False,1.5,11.681,53.113
2020-2022,3,2022,Darcy Ribeiro (Plano Piloto) / DF,História (Bacharelado/Licenciatura),Diurno,EP_R1_NPPI,EP_R1_NPPI,True,R1,NPPI,False,1.5,-9.575,-2.267
2021-2023,4,2023,Darcy Ribeiro (Plano Piloto) / DF,História (Bacharelado/Licenciatura),Diurno,EP_R1_NPPI,EP_R1_NPPI,True,R1,NPPI,False,1.5,19.371,52.742
2023-2025,6,2025,Darcy Ribeiro (Plano Piloto) / DF,História (Bacharelado/Licenciatura),Diurno,EP_R1_NPPIQ,EP_R1_NPPIQ,True,R1,NPPIQ,False,1.0,-17.032,14.503
2018-2020,1,2020,Darcy Ribeiro (Plano Piloto) / DF,História (Bacharelado/Licenciatura),Diurno,EP_R1_PPI,EP_R1_PPI,True,R1,PPI,False,1.5,5.759,24.413
2019-2021,2,2021,Darcy Ribeiro,História (Bacharelado/Licenciatura),Diurno,EP_R1_PPI,EP_R1_PPI,True,R1,PPI,False,1.5,-11.321,15.341
2020-2022,3,2022,Darcy Ribeiro (Plano Piloto) / DF,História (Bacharelado/Licenciatura),Diurno,EP_R1_PPI,EP_R1_PPI,True,R1,PPI,False,1.5,-7.038,38.18
2021-2023,4,2023,Darcy Ribeiro (Plano Piloto) / DF,História (Bacharelado/Licenciatura),Diurno,EP_R1_PPI,EP_R1_PPI,True,R1,PPI,False,1.5,-24.22,10.211
2018-2020,1,2020,Darcy Ribeiro (Plano Piloto) / DF,História (Bacharelado/Licenciatura),Diurno,EP_R2_NPPI,EP_R2_NPPI,True,R2,NPPI,False,1.5,6.108,45.889
2019-2021,2,2021,Darcy Ribeiro,História (Bacharelado/Licenciatura),Diurno,EP_R2_NPPI,EP_R2_NPPI,True,R2,NPPI,False,1.5,24.189,24.459
2020-2022,3,2022,Darcy Ribeiro (Plano Piloto) / DF,História (Bacharelado/Licenciatura),Diurno,EP_R2_NPPI,EP_R2_NPPI,True,R2,NPPI,False,1.5,19.641,34.497
2021-2023,4,2023,Darcy Ribeiro (Plano Piloto) / DF,História (Bacharelado/Licenciatura),Diurno,EP_R2_NPPI,EP_R2_NPPI,True,R2,NPPI,False,1.5,32.467,41.995
2022-2024,5,2024,Darcy Ribeiro (Plano Piloto) / DF,História (Bacharelado/Licenciatura),Diurno,EP_R2_NPPI,EP_R2_NPPI,True,R2,NPPI,False,1.5,-54.201,-12.401
2023-2025,6,2025,Darcy Ribeiro (Plano Piloto) / DF,História (Bacharelado/Licenciatura),Diurno,EP_R2_NPPIQ,EP_R2_NPPIQ,True,R2,NPPIQ,False,1.0,21.418,21.418
2023-2025,6,2025,Darcy Ribeiro (Plano Piloto) / DF,História (Bacharelado/Licenciatura),Diurno,EP_R2_NPPIQ_PCD,EP_R2_NPPIQ_PCD,True,R2,NPPIQ,True,1.0,-4.958,-4.958
2018-2020,1,2020,Darcy Ribeiro (Plano Piloto) / DF,História (Bacharelado/Licenciatura),Diurno,EP_R2_PPI,EP_R2_PPI,True,R2,PPI,False,1.5,-17.943,11.17
2019-2021,2,2021,Darcy Ribeiro,História (Bacharelado/Licenciatura),Diurno,EP_R2_PPI,EP_R2_PPI,True,R2,PPI,False,1.5,0.911,44.728
2020-2022,3,2022,Darcy Ribeiro (Plano Piloto) / DF,História (Bacharelado/Licenciatura),Diurno,EP_R2_PPI,EP_R2_PPI,True,R2,PPI,False,1.5,-35.056,-16.391
2021-2023,4,2023,Darcy Ribeiro (Plano Piloto) / DF,História (Bacharelado/Licenciatura),Diurno,EP_R2_PPI,EP_R2_PPI,True,R2,PPI,False,1.5,-41.891,-6.303
2023-2025,6,2025,Darcy Ribeiro (Plano Piloto) / DF,História (Bacharelado/Licenciatura),Diurno,EP_R2_PPIQ,EP_R2_PPIQ,True,R2,PPIQ,False,1.0,-31.06,16.426
2023-2025,6,2025,Darcy Ribeiro (Plano Piloto) / DF,História (Bacharelado/Licenciatura),Diurno,EP_R2_PPIQ_PCD,EP_R2_PPIQ_PCD,True,R2,PPIQ,True,1.0,-30.955,-30.955
2018-2020,1,2020,Darcy Ribeiro (Plano Piloto) / DF,História (Licenciatura),Noturno,AC,AC,False,,,False,,-56.349,60.754
2019-2021,2,2021,Darcy Ribeiro,História (Licenciatura),Noturno,AC,AC,False,,,False,,-38.56,24.313
2020-2022,3,2022,Darcy Ribeiro (Plano Piloto) / DF,História (Licenciatura),Noturno,AC,AC,False,,,False,,-67.087,59.169
2021-2023,4,2023,Darcy Ribeiro (Plano Piloto) / DF,História (Licenciatura),Noturno,AC,AC,False,,,False,,-69.357,12.295
2023-2025,6,2025,Darcy Ribeiro (Plano Piloto) / DF,História (Licenciatura),Noturno,AC,AC,False,,,False,,-85.388,45.426
2018-2020,1,2020,Darcy Ribeiro (Plano Piloto) / DF,História (Licenciatura),Noturno,CN,CN,False,,NEGROS,False,,-59.895,-59.895
2019-2021,2,2021,Darcy Ribeiro,História (Licenciatura),Noturno,CN,CN,False,,NEGROS,False,,25.055,25.055
2023-2025,6,2025,Darcy Ribeiro (Plano Piloto) / DF,História (Licenciatura),Noturno,CN,CN,False,,NEGROS,False,,-27.164,-27.164
2018-2020,1,2020,Darcy Ribeiro (Plano Piloto) / DF,História (Licenciatura),Noturno,EP_R1_NPPI,EP_R1_NPPI,True,R1,NPPI,False,1.5,-66.834,-66.834
2019-2021,2,2021,Darcy Ribeiro,História (Licenciatura),Noturno,EP_R1_NPPI,EP_R1_NPPI,True,R1,NPPI,False,1.5,-17.651,-17.222
2020-2022,3,2022,Darcy Ribeiro (Plano Piloto) / DF,História (Licenciatura),Noturno,EP_R1_NPPI,EP_R1_NPPI,True,R1,NPPI,False,1.5,9.29,9.29
2021-2023,4,2023,Darcy Ribeiro (Plano Piloto) / DF,História (Licenciatura),Noturno,EP_R1_NPPI,EP_R1_NPPI,True,R1,NPPI,False,1.5,-47.859,4.551
2018-2020,1,2020,Darcy Ribeiro (Plano Piloto) / DF,História (Licenciatura),Noturno,EP_R1_PPI,EP_R1_PPI,True,R1,PPI,False,1.5,-48.659,-25.066
2019-2021,2,2021,Darcy Ribeiro,História (Licenciatura),Noturno,EP_R1_PPI,EP_R1_PPI,True,R1,PPI,False,1.5,-9.043,32.413
2020-2022,3,2022,Darcy Ribeiro (Plano Piloto) / DF,História (Licenciatura),Noturno,EP_R1_PPI,EP_R1_PPI,True,R1,PPI,False,1.5,-43.023,-43.023
2021-2023,4,2023,Darcy Ribeiro (Plano Piloto) / DF,História (Licenciatura),Noturno,EP_R1_PPI,EP_R1_PPI,True,R1,PPI,False,1.5,-17.725,-17.725
2018-2020,1,2020,Darcy Ribeiro (Plano Piloto) / DF,História (Licenciatura),Noturno,EP_R2_NPPI,EP_R2_NPPI,True,R2,NPPI,False,1.5,-68.468,42.212
2019-2021,2,2021,Darcy Ribeiro,História (Licenciatura),Noturno,EP_R2_NPPI,EP_R2_NPPI,True,R2,NPPI,False,1.5,-8.931,1.031
2021-2023,4,2023,Darcy Ribeiro (Plano Piloto) / DF,História (Licenciatura),Noturno,EP_R2_NPPI,EP_R2_NPPI,True,R2,NPPI,False,1.5,-25.475,-17.183
2023-2025,6,2025,Darcy Ribeiro (Plano Piloto) / DF,História (Licenciatura),Noturno,EP_R2_NPPIQ,EP_R2_NPPIQ,True,R2,NPPIQ,False,1.0,-61.207,-26.631
2018-2020,1,2020,Darcy Ribeiro (Plano Piloto) / DF,História (Licenciatura),Noturno,EP_R2_PPI,EP_R2_PPI,True,R2,PPI,False,1.5,-61.065,15.096
2019-2021,2,2021,Darcy Ribeiro,História (Licenciatura),Noturno,EP_R2_PPI,EP_R2_PPI,True,R2,PPI,False,1.5,-34.556,50.644
2020-2022,3,2022,Darcy Ribeiro (Plano Piloto) / DF,História (Licenciatura),Noturno,EP_R2_PPI,EP_R2_PPI,True,R2,PPI,False,1.5,-24.296,-9.636
2018-2020,1,2020,Darcy Ribeiro (Plano Piloto) / DF,Japonês (Licenciatura),Noturno,AC,AC,False,,,False,,-60.848,-60.848
2019-2021,2,2021,Darcy Ribeiro,Japonês (Licenciatura),Noturno,AC,AC,False,,,False,,-62.925,18.808
2020-2022,3,2022,Darcy Ribeiro (Plano Piloto) / DF,Japonês (Licenciatura),Noturno,AC,AC,False,,,False,,-53.013,-0.264
2021-2023,4,2023,Darcy Ribeiro (Plano Piloto) / DF,Japonês (Licenciatura),Noturno,AC,AC,False,,,False,,-5.043,5.755
2023-2025,6,2025,Darcy Ribeiro (Plano Piloto) / DF,Japonês (Licenciatura),Noturno,AC,AC,False,,,False,,-83.555,-45.663
2018-2020,1,2020,Darcy Ribeiro (Plano Piloto) / DF,Japonês (Licenciatura),Noturno,CN,CN,False,,NEGROS,False,,-70.486,-70.486
2020-2022,3,2022,Darcy Ribeiro (Plano Piloto) / DF,Japonês (Licenciatura),Noturno,CN,CN,False,,NEGROS,False,,-59.483,-59.483
2019-2021,2,2021,Darcy Ribeiro,Japonês (Licenciatura),Noturno,EP_R2_NPPI,EP_R2_NPPI,True,R2,NPPI,False,1.5,2.278,2.278
2020-2022,3,2022,Darcy Ribeiro (Plano Piloto) / DF,Japonês (Licenciatura),Noturno,EP_R2_NPPI,EP_R2_NPPI,True,R2,NPPI,False,1.5,-19.674,-19.674
2021-2023,4,2023,Darcy Ribeiro (Plano Piloto) / DF,Japonês (Licenciatura),Noturno,EP_R2_NPPI,EP_R2_NPPI,True,R2,NPPI,False,1.5,-18.525,-18.525
2019-2021,2,2021,Darcy Ribeiro,Japonês (Licenciatura),Noturno,EP_R2_PPI_PCD,EP_R2_PPI_PCD,True,R2,PPI,True,1.5,5.9,5.9
2018-2020,1,2020,Darcy Ribeiro (Plano Piloto) / DF,Jornalismo (Bacharelado),Diurno,AC,AC,False,,,False,,81.255,115.406
2019-2021,2,2021,Darcy Ribeiro,Jornalismo (Bacharelado),Diurno,AC,AC,False,,,False,,85.007,
2020-2022,3,2022,Darcy Ribeiro (Plano Piloto) / DF,Jornalismo (Bacharelado),Diurno,AC,AC,False,,,False,,81.218,107.228
2021-2023,4,2023,Darcy Ribeiro (Plano Piloto) / DF,Jornalismo (Bacharelado),Diurno,AC,AC,False,,,False,,95.519,130.233
2022-2024,5,2024,Darcy Ribeiro (Plano Piloto) / DF,Jornalismo (Bacharelado),Diurno,AC,AC,False,,,False,,69.365,78.377
2023-2025,6,2025,Darcy Ribeiro (Plano Piloto) / DF,Jornalismo (Bacharelado),Diurno,AC,AC,False,,,False,,85.895,103.7
2018-2020,1,2020,Darcy Ribeiro (Plano Piloto) / DF,Jornalismo (Bacharelado),Diurno,CN,CN,False,,NEGROS,False,,14.706,26.97
2019-2021,2,2021,Darcy Ribeiro,Jornalismo (Bacharelado),Diurno,CN,CN,False,,NEGROS,False,,76.01,76.01
2020-2022,3,2022,Darcy Ribeiro (Plano Piloto) / DF,Jornalismo (Bacharelado),Diurno,CN,CN,False,,NEGROS,False,,29.956,29.956
2021-2023,4,2023,Darcy Ribeiro (Plano Piloto) / DF,Jornalismo (Bacharelado),Diurno,CN,CN,False,,NEGROS,False,,53.554,53.554
2022-2024,5,2024,Darcy Ribeiro (Plano Piloto) / DF,Jornalismo (Bacharelado),Diurno,CN,CN,False,,NEGROS,False,,-3.462,-3.462
2023-2025,6,2025,Darcy Ribeiro (Plano Piloto) / DF,Jornalismo (Bacharelado),Diurno,CN,CN,False,,NEGROS,False,,52.71,52.71
2018-2020,1,2020,Darcy Ribeiro (Plano Piloto) / DF,Jornalismo (Bacharelado),Diurno,EP_R1_NPPI,EP_R1_NPPI,True,R1,NPPI,False,1.5,-9.001,-8.705
2019-2021,2,2021,Darcy Ribeiro,Jornalismo (Bacharelado),Diurno,EP_R1_NPPI,EP_R1_NPPI,True,R1,NPPI,False,1.5,40.539,40.539
2020-2022,3,2022,Darcy Ribeiro (Plano Piloto) / DF,Jornalismo (Bacharelado),Diurno,EP_R1_NPPI,EP_R1_NPPI,True,R1,NPPI,False,1.5,1.728,1.728
2021-2023,4,2023,Darcy Ribeiro (Plano Piloto) / DF,Jornalismo (Bacharelado),Diurno,EP_R1_NPPI,EP_R1_NPPI,True,R1,NPPI,False,1.5,9.81,9.81
2022-2024,5,2024,Darcy Ribeiro (Plano Piloto) / DF,Jornalismo (Bacharelado),Diurno,EP_R1_NPPI,EP_R1_NPPI,True,R1,NPPI,False,1.5,-11.956,-11.956
2023-2025,6,2025,Darcy Ribeiro (Plano Piloto) / DF,Jornalismo (Bacharelado),Diurno,EP_R1_NPPIQ,EP_R1_NPPIQ,True,R1,NPPIQ,False,1.0,-37.174,-31.769
2018-2020,1,2020,Darcy Ribeiro (Plano Piloto) / DF,Jornalismo (Bacharelado),Diurno,EP_R1_PPI,EP_R1_PPI,True,R1,PPI,False,1.5,-45.399,-22.287
2019-2021,2,2021,Darcy Ribeiro,Jornalismo (Bacharelado),Diurno,EP_R1_PPI,EP_R1_PPI,True,R1,PPI,False,1.5,5.241,7.797
2020-2022,3,2022,Darcy Ribeiro (Plano Piloto) / DF,Jornalismo (Bacharelado),Diurno,EP_R1_PPI,EP_R1_PPI,True,R1,PPI,False,1.5,-36.033,-15.391
2021-2023,4,2023,Darcy Ribeiro (Plano Piloto) / DF,Jornalismo (Bacharelado),Diurno,EP_R1_PPI,EP_R1_PPI,True,R1,PPI,False,1.5,18.926,19.95
2018-2020,1,2020,Darcy Ribeiro (Plano Piloto) / DF,Jornalismo (Bacharelado),Diurno,EP_R2_NPPI,EP_R2_NPPI,True,R2,NPPI,False,1.5,7.89,26.716
2019-2021,2,2021,Darcy Ribeiro,Jornalismo (Bacharelado),Diurno,EP_R2_NPPI,EP_R2_NPPI,True,R2,NPPI,False,1.5,69.465,69.465
2020-2022,3,2022,Darcy Ribeiro (Plano Piloto) / DF,Jornalismo (Bacharelado),Diurno,EP_R2_NPPI,EP_R2_NPPI,True,R2,NPPI,False,1.5,66.914,66.914
2021-2023,4,2023,Darcy Ribeiro (Plano Piloto) / DF,Jornalismo (Bacharelado),Diurno,EP_R2_NPPI,EP_R2_NPPI,True,R2,NPPI,False,1.5,21.437,21.437
2022-2024,5,2024,Darcy Ribeiro (Plano Piloto) / DF,Jornalismo (Bacharelado),Diurno,EP_R2_NPPI,EP_R2_NPPI,True,R2,NPPI,False,1.5,16.995,16.995
2023-2025,6,2025,Darcy Ribeiro (Plano Piloto) / DF,Jornalismo (Bacharelado),Diurno,EP_R2_NPPIQ,EP_R2_NPPIQ,True,R2,NPPIQ,False,1.0,41.607,41.607
2018-2020,1,2020,Darcy Ribeiro (Plano Piloto) / DF,Jornalismo (Bacharelado),Diurno,EP_R2_PPI,EP_R2_PPI,True,R2,PPI,False,1.5,-5.212,13.931
2019-2021,2,2021,Darcy Ribeiro,Jornalismo (Bacharelado),Diurno,EP_R2_PPI,EP_R2_PPI,True,R2,PPI,False,1.5,23.778,43.842
2020-2022,3,2022,Darcy Ribeiro (Plano Piloto) / DF,Jornalismo (Bacharelado),Diurno,EP_R2_PPI,EP_R2_PPI,True,R2,PPI,False,1.5,-13.155,4.752
2021-2023,4,2023,Darcy Ribeiro (Plano Piloto) / DF,Jornalismo (Bacharelado),Diurno,EP_R2_PPI,EP_R2_PPI,True,R2,PPI,False,1.5,4.081,44.224
2022-2024,5,2024,Darcy Ribeiro (Plano Piloto) / DF,Jornalismo (Bacharelado),Diurno,EP_R2_PPI,EP_R2_PPI,True,R2,PPI,False,1.5,-53.574,-0.525
2023-2025,6,2025,Darcy Ribeiro (Plano Piloto) / DF,Jornalismo (Bacharelado),Diurno,EP_R2_PPIQ,EP_R2_PPIQ,True,R2,PPIQ,False,1.0,-49.264,20.148
2018-2020,1,2020,Darcy Ribeiro (Plano Piloto) / DF,Letras - Espanhol (Licenciatura),Noturno,AC,AC,False,,,False,,-55.012,-5.413
2019-2021,2,2021,Darcy Ribeiro,Letras - Espanhol (Licenciatura),Noturno,AC,AC,False,,,False,,-98.76,13.701
2020-2022,3,2022,Darcy Ribeiro (Plano Piloto) / DF,Letras - Espanhol (Licenciatura),Noturno,AC,AC,False,,,False,,-71.142,-27.428
2021-2023,4,2023,Darcy Ribeiro (Plano Piloto) / DF,Letras - Espanhol (Licenciatura),Noturno,AC,AC,False,,,False,,-46.586,-13.667
2023-2025,6,2025,Darcy Ribeiro (Plano Piloto) / DF,Letras - Espanhol (Licenciatura),Noturno,AC,AC,False,,,False,,-79.029,-60.693
2019-2021,2,2021,Darcy Ribeiro,Letras - Espanhol (Licenciatura),Noturno,EP_R1_NPPI,EP_R1_NPPI,True,R1,NPPI,False,1.5,-27.424,-27.424
2018-2020,1,2020,Darcy Ribeiro (Plano Piloto) / DF,Letras - Espanhol (Licenciatura),Noturno,EP_R1_PPI,EP_R1_PPI,True,R1,PPI,False,1.5,-44.303,-44.303
2019-2021,2,2021,Darcy Ribeiro,Letras - Espanhol (Licenciatura),Noturno,EP_R1_PPI,EP_R1_PPI,True,R1,PPI,False,1.5,-54.875,-36.401
2018-2020,1,2020,Darcy Ribeiro (Plano Piloto) / DF,Letras - Espanhol (Licenciatura),Noturno,EP_R2_NPPI,EP_R2_NPPI,True,R2,NPPI,False,1.5,-41.243,-37.835
2020-2022,3,2022,Darcy Ribeiro (Plano Piloto) / DF,Letras - Espanhol (Licenciatura),Noturno,EP_R2_NPPI,EP_R2_NPPI,True,R2,NPPI,False,1.5,-47.192,21.384
2019-2021,2,2021,Darcy Ribeiro,Letras - Espanhol (Licenciatura),Noturno,EP_R2_PPI,EP_R2_PPI,True,R2,PPI,False,1.5,-45.262,-45.262
2020-2022,3,2022,Darcy Ribeiro (Plano Piloto) / DF,Letras - Espanhol (Licenciatura),Noturno,EP_R2_PPI,EP_R2_PPI,True,R2,PPI,False,1.5,-38.583,-38.583
2021-2023,4,2023,Darcy Ribeiro (Plano Piloto) / DF,Letras - Espanhol (Licenciatura),Noturno,EP_R2_PPI,EP_R2_PPI,True,R2,PPI,False,1.5,-14.494,-14.494
2018-2020,1,2020,Darcy Ribeiro (Plano Piloto) / DF,Letras - Francês (Bacharelado/Licenciatura),Diurno,AC,AC,False,,,False,,-55.891,5.252
2019-2021,2,2021,Darcy Ribeiro,Letras - Francês (Bacharelado/Licenciatura),Diurno,AC,AC,False,,,False,,-44.511,28.361
2020-2022,3,2022,Darcy Ribeiro (Plano Piloto) / DF,Letras - Francês (Bacharelado/Licenciatura),Diurno,AC,AC,False,,,False,,-62.811,-4.072
2023-2025,6,2025,Darcy Ribeiro (Plano Piloto) / DF,Letras - Francês (Bacharelado/Licenciatura),Diurno,AC,AC,False,,,False,,-87.339,-26.043
2018-2020,1,2020,Darcy Ribeiro (Plano Piloto) / DF,Letras - Francês (Bacharelado/Licenciatura),Diurno,CN,CN,False,,NEGROS,False,,-84.371,-84.371
2019-2021,2,2021,Darcy Ribeiro,Letras - Francês (Bacharelado/Licenciatura),Diurno,EP_R1_NPPI,EP_R1_NPPI,True,R1,NPPI,False,1.5,-2.644,-2.644
2021-2023,4,2023,Darcy Ribeiro (Plano Piloto) / DF,Letras - Francês (Bacharelado/Licenciatura),Diurno,EP_R1_NPPI,EP_R1_NPPI,True,R1,NPPI,False,1.5,-48.692,0.205
2018-2020,1,2020,Darcy Ribeiro (Plano Piloto) / DF,Letras - Francês (Bacharelado/Licenciatura),Diurno,EP_R2_NPPI,EP_R2_NPPI,True,R2,NPPI,False,1.5,-20.18,-20.18
2019-2021,2,2021,Darcy Ribeiro,Letras - Francês (Bacharelado/Licenciatura),Diurno,EP_R2_NPPI,EP_R2_NPPI,True,R2,NPPI,False,1.5,-43.649,-43.649
2021-2023,4,2023,Darcy Ribeiro (Plano Piloto) / DF,Letras - Francês (Bacharelado/Licenciatura),Diurno,EP_R2_NPPI,EP_R2_NPPI,True,R2,NPPI,False,1.5,-33.805,-33.805
2018-2020,1,2020,Darcy Ribeiro (Plano Piloto) / DF,Letras - Francês (Bacharelado/Licenciatura),Diurno,EP_R2_PPI,EP_R2_PPI,True,R2,PPI,False,1.5,-20.959,-20.877
2019-2021,2,2021,Darcy Ribeiro,Letras - Francês (Bacharelado/Licenciatura),Diurno,EP_R2_PPI,EP_R2_PPI,True,R2,PPI,False,1.5,-48.718,-8.908
2020-2022,3,2022,Darcy Ribeiro (Plano Piloto) / DF,Letras - Francês (Bacharelado/Licenciatura),Diurno,EP_R2_PPI,EP_R2_PPI,True,R2,PPI,False,1.5,-80.307,-20.312
2018-2020,1,2020,Darcy Ribeiro (Plano Piloto) / DF,Letras - Inglês (Bacharelado/Licenciatura),Diurno,AC,AC,False,,,False,,-10.253,20.671
2019-2021,2,2021,Darcy Ribeiro,Letras - Inglês (Bacharelado/Licenciatura),Diurno,AC,AC,False,,,False,,32.546,50.645
2020-2022,3,2022,Darcy Ribeiro (Plano Piloto) / DF,Letras - Inglês (Bacharelado/Licenciatura),Diurno,AC,AC,False,,,False,,22.431,60.504
2021-2023,4,2023,Darcy Ribeiro (Plano Piloto) / DF,Letras - Inglês (Bacharelado/Licenciatura),Diurno,AC,AC,False,,,False,,32.247,72.62
2022-2024,5,2024,Darcy Ribeiro (Plano Piloto) / DF,Letras - Inglês (Bacharelado/Licenciatura),Diurno,AC,AC,False,,,False,,-15.468,4.023
2023-2025,6,2025,Darcy Ribeiro (Plano Piloto) / DF,Letras - Inglês (Bacharelado/Licenciatura),Diurno,AC,AC,False,,,False,,15.306,83.036
2018-2020,1,2020,Darcy Ribeiro (Plano Piloto) / DF,Letras - Inglês (Bacharelado/Licenciatura),Diurno,CN,CN,False,,NEGROS,False,,-52.719,-40.613
2019-2021,2,2021,Darcy Ribeiro,Letras - Inglês (Bacharelado/Licenciatura),Diurno,CN,CN,False,,NEGROS,False,,-25.636,-25.636
2020-2022,3,2022,Darcy Ribeiro (Plano Piloto) / DF,Letras - Inglês (Bacharelado/Licenciatura),Diurno,CN,CN,False,,NEGROS,False,,26.727,26.727
2021-2023,4,2023,Darcy Ribeiro (Plano Piloto) / DF,Letras - Inglês (Bacharelado/Licenciatura),Diurno,CN,CN,False,,NEGROS,False,,-17.014,-17.014
2018-2020,1,2020,Darcy Ribeiro (Plano Piloto) / DF,Letras - Inglês (Bacharelado/Licenciatura),Diurno,EP_R1_NPPI,EP_R1_NPPI,True,R1,NPPI,False,1.5,-17.712,25.713
2019-2021,2,2021,Darcy Ribeiro,Letras - Inglês (Bacharelado/Licenciatura),Diurno,EP_R1_NPPI,EP_R1_NPPI,True,R1,NPPI,False,1.5,-3.967,-3.967
2020-2022,3,2022,Darcy Ribeiro (Plano Piloto) / DF,Letras - Inglês (Bacharelado/Licenciatura),Diurno,EP_R1_NPPI,EP_R1_NPPI,True,R1,NPPI,False,1.5,-12.715,-12.715
2021-2023,4,2023,Darcy Ribeiro (Plano Piloto) / DF,Letras - Inglês (Bacharelado/Licenciatura),Diurno,EP_R1_NPPI,EP_R1_NPPI,True,R1,NPPI,False,1.5,-5.532,-5.532
2022-2024,5,2024,Darcy Ribeiro (Plano Piloto) / DF,Letras - Inglês (Bacharelado/Licenciatura),Diurno,EP_R1_NPPI,EP_R1_NPPI,True,R1,NPPI,False,1.5,-26.435,-26.435
2018-2020,1,2020,Darcy Ribeiro (Plano Piloto) / DF,Letras - Inglês (Bacharelado/Licenciatura),Diurno,EP_R1_PPI,EP_R1_PPI,True,R1,PPI,False,1.5,6.406,6.406
2019-2021,2,2021,Darcy Ribeiro,Letras - Inglês (Bacharelado/Licenciatura),Diurno,EP_R1_PPI,EP_R1_PPI,True,R1,PPI,False,1.5,-42.015,-39.516
2020-2022,3,2022,Darcy Ribeiro (Plano Piloto) / DF,Letras - Inglês (Bacharelado/Licenciatura),Diurno,EP_R1_PPI,EP_R1_PPI,True,R1,PPI,False,1.5,-30.613,2.775
2021-2023,4,2023,Darcy Ribeiro (Plano Piloto) / DF,Letras - Inglês (Bacharelado/Licenciatura),Diurno,EP_R1_PPI,EP_R1_PPI,True,R1,PPI,False,1.5,-18.631,-17.678
2018-2020,1,2020,Darcy Ribeiro (Plano Piloto) / DF,Letras - Inglês (Bacharelado/Licenciatura),Diurno,EP_R2_NPPI,EP_R2_NPPI,True,R2,NPPI,False,1.5,14.039,21.415
2019-2021,2,2021,Darcy Ribeiro,Letras - Inglês (Bacharelado/Licenciatura),Diurno,EP_R2_NPPI,EP_R2_NPPI,True,R2,NPPI,False,1.5,27.842,27.842
2020-2022,3,2022,Darcy Ribeiro (Plano Piloto) / DF,Letras - Inglês (Bacharelado/Licenciatura),Diurno,EP_R2_NPPI,EP_R2_NPPI,True,R2,NPPI,False,1.5,30.669,30.669
2021-2023,4,2023,Darcy Ribeiro (Plano Piloto) / DF,Letras - Inglês (Bacharelado/Licenciatura),Diurno,EP_R2_NPPI,EP_R2_NPPI,True,R2,NPPI,False,1.5,3.014,11.995
2022-2024,5,2024,Darcy Ribeiro (Plano Piloto) / DF,Letras - Inglês (Bacharelado/Licenciatura),Diurno,EP_R2_NPPI,EP_R2_NPPI,True,R2,NPPI,False,1.5,-40.908,-19.451
2023-2025,6,2025,Darcy Ribeiro (Plano Piloto) / DF,Letras - Inglês (Bacharelado/Licenciatura),Diurno,EP_R2_NPPIQ,EP_R2_NPPIQ,True,R2,NPPIQ,False,1.0,-14.226,12.035
2018-2020,1,2020,Darcy Ribeiro (Plano Piloto) / DF,Letras - Inglês (Bacharelado/Licenciatura),Diurno,EP_R2_PPI,EP_R2_PPI,True,R2,PPI,False,1.5,-63.889,-9.992
2019-2021,2,2021,Darcy Ribeiro,Letras - Inglês (Bacharelado/Licenciatura),Diurno,EP_R2_PPI,EP_R2_PPI,True,R2,PPI,False,1.5,1.85,17.924
2020-2022,3,2022,Darcy Ribeiro (Plano Piloto) / DF,Letras - Inglês (Bacharelado/Licenciatura),Diurno,EP_R2_PPI,EP_R2_PPI,True,R2,PPI,False,1.5,4.915,43.669
2021-2023,4,2023,Darcy Ribeiro (Plano Piloto) / DF,Letras - Inglês (Bacharelado/Licenciatura),Diurno,EP_R2_PPI,EP_R2_PPI,True,R2,PPI,False,1.5,-77.785,-77.785
2023-2025,6,2025,Darcy Ribeiro (Plano Piloto) / DF,Letras - Inglês (Bacharelado/Licenciatura),Diurno,EP_R2_PPIQ,EP_R2_PPIQ,True,R2,PPIQ,False,1.0,-34.486,-34.486
2018-2020,1,2020,Darcy Ribeiro (Plano Piloto) / DF,Letras - Português (Bacharelado/Licenciatura),Diurno,AC,AC,False,,,False,,-25.6,59.203
2019-2021,2,2021,Darcy Ribeiro,Letras - Português (Bacharelado/Licenciatura),Diurno,AC,AC,False,,,False,,41.363,52.962
2020-2022,3,2022,Darcy Ribeiro (Plano Piloto) / DF,Letras - Português (Bacharelado/Licenciatura),Diurno,AC,AC,False,,,False,,33.307,56.705
2021-2023,4,2023,Darcy Ribeiro (Plano Piloto) / DF,Letras - Português (Bacharelado/Licenciatura),Diurno,AC,AC,False,,,False,,52.636,82.448
2022-2024,5,2024,Darcy Ribeiro (Plano Piloto) / DF,Letras - Português (Bacharelado/Licenciatura),Diurno,AC,AC,False,,,False,,-22.941,-4.114
2023-2025,6,2025,Darcy Ribeiro (Plano Piloto) / DF,Letras - Português (Bacharelado/Licenciatura),Diurno,AC,AC,False,,,False,,46.683,88.696
2018-2020,1,2020,Darcy Ribeiro (Plano Piloto) / DF,Letras - Português (Bacharelado/Licenciatura),Diurno,CN,CN,False,,NEGROS,False,,-46.766,-21.415
2019-2021,2,2021,Darcy Ribeiro,Letras - Português (Bacharelado/Licenciatura),Diurno,CN,CN,False,,NEGROS,False,,8.583,8.583
2020-2022,3,2022,Darcy Ribeiro (Plano Piloto) / DF,Letras - Português (Bacharelado/Licenciatura),Diurno,CN,CN,False,,NEGROS,False,,5.699,5.699
2021-2023,4,2023,Darcy Ribeiro (Plano Piloto) / DF,Letras - Português (Bacharelado/Licenciatura),Diurno,CN,CN,False,,NEGROS,False,,35.734,35.734
2022-2024,5,2024,Darcy Ribeiro (Plano Piloto) / DF,Letras - Português (Bacharelado/Licenciatura),Diurno,CN,CN,False,,NEGROS,False,,-60.705,-60.705
2023-2025,6,2025,Darcy Ribeiro (Plano Piloto) / DF,Letras - Português (Bacharelado/Licenciatura),Diurno,CN,CN,False,,NEGROS,False,,30.129,30.129
2018-2020,1,2020,Darcy Ribeiro (Plano Piloto) / DF,Letras - Português (Bacharelado/Licenciatura),Diurno,EP_R1_NPPI,EP_R1_NPPI,True,R1,NPPI,False,1.5,-16.876,-16.876
2019-2021,2,2021,Darcy Ribeiro,Letras - Português (Bacharelado/Licenciatura),Diurno,EP_R1_NPPI,EP_R1_NPPI,True,R1,NPPI,False,1.5,8.396,8.396
2020-2022,3,2022,Darcy Ribeiro (Plano Piloto) / DF,Letras - Português (Bacharelado/Licenciatura),Diurno,EP_R1_NPPI,EP_R1_NPPI,True,R1,NPPI,False,1.5,-16.142,30.504
2021-2023,4,2023,Darcy Ribeiro (Plano Piloto) / DF,Letras - Português (Bacharelado/Licenciatura),Diurno,EP_R1_NPPI,EP_R1_NPPI,True,R1,NPPI,False,1.5,39.574,39.574
2022-2024,5,2024,Darcy Ribeiro (Plano Piloto) / DF,Letras - Português (Bacharelado/Licenciatura),Diurno,EP_R1_NPPI,EP_R1_NPPI,True,R1,NPPI,False,1.5,-26.314,-26.314
2023-2025,6,2025,Darcy Ribeiro (Plano Piloto) / DF,Letras - Português (Bacharelado/Licenciatura),Diurno,EP_R1_NPPIQ,EP_R1_NPPIQ,True,R1,NPPIQ,False,1.0,-21.143,-21.143
2018-2020,1,2020,Darcy Ribeiro (Plano Piloto) / DF,Letras - Português (Bacharelado/Licenciatura),Diurno,EP_R1_PPI,EP_R1_PPI,True,R1,PPI,False,1.5,-39.486,-31.425
2019-2021,2,2021,Darcy Ribeiro,Letras - Português (Bacharelado/Licenciatura),Diurno,EP_R1_PPI,EP_R1_PPI,True,R1,PPI,False,1.5,-10.113,26.323
2020-2022,3,2022,Darcy Ribeiro (Plano Piloto) / DF,Letras - Português (Bacharelado/Licenciatura),Diurno,EP_R1_PPI,EP_R1_PPI,True,R1,PPI,False,1.5,-3.737,-3.737
2021-2023,4,2023,Darcy Ribeiro (Plano Piloto) / DF,Letras - Português (Bacharelado/Licenciatura),Diurno,EP_R1_PPI,EP_R1_PPI,True,R1,PPI,False,1.5,-21.582,1.737
2018-2020,1,2020,Darcy Ribeiro (Plano Piloto) / DF,Letras - Português (Bacharelado/Licenciatura),Diurno,EP_R2_NPPI,EP_R2_NPPI,True,R2,NPPI,False,1.5,-29.217,73.365
2019-2021,2,2021,Darcy Ribeiro,Letras - Português (Bacharelado/Licenciatura),Diurno,EP_R2_NPPI,EP_R2_NPPI,True,R2,NPPI,False,1.5,23.426,23.426
2020-2022,3,2022,Darcy Ribeiro (Plano Piloto) / DF,Letras - Português (Bacharelado/Licenciatura),Diurno,EP_R2_NPPI,EP_R2_NPPI,True,R2,NPPI,False,1.5,20.613,20.613
2021-2023,4,2023,Darcy Ribeiro (Plano Piloto) / DF,Letras - Português (Bacharelado/Licenciatura),Diurno,EP_R2_NPPI,EP_R2_NPPI,True,R2,NPPI,False,1.5,17.882,34.783
2022-2024,5,2024,Darcy Ribeiro (Plano Piloto) / DF,Letras - Português (Bacharelado/Licenciatura),Diurno,EP_R2_NPPI,EP_R2_NPPI,True,R2,NPPI,False,1.5,-53.691,-27.208
2023-2025,6,2025,Darcy Ribeiro (Plano Piloto) / DF,Letras - Português (Bacharelado/Licenciatura),Diurno,EP_R2_NPPIQ,EP_R2_NPPIQ,True,R2,NPPIQ,False,1.0,-39.521,-1.814
2018-2020,1,2020,Darcy Ribeiro (Plano Piloto) / DF,Letras - Português (Bacharelado/Licenciatura),Diurno,EP_R2_PPI,EP_R2_PPI,True,R2,PPI,False,1.5,-71.639,18.495
2019-2021,2,2021,Darcy Ribeiro,Letras - Português (Bacharelado/Licenciatura),Diurno,EP_R2_PPI,EP_R2_PPI,True,R2,PPI,False,1.5,-13.148,25.795
2020-2022,3,2022,Darcy Ribeiro (Plano Piloto) / DF,Letras - Português (Bacharelado/Licenciatura),Diurno,EP_R2_PPI,EP_R2_PPI,True,R2,PPI,False,1.5,-75.985,-51.065
2021-2023,4,2023,Darcy Ribeiro (Plano Piloto) / DF,Letras - Português (Bacharelado/Licenciatura),Diurno,EP_R2_PPI,EP_R2_PPI,True,R2,PPI,False,1.5,-23.758,9.729
2023-2025,6,2025,Darcy Ribeiro (Plano Piloto) / DF,Letras - Português (Bacharelado/Licenciatura),Diurno,EP_R2_PPIQ,EP_R2_PPIQ,True,R2,PPIQ,False,1.0,-30.58,-30.58
2018-2020,1,2020,Darcy Ribeiro (Plano Piloto) / DF,Letras - Português (Licenciatura),Noturno,AC,AC,False,,,False,,-54.535,1.714
2019-2021,2,2021,Darcy Ribeiro,Letras - Português (Licenciatura),Noturno,AC,AC,False,,,False,,-70.531,78.089
2020-2022,3,2022,Darcy Ribeiro (Plano Piloto) / DF,Letras - Português (Licenciatura),Noturno,AC,AC,False,,,False,,-79.901,72.722
2021-2023,4,2023,Darcy Ribeiro (Plano Piloto) / DF,Letras - Português (Licenciatura),Noturno,AC,AC,False,,,False,,-46.157,-9.045
2023-2025,6,2025,Darcy Ribeiro (Plano Piloto) / DF,Letras - Português (Licenciatura),Noturno,AC,AC,False,,,False,,-56.955,23.041
2021-2023,4,2023,Darcy Ribeiro (Plano Piloto) / DF,Letras - Português (Licenciatura),Noturno,CN,CN,False,,NEGROS,False,,-31.96,-31.96
2019-2021,2,2021,Darcy Ribeiro,Letras - Português (Licenciatura),Noturno,EP_R1_NPPI,EP_R1_NPPI,True,R1,NPPI,False,1.5,6.56,6.56
2020-2022,3,2022,Darcy Ribeiro (Plano Piloto) / DF,Letras - Português (Licenciatura),Noturno,EP_R1_NPPI,EP_R1_NPPI,True,R1,NPPI,False,1.5,-55.127,-54.044
2021-2023,4,2023,Darcy Ribeiro (Plano Piloto) / DF,Letras - Português (Licenciatura),Noturno,EP_R1_NPPI,EP_R1_NPPI,True,R1,NPPI,False,1.5,-45.745,14.783
2020-2022,3,2022,Darcy Ribeiro (Plano Piloto) / DF,Letras - Português (Licenciatura),Noturno,EP_R1_PPI,EP_R1_PPI,True,R1,PPI,False,1.5,-39.823,-20.991
2018-2020,1,2020,Darcy Ribeiro (Plano Piloto) / DF,Letras - Português (Licenciatura),Noturno,EP_R2_NPPI,EP_R2_NPPI,True,R2,NPPI,False,1.5,-3.889,18.043
2019-2021,2,2021,Darcy Ribeiro,Letras - Português (Licenciatura),Noturno,EP_R2_NPPI,EP_R2_NPPI,True,R2,NPPI,False,1.5,-51.267,-51.267
2020-2022,3,2022,Darcy Ribeiro (Plano Piloto) / DF,Letras - Português (Licenciatura),Noturno,EP_R2_NPPI,EP_R2_NPPI,True,R2,NPPI,False,1.5,-21.451,5.24
2021-2023,4,2023,Darcy Ribeiro (Plano Piloto) / DF,Letras - Português (Licenciatura),Noturno,EP_R2_NPPI,EP_R2_NPPI,True,R2,NPPI,False,1.5,-8.792,-7.475
2019-2021,2,2021,Darcy Ribeiro,Letras - Português (Licenciatura),Noturno,EP_R2_PPI,EP_R2_PPI,True,R2,PPI,False,1.5,-23.897,-23.897
2020-2022,3,2022,Darcy Ribeiro (Plano Piloto) / DF,Letras - Português (Licenciatura),Noturno,EP_R2_PPI,EP_R2_PPI,True,R2,PPI,False,1.5,-13.532,-13.532
2021-2023,4,2023,Darcy Ribeiro (Plano Piloto) / DF,Letras - Português (Licenciatura),Noturno,EP_R2_PPI,EP_R2_PPI,True,R2,PPI,False,1.5,-13.592,-13.592
2018-2020,1,2020,Darcy Ribeiro (Plano Piloto) / DF,Letras – Português do Brasil como Segunda Língua (Licenciatura),Diurno,AC,AC,False,,,False,,-65.683,30.297
2019-2021,2,2021,Darcy Ribeiro,Letras – Português do Brasil como Segunda Língua (Licenciatura),Diurno,AC,AC,False,,,False,,-10.942,45.035
2020-2022,3,2022,Darcy Ribeiro (Plano Piloto) / DF,Letras – Português do Brasil como Segunda Língua (Licenciatura),Diurno,AC,AC,False,,,False,,-30.519,48.382
2021-2023,4,2023,Darcy Ribeiro (Plano Piloto) / DF,Letras – Português do Brasil como Segunda Língua (Licenciatura),Diurno,AC,AC,False,,,False,,-49.96,58.052
2023-2025,6,2025,Darcy Ribeiro (Plano Piloto) / DF,Letras – Português do Brasil como Segunda Língua (Licenciatura),Diurno,AC,AC,False,,,False,,-75.904,-4.147
2020-2022,3,2022,Darcy Ribeiro (Plano Piloto) / DF,Letras – Português do Brasil como Segunda Língua (Licenciatura),Diurno,CN,CN,False,,NEGROS,False,,-27.202,-27.202
2021-2023,4,2023,Darcy Ribeiro (Plano Piloto) / DF,Letras – Português do Brasil como Segunda Língua (Licenciatura),Diurno,CN,CN,False,,NEGROS,False,,-45.762,-45.762
2018-2020,1,2020,Darcy Ribeiro (Plano Piloto) / DF,Letras – Português do Brasil como Segunda Língua (Licenciatura),Diurno,EP_R1_NPPI,EP_R1_NPPI,True,R1,NPPI,False,1.5,-17.594,-17.594
2019-2021,2,2021,Darcy Ribeiro,Letras – Português do Brasil como Segunda Língua (Licenciatura),Diurno,EP_R1_NPPI,EP_R1_NPPI,True,R1,NPPI,False,1.5,-35.816,-25.7
2021-2023,4,2023,Darcy Ribeiro (Plano Piloto) / DF,Letras – Português do Brasil como Segunda Língua (Licenciatura),Diurno,EP_R1_NPPI,EP_R1_NPPI,True,R1,NPPI,False,1.5,-41.555,-41.555
2019-2021,2,2021,Darcy Ribeiro,Letras – Português do Brasil como Segunda Língua (Licenciatura),Diurno,EP_R1_PPI,EP_R1_PPI,True,R1,PPI,False,1.5,-35.98,-35.98
2020-2022,3,2022,Darcy Ribeiro (Plano Piloto) / DF,Letras – Português do Brasil como Segunda Língua (Licenciatura),Diurno,EP_R1_PPI,EP_R1_PPI,True,R1,PPI,False,1.5,-55.76,-55.76
2021-2023,4,2023,Darcy Ribeiro (Plano Piloto) / DF,Letras – Português do Brasil como Segunda Língua (Licenciatura),Diurno,EP_R1_PPI,EP_R1_PPI,True,R1,PPI,False,1.5,-48.36,-48.36
2018-2020,1,2020,Darcy Ribeiro (Plano Piloto) / DF,Letras – Português do Brasil como Segunda Língua (Licenciatura),Diurno,EP_R2_NPPI,EP_R2_NPPI,True,R2,NPPI,False,1.5,-24.411,-24.411
2019-2021,2,2021,Darcy Ribeiro,Letras – Português do Brasil como Segunda Língua (Licenciatura),Diurno,EP_R2_NPPI,EP_R2_NPPI,True,R2,NPPI,False,1.5,-47.365,-3.586
2020-2022,3,2022,Darcy Ribeiro (Plano Piloto) / DF,Letras – Português do Brasil como Segunda Língua (Licenciatura),Diurno,EP_R2_NPPI,EP_R2_NPPI,True,R2,NPPI,False,1.5,-4.691,-4.691
2018-2020,1,2020,Darcy Ribeiro (Plano Piloto) / DF,Letras – Português do Brasil como Segunda Língua (Licenciatura),Diurno,EP_R2_PPI,EP_R2_PPI,True,R2,PPI,False,1.5,-83.522,-50.615
2019-2021,2,2021,Darcy Ribeiro,Letras – Português do Brasil como Segunda Língua (Licenciatura),Diurno,EP_R2_PPI,EP_R2_PPI,True,R2,PPI,False,1.5,-60.95,-38.117
2020-2022,3,2022,Darcy Ribeiro (Plano Piloto) / DF,Letras – Português do Brasil como Segunda Língua (Licenciatura),Diurno,EP_R2_PPI,EP_R2_PPI,True,R2,PPI,False,1.5,3.895,3.895
2018-2020,1,2020,Darcy Ribeiro (Plano Piloto) / DF,Letras – Tradução – Espanhol (Bacharelado),Noturno,AC,AC,False,,,False,,-37.809,-20.326
2019-2021,2,2021,Darcy Ribeiro,Letras – Tradução – Espanhol (Bacharelado),Noturno,AC,AC,False,,,False,,-59.585,-24.422
2020-2022,3,2022,Darcy Ribeiro (Plano Piloto) / DF,Letras – Tradução – Espanhol (Bacharelado),Noturno,AC,AC,False,,,False,,-80.944,-52.043
2021-2023,4,2023,Darcy Ribeiro (Plano Piloto) / DF,Letras – Tradução – Espanhol (Bacharelado),Noturno,AC,AC,False,,,False,,-56.295,-56.295
2023-2025,6,2025,Darcy Ribeiro (Plano Piloto) / DF,Letras – Tradução – Espanhol (Bacharelado),Noturno,AC,AC,False,,,False,,-56.271,-56.271
2018-2020,1,2020,Darcy Ribeiro (Plano Piloto) / DF,Letras – Tradução – Espanhol (Bacharelado),Noturno,EP_R1_PPI,EP_R1_PPI,True,R1,PPI,False,1.5,-45.083,-45.083
2018-2020,1,2020,Darcy Ribeiro (Plano Piloto) / DF,Letras – Tradução – Espanhol (Bacharelado),Noturno,EP_R2_NPPI,EP_R2_NPPI,True,R2,NPPI,False,1.5,-49.61,-49.61
2019-2021,2,2021,Darcy Ribeiro,Letras – Tradução – Espanhol (Bacharelado),Noturno,EP_R2_NPPI,EP_R2_NPPI,True,R2,NPPI,False,1.5,-48.799,-25.873
2021-2023,4,2023,Darcy Ribeiro (Plano Piloto) / DF,Letras – Tradução – Espanhol (Bacharelado),Noturno,EP_R2_NPPI,EP_R2_NPPI,True,R2,NPPI,False,1.5,-74.097,-24.363
2018-2020,1,2020,Darcy Ribeiro (Plano Piloto) / DF,Letras – Tradução – Espanhol (Bacharelado),Noturno,EP_R2_PPI,EP_R2_PPI,True,R2,PPI,False,1.5,-26.219,-26.219
2018-2020,1,2020,Darcy Ribeiro (Plano Piloto) / DF,Letras – Tradução – Francês (Bacharelado),Diurno,AC,AC,False,,,False,,-67.216,-67.216
2019-2021,2,2021,Darcy Ribeiro,Letras – Tradução – Francês (Bacharelado),Diurno,AC,AC,False,,,False,,-28.614,14.02
2020-2022,3,2022,Darcy Ribeiro (Plano Piloto) / DF,Letras – Tradução – Francês (Bacharelado),Diurno,AC,AC,False,,,False,,-75.823,8.992
2021-2023,4,2023,Darcy Ribeiro (Plano Piloto) / DF,Letras – Tradução – Francês (Bacharelado),Diurno,AC,AC,False,,,False,,-27.088,108.22
2023-2025,6,2025,Darcy Ribeiro (Plano Piloto) / DF,Letras – Tradução – Francês (Bacharelado),Diurno,AC,AC,False,,,False,,-18.595,-18.595
2018-2020,1,2020,Darcy Ribeiro (Plano Piloto) / DF,Letras – Tradução – Francês (Bacharelado),Diurno,EP_R2_PPI,EP_R2_PPI,True,R2,PPI,False,1.5,-28.725,-28.725
2018-2020,1,2020,Darcy Ribeiro (Plano Piloto) / DF,Letras – Tradução – Inglês (Bacharelado),Diurno,AC,AC,False,,,False,,-73.348,38.784
2019-2021,2,2021,Darcy Ribeiro,Letras – Tradução – Inglês (Bacharelado),Diurno,AC,AC,False,,,False,,14.876,72.134
2020-2022,3,2022,Darcy Ribeiro (Plano Piloto) / DF,Letras – Tradução – Inglês (Bacharelado),Diurno,AC,AC,False,,,False,,13.43,119.299
2021-2023,4,2023,Darcy Ribeiro (Plano Piloto) / DF,Letras – Tradução – Inglês (Bacharelado),Diurno,AC,AC,False,,,False,,-18.136,26.575
2022-2024,5,2024,Darcy Ribeiro (Plano Piloto) / DF,Letras – Tradução – Inglês (Bacharelado),Diurno,AC,AC,False,,,False,,-52.428,-20.242
2023-2025,6,2025,Darcy Ribeiro (Plano Piloto) / DF,Letras – Tradução – Inglês (Bacharelado),Diurno,AC,AC,False,,,False,,-75.983,32.724
2018-2020,1,2020,Darcy Ribeiro (Plano Piloto) / DF,Letras – Tradução – Inglês (Bacharelado),Diurno,CN,CN,False,,NEGROS,False,,-50.511,-13.166
2019-2021,2,2021,Darcy Ribeiro,Letras – Tradução – Inglês (Bacharelado),Diurno,CN,CN,False,,NEGROS,False,,-51.286,-51.286
2020-2022,3,2022,Darcy Ribeiro (Plano Piloto) / DF,Letras – Tradução – Inglês (Bacharelado),Diurno,CN,CN,False,,NEGROS,False,,-3.039,-3.039
2021-2023,4,2023,Darcy Ribeiro (Plano Piloto) / DF,Letras – Tradução – Inglês (Bacharelado),Diurno,CN,CN,False,,NEGROS,False,,8.667,8.667
2020-2022,3,2022,Darcy Ribeiro (Plano Piloto) / DF,Letras – Tradução – Inglês (Bacharelado),Diurno,EP_R1_NPPI,EP_R1_NPPI,True,R1,NPPI,False,1.5,21.242,21.242
2019-2021,2,2021,Darcy Ribeiro,Letras – Tradução – Inglês (Bacharelado),Diurno,EP_R1_PPI,EP_R1_PPI,True,R1,PPI,False,1.5,-63.398,-41.295
2020-2022,3,2022,Darcy Ribeiro (Plano Piloto) / DF,Letras – Tradução – Inglês (Bacharelado),Diurno,EP_R1_PPI,EP_R1_PPI,True,R1,PPI,False,1.5,-61.692,-35.869
2021-2023,4,2023,Darcy Ribeiro (Plano Piloto) / DF,Letras – Tradução – Inglês (Bacharelado),Diurno,EP_R1_PPI,EP_R1_PPI,True,R1,PPI,False,1.5,-50.121,-0.815
2018-2020,1,2020,Darcy Ribeiro (Plano Piloto) / DF,Letras – Tradução – Inglês (Bacharelado),Diurno,EP_R2_NPPI,EP_R2_NPPI,True,R2,NPPI,False,1.5,-66.721,14.502
2019-2021,2,2021,Darcy Ribeiro,Letras – Tradução – Inglês (Bacharelado),Diurno,EP_R2_NPPI,EP_R2_NPPI,True,R2,NPPI,False,1.5,2.798,45.052
2020-2022,3,2022,Darcy Ribeiro (Plano Piloto) / DF,Letras – Tradução – Inglês (Bacharelado),Diurno,EP_R2_NPPI,EP_R2_NPPI,True,R2,NPPI,False,1.5,2.713,2.713
2021-2023,4,2023,Darcy Ribeiro (Plano Piloto) / DF,Letras – Tradução – Inglês (Bacharelado),Diurno,EP_R2_NPPI,EP_R2_NPPI,True,R2,NPPI,False,1.5,-20.761,-20.341
2023-2025,6,2025,Darcy Ribeiro (Plano Piloto) / DF,Letras – Tradução – Inglês (Bacharelado),Diurno,EP_R2_NPPIQ,EP_R2_NPPIQ,True,R2,NPPIQ,False,1.0,-59.741,-59.741
2023-2025,6,2025,Darcy Ribeiro (Plano Piloto) / DF,Letras – Tradução – Inglês (Bacharelado),Diurno,EP_R2_NPPIQ_PCD,EP_R2_NPPIQ_PCD,True,R2,NPPIQ,True,1.0,-20.506,-20.506
2019-2021,2,2021,Darcy Ribeiro,Letras – Tradução – Inglês (Bacharelado),Diurno,EP_R2_PPI,EP_R2_PPI,True,R2,PPI,False,1.5,-34.883,-23.747
2020-2022,3,2022,Darcy Ribeiro (Plano Piloto) / DF,Letras – Tradução – Inglês (Bacharelado),Diurno,EP_R2_PPI,EP_R2_PPI,True,R2,PPI,False,1.5,-62.082,1.315
2018-2020,1,2020,Darcy Ribeiro (Plano Piloto) / DF,Línguas Estrangeiras Aplicadas (Bacharelado),Diurno,AC,AC,False,,,False,,-54.738,59.227
2019-2021,2,2021,Darcy Ribeiro,Línguas Estrangeiras Aplicadas (Bacharelado),Diurno,AC,AC,False,,,False,,-55.946,50.274
2020-2022,3,2022,Darcy Ribeiro (Plano Piloto) / DF,Línguas Estrangeiras Aplicadas (Bacharelado),Diurno,AC,AC,False,,,False,,-32.749,50.344
2021-2023,4,2023,Darcy Ribeiro (Plano Piloto) / DF,Línguas Estrangeiras Aplicadas (Bacharelado),Diurno,AC,AC,False,,,False,,-47.775,48.385
2023-2025,6,2025,Darcy Ribeiro (Plano Piloto) / DF,Línguas Estrangeiras Aplicadas (Bacharelado),Diurno,AC,AC,False,,,False,,-60.26,-0.938
2019-2021,2,2021,Darcy Ribeiro,Línguas Estrangeiras Aplicadas (Bacharelado),Diurno,CN,CN,False,,NEGROS,False,,-34.469,-34.469
2020-2022,3,2022,Darcy Ribeiro (Plano Piloto) / DF,Línguas Estrangeiras Aplicadas (Bacharelado),Diurno,CN,CN,False,,NEGROS,False,,44.585,44.585
2018-2020,1,2020,Darcy Ribeiro (Plano Piloto) / DF,Línguas Estrangeiras Aplicadas (Bacharelado),Diurno,EP_R1_NPPI,EP_R1_NPPI,True,R1,NPPI,False,1.5,-2.767,-2.767
2019-2021,2,2021,Darcy Ribeiro,Línguas Estrangeiras Aplicadas (Bacharelado),Diurno,EP_R1_NPPI,EP_R1_NPPI,True,R1,NPPI,False,1.5,47.66,47.66
2018-2020,1,2020,Darcy Ribeiro (Plano Piloto) / DF,Línguas Estrangeiras Aplicadas (Bacharelado),Diurno,EP_R1_PPI,EP_R1_PPI,True,R1,PPI,False,1.5,-25.614,-25.614
2021-2023,4,2023,Darcy Ribeiro (Plano Piloto) / DF,Línguas Estrangeiras Aplicadas (Bacharelado),Diurno,EP_R1_PPI,EP_R1_PPI,True,R1,PPI,False,1.5,-45.996,-32.916
2018-2020,1,2020,Darcy Ribeiro (Plano Piloto) / DF,Línguas Estrangeiras Aplicadas (Bacharelado),Diurno,EP_R2_NPPI,EP_R2_NPPI,True,R2,NPPI,False,1.5,-48.698,-10.814
2019-2021,2,2021,Darcy Ribeiro,Línguas Estrangeiras Aplicadas (Bacharelado),Diurno,EP_R2_NPPI,EP_R2_NPPI,True,R2,NPPI,False,1.5,-13.842,-0.945
2020-2022,3,2022,Darcy Ribeiro (Plano Piloto) / DF,Línguas Estrangeiras Aplicadas (Bacharelado),Diurno,EP_R2_NPPI,EP_R2_NPPI,True,R2,NPPI,False,1.5,-2.629,16.552
2023-2025,6,2025,Darcy Ribeiro (Plano Piloto) / DF,Línguas Estrangeiras Aplicadas (Bacharelado),Diurno,EP_R2_NPPIQ,EP_R2_NPPIQ,True,R2,NPPIQ,False,1.0,-67.757,-67.757
2019-2021,2,2021,Darcy Ribeiro,Línguas Estrangeiras Aplicadas (Bacharelado),Diurno,EP_R2_PPI,EP_R2_PPI,True,R2,PPI,False,1.5,21.416,21.416
2020-2022,3,2022,Darcy Ribeiro (Plano Piloto) / DF,Línguas Estrangeiras Aplicadas (Bacharelado),Diurno,EP_R2_PPI,EP_R2_PPI,True,R2,PPI,False,1.5,-76.629,5.904
2021-2023,4,2023,Darcy Ribeiro (Plano Piloto) / DF,Línguas Estrangeiras Aplicadas (Bacharelado),Diurno,EP_R2_PPI,EP_R2_PPI,True,R2,PPI,False,1.5,-15.779,-15.779
2018-2020,1,2020,Darcy Ribeiro (Plano Piloto) / DF,Matemática (Bacharelado/Licenciatura),Diurno,AC,AC,False,,,False,,-74.606,79.364
2019-2021,2,2021,Darcy Ribeiro,Matemática (Bacharelado/Licenciatura),Diurno,AC,AC,False,,,False,,22.51,91.155
2020-2022,3,2022,Darcy Ribeiro (Plano Piloto) / DF,Matemática (Bacharelado/Licenciatura),Diurno,AC,AC,False,,,False,,31.531,86.792
2021-2023,4,2023,Darcy Ribeiro (Plano Piloto) / DF,Matemática (Bacharelado/Licenciatura),Diurno,AC,AC,False,,,False,,-2.875,75.036
2022-2024,5,2024,Darcy Ribeiro (Plano Piloto) / DF,Matemática (Bacharelado/Licenciatura),Diurno,AC,AC,False,,,False,,-65.029,17.561
2023-2025,6,2025,Darcy Ribeiro (Plano Piloto) / DF,Matemática (Bacharelado/Licenciatura),Diurno,AC,AC,False,,,False,,-20.737,105.88
2018-2020,1,2020,Darcy Ribeiro (Plano Piloto) / DF,Matemática (Bacharelado/Licenciatura),Diurno,CN,CN,False,,NEGROS,False,,-78.171,-78.171
2020-2022,3,2022,Darcy Ribeiro (Plano Piloto) / DF,Matemática (Bacharelado/Licenciatura),Diurno,CN,CN,False,,NEGROS,False,,3.005,3.005
2021-2023,4,2023,Darcy Ribeiro (Plano Piloto) / DF,Matemática (Bacharelado/Licenciatura),Diurno,CN,CN,False,,NEGROS,False,,12.575,12.575
2023-2025,6,2025,Darcy Ribeiro (Plano Piloto) / DF,Matemática (Bacharelado/Licenciatura),Diurno,CN,CN,False,,NEGROS,False,,-31.236,-31.236
2018-2020,1,2020,Darcy Ribeiro (Plano Piloto) / DF,Matemática (Bacharelado/Licenciatura),Diurno,EP_R1_NPPI,EP_R1_NPPI,True,R1,NPPI,False,1.5,-96.948,-96.948
2019-2021,2,2021,Darcy Ribeiro,Matemática (Bacharelado/Licenciatura),Diurno,EP_R1_NPPI,EP_R1_NPPI,True,R1,NPPI,False,1.5,-51.323,-0.098
2020-2022,3,2022,Darcy Ribeiro (Plano Piloto) / DF,Matemática (Bacharelado/Licenciatura),Diurno,EP_R1_NPPI,EP_R1_NPPI,True,R1,NPPI,False,1.5,-48.661,16.087
2021-2023,4,2023,Darcy Ribeiro (Plano Piloto) / DF,Matemática (Bacharelado/Licenciatura),Diurno,EP_R1_NPPI,EP_R1_NPPI,True,R1,NPPI,False,1.5,-20.208,8.078
2018-2020,1,2020,Darcy Ribeiro (Plano Piloto) / DF,Matemática (Bacharelado/Licenciatura),Diurno,EP_R1_PPI,EP_R1_PPI,True,R1,PPI,False,1.5,-1.016,32.712
2019-2021,2,2021,Darcy Ribeiro,Matemática (Bacharelado/Licenciatura),Diurno,EP_R1_PPI,EP_R1_PPI,True,R1,PPI,False,1.5,1.929,1.929
2020-2022,3,2022,Darcy Ribeiro (Plano Piloto) / DF,Matemática (Bacharelado/Licenciatura),Diurno,EP_R1_PPI,EP_R1_PPI,True,R1,PPI,False,1.5,-64.581,-22.149
2021-2023,4,2023,Darcy Ribeiro (Plano Piloto) / DF,Matemática (Bacharelado/Licenciatura),Diurno,EP_R1_PPI,EP_R1_PPI,True,R1,PPI,False,1.5,-6.051,13.305
2018-2020,1,2020,Darcy Ribeiro (Plano Piloto) / DF,Matemática (Bacharelado/Licenciatura),Diurno,EP_R2_NPPI,EP_R2_NPPI,True,R2,NPPI,False,1.5,-42.476,6.428
2019-2021,2,2021,Darcy Ribeiro,Matemática (Bacharelado/Licenciatura),Diurno,EP_R2_NPPI,EP_R2_NPPI,True,R2,NPPI,False,1.5,40.087,40.087
2020-2022,3,2022,Darcy Ribeiro (Plano Piloto) / DF,Matemática (Bacharelado/Licenciatura),Diurno,EP_R2_NPPI,EP_R2_NPPI,True,R2,NPPI,False,1.5,14.603,14.603
2021-2023,4,2023,Darcy Ribeiro (Plano Piloto) / DF,Matemática (Bacharelado/Licenciatura),Diurno,EP_R2_NPPI,EP_R2_NPPI,True,R2,NPPI,False,1.5,18.569,18.569
2022-2024,5,2024,Darcy Ribeiro (Plano Piloto) / DF,Matemática (Bacharelado/Licenciatura),Diurno,EP_R2_NPPI,EP_R2_NPPI,True,R2,NPPI,False,1.5,-53.025,-53.025
2023-2025,6,2025,Darcy Ribeiro (Plano Piloto) / DF,Matemática (Bacharelado/Licenciatura),Diurno,EP_R2_NPPIQ,EP_R2_NPPIQ,True,R2,NPPIQ,False,1.0,-20.656,-20.656
2018-2020,1,2020,Darcy Ribeiro (Plano Piloto) / DF,Matemática (Bacharelado/Licenciatura),Diurno,EP_R2_PPI,EP_R2_PPI,True,R2,PPI,False,1.5,-54.452,-2.143
2019-2021,2,2021,Darcy Ribeiro,Matemática (Bacharelado/Licenciatura),Diurno,EP_R2_PPI,EP_R2_PPI,True,R2,PPI,False,1.5,-60.003,32.678
2020-2022,3,2022,Darcy Ribeiro (Plano Piloto) / DF,Matemática (Bacharelado/Licenciatura),Diurno,EP_R2_PPI,EP_R2_PPI,True,R2,PPI,False,1.5,-52.443,31.477
2021-2023,4,2023,Darcy Ribeiro (Plano Piloto) / DF,Matemática (Bacharelado/Licenciatura),Diurno,EP_R2_PPI,EP_R2_PPI,True,R2,PPI,False,1.5,-51.87,21.222
2023-2025,6,2025,Darcy Ribeiro (Plano Piloto) / DF,Matemática (Bacharelado/Licenciatura),Diurno,EP_R2_PPIQ,EP_R2_PPIQ,True,R2,PPIQ,False,1.0,-29.962,-29.962
2018-2020,1,2020,Darcy Ribeiro (Plano Piloto) / DF,Matemática (Licenciatura),Noturno,AC,AC,False,,,False,,-44.481,-44.481
2019-2021,2,2021,Darcy Ribeiro,Matemática (Licenciatura),Noturno,AC,AC,False,,,False,,-49.204,9.671
2020-2022,3,2022,Darcy Ribeiro (Plano Piloto) / DF,Matemática (Licenciatura),Noturno,AC,AC,False,,,False,,-50.656,42.289
2021-2023,4,2023,Darcy Ribeiro (Plano Piloto) / DF,Matemática (Licenciatura),Noturno,AC,AC,False,,,False,,-73.474,22.858
2023-2025,6,2025,Darcy Ribeiro (Plano Piloto) / DF,Matemática (Licenciatura),Noturno,AC,AC,False,,,False,,-51.641,31.378
2019-2021,2,2021,Darcy Ribeiro,Matemática (Licenciatura),Noturno,CN,CN,False,,NEGROS,False,,2.629,2.629
2021-2023,4,2023,Darcy Ribeiro (Plano Piloto) / DF,Matemática (Licenciatura),Noturno,CN,CN,False,,NEGROS,False,,43.063,43.063
2023-2025,6,2025,Darcy Ribeiro (Plano Piloto) / DF,Matemática (Licenciatura),Noturno,CN,CN,False,,NEGROS,False,,-64.383,-64.383
2019-2021,2,2021,Darcy Ribeiro,Matemática (Licenciatura),Noturno,EP_R1_PPI,EP_R1_PPI,True,R1,PPI,False,1.5,-38.182,-20.674
2020-2022,3,2022,Darcy Ribeiro (Plano Piloto) / DF,Matemática (Licenciatura),Noturno,EP_R1_PPI,EP_R1_PPI,True,R1,PPI,False,1.5,23.101,23.101
2019-2021,2,2021,Darcy Ribeiro,Matemática (Licenciatura),Noturno,EP_R2_NPPI,EP_R2_NPPI,True,R2,NPPI,False,1.5,-54.593,1.689
2019-2021,2,2021,Darcy Ribeiro,Matemática (Licenciatura),Noturno,EP_R2_PPI,EP_R2_PPI,True,R2,PPI,False,1.5,-11.475,23.132
2020-2022,3,2022,Darcy Ribeiro (Plano Piloto) / DF,Matemática (Licenciatura),Noturno,EP_R2_PPI,EP_R2_PPI,True,R2,PPI,False,1.5,-33.505,-15.931
2018-2020,1,2020,Darcy Ribeiro (Plano Piloto) / DF,Medicina (Bacharelado),Diurno,AC,AC,False,,,False,,164.861,190.742
2020-2022,3,2022,Darcy Ribeiro (Plano Piloto) / DF,Medicina (Bacharelado),Diurno,AC,AC,False,,,False,,183.5,209.07
2021-2023,4,2023,Darcy Ribeiro (Plano Piloto) / DF,Medicina (Bacharelado),Diurno,AC,AC,False,,,False,,177.881,211.738
2022-2024,5,2024,Darcy Ribeiro (Plano Piloto) / DF,Medicina (Bacharelado),Diurno,AC,AC,False,,,False,,162.424,173.057
2023-2025,6,2025,Darcy Ribeiro (Plano Piloto) / DF,Medicina (Bacharelado),Diurno,AC,AC,False,,,False,,166.75,190.334
2018-2020,1,2020,Darcy Ribeiro (Plano Piloto) / DF,Medicina (Bacharelado),Diurno,CN,CN,False,,NEGROS,False,,157.264,157.983
2020-2022,3,2022,Darcy Ribeiro (Plano Piloto) / DF,Medicina (Bacharelado),Diurno,CN,CN,False,,NEGROS,False,,94.772,94.772
2021-2023,4,2023,Darcy Ribeiro (Plano Piloto) / DF,Medicina (Bacharelado),Diurno,CN,CN,False,,NEGROS,False,,171.622,171.622
2022-2024,5,2024,Darcy Ribeiro (Plano Piloto) / DF,Medicina (Bacharelado),Diurno,CN,CN,False,,NEGROS,False,,146.826,146.826
2023-2025,6,2025,Darcy Ribeiro (Plano Piloto) / DF,Medicina (Bacharelado),Diurno,CN,CN,False,,NEGROS,False,,120.046,120.046
2018-2020,1,2020,Darcy Ribeiro (Plano Piloto) / DF,Medicina (Bacharelado),Diurno,EP_R1_NPPI,EP_R1_NPPI,True,R1,NPPI,False,1.5,93.731,117.434
2020-2022,3,2022,Darcy Ribeiro (Plano Piloto) / DF,Medicina (Bacharelado),Diurno,EP_R1_NPPI,EP_R1_NPPI,True,R1,NPPI,False,1.5,95.903,145.179
2021-2023,4,2023,Darcy Ribeiro (Plano Piloto) / DF,Medicina (Bacharelado),Diurno,EP_R1_NPPI,EP_R1_NPPI,True,R1,NPPI,False,1.5,93.632,98.249
2022-2024,5,2024,Darcy Ribeiro (Plano Piloto) / DF,Medicina (Bacharelado),Diurno,EP_R1_NPPI,EP_R1_NPPI,True,R1,NPPI,False,1.5,88.009,109.377
2023-2025,6,2025,Darcy Ribeiro (Plano Piloto) / DF,Medicina (Bacharelado),Diurno,EP_R1_NPPIQ,EP_R1_NPPIQ,True,R1,NPPIQ,False,1.0,98.649,98.649
2023-2025,6,2025,Darcy Ribeiro (Plano Piloto) / DF,Medicina (Bacharelado),Diurno,EP_R1_NPPIQ_PCD,EP_R1_NPPIQ_PCD,True,R1,NPPIQ,True,1.0,46.775,46.775
2018-2020,1,2020,Darcy Ribeiro (Plano Piloto) / DF,Medicina (Bacharelado),Diurno,EP_R1_PPI,EP_R1_PPI,True,R1,PPI,False,1.5,28.975,94.939
2019-2021,2,2021,Darcy Ribeiro,Medicina (Bacharelado),Diurno,EP_R1_PPI,EP_R1_PPI,True,R1,PPI,False,1.5,70.434,77.743
2020-2022,3,2022,Darcy Ribeiro (Plano Piloto) / DF,Medicina (Bacharelado),Diurno,EP_R1_PPI,EP_R1_PPI,True,R1,PPI,False,1.5,78.064,138.392
2021-2023,4,2023,Darcy Ribeiro (Plano Piloto) / DF,Medicina (Bacharelado),Diurno,EP_R1_PPI,EP_R1_PPI,True,R1,PPI,False,1.5,43.826,86.39
2022-2024,5,2024,Darcy Ribeiro (Plano Piloto) / DF,Medicina (Bacharelado),Diurno,EP_R1_PPI,EP_R1_PPI,True,R1,PPI,False,1.5,55.923,61.257
2023-2025,6,2025,Darcy Ribeiro (Plano Piloto) / DF,Medicina (Bacharelado),Diurno,EP_R1_PPIQ,EP_R1_PPIQ,True,R1,PPIQ,False,1.0,81.446,96.795
2018-2020,1,2020,Darcy Ribeiro (Plano Piloto) / DF,Medicina (Bacharelado),Diurno,EP_R1_PPI_PCD,EP_R1_PPI_PCD,True,R1,PPI,True,1.5,-40.024,-40.024
2019-2021,2,2021,Darcy Ribeiro,Medicina (Bacharelado),Diurno,EP_R1_PPI_PCD,EP_R1_PPI_PCD,True,R1,PPI,True,1.5,-6.687,-6.687
2018-2020,1,2020,Darcy Ribeiro (Plano Piloto) / DF,Medicina (Bacharelado),Diurno,EP_R2_NPPI,EP_R2_NPPI,True,R2,NPPI,False,1.5,137.999,190.592
2020-2022,3,2022,Darcy Ribeiro (Plano Piloto) / DF,Medicina (Bacharelado),Diurno,EP_R2_NPPI,EP_R2_NPPI,True,R2,NPPI,False,1.5,152.542,173.16
2021-2023,4,2023,Darcy Ribeiro (Plano Piloto) / DF,Medicina (Bacharelado),Diurno,EP_R2_NPPI,EP_R2_NPPI,True,R2,NPPI,False,1.5,175.472,175.472
2022-2024,5,2024,Darcy Ribeiro (Plano Piloto) / DF,Medicina (Bacharelado),Diurno,EP_R2_NPPI,EP_R2_NPPI,True,R2,NPPI,False,1.5,155.1,155.1
2023-2025,6,2025,Darcy Ribeiro (Plano Piloto) / DF,Medicina (Bacharelado),Diurno,EP_R2_NPPIQ,EP_R2_NPPIQ,True,R2,NPPIQ,False,1.0,162.281,162.281
2023-2025,6,2025,Darcy Ribeiro (Plano Piloto) / DF,Medicina (Bacharelado),Diurno,EP_R2_NPPIQ_PCD,EP_R2_NPPIQ_PCD,True,R2,NPPIQ,True,1.0,103.215,103.215
2021-2023,4,2023,Darcy Ribeiro (Plano Piloto) / DF,Medicina (Bacharelado),Diurno,EP_R2_NPPI_PCD,EP_R2_NPPI_PCD,True,R2,NPPI,True,1.5,107.509,107.509
2018-2020,1,2020,Darcy Ribeiro (Plano Piloto) / DF,Medicina (Bacharelado),Diurno,EP_R2_PPI,EP_R2_PPI,True,R2,PPI,False,1.5,101.453,124.97
2020-2022,3,2022,Darcy Ribeiro (Plano Piloto) / DF,Medicina (Bacharelado),Diurno,EP_R2_PPI,EP_R2_PPI,True,R2,PPI,False,1.5,101.507,113.527
2021-2023,4,2023,Darcy Ribeiro (Plano Piloto) / DF,Medicina (Bacharelado),Diurno,EP_R2_PPI,EP_R2_PPI,True,R2,PPI,False,1.5,107.578,134.438
2022-2024,5,2024,Darcy Ribeiro (Plano Piloto) / DF,Medicina (Bacharelado),Diurno,EP_R2_PPI,EP_R2_PPI,True,R2,PPI,False,1.5,78.632,98.015
2023-2025,6,2025,Darcy Ribeiro (Plano Piloto) / DF,Medicina (Bacharelado),Diurno,EP_R2_PPIQ,EP_R2_PPIQ,True,R2,PPIQ,False,1.0,115.802,119.954
2023-2025,6,2025,Darcy Ribeiro (Plano Piloto) / DF,Medicina (Bacharelado),Diurno,EP_R2_PPIQ_PCD,EP_R2_PPIQ_PCD,True,R2,PPIQ,True,1.0,-27.585,-2.377
2018-2020,1,2020,Darcy Ribeiro (Plano Piloto) / DF,Medicina Veterinária (Bacharelado),Diurno,AC,AC,False,,,False,,50.187,118.151
2019-2021,2,2021,Darcy Ribeiro,Medicina Veterinária (Bacharelado),Diurno,AC,AC,False,,,False,,82.802,
2020-2022,3,2022,Darcy Ribeiro (Plano Piloto) / DF,Medicina Veterinária (Bacharelado),Diurno,AC,AC,False,,,False,,68.525,134.95
2021-2023,4,2023,Darcy Ribeiro (Plano Piloto) / DF,Medicina Veterinária (Bacharelado),Diurno,AC,AC,False,,,False,,93.664,127.484
2022-2024,5,2024,Darcy Ribeiro (Plano Piloto) / DF,Medicina Veterinária (Bacharelado),Diurno,AC,AC,False,,,False,,52.582,63.333
2023-2025,6,2025,Darcy Ribeiro (Plano Piloto) / DF,Medicina Veterinária (Bacharelado),Diurno,AC,AC,False,,,False,,66.643,99.685
2018-2020,1,2020,Darcy Ribeiro (Plano Piloto) / DF,Medicina Veterinária (Bacharelado),Diurno,CN,CN,False,,NEGROS,False,,47.566,86.323
2019-2021,2,2021,Darcy Ribeiro,Medicina Veterinária (Bacharelado),Diurno,CN,CN,False,,NEGROS,False,,68.27,68.27
2020-2022,3,2022,Darcy Ribeiro (Plano Piloto) / DF,Medicina Veterinária (Bacharelado),Diurno,CN,CN,False,,NEGROS,False,,10.471,10.471
2021-2023,4,2023,Darcy Ribeiro (Plano Piloto) / DF,Medicina Veterinária (Bacharelado),Diurno,CN,CN,False,,NEGROS,False,,73.643,73.643
2022-2024,5,2024,Darcy Ribeiro (Plano Piloto) / DF,Medicina Veterinária (Bacharelado),Diurno,CN,CN,False,,NEGROS,False,,47.188,47.188
2023-2025,6,2025,Darcy Ribeiro (Plano Piloto) / DF,Medicina Veterinária (Bacharelado),Diurno,CN,CN,False,,NEGROS,False,,55.857,55.857
2018-2020,1,2020,Darcy Ribeiro (Plano Piloto) / DF,Medicina Veterinária (Bacharelado),Diurno,EP_R1_NPPI,EP_R1_NPPI,True,R1,NPPI,False,1.5,22.149,44.794
2019-2021,2,2021,Darcy Ribeiro,Medicina Veterinária (Bacharelado),Diurno,EP_R1_NPPI,EP_R1_NPPI,True,R1,NPPI,False,1.5,7.066,34.654
2020-2022,3,2022,Darcy Ribeiro (Plano Piloto) / DF,Medicina Veterinária (Bacharelado),Diurno,EP_R1_NPPI,EP_R1_NPPI,True,R1,NPPI,False,1.5,-58.651,18.192
2021-2023,4,2023,Darcy Ribeiro (Plano Piloto) / DF,Medicina Veterinária (Bacharelado),Diurno,EP_R1_NPPI,EP_R1_NPPI,True,R1,NPPI,False,1.5,20.167,56.233
2022-2024,5,2024,Darcy Ribeiro (Plano Piloto) / DF,Medicina Veterinária (Bacharelado),Diurno,EP_R1_NPPI,EP_R1_NPPI,True,R1,NPPI,False,1.5,-2.808,16.671
2023-2025,6,2025,Darcy Ribeiro (Plano Piloto) / DF,Medicina Veterinária (Bacharelado),Diurno,EP_R1_NPPIQ,EP_R1_NPPIQ,True,R1,NPPIQ,False,1.0,-18.653,20.35
2018-2020,1,2020,Darcy Ribeiro (Plano Piloto) / DF,Medicina Veterinária (Bacharelado),Diurno,EP_R1_PPI,EP_R1_PPI,True,R1,PPI,False,1.5,-20.268,43.442
2019-2021,2,2021,Darcy Ribeiro,Medicina Veterinária (Bacharelado),Diurno,EP_R1_PPI,EP_R1_PPI,True,R1,PPI,False,1.5,9.779,22.881
2020-2022,3,2022,Darcy Ribeiro (Plano Piloto) / DF,Medicina Veterinária (Bacharelado),Diurno,EP_R1_PPI,EP_R1_PPI,True,R1,PPI,False,1.5,-40.671,36.125
2021-2023,4,2023,Darcy Ribeiro (Plano Piloto) / DF,Medicina Veterinária (Bacharelado),Diurno,EP_R1_PPI,EP_R1_PPI,True,R1,PPI,False,1.5,-33.589,27.235
2023-2025,6,2025,Darcy Ribeiro (Plano Piloto) / DF,Medicina Veterinária (Bacharelado),Diurno,EP_R1_PPIQ,EP_R1_PPIQ,True,R1,PPIQ,False,1.0,-40.556,10.004
2018-2020,1,2020,Darcy Ribeiro (Plano Piloto) / DF,Medicina Veterinária (Bacharelado),Diurno,EP_R2_NPPI,EP_R2_NPPI,True,R2,NPPI,False,1.5,20.855,70.061
2019-2021,2,2021,Darcy Ribeiro,Medicina Veterinária (Bacharelado),Diurno,EP_R2_NPPI,EP_R2_NPPI,True,R2,NPPI,False,1.5,50.944,54.202
2020-2022,3,2022,Darcy Ribeiro (Plano Piloto) / DF,Medicina Veterinária (Bacharelado),Diurno,EP_R2_NPPI,EP_R2_NPPI,True,R2,NPPI,False,1.5,60.933,67.731
2021-2023,4,2023,Darcy Ribeiro (Plano Piloto) / DF,Medicina Veterinária (Bacharelado),Diurno,EP_R2_NPPI,EP_R2_NPPI,True,R2,NPPI,False,1.5,49.328,58.293
2022-2024,5,2024,Darcy Ribeiro (Plano Piloto) / DF,Medicina Veterinária (Bacharelado),Diurno,EP_R2_NPPI,EP_R2_NPPI,True,R2,NPPI,False,1.5,37.329,41.765
2023-2025,6,2025,Darcy Ribeiro (Plano Piloto) / DF,Medicina Veterinária (Bacharelado),Diurno,EP_R2_NPPIQ,EP_R2_NPPIQ,True,R2,NPPIQ,False,1.0,53.433,53.433
2023-2025,6,2025,Darcy Ribeiro (Plano Piloto) / DF,Medicina Veterinária (Bacharelado),Diurno,EP_R2_NPPIQ_PCD,EP_R2_NPPIQ_PCD,True,R2,NPPIQ,True,1.0,-34.547,-34.547
2018-2020,1,2020,Darcy Ribeiro (Plano Piloto) / DF,Medicina Veterinária (Bacharelado),Diurno,EP_R2_PPI,EP_R2_PPI,True,R2,PPI,False,1.5,5.198,25.608
2019-2021,2,2021,Darcy Ribeiro,Medicina Veterinária (Bacharelado),Diurno,EP_R2_PPI,EP_R2_PPI,True,R2,PPI,False,1.5,60.745,65.444
2020-2022,3,2022,Darcy Ribeiro (Plano Piloto) / DF,Medicina Veterinária (Bacharelado),Diurno,EP_R2_PPI,EP_R2_PPI,True,R2,PPI,False,1.5,35.451,48.048
2021-2023,4,2023,Darcy Ribeiro (Plano Piloto) / DF,Medicina Veterinária (Bacharelado),Diurno,EP_R2_PPI,EP_R2_PPI,True,R2,PPI,False,1.5,16.694,78.776
2022-2024,5,2024,Darcy Ribeiro (Plano Piloto) / DF,Medicina Veterinária (Bacharelado),Diurno,EP_R2_PPI,EP_R2_PPI,True,R2,PPI,False,1.5,-62.784,-29.375
2023-2025,6,2025,Darcy Ribeiro (Plano Piloto) / DF,Medicina Veterinária (Bacharelado),Diurno,EP_R2_PPIQ,EP_R2_PPIQ,True,R2,PPIQ,False,1.0,11.522,23.973
2018-2020,1,2020,Darcy Ribeiro (Plano Piloto) / DF,Museologia (Bacharelado),Diurno,AC,AC,False,,,False,,-63.96,42.048
2019-2021,2,2021,Darcy Ribeiro,Museologia (Bacharelado),Diurno,AC,AC,False,,,False,,-69.548,21.708
2020-2022,3,2022,Darcy Ribeiro (Plano Piloto) / DF,Museologia (Bacharelado),Diurno,AC,AC,False,,,False,,-45.669,38.698
2021-2023,4,2023,Darcy Ribeiro (Plano Piloto) / DF,Museologia (Bacharelado),Diurno,AC,AC,False,,,False,,-59.957,11.393
2023-2025,6,2025,Darcy Ribeiro (Plano Piloto) / DF,Museologia (Bacharelado),Diurno,AC,AC,False,,,False,,-79.405,19.145
2018-2020,1,2020,Darcy Ribeiro (Plano Piloto) / DF,Museologia (Bacharelado),Diurno,CN,CN,False,,NEGROS,False,,-68.311,-68.311
2019-2021,2,2021,Darcy Ribeiro,Museologia (Bacharelado),Diurno,CN,CN,False,,NEGROS,False,,-59.2,-59.2
2021-2023,4,2023,Darcy Ribeiro (Plano Piloto) / DF,Museologia (Bacharelado),Diurno,CN,CN,False,,NEGROS,False,,-38.902,-38.902
2018-2020,1,2020,Darcy Ribeiro (Plano Piloto) / DF,Museologia (Bacharelado),Diurno,EP_R1_NPPI,EP_R1_NPPI,True,R1,NPPI,False,1.5,-54.777,-54.777
2018-2020,1,2020,Darcy Ribeiro (Plano Piloto) / DF,Museologia (Bacharelado),Diurno,EP_R2_NPPI,EP_R2_NPPI,True,R2,NPPI,False,1.5,-86.04,-63.772
2019-2021,2,2021,Darcy Ribeiro,Museologia (Bacharelado),Diurno,EP_R2_NPPI,EP_R2_NPPI,True,R2,NPPI,False,1.5,-83.171,-5.934
2019-2021,2,2021,Darcy Ribeiro,Museologia (Bacharelado),Diurno,EP_R2_PPI,EP_R2_PPI,True,R2,PPI,False,1.5,-51.807,-48.412
2020-2022,3,2022,Darcy Ribeiro (Plano Piloto) / DF,Museologia (Bacharelado),Diurno,EP_R2_PPI,EP_R2_PPI,True,R2,PPI,False,1.5,-75.472,-75.472
2018-2020,1,2020,Darcy Ribeiro (Plano Piloto) / DF,Música (Bacharelado),Diurno,AC,AC,False,,,False,,-29.764,-29.764
2020-2022,3,2022,Darcy Ribeiro (Plano Piloto) / DF,Música (Bacharelado),Diurno,AC,AC,False,,,False,,7.205,35.375
2021-2023,4,2023,Darcy Ribeiro (Plano Piloto) / DF,Música (Bacharelado),Diurno,AC,AC,False,,,False,,-23.394,46.282
2023-2025,6,2025,Darcy Ribeiro (Plano Piloto) / DF,Música (Bacharelado),Diurno,AC,AC,False,,,False,,-2.409,65.653
2018-2020,1,2020,Darcy Ribeiro (Plano Piloto) / DF,Música (Licenciatura),Diurno,AC,AC,False,,,False,,-66.315,-66.315
2019-2021,2,2021,Darcy Ribeiro,Música (Licenciatura),Diurno,AC,AC,False,,,False,,-52.883,59.144
2020-2022,3,2022,Darcy Ribeiro (Plano Piloto) / DF,Música (Licenciatura),Diurno,AC,AC,False,,,False,,-65.044,-27.39
2021-2023,4,2023,Darcy Ribeiro (Plano Piloto) / DF,Música (Licenciatura),Diurno,AC,AC,False,,,False,,-41.36,25.412
2023-2025,6,2025,Darcy Ribeiro (Plano Piloto) / DF,Música (Licenciatura),Diurno,AC,AC,False,,,False,,-15.971,132.273
2019-2021,2,2021,Darcy Ribeiro,Música (Licenciatura),Diurno,EP_R1_NPPI,EP_R1_NPPI,True,R1,NPPI,False,1.5,13.326,13.326
2021-2023,4,2023,Darcy Ribeiro (Plano Piloto) / DF,Música (Licenciatura),Diurno,EP_R1_NPPI,EP_R1_NPPI,True,R1,NPPI,False,1.5,-69.94,-69.94
2019-2021,2,2021,Darcy Ribeiro,Música (Licenciatura),Noturno,EP_R2_NPPI,EP_R2_NPPI,True,R2,NPPI,False,1.5,17.12,17.12
2020-2022,3,2022,Darcy Ribeiro (Plano Piloto) / DF,Música (Licenciatura),Diurno,EP_R2_NPPI,EP_R2_NPPI,True,R2,NPPI,False,1.5,-0.727,-0.727
2021-2023,4,2023,Darcy Ribeiro (Plano Piloto) / DF,Música (Licenciatura),Diurno,EP_R2_NPPI,EP_R2_NPPI,True,R2,NPPI,False,1.5,30.345,41.995
2021-2023,4,2023,Darcy Ribeiro (Plano Piloto) / DF,Música (Licenciatura),Diurno,EP_R2_PPI,EP_R2_PPI,True,R2,PPI,False,1.5,-64.024,-64.024
2018-2020,1,2020,Darcy Ribeiro (Plano Piloto) / DF,Nutrição (Bacharelado),Diurno,AC,AC,False,,,False,,26.002,130.595
2019-2021,2,2021,Darcy Ribeiro,Nutrição (Bacharelado),Diurno,AC,AC,False,,,False,,64.371,93.954
2020-2022,3,2022,Darcy Ribeiro (Plano Piloto) / DF,Nutrição (Bacharelado),Diurno,AC,AC,False,,,False,,59.022,91.433
2021-2023,4,2023,Darcy Ribeiro (Plano Piloto) / DF,Nutrição (Bacharelado),Diurno,AC,AC,False,,,False,,66.13,101.845
2022-2024,5,2024,Darcy Ribeiro (Plano Piloto) / DF,Nutrição (Bacharelado),Diurno,AC,AC,False,,,False,,41.989,56.753
2023-2025,6,2025,Darcy Ribeiro (Plano Piloto) / DF,Nutrição (Bacharelado),Diurno,AC,AC,False,,,False,,70.097,99.32
2018-2020,1,2020,Darcy Ribeiro (Plano Piloto) / DF,Nutrição (Bacharelado),Diurno,CN,CN,False,,NEGROS,False,,3.338,26.599
2019-2021,2,2021,Darcy Ribeiro,Nutrição (Bacharelado),Diurno,CN,CN,False,,NEGROS,False,,27.706,27.706
2020-2022,3,2022,Darcy Ribeiro (Plano Piloto) / DF,Nutrição (Bacharelado),Diurno,CN,CN,False,,NEGROS,False,,12.194,12.194
2021-2023,4,2023,Darcy Ribeiro (Plano Piloto) / DF,Nutrição (Bacharelado),Diurno,CN,CN,False,,NEGROS,False,,31.75,31.75
2022-2024,5,2024,Darcy Ribeiro (Plano Piloto) / DF,Nutrição (Bacharelado),Diurno,CN,CN,False,,NEGROS,False,,-9.709,-9.709
2023-2025,6,2025,Darcy Ribeiro (Plano Piloto) / DF,Nutrição (Bacharelado),Diurno,CN,CN,False,,NEGROS,False,,50.784,50.784
2018-2020,1,2020,Darcy Ribeiro (Plano Piloto) / DF,Nutrição (Bacharelado),Diurno,EP_R1_NPPI,EP_R1_NPPI,True,R1,NPPI,False,1.5,-16.923,-11.802
2019-2021,2,2021,Darcy Ribeiro,Nutrição (Bacharelado),Diurno,EP_R1_NPPI,EP_R1_NPPI,True,R1,NPPI,False,1.5,18.954,18.954
2020-2022,3,2022,Darcy Ribeiro (Plano Piloto) / DF,Nutrição (Bacharelado),Diurno,EP_R1_NPPI,EP_R1_NPPI,True,R1,NPPI,False,1.5,15.01,15.01
2021-2023,4,2023,Darcy Ribeiro (Plano Piloto) / DF,Nutrição (Bacharelado),Diurno,EP_R1_NPPI,EP_R1_NPPI,True,R1,NPPI,False,1.5,3.444,3.444
2022-2024,5,2024,Darcy Ribeiro (Plano Piloto) / DF,Nutrição (Bacharelado),Diurno,EP_R1_NPPI,EP_R1_NPPI,True,R1,NPPI,False,1.5,4.712,4.712
2023-2025,6,2025,Darcy Ribeiro (Plano Piloto) / DF,Nutrição (Bacharelado),Diurno,EP_R1_NPPIQ,EP_R1_NPPIQ,True,R1,NPPIQ,False,1.0,-26.223,13.911
2018-2020,1,2020,Darcy Ribeiro (Plano Piloto) / DF,Nutrição (Bacharelado),Diurno,EP_R1_PPI,EP_R1_PPI,True,R1,PPI,False,1.5,-65.619,-1.114
2019-2021,2,2021,Darcy Ribeiro,Nutrição (Bacharelado),Diurno,EP_R1_PPI,EP_R1_PPI,True,R1,PPI,False,1.5,-47.36,22.813
2020-2022,3,2022,Darcy Ribeiro (Plano Piloto) / DF,Nutrição (Bacharelado),Diurno,EP_R1_PPI,EP_R1_PPI,True,R1,PPI,False,1.5,-31.108,1.452
2021-2023,4,2023,Darcy Ribeiro (Plano Piloto) / DF,Nutrição (Bacharelado),Diurno,EP_R1_PPI,EP_R1_PPI,True,R1,PPI,False,1.5,-25.597,3.043
2023-2025,6,2025,Darcy Ribeiro (Plano Piloto) / DF,Nutrição (Bacharelado),Diurno,EP_R1_PPIQ,EP_R1_PPIQ,True,R1,PPIQ,False,1.0,-31.894,-31.894
2018-2020,1,2020,Darcy Ribeiro (Plano Piloto) / DF,Nutrição (Bacharelado),Diurno,EP_R2_NPPI,EP_R2_NPPI,True,R2,NPPI,False,1.5,41.689,53.407
2019-2021,2,2021,Darcy Ribeiro,Nutrição (Bacharelado),Diurno,EP_R2_NPPI,EP_R2_NPPI,True,R2,NPPI,False,1.5,48.358,48.358
2020-2022,3,2022,Darcy Ribeiro (Plano Piloto) / DF,Nutrição (Bacharelado),Diurno,EP_R2_NPPI,EP_R2_NPPI,True,R2,NPPI,False,1.5,79.99,79.99
2021-2023,4,2023,Darcy Ribeiro (Plano Piloto) / DF,Nutrição (Bacharelado),Diurno,EP_R2_NPPI,EP_R2_NPPI,True,R2,NPPI,False,1.5,24.985,24.985
2022-2024,5,2024,Darcy Ribeiro (Plano Piloto) / DF,Nutrição (Bacharelado),Diurno,EP_R2_NPPI,EP_R2_NPPI,True,R2,NPPI,False,1.5,3.412,36.899
2023-2025,6,2025,Darcy Ribeiro (Plano Piloto) / DF,Nutrição (Bacharelado),Diurno,EP_R2_NPPIQ,EP_R2_NPPIQ,True,R2,NPPIQ,False,1.0,31.534,31.534
2018-2020,1,2020,Darcy Ribeiro (Plano Piloto) / DF,Nutrição (Bacharelado),Diurno,EP_R2_PPI,EP_R2_PPI,True,R2,PPI,False,1.5,-6.959,42.128
2019-2021,2,2021,Darcy Ribeiro,Nutrição (Bacharelado),Diurno,EP_R2_PPI,EP_R2_PPI,True,R2,PPI,False,1.5,-13.868,14.264
2020-2022,3,2022,Darcy Ribeiro (Plano Piloto) / DF,Nutrição (Bacharelado),Diurno,EP_R2_PPI,EP_R2_PPI,True,R2,PPI,False,1.5,-5.548,45.193
2021-2023,4,2023,Darcy Ribeiro (Plano Piloto) / DF,Nutrição (Bacharelado),Diurno,EP_R2_PPI,EP_R2_PPI,True,R2,PPI,False,1.5,-29.919,47.747
2022-2024,5,2024,Darcy Ribeiro (Plano Piloto) / DF,Nutrição (Bacharelado),Diurno,EP_R2_PPI,EP_R2_PPI,True,R2,PPI,False,1.5,-67.72,-67.72
2023-2025,6,2025,Darcy Ribeiro (Plano Piloto) / DF,Nutrição (Bacharelado),Diurno,EP_R2_PPIQ,EP_R2_PPIQ,True,R2,PPIQ,False,1.0,-7.668,10.936
2018-2020,1,2020,Darcy Ribeiro (Plano Piloto) / DF,Odontologia (Bacharelado),Diurno,AC,AC,False,,,False,,49.534,136.8
2019-2021,2,2021,Darcy Ribeiro,Odontologia (Bacharelado),Diurno,AC,AC,False,,,False,,81.777,
2020-2022,3,2022,Darcy Ribeiro (Plano Piloto) / DF,Odontologia (Bacharelado),Diurno,AC,AC,False,,,False,,97.52,129.466
2021-2023,4,2023,Darcy Ribeiro (Plano Piloto) / DF,Odontologia (Bacharelado),Diurno,AC,AC,False,,,False,,90.466,104.035
2022-2024,5,2024,Darcy Ribeiro (Plano Piloto) / DF,Odontologia (Bacharelado),Diurno,AC,AC,False,,,False,,59.352,71.127
2023-2025,6,2025,Darcy Ribeiro (Plano Piloto) / DF,Odontologia (Bacharelado),Diurno,AC,AC,False,,,False,,91.436,127.254
2018-2020,1,2020,Darcy Ribeiro (Plano Piloto) / DF,Odontologia (Bacharelado),Diurno,CN,CN,False,,NEGROS,False,,78.514,98.713
2019-2021,2,2021,Darcy Ribeiro,Odontologia (Bacharelado),Diurno,CN,CN,False,,NEGROS,False,,71.784,71.784
2020-2022,3,2022,Darcy Ribeiro (Plano Piloto) / DF,Odontologia (Bacharelado),Diurno,CN,CN,False,,NEGROS,False,,25.114,25.114
2021-2023,4,2023,Darcy Ribeiro (Plano Piloto) / DF,Odontologia (Bacharelado),Diurno,CN,CN,False,,NEGROS,False,,34.282,34.282
2022-2024,5,2024,Darcy Ribeiro (Plano Piloto) / DF,Odontologia (Bacharelado),Diurno,CN,CN,False,,NEGROS,False,,9.216,9.216
2023-2025,6,2025,Darcy Ribeiro (Plano Piloto) / DF,Odontologia (Bacharelado),Diurno,CN,CN,False,,NEGROS,False,,55.21,55.21
2018-2020,1,2020,Darcy Ribeiro (Plano Piloto) / DF,Odontologia (Bacharelado),Diurno,EP_R1_NPPI,EP_R1_NPPI,True,R1,NPPI,False,1.5,21.849,57.888
2019-2021,2,2021,Darcy Ribeiro,Odontologia (Bacharelado),Diurno,EP_R1_NPPI,EP_R1_NPPI,True,R1,NPPI,False,1.5,19.788,19.788
2020-2022,3,2022,Darcy Ribeiro (Plano Piloto) / DF,Odontologia (Bacharelado),Diurno,EP_R1_NPPI,EP_R1_NPPI,True,R1,NPPI,False,1.5,69.514,69.514
2021-2023,4,2023,Darcy Ribeiro (Plano Piloto) / DF,Odontologia (Bacharelado),Diurno,EP_R1_NPPI,EP_R1_NPPI,True,R1,NPPI,False,1.5,51.88,51.88
2022-2024,5,2024,Darcy Ribeiro (Plano Piloto) / DF,Odontologia (Bacharelado),Diurno,EP_R1_NPPI,EP_R1_NPPI,True,R1,NPPI,False,1.5,11.177,11.177
2023-2025,6,2025,Darcy Ribeiro (Plano Piloto) / DF,Odontologia (Bacharelado),Diurno,EP_R1_NPPIQ,EP_R1_NPPIQ,True,R1,NPPIQ,False,1.0,-36.853,-34.533
2018-2020,1,2020,Darcy Ribeiro (Plano Piloto) / DF,Odontologia (Bacharelado),Diurno,EP_R1_PPI,EP_R1_PPI,True,R1,PPI,False,1.5,-48.765,42.043
2019-2021,2,2021,Darcy Ribeiro,Odontologia (Bacharelado),Diurno,EP_R1_PPI,EP_R1_PPI,True,R1,PPI,False,1.5,16.771,54.234
2020-2022,3,2022,Darcy Ribeiro (Plano Piloto) / DF,Odontologia (Bacharelado),Diurno,EP_R1_PPI,EP_R1_PPI,True,R1,PPI,False,1.5,-50.524,21.783
2021-2023,4,2023,Darcy Ribeiro (Plano Piloto) / DF,Odontologia (Bacharelado),Diurno,EP_R1_PPI,EP_R1_PPI,True,R1,PPI,False,1.5,-2.387,50.584
2023-2025,6,2025,Darcy Ribeiro (Plano Piloto) / DF,Odontologia (Bacharelado),Diurno,EP_R1_PPIQ,EP_R1_PPIQ,True,R1,PPIQ,False,1.0,-62.296,-47.773
2018-2020,1,2020,Darcy Ribeiro (Plano Piloto) / DF,Odontologia (Bacharelado),Diurno,EP_R2_NPPI,EP_R2_NPPI,True,R2,NPPI,False,1.5,30.482,58.714
2019-2021,2,2021,Darcy Ribeiro,Odontologia (Bacharelado),Diurno,EP_R2_NPPI,EP_R2_NPPI,True,R2,NPPI,False,1.5,66.216,66.216
2020-2022,3,2022,Darcy Ribeiro (Plano Piloto) / DF,Odontologia (Bacharelado),Diurno,EP_R2_NPPI,EP_R2_NPPI,True,R2,NPPI,False,1.5,78.645,78.645
2021-2023,4,2023,Darcy Ribeiro (Plano Piloto) / DF,Odontologia (Bacharelado),Diurno,EP_R2_NPPI,EP_R2_NPPI,True,R2,NPPI,False,1.5,113.007,113.007
2022-2024,5,2024,Darcy Ribeiro (Plano Piloto) / DF,Odontologia (Bacharelado),Diurno,EP_R2_NPPI,EP_R2_NPPI,True,R2,NPPI,False,1.5,35.47,36.069
2023-2025,6,2025,Darcy Ribeiro (Plano Piloto) / DF,Odontologia (Bacharelado),Diurno,EP_R2_NPPIQ,EP_R2_NPPIQ,True,R2,NPPIQ,False,1.0,84.068,84.068
2018-2020,1,2020,Darcy Ribeiro (Plano Piloto) / DF,Odontologia (Bacharelado),Diurno,EP_R2_PPI,EP_R2_PPI,True,R2,PPI,False,1.5,29.357,66.986
2019-2021,2,2021,Darcy Ribeiro,Odontologia (Bacharelado),Diurno,EP_R2_PPI,EP_R2_PPI,True,R2,PPI,False,1.5,41.185,97.122
2020-2022,3,2022,Darcy Ribeiro (Plano Piloto) / DF,Odontologia (Bacharelado),Diurno,EP_R2_PPI,EP_R2_PPI,True,R2,PPI,False,1.5,50.089,81.807
2021-2023,4,2023,Darcy Ribeiro (Plano Piloto) / DF,Odontologia (Bacharelado),Diurno,EP_R2_PPI,EP_R2_PPI,True,R2,PPI,False,1.5,-20.934,0.839
2022-2024,5,2024,Darcy Ribeiro (Plano Piloto) / DF,Odontologia (Bacharelado),Diurno,EP_R2_PPI,EP_R2_PPI,True,R2,PPI,False,1.5,-50.627,2.933
2023-2025,6,2025,Darcy Ribeiro (Plano Piloto) / DF,Odontologia (Bacharelado),Diurno,EP_R2_PPIQ,EP_R2_PPIQ,True,R2,PPIQ,False,1.0,-28.308,0.733
2018-2020,1,2020,Darcy Ribeiro (Plano Piloto) / DF,Pedagogia (Licenciatura),Diurno,AC,AC,False,,,False,,-65.666,20.859
2018-2020,1,2020,Darcy Ribeiro (Plano Piloto) / DF,Pedagogia (Licenciatura),Noturno,AC,AC,False,,,False,,-98.292,-22.179
2019-2021,2,2021,Darcy Ribeiro,Pedagogia (Licenciatura),Diurno,AC,AC,False,,,False,,-20.971,44.375
2019-2021,2,2021,Darcy Ribeiro,Pedagogia (Licenciatura),Noturno,AC,AC,False,,,False,,-58.685,-3.162
2020-2022,3,2022,Darcy Ribeiro (Plano Piloto) / DF,Pedagogia (Licenciatura),Diurno,AC,AC,False,,,False,,-9.961,56.526
2020-2022,3,2022,Darcy Ribeiro (Plano Piloto) / DF,Pedagogia (Licenciatura),Noturno,AC,AC,False,,,False,,-82.573,9.451
2021-2023,4,2023,Darcy Ribeiro (Plano Piloto) / DF,Pedagogia (Licenciatura),Diurno,AC,AC,False,,,False,,-10.802,60.661
2021-2023,4,2023,Darcy Ribeiro (Plano Piloto) / DF,Pedagogia (Licenciatura),Noturno,AC,AC,False,,,False,,-59.858,5.534
2022-2024,5,2024,Darcy Ribeiro (Plano Piloto) / DF,Pedagogia (Licenciatura),Diurno,AC,AC,False,,,False,,-71.523,-19.368
2023-2025,6,2025,Darcy Ribeiro (Plano Piloto) / DF,Pedagogia (Licenciatura),Diurno,AC,AC,False,,,False,,-4.674,65.014
2023-2025,6,2025,Darcy Ribeiro (Plano Piloto) / DF,Pedagogia (Licenciatura),Noturno,AC,AC,False,,,False,,-24.607,-8.018
2018-2020,1,2020,Darcy Ribeiro (Plano Piloto) / DF,Pedagogia (Licenciatura),Diurno,CN,CN,False,,NEGROS,False,,-89.114,7.463
2018-2020,1,2020,Darcy Ribeiro (Plano Piloto) / DF,Pedagogia (Licenciatura),Noturno,CN,CN,False,,NEGROS,False,,-24.934,-16.109
2019-2021,2,2021,Darcy Ribeiro,Pedagogia (Licenciatura),Diurno,CN,CN,False,,NEGROS,False,,-15.759,-9.929
2019-2021,2,2021,Darcy Ribeiro,Pedagogia (Licenciatura),Noturno,CN,CN,False,,NEGROS,False,,17.691,17.691
2020-2022,3,2022,Darcy Ribeiro (Plano Piloto) / DF,Pedagogia (Licenciatura),Diurno,CN,CN,False,,NEGROS,False,,-41.983,17.019
2020-2022,3,2022,Darcy Ribeiro (Plano Piloto) / DF,Pedagogia (Licenciatura),Noturno,CN,CN,False,,NEGROS,False,,-8.815,-8.815
2021-2023,4,2023,Darcy Ribeiro (Plano Piloto) / DF,Pedagogia (Licenciatura),Diurno,CN,CN,False,,NEGROS,False,,0.572,9.731
2021-2023,4,2023,Darcy Ribeiro (Plano Piloto) / DF,Pedagogia (Licenciatura),Noturno,CN,CN,False,,NEGROS,False,,-52.111,-52.111
2023-2025,6,2025,Darcy Ribeiro (Plano Piloto) / DF,Pedagogia (Licenciatura),Diurno,CN,CN,False,,NEGROS,False,,-26.747,-22.22
2023-2025,6,2025,Darcy Ribeiro (Plano Piloto) / DF,Pedagogia (Licenciatura),Noturno,CN,CN,False,,NEGROS,False,,-25.37,-25.37
2018-2020,1,2020,Darcy Ribeiro (Plano Piloto) / DF,Pedagogia (Licenciatura),Diurno,EP_R1_NPPI,EP_R1_NPPI,True,R1,NPPI,False,1.5,-78.056,3.175
2018-2020,1,2020,Darcy Ribeiro (Plano Piloto) / DF,Pedagogia (Licenciatura),Noturno,EP_R1_NPPI,EP_R1_NPPI,True,R1,NPPI,False,1.5,-55.369,-30.436
2019-2021,2,2021,Darcy Ribeiro,Pedagogia (Licenciatura),Diurno,EP_R1_NPPI,EP_R1_NPPI,True,R1,NPPI,False,1.5,-34.756,25.725
2019-2021,2,2021,Darcy Ribeiro,Pedagogia (Licenciatura),Noturno,EP_R1_NPPI,EP_R1_NPPI,True,R1,NPPI,False,1.5,-33.843,-8.815
2020-2022,3,2022,Darcy Ribeiro (Plano Piloto) / DF,Pedagogia (Licenciatura),Diurno,EP_R1_NPPI,EP_R1_NPPI,True,R1,NPPI,False,1.5,-65.977,-55.588
2021-2023,4,2023,Darcy Ribeiro (Plano Piloto) / DF,Pedagogia (Licenciatura),Diurno,EP_R1_NPPI,EP_R1_NPPI,True,R1,NPPI,False,1.5,-2.29,26.289
2021-2023,4,2023,Darcy Ribeiro (Plano Piloto) / DF,Pedagogia (Licenciatura),Noturno,EP_R1_NPPI,EP_R1_NPPI,True,R1,NPPI,False,1.5,-65.559,-52.908
2023-2025,6,2025,Darcy Ribeiro (Plano Piloto) / DF,Pedagogia (Licenciatura),Diurno,EP_R1_NPPIQ,EP_R1_NPPIQ,True,R1,NPPIQ,False,1.0,-58.937,-19.995
2018-2020,1,2020,Darcy Ribeiro (Plano Piloto) / DF,Pedagogia (Licenciatura),Diurno,EP_R1_PPI,EP_R1_PPI,True,R1,PPI,False,1.5,-81.497,2.447
2019-2021,2,2021,Darcy Ribeiro,Pedagogia (Licenciatura),Diurno,EP_R1_PPI,EP_R1_PPI,True,R1,PPI,False,1.5,-36.471,26.623
2019-2021,2,2021,Darcy Ribeiro,Pedagogia (Licenciatura),Noturno,EP_R1_PPI,EP_R1_PPI,True,R1,PPI,False,1.5,-53.278,-41.609
2020-2022,3,2022,Darcy Ribeiro (Plano Piloto) / DF,Pedagogia (Licenciatura),Diurno,EP_R1_PPI,EP_R1_PPI,True,R1,PPI,False,1.5,-51.346,5.818
2020-2022,3,2022,Darcy Ribeiro (Plano Piloto) / DF,Pedagogia (Licenciatura),Noturno,EP_R1_PPI,EP_R1_PPI,True,R1,PPI,False,1.5,-92.488,-19.335
2021-2023,4,2023,Darcy Ribeiro (Plano Piloto) / DF,Pedagogia (Licenciatura),Diurno,EP_R1_PPI,EP_R1_PPI,True,R1,PPI,False,1.5,-69.472,-11.148
2021-2023,4,2023,Darcy Ribeiro (Plano Piloto) / DF,Pedagogia (Licenciatura),Noturno,EP_R1_PPI,EP_R1_PPI,True,R1,PPI,False,1.5,-96.102,-18.331
2018-2020,1,2020,Darcy Ribeiro (Plano Piloto) / DF,Pedagogia (Licenciatura),Diurno,EP_R2_NPPI,EP_R2_NPPI,True,R2,NPPI,False,1.5,-76.273,-1.675
2018-2020,1,2020,Darcy Ribeiro (Plano Piloto) / DF,Pedagogia (Licenciatura),Noturno,EP_R2_NPPI,EP_R2_NPPI,True,R2,NPPI,False,1.5,-62.118,-25.054
2019-2021,2,2021,Darcy Ribeiro,Pedagogia (Licenciatura),Diurno,EP_R2_NPPI,EP_R2_NPPI,True,R2,NPPI,False,1.5,-15.683,22.02
2019-2021,2,2021,Darcy Ribeiro,Pedagogia (Licenciatura),Noturno,EP_R2_NPPI,EP_R2_NPPI,True,R2,NPPI,False,1.5,-62.622,-17.576
2020-2022,3,2022,Darcy Ribeiro (Plano Piloto) / DF,Pedagogia (Licenciatura),Diurno,EP_R2_NPPI,EP_R2_NPPI,True,R2,NPPI,False,1.5,-13.682,-13.596
2020-2022,3,2022,Darcy Ribeiro (Plano Piloto) / DF,Pedagogia (Licenciatura),Noturno,EP_R2_NPPI,EP_R2_NPPI,True,R2,NPPI,False,1.5,-37.977,-7.157
2021-2023,4,2023,Darcy Ribeiro (Plano Piloto) / DF,Pedagogia (Licenciatura),Diurno,EP_R2_NPPI,EP_R2_NPPI,True,R2,NPPI,False,1.5,-8.669,16.663
2021-2023,4,2023,Darcy Ribeiro (Plano Piloto) / DF,Pedagogia (Licenciatura),Noturno,EP_R2_NPPI,EP_R2_NPPI,True,R2,NPPI,False,1.5,-66.338,-38.725
2022-2024,5,2024,Darcy Ribeiro (Plano Piloto) / DF,Pedagogia (Licenciatura),Diurno,EP_R2_NPPI,EP_R2_NPPI,True,R2,NPPI,False,1.5,-70.173,-54.697
2023-2025,6,2025,Darcy Ribeiro (Plano Piloto) / DF,Pedagogia (Licenciatura),Diurno,EP_R2_NPPIQ,EP_R2_NPPIQ,True,R2,NPPIQ,False,1.0,-39.068,-5.105
2023-2025,6,2025,Darcy Ribeiro (Plano Piloto) / DF,Pedagogia (Licenciatura),Noturno,EP_R2_NPPIQ,EP_R2_NPPIQ,True,R2,NPPIQ,False,1.0,-73.336,-46.101
2018-2020,1,2020,Darcy Ribeiro (Plano Piloto) / DF,Pedagogia (Licenciatura),Diurno,EP_R2_PPI,EP_R2_PPI,True,R2,PPI,False,1.5,-81.223,-8.872
2018-2020,1,2020,Darcy Ribeiro (Plano Piloto) / DF,Pedagogia (Licenciatura),Noturno,EP_R2_PPI,EP_R2_PPI,True,R2,PPI,False,1.5,-87.878,-15.856
2019-2021,2,2021,Darcy Ribeiro,Pedagogia (Licenciatura),Diurno,EP_R2_PPI,EP_R2_PPI,True,R2,PPI,False,1.5,-28.413,6.627
2019-2021,2,2021,Darcy Ribeiro,Pedagogia (Licenciatura),Noturno,EP_R2_PPI,EP_R2_PPI,True,R2,PPI,False,1.5,-28.92,-28.92
2020-2022,3,2022,Darcy Ribeiro (Plano Piloto) / DF,Pedagogia (Licenciatura),Diurno,EP_R2_PPI,EP_R2_PPI,True,R2,PPI,False,1.5,-66.478,-2.57
2020-2022,3,2022,Darcy Ribeiro (Plano Piloto) / DF,Pedagogia (Licenciatura),Noturno,EP_R2_PPI,EP_R2_PPI,True,R2,PPI,False,1.5,-14.474,-14.474
2021-2023,4,2023,Darcy Ribeiro (Plano Piloto) / DF,Pedagogia (Licenciatura),Diurno,EP_R2_PPI,EP_R2_PPI,True,R2,PPI,False,1.5,-92.894,17.832
2021-2023,4,2023,Darcy Ribeiro (Plano Piloto) / DF,Pedagogia (Licenciatura),Noturno,EP_R2_PPI,EP_R2_PPI,True,R2,PPI,False,1.5,-16.966,-16.966
2023-2025,6,2025,Darcy Ribeiro (Plano Piloto) / DF,Pedagogia (Licenciatura),Diurno,EP_R2_PPIQ,EP_R2_PPIQ,True,R2,PPIQ,False,1.0,-62.243,-20.304
2018-2020,1,2020,Darcy Ribeiro (Plano Piloto) / DF,Psicologia (Bacharelado / Licenciatura / Psicólogo),Diurno,AC,AC,False,,,False,,80.474,117.229
2020-2022,3,2022,Darcy Ribeiro (Plano Piloto) / DF,Psicologia (Bacharelado / Licenciatura / Psicólogo),Diurno,AC,AC,False,,,False,,105.646,146.501
2021-2023,4,2023,Darcy Ribeiro (Plano Piloto) / DF,Psicologia (Bacharelado / Licenciatura / Psicólogo),Diurno,AC,AC,False,,,False,,98.121,139.15
2022-2024,5,2024,Darcy Ribeiro (Plano Piloto) / DF,Psicologia (Bacharelado / Licenciatura / Psicólogo),Diurno,AC,AC,False,,,False,,81.553,93.909
2023-2025,6,2025,Darcy Ribeiro (Plano Piloto) / DF,Psicologia (Bacharelado / Licenciatura / Psicólogo),Diurno,AC,AC,False,,,False,,92.692,149.897
2018-2020,1,2020,Darcy Ribeiro (Plano Piloto) / DF,Psicologia (Bacharelado / Licenciatura / Psicólogo),Diurno,CN,CN,False,,NEGROS,False,,41.936,77.339
2019-2021,2,2021,Darcy Ribeiro,Psicologia (Bacharelado / Licenciatura / Psicólogo),Diurno,CN,CN,False,,NEGROS,False,,60.228,60.228
2020-2022,3,2022,Darcy Ribeiro (Plano Piloto) / DF,Psicologia (Bacharelado / Licenciatura / Psicólogo),Diurno,CN,CN,False,,NEGROS,False,,56.866,56.866
2021-2023,4,2023,Darcy Ribeiro (Plano Piloto) / DF,Psicologia (Bacharelado / Licenciatura / Psicólogo),Diurno,CN,CN,False,,NEGROS,False,,61.64,61.64
2022-2024,5,2024,Darcy Ribeiro (Plano Piloto) / DF,Psicologia (Bacharelado / Licenciatura / Psicólogo),Diurno,CN,CN,False,,NEGROS,False,,19.287,19.287
2023-2025,6,2025,Darcy Ribeiro (Plano Piloto) / DF,Psicologia (Bacharelado / Licenciatura / Psicólogo),Diurno,CN,CN,False,,NEGROS,False,,83.135,83.135
2018-2020,1,2020,Darcy Ribeiro (Plano Piloto) / DF,Psicologia (Bacharelado / Licenciatura / Psicólogo),Diurno,EP_R1_NPPI,EP_R1_NPPI,True,R1,NPPI,False,1.5,-0.561,39.193
2019-2021,2,2021,Darcy Ribeiro,Psicologia (Bacharelado / Licenciatura / Psicólogo),Diurno,EP_R1_NPPI,EP_R1_NPPI,True,R1,NPPI,False,1.5,47.859,69.85
2020-2022,3,2022,Darcy Ribeiro (Plano Piloto) / DF,Psicologia (Bacharelado / Licenciatura / Psicólogo),Diurno,EP_R1_NPPI,EP_R1_NPPI,True,R1,NPPI,False,1.5,42.404,44.348
2021-2023,4,2023,Darcy Ribeiro (Plano Piloto) / DF,Psicologia (Bacharelado / Licenciatura / Psicólogo),Diurno,EP_R1_NPPI,EP_R1_NPPI,True,R1,NPPI,False,1.5,26.153,40.23
2022-2024,5,2024,Darcy Ribeiro (Plano Piloto) / DF,Psicologia (Bacharelado / Licenciatura / Psicólogo),Diurno,EP_R1_NPPI,EP_R1_NPPI,True,R1,NPPI,False,1.5,3.278,8.523
2023-2025,6,2025,Darcy Ribeiro (Plano Piloto) / DF,Psicologia (Bacharelado / Licenciatura / Psicólogo),Diurno,EP_R1_NPPIQ,EP_R1_NPPIQ,True,R1,NPPIQ,False,1.0,0.742,19.87
2021-2023,4,2023,Darcy Ribeiro (Plano Piloto) / DF,Psicologia (Bacharelado / Licenciatura / Psicólogo),Diurno,EP_R1_NPPI_PCD,EP_R1_NPPI_PCD,True,R1,NPPI,True,1.5,-11.536,-11.536
2018-2020,1,2020,Darcy Ribeiro (Plano Piloto) / DF,Psicologia (Bacharelado / Licenciatura / Psicólogo),Diurno,EP_R1_PPI,EP_R1_PPI,True,R1,PPI,False,1.5,-25.958,38.511
2019-2021,2,2021,Darcy Ribeiro,Psicologia (Bacharelado / Licenciatura / Psicólogo),Diurno,EP_R1_PPI,EP_R1_PPI,True,R1,PPI,False,1.5,23.235,34.134
2020-2022,3,2022,Darcy Ribeiro (Plano Piloto) / DF,Psicologia (Bacharelado / Licenciatura / Psicólogo),Diurno,EP_R1_PPI,EP_R1_PPI,True,R1,PPI,False,1.5,32.086,61.601
2021-2023,4,2023,Darcy Ribeiro (Plano Piloto) / DF,Psicologia (Bacharelado / Licenciatura / Psicólogo),Diurno,EP_R1_PPI,EP_R1_PPI,True,R1,PPI,False,1.5,7.379,43.658
2022-2024,5,2024,Darcy Ribeiro (Plano Piloto) / DF,Psicologia (Bacharelado / Licenciatura / Psicólogo),Diurno,EP_R1_PPI,EP_R1_PPI,True,R1,PPI,False,1.5,-60.075,-34.654
2023-2025,6,2025,Darcy Ribeiro (Plano Piloto) / DF,Psicologia (Bacharelado / Licenciatura / Psicólogo),Diurno,EP_R1_PPIQ,EP_R1_PPIQ,True,R1,PPIQ,False,1.0,-37.309,2.578
2018-2020,1,2020,Darcy Ribeiro (Plano Piloto) / DF,Psicologia (Bacharelado / Licenciatura / Psicólogo),Diurno,EP_R2_NPPI,EP_R2_NPPI,True,R2,NPPI,False,1.5,59.772,78.747
2020-2022,3,2022,Darcy Ribeiro (Plano Piloto) / DF,Psicologia (Bacharelado / Licenciatura / Psicólogo),Diurno,EP_R2_NPPI,EP_R2_NPPI,True,R2,NPPI,False,1.5,112.073,117.01
2021-2023,4,2023,Darcy Ribeiro (Plano Piloto) / DF,Psicologia (Bacharelado / Licenciatura / Psicólogo),Diurno,EP_R2_NPPI,EP_R2_NPPI,True,R2,NPPI,False,1.5,81.072,81.072
2022-2024,5,2024,Darcy Ribeiro (Plano Piloto) / DF,Psicologia (Bacharelado / Licenciatura / Psicólogo),Diurno,EP_R2_NPPI,EP_R2_NPPI,True,R2,NPPI,False,1.5,62.168,80.75
2023-2025,6,2025,Darcy Ribeiro (Plano Piloto) / DF,Psicologia (Bacharelado / Licenciatura / Psicólogo),Diurno,EP_R2_NPPIQ,EP_R2_NPPIQ,True,R2,NPPIQ,False,1.0,75.146,75.146
2023-2025,6,2025,Darcy Ribeiro (Plano Piloto) / DF,Psicologia (Bacharelado / Licenciatura / Psicólogo),Diurno,EP_R2_NPPIQ_PCD,EP_R2_NPPIQ_PCD,True,R2,NPPIQ,True,1.0,-2.927,-2.927
2021-2023,4,2023,Darcy Ribeiro (Plano Piloto) / DF,Psicologia (Bacharelado / Licenciatura / Psicólogo),Diurno,EP_R2_NPPI_PCD,EP_R2_NPPI_PCD,True,R2,NPPI,True,1.5,2.412,2.412
2018-2020,1,2020,Darcy Ribeiro (Plano Piloto) / DF,Psicologia (Bacharelado / Licenciatura / Psicólogo),Diurno,EP_R2_PPI,EP_R2_PPI,True,R2,PPI,False,1.5,7.086,84.313
2019-2021,2,2021,Darcy Ribeiro,Psicologia (Bacharelado / Licenciatura / Psicólogo),Diurno,EP_R2_PPI,EP_R2_PPI,True,R2,PPI,False,1.5,43.34,66.078
2020-2022,3,2022,Darcy Ribeiro (Plano Piloto) / DF,Psicologia (Bacharelado / Licenciatura / Psicólogo),Diurno,EP_R2_PPI,EP_R2_PPI,True,R2,PPI,False,1.5,20.6,35.048
2021-2023,4,2023,Darcy Ribeiro (Plano Piloto) / DF,Psicologia (Bacharelado / Licenciatura / Psicólogo),Diurno,EP_R2_PPI,EP_R2_PPI,True,R2,PPI,False,1.5,27.138,66.328
2022-2024,5,2024,Darcy Ribeiro (Plano Piloto) / DF,Psicologia (Bacharelado / Licenciatura / Psicólogo),Diurno,EP_R2_PPI,EP_R2_PPI,True,R2,PPI,False,1.5,-3.291,10.344
2023-2025,6,2025,Darcy Ribeiro (Plano Piloto) / DF,Psicologia (Bacharelado / Licenciatura / Psicólogo),Diurno,EP_R2_PPIQ,EP_R2_PPIQ,True,R2,PPIQ,False,1.0,29.315,44.612
2018-2020,1,2020,Darcy Ribeiro (Plano Piloto) / DF,Química (Bacharelado),Diurno,AC,AC,False,,,False,,-58.334,47.376
2019-2021,2,2021,Darcy Ribeiro,Química (Bacharelado),Diurno,AC,AC,False,,,False,,16.702,89.253
2020-2022,3,2022,Darcy Ribeiro (Plano Piloto) / DF,Química (Bacharelado),Diurno,AC,AC,False,,,False,,40.202,126.092
2021-2023,4,2023,Darcy Ribeiro (Plano Piloto) / DF,Química (Bacharelado),Diurno,AC,AC,False,,,False,,34.268,108.78
2022-2024,5,2024,Darcy Ribeiro (Plano Piloto) / DF,Química (Bacharelado),Diurno,AC,AC,False,,,False,,4.306,32.131
2023-2025,6,2025,Darcy Ribeiro (Plano Piloto) / DF,Química (Bacharelado),Diurno,AC,AC,False,,,False,,5.562,107.231
2018-2020,1,2020,Darcy Ribeiro (Plano Piloto) / DF,Química (Bacharelado),Diurno,CN,CN,False,,NEGROS,False,,6.547,6.547
2019-2021,2,2021,Darcy Ribeiro,Química (Bacharelado),Diurno,CN,CN,False,,NEGROS,False,,-22.823,-22.823
2021-2023,4,2023,Darcy Ribeiro (Plano Piloto) / DF,Química (Bacharelado),Diurno,CN,CN,False,,NEGROS,False,,-1.973,-1.973
2022-2024,5,2024,Darcy Ribeiro (Plano Piloto) / DF,Química (Bacharelado),Diurno,CN,CN,False,,NEGROS,False,,-9.802,-9.802
2023-2025,6,2025,Darcy Ribeiro (Plano Piloto) / DF,Química (Bacharelado),Diurno,CN,CN,False,,NEGROS,False,,-10.181,-10.181
2019-2021,2,2021,Darcy Ribeiro,Química (Bacharelado),Diurno,EP_R1_NPPI,EP_R1_NPPI,True,R1,NPPI,False,1.5,-31.14,10.829
2020-2022,3,2022,Darcy Ribeiro (Plano Piloto) / DF,Química (Bacharelado),Diurno,EP_R1_NPPI,EP_R1_NPPI,True,R1,NPPI,False,1.5,28.834,28.834
2021-2023,4,2023,Darcy Ribeiro (Plano Piloto) / DF,Química (Bacharelado),Diurno,EP_R1_NPPI,EP_R1_NPPI,True,R1,NPPI,False,1.5,-57.812,20.502
2020-2022,3,2022,Darcy Ribeiro (Plano Piloto) / DF,Química (Bacharelado),Diurno,EP_R1_PPI,EP_R1_PPI,True,R1,PPI,False,1.5,22.563,26.649
2018-2020,1,2020,Darcy Ribeiro (Plano Piloto) / DF,Química (Bacharelado),Diurno,EP_R2_NPPI,EP_R2_NPPI,True,R2,NPPI,False,1.5,-23.583,22.033
2019-2021,2,2021,Darcy Ribeiro,Química (Bacharelado),Diurno,EP_R2_NPPI,EP_R2_NPPI,True,R2,NPPI,False,1.5,-37.593,57.929
2020-2022,3,2022,Darcy Ribeiro (Plano Piloto) / DF,Química (Bacharelado),Diurno,EP_R2_NPPI,EP_R2_NPPI,True,R2,NPPI,False,1.5,-27.675,-6.451
2021-2023,4,2023,Darcy Ribeiro (Plano Piloto) / DF,Química (Bacharelado),Diurno,EP_R2_NPPI,EP_R2_NPPI,True,R2,NPPI,False,1.5,-45.165,47.427
2022-2024,5,2024,Darcy Ribeiro (Plano Piloto) / DF,Química (Bacharelado),Diurno,EP_R2_NPPI,EP_R2_NPPI,True,R2,NPPI,False,1.5,-76.374,-76.374
2023-2025,6,2025,Darcy Ribeiro (Plano Piloto) / DF,Química (Bacharelado),Diurno,EP_R2_NPPIQ,EP_R2_NPPIQ,True,R2,NPPIQ,False,1.0,-54.782,11.654
2018-2020,1,2020,Darcy Ribeiro (Plano Piloto) / DF,Química (Bacharelado),Diurno,EP_R2_PPI,EP_R2_PPI,True,R2,PPI,False,1.5,30.256,30.256
2019-2021,2,2021,Darcy Ribeiro,Química (Bacharelado),Diurno,EP_R2_PPI,EP_R2_PPI,True,R2,PPI,False,1.5,-22.661,21.491
2020-2022,3,2022,Darcy Ribeiro (Plano Piloto) / DF,Química (Bacharelado),Diurno,EP_R2_PPI,EP_R2_PPI,True,R2,PPI,False,1.5,-43.672,-43.672
2023-2025,6,2025,Darcy Ribeiro (Plano Piloto) / DF,Química (Bacharelado),Diurno,EP_R2_PPIQ,EP_R2_PPIQ,True,R2,PPIQ,False,1.0,-12.868,-12.868
2018-2020,1,2020,Darcy Ribeiro (Plano Piloto) / DF,Química (Licenciatura),Noturno,AC,AC,False,,,False,,-16.564,-16.564
2019-2021,2,2021,Darcy Ribeiro,Química (Licenciatura),Noturno,AC,AC,False,,,False,,-32.77,-32.77
2020-2022,3,2022,Darcy Ribeiro (Plano Piloto) / DF,Química (Licenciatura),Noturno,AC,AC,False,,,False,,0.306,40.6
2021-2023,4,2023,Darcy Ribeiro (Plano Piloto) / DF,Química (Licenciatura),Noturno,AC,AC,False,,,False,,-21.346,1.634
2023-2025,6,2025,Darcy Ribeiro (Plano Piloto) / DF,Química (Licenciatura),Noturno,AC,AC,False,,,False,,-54.702,44.043
2019-2021,2,2021,Darcy Ribeiro,Química (Licenciatura),Noturno,CN,CN,False,,NEGROS,False,,-44.645,-44.645
2019-2021,2,2021,Darcy Ribeiro,Química (Licenciatura),Noturno,EP_R1_NPPI,EP_R1_NPPI,True,R1,NPPI,False,1.5,13.391,13.391
2021-2023,4,2023,Darcy Ribeiro (Plano Piloto) / DF,Química (Licenciatura),Noturno,EP_R1_NPPI,EP_R1_NPPI,True,R1,NPPI,False,1.5,-30.874,-30.874
2018-2020,1,2020,Darcy Ribeiro (Plano Piloto) / DF,Química (Licenciatura),Noturno,EP_R1_PPI,EP_R1_PPI,True,R1,PPI,False,1.5,-59.081,-1.061
2018-2020,1,2020,Darcy Ribeiro (Plano Piloto) / DF,Química (Licenciatura),Noturno,EP_R2_NPPI,EP_R2_NPPI,True,R2,NPPI,False,1.5,-73.401,-15.838
2019-2021,2,2021,Darcy Ribeiro,Química (Licenciatura),Noturno,EP_R2_NPPI,EP_R2_NPPI,True,R2,NPPI,False,1.5,11.482,11.482
2020-2022,3,2022,Darcy Ribeiro (Plano Piloto) / DF,Química (Licenciatura),Noturno,EP_R2_NPPI,EP_R2_NPPI,True,R2,NPPI,False,1.5,-30.664,-30.664
2021-2023,4,2023,Darcy Ribeiro (Plano Piloto) / DF,Química (Licenciatura),Noturno,EP_R2_NPPI,EP_R2_NPPI,True,R2,NPPI,False,1.5,-22.384,-22.241
2019-2021,2,2021,Darcy Ribeiro,Química (Licenciatura),Noturno,EP_R2_PPI,EP_R2_PPI,True,R2,PPI,False,1.5,-24.258,-24.258
2020-2022,3,2022,Darcy Ribeiro (Plano Piloto) / DF,Química (Licenciatura),Noturno,EP_R2_PPI,EP_R2_PPI,True,R2,PPI,False,1.5,-35.787,12.099
2018-2020,1,2020,Darcy Ribeiro (Plano Piloto) / DF,Química Tecnológica (Bacharelado),Diurno,AC,AC,False,,,False,,-47.561,-17.112
2019-2021,2,2021,Darcy Ribeiro,Química Tecnológica (Bacharelado),Diurno,AC,AC,False,,,False,,-23.379,65.907
2020-2022,3,2022,Darcy Ribeiro (Plano Piloto) / DF,Química Tecnológica (Bacharelado),Diurno,AC,AC,False,,,False,,-56.414,35.844
2021-2023,4,2023,Darcy Ribeiro (Plano Piloto) / DF,Química Tecnológica (Bacharelado),Diurno,AC,AC,False,,,False,,-67.895,53.064
2023-2025,6,2025,Darcy Ribeiro (Plano Piloto) / DF,Química Tecnológica (Bacharelado),Diurno,AC,AC,False,,,False,,-30.086,126.278
2018-2020,1,2020,Darcy Ribeiro (Plano Piloto) / DF,Química Tecnológica (Bacharelado),Diurno,CN,CN,False,,NEGROS,False,,-32.241,-32.241
2019-2021,2,2021,Darcy Ribeiro,Química Tecnológica (Bacharelado),Diurno,CN,CN,False,,NEGROS,False,,-2.177,-2.177
2019-2021,2,2021,Darcy Ribeiro,Química Tecnológica (Bacharelado),Diurno,EP_R1_NPPI,EP_R1_NPPI,True,R1,NPPI,False,1.5,23.339,23.339
2018-2020,1,2020,Darcy Ribeiro (Plano Piloto) / DF,Química Tecnológica (Bacharelado),Diurno,EP_R2_NPPI,EP_R2_NPPI,True,R2,NPPI,False,1.5,26.655,26.655
2019-2021,2,2021,Darcy Ribeiro,Química Tecnológica (Bacharelado),Diurno,EP_R2_NPPI,EP_R2_NPPI,True,R2,NPPI,False,1.5,-27.683,-27.683
2020-2022,3,2022,Darcy Ribeiro (Plano Piloto) / DF,Química Tecnológica (Bacharelado),Diurno,EP_R2_NPPI,EP_R2_NPPI,True,R2,NPPI,False,1.5,-20.386,-3.274
2021-2023,4,2023,Darcy Ribeiro (Plano Piloto) / DF,Química Tecnológica (Bacharelado),Diurno,EP_R2_NPPI,EP_R2_NPPI,True,R2,NPPI,False,1.5,-53.722,-27.07
2018-2020,1,2020,Darcy Ribeiro (Plano Piloto) / DF,Química Tecnológica (Bacharelado),Diurno,EP_R2_PPI,EP_R2_PPI,True,R2,PPI,False,1.5,-45.547,-45.547
2020-2022,3,2022,Darcy Ribeiro (Plano Piloto) / DF,Química Tecnológica (Bacharelado),Diurno,EP_R2_PPI,EP_R2_PPI,True,R2,PPI,False,1.5,-30.902,31.362
2018-2020,1,2020,Darcy Ribeiro (Plano Piloto) / DF,Relações Internacionais (Bacharelado),Diurno,AC,AC,False,,,False,,73.157,133.87
2019-2021,2,2021,Darcy Ribeiro,Relações Internacionais (Bacharelado),Diurno,AC,AC,False,,,False,,98.313,
2020-2022,3,2022,Darcy Ribeiro (Plano Piloto) / DF,Relações Internacionais (Bacharelado),Diurno,AC,AC,False,,,False,,95.161,150.831
2021-2023,4,2023,Darcy Ribeiro (Plano Piloto) / DF,Relações Internacionais (Bacharelado),Diurno,AC,AC,False,,,False,,92.834,138.473
2022-2024,5,2024,Darcy Ribeiro (Plano Piloto) / DF,Relações Internacionais (Bacharelado),Diurno,AC,AC,False,,,False,,68.855,80.765
2023-2025,6,2025,Darcy Ribeiro (Plano Piloto) / DF,Relações Internacionais (Bacharelado),Diurno,AC,AC,False,,,False,,105.105,162.477
2018-2020,1,2020,Darcy Ribeiro (Plano Piloto) / DF,Relações Internacionais (Bacharelado),Diurno,CN,CN,False,,NEGROS,False,,39.989,43.033
2019-2021,2,2021,Darcy Ribeiro,Relações Internacionais (Bacharelado),Diurno,CN,CN,False,,NEGROS,False,,47.562,47.562
2020-2022,3,2022,Darcy Ribeiro (Plano Piloto) / DF,Relações Internacionais (Bacharelado),Diurno,CN,CN,False,,NEGROS,False,,74.993,74.993
2021-2023,4,2023,Darcy Ribeiro (Plano Piloto) / DF,Relações Internacionais (Bacharelado),Diurno,CN,CN,False,,NEGROS,False,,94.164,94.164
2022-2024,5,2024,Darcy Ribeiro (Plano Piloto) / DF,Relações Internacionais (Bacharelado),Diurno,CN,CN,False,,NEGROS,False,,51.877,51.877
2023-2025,6,2025,Darcy Ribeiro (Plano Piloto) / DF,Relações Internacionais (Bacharelado),Diurno,CN,CN,False,,NEGROS,False,,100.775,100.775
2018-2020,1,2020,Darcy Ribeiro (Plano Piloto) / DF,Relações Internacionais (Bacharelado),Diurno,EP_R1_NPPI,EP_R1_NPPI,True,R1,NPPI,False,1.5,-9.56,59.411
2019-2021,2,2021,Darcy Ribeiro,Relações Internacionais (Bacharelado),Diurno,EP_R1_NPPI,EP_R1_NPPI,True,R1,NPPI,False,1.5,11.118,64.536
2020-2022,3,2022,Darcy Ribeiro (Plano Piloto) / DF,Relações Internacionais (Bacharelado),Diurno,EP_R1_NPPI,EP_R1_NPPI,True,R1,NPPI,False,1.5,18.254,52.21
2021-2023,4,2023,Darcy Ribeiro (Plano Piloto) / DF,Relações Internacionais (Bacharelado),Diurno,EP_R1_NPPI,EP_R1_NPPI,True,R1,NPPI,False,1.5,13.986,28.171
2022-2024,5,2024,Darcy Ribeiro (Plano Piloto) / DF,Relações Internacionais (Bacharelado),Diurno,EP_R1_NPPI,EP_R1_NPPI,True,R1,NPPI,False,1.5,-5.024,0.805
2023-2025,6,2025,Darcy Ribeiro (Plano Piloto) / DF,Relações Internacionais (Bacharelado),Diurno,EP_R1_NPPIQ,EP_R1_NPPIQ,True,R1,NPPIQ,False,1.0,-59.284,22.165
2018-2020,1,2020,Darcy Ribeiro (Plano Piloto) / DF,Relações Internacionais (Bacharelado),Diurno,EP_R1_PPI,EP_R1_PPI,True,R1,PPI,False,1.5,-37.873,-35.003
2019-2021,2,2021,Darcy Ribeiro,Relações Internacionais (Bacharelado),Diurno,EP_R1_PPI,EP_R1_PPI,True,R1,PPI,False,1.5,17.31,73.797
2020-2022,3,2022,Darcy Ribeiro (Plano Piloto) / DF,Relações Internacionais (Bacharelado),Diurno,EP_R1_PPI,EP_R1_PPI,True,R1,PPI,False,1.5,-27.007,-3.597
2021-2023,4,2023,Darcy Ribeiro (Plano Piloto) / DF,Relações Internacionais (Bacharelado),Diurno,EP_R1_PPI,EP_R1_PPI,True,R1,PPI,False,1.5,-25.567,81.011
2018-2020,1,2020,Darcy Ribeiro (Plano Piloto) / DF,Relações Internacionais (Bacharelado),Diurno,EP_R2_NPPI,EP_R2_NPPI,True,R2,NPPI,False,1.5,35.713,88.167
2020-2022,3,2022,Darcy Ribeiro (Plano Piloto) / DF,Relações Internacionais (Bacharelado),Diurno,EP_R2_NPPI,EP_R2_NPPI,True,R2,NPPI,False,1.5,51.189,51.189
2021-2023,4,2023,Darcy Ribeiro (Plano Piloto) / DF,Relações Internacionais (Bacharelado),Diurno,EP_R2_NPPI,EP_R2_NPPI,True,R2,NPPI,False,1.5,68.634,73.11
2022-2024,5,2024,Darcy Ribeiro (Plano Piloto) / DF,Relações Internacionais (Bacharelado),Diurno,EP_R2_NPPI,EP_R2_NPPI,True,R2,NPPI,False,1.5,34.208,34.299
2023-2025,6,2025,Darcy Ribeiro (Plano Piloto) / DF,Relações Internacionais (Bacharelado),Diurno,EP_R2_NPPIQ,EP_R2_NPPIQ,True,R2,NPPIQ,False,1.0,72.126,90.752
2020-2022,3,2022,Darcy Ribeiro (Plano Piloto) / DF,Relações Internacionais (Bacharelado),Diurno,EP_R2_NPPI_PCD,EP_R2_NPPI_PCD,True,R2,NPPI,True,1.5,22.69,22.69
2018-2020,1,2020,Darcy Ribeiro (Plano Piloto) / DF,Relações Internacionais (Bacharelado),Diurno,EP_R2_PPI,EP_R2_PPI,True,R2,PPI,False,1.5,-23.088,43.825
2019-2021,2,2021,Darcy Ribeiro,Relações Internacionais (Bacharelado),Diurno,EP_R2_PPI,EP_R2_PPI,True,R2,PPI,False,1.5,46.911,
2020-2022,3,2022,Darcy Ribeiro (Plano Piloto) / DF,Relações Internacionais (Bacharelado),Diurno,EP_R2_PPI,EP_R2_PPI,True,R2,PPI,False,1.5,3.855,54.101
2021-2023,4,2023,Darcy Ribeiro (Plano Piloto) / DF,Relações Internacionais (Bacharelado),Diurno,EP_R2_PPI,EP_R2_PPI,True,R2,PPI,False,1.5,-10.252,10.138
2022-2024,5,2024,Darcy Ribeiro (Plano Piloto) / DF,Relações Internacionais (Bacharelado),Diurno,EP_R2_PPI,EP_R2_PPI,True,R2,PPI,False,1.5,-29.25,-2.275
2023-2025,6,2025,Darcy Ribeiro (Plano Piloto) / DF,Relações Internacionais (Bacharelado),Diurno,EP_R2_PPIQ,EP_R2_PPIQ,True,R2,PPIQ,False,1.0,1.225,60.338
2018-2020,1,2020,Ceilândia / DF,Saúde Coletiva (Bacharelado),Diurno,AC,AC,False,,,False,,-87.136,-3.078
2018-2020,1,2020,Darcy Ribeiro (Plano Piloto) / DF,Saúde Coletiva (Bacharelado),Noturno,AC,AC,False,,,False,,-47.301,-5.412
2019-2021,2,2021,Ceilândi a (FCE),Saúde Coletiva (Bacharelado),Diurno,AC,AC,False,,,False,,-67.997,-8.405
2019-2021,2,2021,Darcy Ribeiro,Saúde Coletiva (Bacharelado),Noturno,AC,AC,False,,,False,,-55.136,-44.554
2020-2022,3,2022,Ceilândia / DF,Saúde Coletiva (Bacharelado),Diurno,AC,AC,False,,,False,,-84.455,-10.106
2020-2022,3,2022,Darcy Ribeiro (Plano Piloto) / DF,Saúde Coletiva (Bacharelado),Noturno,AC,AC,False,,,False,,-73.319,-1.649
2021-2023,4,2023,Ceilândia / DF,Saúde Coletiva (Bacharelado),Diurno,AC,AC,False,,,False,,-79.717,25.273
2021-2023,4,2023,Darcy Ribeiro (Plano Piloto) / DF,Saúde Coletiva (Bacharelado),Noturno,AC,AC,False,,,False,,-90.691,-12.104
2023-2025,6,2025,Ceilândia / DF,Saúde Coletiva (Bacharelado),Diurno,AC,AC,False,,,False,,-73.062,-3.918
2023-2025,6,2025,Darcy Ribeiro (Plano Piloto) / DF,Saúde Coletiva (Bacharelado),Noturno,AC,AC,False,,,False,,-72.556,9.485
2019-2021,2,2021,Darcy Ribeiro,Saúde Coletiva (Bacharelado),Noturno,CN,CN,False,,NEGROS,False,,-38.727,-38.727
2020-2022,3,2022,Ceilândia / DF,Saúde Coletiva (Bacharelado),Diurno,CN,CN,False,,NEGROS,False,,-18.853,-18.853
2021-2023,4,2023,Ceilândia / DF,Saúde Coletiva (Bacharelado),Diurno,CN,CN,False,,NEGROS,False,,-39.762,-28.877
2021-2023,4,2023,Darcy Ribeiro (Plano Piloto) / DF,Saúde Coletiva (Bacharelado),Noturno,CN,CN,False,,NEGROS,False,,-37.506,-37.506
2018-2020,1,2020,Ceilândia / DF,Saúde Coletiva (Bacharelado),Diurno,EP_R1_NPPI,EP_R1_NPPI,True,R1,NPPI,False,1.5,-71.408,-43.768
2019-2021,2,2021,Ceilândi a (FCE),Saúde Coletiva (Bacharelado),Diurno,EP_R1_NPPI,EP_R1_NPPI,True,R1,NPPI,False,1.5,-55.278,-31.583
2019-2021,2,2021,Darcy Ribeiro,Saúde Coletiva (Bacharelado),Noturno,EP_R1_NPPI,EP_R1_NPPI,True,R1,NPPI,False,1.5,-1.391,-1.391
2021-2023,4,2023,Ceilândia / DF,Saúde Coletiva (Bacharelado),Diurno,EP_R1_NPPI,EP_R1_NPPI,True,R1,NPPI,False,1.5,-92.731,-92.731
2021-2023,4,2023,Darcy Ribeiro (Plano Piloto) / DF,Saúde Coletiva (Bacharelado),Noturno,EP_R1_NPPI,EP_R1_NPPI,True,R1,NPPI,False,1.5,-5.497,-5.497
2018-2020,1,2020,Ceilândia / DF,Saúde Coletiva (Bacharelado),Diurno,EP_R1_PPI,EP_R1_PPI,True,R1,PPI,False,1.5,-82.285,-1.885
2019-2021,2,2021,Darcy Ribeiro,Saúde Coletiva (Bacharelado),Noturno,EP_R1_PPI,EP_R1_PPI,True,R1,PPI,False,1.5,-64.747,-22.831
2020-2022,3,2022,Ceilândia / DF,Saúde Coletiva (Bacharelado),Diurno,EP_R1_PPI,EP_R1_PPI,True,R1,PPI,False,1.5,-34.476,-34.476
2020-2022,3,2022,Darcy Ribeiro (Plano Piloto) / DF,Saúde Coletiva (Bacharelado),Noturno,EP_R1_PPI,EP_R1_PPI,True,R1,PPI,False,1.5,-105.487,-105.487
2021-2023,4,2023,Darcy Ribeiro (Plano Piloto) / DF,Saúde Coletiva (Bacharelado),Noturno,EP_R1_PPI,EP_R1_PPI,True,R1,PPI,False,1.5,-78.911,-78.911
2018-2020,1,2020,Ceilândia / DF,Saúde Coletiva (Bacharelado),Diurno,EP_R2_NPPI,EP_R2_NPPI,True,R2,NPPI,False,1.5,-62.249,-43.547
2018-2020,1,2020,Darcy Ribeiro (Plano Piloto) / DF,Saúde Coletiva (Bacharelado),Noturno,EP_R2_NPPI,EP_R2_NPPI,True,R2,NPPI,False,1.5,-11.312,-11.312
2019-2021,2,2021,Ceilândi a (FCE),Saúde Coletiva (Bacharelado),Diurno,EP_R2_NPPI,EP_R2_NPPI,True,R2,NPPI,False,1.5,-95.903,-28.196
2019-2021,2,2021,Darcy Ribeiro,Saúde Coletiva (Bacharelado),Noturno,EP_R2_NPPI,EP_R2_NPPI,True,R2,NPPI,False,1.5,-71.558,-36.051
2020-2022,3,2022,Ceilândia / DF,Saúde Coletiva (Bacharelado),Diurno,EP_R2_NPPI,EP_R2_NPPI,True,R2,NPPI,False,1.5,-67.831,-31.801
2021-2023,4,2023,Ceilândia / DF,Saúde Coletiva (Bacharelado),Diurno,EP_R2_NPPI,EP_R2_NPPI,True,R2,NPPI,False,1.5,-42.438,-23.874
2021-2023,4,2023,Darcy Ribeiro (Plano Piloto) / DF,Saúde Coletiva (Bacharelado),Noturno,EP_R2_NPPI,EP_R2_NPPI,True,R2,NPPI,False,1.5,-85.042,-50.55
2018-2020,1,2020,Ceilândia / DF,Saúde Coletiva (Bacharelado),Diurno,EP_R2_PPI,EP_R2_PPI,True,R2,PPI,False,1.5,-63.379,-4.543
2018-2020,1,2020,Darcy Ribeiro (Plano Piloto) / DF,Saúde Coletiva (Bacharelado),Noturno,EP_R2_PPI,EP_R2_PPI,True,R2,PPI,False,1.5,-88.498,-45.444
2019-2021,2,2021,Ceilândi a (FCE),Saúde Coletiva (Bacharelado),Diurno,EP_R2_PPI,EP_R2_PPI,True,R2,PPI,False,1.5,-58.614,-58.614
2019-2021,2,2021,Darcy Ribeiro,Saúde Coletiva (Bacharelado),Noturno,EP_R2_PPI,EP_R2_PPI,True,R2,PPI,False,1.5,-20.34,-20.34
2020-2022,3,2022,Ceilândia / DF,Saúde Coletiva (Bacharelado),Diurno,EP_R2_PPI,EP_R2_PPI,True,R2,PPI,False,1.5,-76.202,-9.79
2018-2020,1,2020,Darcy Ribeiro (Plano Piloto) / DF,Serviço Social (Bacharelado),Diurno,AC,AC,False,,,False,,-58.484,45.897
2018-2020,1,2020,Darcy Ribeiro (Plano Piloto) / DF,Serviço Social (Bacharelado),Noturno,AC,AC,False,,,False,,-55.437,9.712
2019-2021,2,2021,Darcy Ribeiro,Serviço Social (Bacharelado),Noturno,AC,AC,False,,,False,,-76.148,-17.915
2019-2021,2,2021,Darcy Ribeiro,Serviço Social (Bacharelado),Diurno,AC,AC,False,,,False,,3.922,58.117
2020-2022,3,2022,Darcy Ribeiro (Plano Piloto) / DF,Serviço Social (Bacharelado),Diurno,AC,AC,False,,,False,,-37.204,18.722
2020-2022,3,2022,Darcy Ribeiro (Plano Piloto) / DF,Serviço Social (Bacharelado),Noturno,AC,AC,False,,,False,,-51.405,9.757
2021-2023,4,2023,Darcy Ribeiro (Plano Piloto) / DF,Serviço Social (Bacharelado),Diurno,AC,AC,False,,,False,,-26.943,26.034
2021-2023,4,2023,Darcy Ribeiro (Plano Piloto) / DF,Serviço Social (Bacharelado),Noturno,AC,AC,False,,,False,,-69.15,1.997
2023-2025,6,2025,Darcy Ribeiro (Plano Piloto) / DF,Serviço Social (Bacharelado),Diurno,AC,AC,False,,,False,,-49.336,58.364
2023-2025,6,2025,Darcy Ribeiro (Plano Piloto) / DF,Serviço Social (Bacharelado),Noturno,AC,AC,False,,,False,,-61.117,-3.129
2018-2020,1,2020,Darcy Ribeiro (Plano Piloto) / DF,Serviço Social (Bacharelado),Diurno,CN,CN,False,,NEGROS,False,,3.008,26.594
2018-2020,1,2020,Darcy Ribeiro (Plano Piloto) / DF,Serviço Social (Bacharelado),Noturno,CN,CN,False,,NEGROS,False,,-40.425,-31.165
2019-2021,2,2021,Darcy Ribeiro,Serviço Social (Bacharelado),Diurno,CN,CN,False,,NEGROS,False,,14.694,14.694
2020-2022,3,2022,Darcy Ribeiro (Plano Piloto) / DF,Serviço Social (Bacharelado),Diurno,CN,CN,False,,NEGROS,False,,16.93,16.93
2020-2022,3,2022,Darcy Ribeiro (Plano Piloto) / DF,Serviço Social (Bacharelado),Noturno,CN,CN,False,,NEGROS,False,,-41.755,-41.755
2021-2023,4,2023,Darcy Ribeiro (Plano Piloto) / DF,Serviço Social (Bacharelado),Diurno,CN,CN,False,,NEGROS,False,,-22.493,-22.493
2021-2023,4,2023,Darcy Ribeiro (Plano Piloto) / DF,Serviço Social (Bacharelado),Noturno,CN,CN,False,,NEGROS,False,,-9.961,-9.961
2023-2025,6,2025,Darcy Ribeiro (Plano Piloto) / DF,Serviço Social (Bacharelado),Diurno,CN,CN,False,,NEGROS,False,,-34.475,-34.475
2018-2020,1,2020,Darcy Ribeiro (Plano Piloto) / DF,Serviço Social (Bacharelado),Diurno,EP_R1_NPPI,EP_R1_NPPI,True,R1,NPPI,False,1.5,-96.288,-53.106
2019-2021,2,2021,Darcy Ribeiro,Serviço Social (Bacharelado),Noturno,EP_R1_NPPI,EP_R1_NPPI,True,R1,NPPI,False,1.5,-35.078,-35.078
2020-2022,3,2022,Darcy Ribeiro (Plano Piloto) / DF,Serviço Social (Bacharelado),Noturno,EP_R1_NPPI,EP_R1_NPPI,True,R1,NPPI,False,1.5,-53.956,-53.956
2021-2023,4,2023,Darcy Ribeiro (Plano Piloto) / DF,Serviço Social (Bacharelado),Diurno,EP_R1_NPPI,EP_R1_NPPI,True,R1,NPPI,False,1.5,-19.616,-18.297
2021-2023,4,2023,Darcy Ribeiro (Plano Piloto) / DF,Serviço Social (Bacharelado),Noturno,EP_R1_NPPI,EP_R1_NPPI,True,R1,NPPI,False,1.5,-31.822,-31.822
2018-2020,1,2020,Darcy Ribeiro (Plano Piloto) / DF,Serviço Social (Bacharelado),Diurno,EP_R1_PPI,EP_R1_PPI,True,R1,PPI,False,1.5,-48.812,-28.138
2018-2020,1,2020,Darcy Ribeiro (Plano Piloto) / DF,Serviço Social (Bacharelado),Noturno,EP_R1_PPI,EP_R1_PPI,True,R1,PPI,False,1.5,-34.792,-34.792
2019-2021,2,2021,Darcy Ribeiro,Serviço Social (Bacharelado),Noturno,EP_R1_PPI,EP_R1_PPI,True,R1,PPI,False,1.5,-42.517,-26.01
2019-2021,2,2021,Darcy Ribeiro,Serviço Social (Bacharelado),Diurno,EP_R1_PPI,EP_R1_PPI,True,R1,PPI,False,1.5,-10.261,19.595
2021-2023,4,2023,Darcy Ribeiro (Plano Piloto) / DF,Serviço Social (Bacharelado),Diurno,EP_R1_PPI,EP_R1_PPI,True,R1,PPI,False,1.5,-21.301,-21.301
2021-2023,4,2023,Darcy Ribeiro (Plano Piloto) / DF,Serviço Social (Bacharelado),Noturno,EP_R1_PPI,EP_R1_PPI,True,R1,PPI,False,1.5,-46.647,-46.647
2018-2020,1,2020,Darcy Ribeiro (Plano Piloto) / DF,Serviço Social (Bacharelado),Diurno,EP_R2_NPPI,EP_R2_NPPI,True,R2,NPPI,False,1.5,-51.891,-31.824
2018-2020,1,2020,Darcy Ribeiro (Plano Piloto) / DF,Serviço Social (Bacharelado),Noturno,EP_R2_NPPI,EP_R2_NPPI,True,R2,NPPI,False,1.5,-33.578,-7.92
2019-2021,2,2021,Darcy Ribeiro,Serviço Social (Bacharelado),Noturno,EP_R2_NPPI,EP_R2_NPPI,True,R2,NPPI,False,1.5,-37.74,-14.877
2019-2021,2,2021,Darcy Ribeiro,Serviço Social (Bacharelado),Diurno,EP_R2_NPPI,EP_R2_NPPI,True,R2,NPPI,False,1.5,-58.673,-11.65
2020-2022,3,2022,Darcy Ribeiro (Plano Piloto) / DF,Serviço Social (Bacharelado),Diurno,EP_R2_NPPI,EP_R2_NPPI,True,R2,NPPI,False,1.5,-56.018,-2.724
2020-2022,3,2022,Darcy Ribeiro (Plano Piloto) / DF,Serviço Social (Bacharelado),Noturno,EP_R2_NPPI,EP_R2_NPPI,True,R2,NPPI,False,1.5,-61.615,-61.615
2021-2023,4,2023,Darcy Ribeiro (Plano Piloto) / DF,Serviço Social (Bacharelado),Diurno,EP_R2_NPPI,EP_R2_NPPI,True,R2,NPPI,False,1.5,-61.49,-36.38
2023-2025,6,2025,Darcy Ribeiro (Plano Piloto) / DF,Serviço Social (Bacharelado),Diurno,EP_R2_NPPIQ,EP_R2_NPPIQ,True,R2,NPPIQ,False,1.0,-49.665,-35.419
2018-2020,1,2020,Darcy Ribeiro (Plano Piloto) / DF,Serviço Social (Bacharelado),Diurno,EP_R2_PPI,EP_R2_PPI,True,R2,PPI,False,1.5,-65.588,-13.972
2018-2020,1,2020,Darcy Ribeiro (Plano Piloto) / DF,Serviço Social (Bacharelado),Noturno,EP_R2_PPI,EP_R2_PPI,True,R2,PPI,False,1.5,-54.902,-23.751
2019-2021,2,2021,Darcy Ribeiro,Serviço Social (Bacharelado),Diurno,EP_R2_PPI,EP_R2_PPI,True,R2,PPI,False,1.5,-33.215,1.085
2020-2022,3,2022,Darcy Ribeiro (Plano Piloto) / DF,Serviço Social (Bacharelado),Diurno,EP_R2_PPI,EP_R2_PPI,True,R2,PPI,False,1.5,-46.944,-3.065
2021-2023,4,2023,Darcy Ribeiro (Plano Piloto) / DF,Serviço Social (Bacharelado),Noturno,EP_R2_PPI,EP_R2_PPI,True,R2,PPI,False,1.5,-45.238,-45.238
2023-2025,6,2025,Darcy Ribeiro (Plano Piloto) / DF,Serviço Social (Bacharelado),Diurno,EP_R2_PPIQ,EP_R2_PPIQ,True,R2,PPIQ,False,1.0,-37.837,-37.837
2018-2020,1,2020,Darcy Ribeiro (Plano Piloto) / DF,"Teoria, Crítica e História da Arte (Bacharelado)",Noturno,AC,AC,False,,,False,,-74.639,-74.639
2019-2021,2,2021,Darcy Ribeiro,"Teoria, Crítica e História da Arte (Bacharelado)",Noturno,AC,AC,False,,,False,,-0.054,50.763
2020-2022,3,2022,Darcy Ribeiro (Plano Piloto) / DF,"Teoria, Crítica e História da Arte (Bacharelado)",Noturno,AC,AC,False,,,False,,-64.852,-7.391
2021-2023,4,2023,Darcy Ribeiro (Plano Piloto) / DF,"Teoria, Crítica e História da Arte (Bacharelado)",Noturno,AC,AC,False,,,False,,-56.171,25.563
2023-2025,6,2025,Darcy Ribeiro (Plano Piloto) / DF,"Teoria, Crítica e História da Arte (Bacharelado)",Noturno,AC,AC,False,,,False,,-22.04,8.621
2021-2023,4,2023,Darcy Ribeiro (Plano Piloto) / DF,"Teoria, Crítica e História da Arte (Bacharelado)",Noturno,CN,CN,False,,NEGROS,False,,4.736,4.736
2018-2020,1,2020,Darcy Ribeiro (Plano Piloto) / DF,"Teoria, Crítica e História da Arte (Bacharelado)",Noturno,EP_R1_PPI,EP_R1_PPI,True,R1,PPI,False,1.5,3.161,3.161
2019-2021,2,2021,Darcy Ribeiro,"Teoria, Crítica e História da Arte (Bacharelado)",Noturno,EP_R2_NPPI,EP_R2_NPPI,True,R2,NPPI,False,1.5,-27.615,-13.504
2020-2022,3,2022,Darcy Ribeiro (Plano Piloto) / DF,"Teoria, Crítica e História da Arte (Bacharelado)",Noturno,EP_R2_PPI,EP_R2_PPI,True,R2,PPI,False,1.5,-51.341,-51.341
2018-2020,1,2020,Ceilândia / DF,Terapia Ocupacional (Bacharelado),Diurno,AC,AC,False,,,False,,-73.944,20.377
2019-2021,2,2021,Ceilândi a (FCE),Terapia Ocupacional (Bacharelado),Diurno,AC,AC,False,,,False,,-21.685,19.322
2020-2022,3,2022,Ceilândia / DF,Terapia Ocupacional (Bacharelado),Diurno,AC,AC,False,,,False,,-28.652,51.395
2021-2023,4,2023,Ceilândia / DF,Terapia Ocupacional (Bacharelado),Diurno,AC,AC,False,,,False,,-9.621,42.752
2022-2024,5,2024,Ceilândia / DF,Terapia Ocupacional (Bacharelado),Diurno,AC,AC,False,,,False,,-40.381,-12.674
2023-2025,6,2025,Ceilândia / DF,Terapia Ocupacional (Bacharelado),Diurno,AC,AC,False,,,False,,2.706,46.76
2018-2020,1,2020,Ceilândia / DF,Terapia Ocupacional (Bacharelado),Diurno,CN,CN,False,,NEGROS,False,,5.337,6.491
2019-2021,2,2021,Ceilândi a (FCE),Terapia Ocupacional (Bacharelado),Diurno,CN,CN,False,,NEGROS,False,,-8.712,-8.712
2020-2022,3,2022,Ceilândia / DF,Terapia Ocupacional (Bacharelado),Diurno,CN,CN,False,,NEGROS,False,,-31.006,-31.006
2021-2023,4,2023,Ceilândia / DF,Terapia Ocupacional (Bacharelado),Diurno,CN,CN,False,,NEGROS,False,,8.543,8.543
2023-2025,6,2025,Ceilândia / DF,Terapia Ocupacional (Bacharelado),Diurno,CN,CN,False,,NEGROS,False,,-18.436,-18.436
2018-2020,1,2020,Ceilândia / DF,Terapia Ocupacional (Bacharelado),Diurno,EP_R1_NPPI,EP_R1_NPPI,True,R1,NPPI,False,1.5,-92.652,-4.201
2019-2021,2,2021,Ceilândi a (FCE),Terapia Ocupacional (Bacharelado),Diurno,EP_R1_NPPI,EP_R1_NPPI,True,R1,NPPI,False,1.5,-29.114,-25.419
2020-2022,3,2022,Ceilândia / DF,Terapia Ocupacional (Bacharelado),Diurno,EP_R1_NPPI,EP_R1_NPPI,True,R1,NPPI,False,1.5,-38.795,-38.795
2021-2023,4,2023,Ceilândia / DF,Terapia Ocupacional (Bacharelado),Diurno,EP_R1_NPPI,EP_R1_NPPI,True,R1,NPPI,False,1.5,-88.602,-3.99
2023-2025,6,2025,Ceilândia / DF,Terapia Ocupacional (Bacharelado),Diurno,EP_R1_NPPIQ,EP_R1_NPPIQ,True,R1,NPPIQ,False,1.0,-82.855,-36.853
2019-2021,2,2021,Ceilândi a (FCE),Terapia Ocupacional (Bacharelado),Diurno,EP_R1_PPI,EP_R1_PPI,True,R1,PPI,False,1.5,-62.296,-38.06
2020-2022,3,2022,Ceilândia / DF,Terapia Ocupacional (Bacharelado),Diurno,EP_R1_PPI,EP_R1_PPI,True,R1,PPI,False,1.5,-76.773,55.294
2021-2023,4,2023,Ceilândia / DF,Terapia Ocupacional (Bacharelado),Diurno,EP_R1_PPI,EP_R1_PPI,True,R1,PPI,False,1.5,-16.701,-16.701
2018-2020,1,2020,Ceilândia / DF,Terapia Ocupacional (Bacharelado),Diurno,EP_R2_NPPI,EP_R2_NPPI,True,R2,NPPI,False,1.5,-74.63,27.307
2019-2021,2,2021,Ceilândi a (FCE),Terapia Ocupacional (Bacharelado),Diurno,EP_R2_NPPI,EP_R2_NPPI,True,R2,NPPI,False,1.5,-14.518,37.811
2020-2022,3,2022,Ceilândia / DF,Terapia Ocupacional (Bacharelado),Diurno,EP_R2_NPPI,EP_R2_NPPI,True,R2,NPPI,False,1.5,-59.047,-19.929
2021-2023,4,2023,Ceilândia / DF,Terapia Ocupacional (Bacharelado),Diurno,EP_R2_NPPI,EP_R2_NPPI,True,R2,NPPI,False,1.5,-46.005,1.824
2022-2024,5,2024,Ceilândia / DF,Terapia Ocupacional (Bacharelado),Diurno,EP_R2_NPPI,EP_R2_NPPI,True,R2,NPPI,False,1.5,-98.316,-37.282
2023-2025,6,2025,Ceilândia / DF,Terapia Ocupacional (Bacharelado),Diurno,EP_R2_NPPIQ,EP_R2_NPPIQ,True,R2,NPPIQ,False,1.0,-14.671,-6.035
2018-2020,1,2020,Ceilândia / DF,Terapia Ocupacional (Bacharelado),Diurno,EP_R2_PPI,EP_R2_PPI,True,R2,PPI,False,1.5,-45.148,-25.927
2019-2021,2,2021,Ceilândi a (FCE),Terapia Ocupacional (Bacharelado),Diurno,EP_R2_PPI,EP_R2_PPI,True,R2,PPI,False,1.5,-69.768,9.306
2021-2023,4,2023,Ceilândia / DF,Terapia Ocupacional (Bacharelado),Diurno,EP_R2_PPI,EP_R2_PPI,True,R2,PPI,False,1.5,-37.682,-4.11
2023-2025,6,2025,Ceilândia / DF,Terapia Ocupacional (Bacharelado),Diurno,EP_R2_PPIQ,EP_R2_PPIQ,True,R2,PPIQ,False,1.0,-72.221,-22.382
2018-2020,1,2020,Darcy Ribeiro (Plano Piloto) / DF,Turismo (Bacharelado),Diurno,AC,AC,False,,,False,,-101.482,-8.137
2019-2021,2,2021,Darcy Ribeiro,Turismo (Bacharelado),Diurno,AC,AC,False,,,False,,-89.917,12.676
2020-2022,3,2022,Darcy Ribeiro (Plano Piloto) / DF,Turismo (Bacharelado),Diurno,AC,AC,False,,,False,,-83.422,20.419
2021-2023,4,2023,Darcy Ribeiro (Plano Piloto) / DF,Turismo (Bacharelado),Diurno,AC,AC,False,,,False,,-95.121,-32.42
2023-2025,6,2025,Darcy Ribeiro (Plano Piloto) / DF,Turismo (Bacharelado),Diurno,AC,AC,False,,,False,,-62.252,51.489
2019-2021,2,2021,Darcy Ribeiro,Turismo (Bacharelado),Diurno,CN,CN,False,,NEGROS,False,,-21.951,-21.951
2020-2022,3,2022,Darcy Ribeiro (Plano Piloto) / DF,Turismo (Bacharelado),Diurno,CN,CN,False,,NEGROS,False,,-22.832,-22.832
2021-2023,4,2023,Darcy Ribeiro (Plano Piloto) / DF,Turismo (Bacharelado),Diurno,CN,CN,False,,NEGROS,False,,-47.957,-47.957
2023-2025,6,2025,Darcy Ribeiro (Plano Piloto) / DF,Turismo (Bacharelado),Diurno,CN,CN,False,,NEGROS,False,,-53.591,-53.591
2018-2020,1,2020,Darcy Ribeiro (Plano Piloto) / DF,Turismo (Bacharelado),Diurno,EP_R1_NPPI,EP_R1_NPPI,True,R1,NPPI,False,1.5,-35.506,-35.506
2019-2021,2,2021,Darcy Ribeiro,Turismo (Bacharelado),Diurno,EP_R1_NPPI,EP_R1_NPPI,True,R1,NPPI,False,1.5,-64.42,-64.42
2021-2023,4,2023,Darcy Ribeiro (Plano Piloto) / DF,Turismo (Bacharelado),Diurno,EP_R1_NPPI,EP_R1_NPPI,True,R1,NPPI,False,1.5,-13.362,-7.216
2019-2021,2,2021,Darcy Ribeiro,Turismo (Bacharelado),Diurno,EP_R1_PPI,EP_R1_PPI,True,R1,PPI,False,1.5,-54.814,-54.814
2018-2020,1,2020,Darcy Ribeiro (Plano Piloto) / DF,Turismo (Bacharelado),Diurno,EP_R2_NPPI,EP_R2_NPPI,True,R2,NPPI,False,1.5,-64.299,-37.943
2019-2021,2,2021,Darcy Ribeiro,Turismo (Bacharelado),Diurno,EP_R2_NPPI,EP_R2_NPPI,True,R2,NPPI,False,1.5,-79.506,-24.63
2020-2022,3,2022,Darcy Ribeiro (Plano Piloto) / DF,Turismo (Bacharelado),Diurno,EP_R2_NPPI,EP_R2_NPPI,True,R2,NPPI,False,1.5,-20.793,-20.793
2021-2023,4,2023,Darcy Ribeiro (Plano Piloto) / DF,Turismo (Bacharelado),Diurno,EP_R2_NPPI,EP_R2_NPPI,True,R2,NPPI,False,1.5,-70.349,-23.007
2018-2020,1,2020,Darcy Ribeiro (Plano Piloto) / DF,Turismo (Bacharelado),Diurno,EP_R2_PPI,EP_R2_PPI,True,R2,PPI,False,1.5,-68.241,-14.636
