id_oferta,id_oferta_num,curso,campus,turno,modalidade_normalizada,classe,velocidade_min,velocidade_max,consistencia,mudancas_direcao,coef_var_min,coef_var_max
Administração (Bacharelado) | Darcy Ribeiro | Diurno | AC | EP=False | R=NA | GE=NA | PCD=False | SM=NA,1,Administração (Bacharelado),Darcy Ribeiro,Diurno,AC,Oscilante,8.789,6.024,60.0,2,87.136,45.877
Administração (Bacharelado) | Darcy Ribeiro | Noturno | AC | EP=False | R=NA | GE=NA | PCD=False | SM=NA,2,Administração (Bacharelado),Darcy Ribeiro,Noturno,AC,Oscilante,18.37,1.183,60.0,4,-113.06,111.043
Administração (Bacharelado) | Darcy Ribeiro | Diurno | CN | EP=False | R=NA | GE=NEGROS | PCD=False | SM=NA,3,Administração (Bacharelado),Darcy Ribeiro,Diurno,CN,Oscilante,5.646,0.764,60.0,3,-81.344,-492.069
Administração (Bacharelado) | Darcy Ribeiro | Noturno | CN | EP=False | R=NA | GE=NEGROS | PCD=False | SM=NA,4,Administração (Bacharelado),Darcy Ribeiro,Noturno,CN,Oscilante,-12.76,-13.76,50.0,1,-114.765,-414.944
Administração (Bacharelado) | Darcy Ribeiro | Diurno | EP_R1_NPPI | EP=True | R=R1 | GE=NPPI | PCD=False | SM=1.5,5,Administração (Bacharelado),Darcy Ribeiro,Diurno,EP_R1_NPPI,Oscilante,10.468,-5.891,66.7,1,-60.997,-714.546
Administração (Bacharelado) | Darcy Ribeiro | Noturno | EP_R1_NPPI | EP=True | R=R1 | GE=NPPI | PCD=False | SM=1.5,6,Administração (Bacharelado),Darcy Ribeiro,Noturno,EP_R1_NPPI,Oscilante,6.2,7.862,66.7,2,-35.91,-250.23
Administração (Bacharelado) | Darcy Ribeiro | Diurno | EP_R1_PPI | EP=True | R=R1 | GE=PPI | PCD=False | SM=1.5,8,Administração (Bacharelado),Darcy Ribeiro,Diurno,EP_R1_PPI,Oscilante,-7.167,-2.887,66.7,1,-22.024,212.143
Administração (Bacharelado) | Darcy Ribeiro | Noturno | EP_R1_PPI | EP=True | R=R1 | GE=PPI | PCD=False | SM=1.5,9,Administração (Bacharelado),Darcy Ribeiro,Noturno,EP_R1_PPI,Queda,-24.409,-9.464,100.0,0,-97.606,-112.519
Administração (Bacharelado) | Darcy Ribeiro | Diurno | EP_R2_NPPI | EP=True | R=R2 | GE=NPPI | PCD=False | SM=1.5,10,Administração (Bacharelado),Darcy Ribeiro,Diurno,EP_R2_NPPI,Oscilante,0.747,-1.799,75.0,1,-143.68,231.504
Administração (Bacharelado) | Darcy Ribeiro | Noturno | EP_R2_NPPI | EP=True | R=R2 | GE=NPPI | PCD=False | SM=1.5,11,Administração (Bacharelado),Darcy Ribeiro,Noturno,EP_R2_NPPI,Oscilante,-11.008,-6.548,66.7,1,-87.372,75.538
Administração (Bacharelado) | Darcy Ribeiro | Diurno | EP_R2_PPI | EP=True | R=R2 | GE=PPI | PCD=False | SM=1.5,14,Administração (Bacharelado),Darcy Ribeiro,Diurno,EP_R2_PPI,Oscilante,5.21,1.081,66.7,1,-55.171,179.556
Administração (Bacharelado) | Darcy Ribeiro | Noturno | EP_R2_PPI | EP=True | R=R2 | GE=PPI | PCD=False | SM=1.5,15,Administração (Bacharelado),Darcy Ribeiro,Noturno,EP_R2_PPI,Queda,-4.722,-39.812,100.0,0,-23.824,-144.02
Agronomia (Bacharelado) | Darcy Ribeiro | Diurno | AC | EP=False | R=NA | GE=NA | PCD=False | SM=NA,17,Agronomia (Bacharelado),Darcy Ribeiro,Diurno,AC,Oscilante,15.437,14.563,60.0,2,-123.361,104.798
Agronomia (Bacharelado) | Darcy Ribeiro | Diurno | CN | EP=False | R=NA | GE=NEGROS | PCD=False | SM=NA,18,Agronomia (Bacharelado),Darcy Ribeiro,Diurno,CN,Oscilante,8.478,-1.13,50.0,3,-63.56,-405.773
Agronomia (Bacharelado) | Darcy Ribeiro | Diurno | EP_R1_NPPI | EP=True | R=R1 | GE=NPPI | PCD=False | SM=1.5,19,Agronomia (Bacharelado),Darcy Ribeiro,Diurno,EP_R1_NPPI,Oscilante,17.974,41.908,50.0,1,-37.854,-1392.717
Agronomia (Bacharelado) | Darcy Ribeiro | Diurno | EP_R1_PPI | EP=True | R=R1 | GE=PPI | PCD=False | SM=1.5,21,Agronomia (Bacharelado),Darcy Ribeiro,Diurno,EP_R1_PPI,Oscilante,2.92,4.015,66.7,1,-14.105,-71.472
Agronomia (Bacharelado) | Darcy Ribeiro | Diurno | EP_R2_NPPI | EP=True | R=R2 | GE=NPPI | PCD=False | SM=1.5,22,Agronomia (Bacharelado),Darcy Ribeiro,Diurno,EP_R2_NPPI,Oscilante,7.671,-6.958,66.7,1,-42.775,71.267
Agronomia (Bacharelado) | Darcy Ribeiro | Diurno | EP_R2_PPI | EP=True | R=R2 | GE=PPI | PCD=False | SM=1.5,24,Agronomia (Bacharelado),Darcy Ribeiro,Diurno,EP_R2_PPI,Oscilante,1.996,,33.3,2,-12.915,
Arquitetura e Urbanismo (Bacharelado) | Darcy Ribeiro | Diurno | AC | EP=False | R=NA | GE=NA | PCD=False | SM=NA,26,Arquitetura e Urbanismo (Bacharelado),Darcy Ribeiro,Diurno,AC,Oscilante,6.412,,40.0,4,16.777,
Arquitetura e Urbanismo (Bacharelado) | Darcy Ribeiro | Noturno | AC | EP=False | R=NA | GE=NA | PCD=False | SM=NA,27,Arquitetura e Urbanismo (Bacharelado),Darcy Ribeiro,Noturno,AC,Oscilante,15.992,2.342,60.0,4,153.954,39.576
Arquitetura e Urbanismo (Bacharelado) | Darcy Ribeiro | Diurno | CN | EP=False | R=NA | GE=NEGROS | PCD=False | SM=NA,28,Arquitetura e Urbanismo (Bacharelado),Darcy Ribeiro,Diurno,CN,Oscilante,3.648,2.148,60.0,4,36.103,34.687
Arquitetura e Urbanismo (Bacharelado) | Darcy Ribeiro | Noturno | CN | EP=False | R=NA | GE=NEGROS | PCD=False | SM=NA,29,Arquitetura e Urbanismo (Bacharelado),Darcy Ribeiro,Noturno,CN,Oscilante,17.899,15.269,80.0,2,-145.634,-148.073
Arquitetura e Urbanismo (Bacharelado) | Darcy Ribeiro | Diurno | EP_R1_NPPI | EP=True | R=R1 | GE=NPPI | PCD=False | SM=1.5,30,Arquitetura e Urbanismo (Bacharelado),Darcy Ribeiro,Diurno,EP_R1_NPPI,Crescimento,19.863,36.448,100.0,0,-615.796,201.203
Arquitetura e Urbanismo (Bacharelado) | Darcy Ribeiro | Noturno | EP_R1_NPPI | EP=True | R=R1 | GE=NPPI | PCD=False | SM=1.5,31,Arquitetura e Urbanismo (Bacharelado),Darcy Ribeiro,Noturno,EP_R1_NPPI,Oscilante,22.619,-12.623,50.0,1,-110.094,-3179.216
Arquitetura e Urbanismo (Bacharelado) | Darcy Ribeiro | Diurno | EP_R1_PPI | EP=True | R=R1 | GE=PPI | PCD=False | SM=1.5,33,Arquitetura e Urbanismo (Bacharelado),Darcy Ribeiro,Diurno,EP_R1_PPI,Oscilante,7.082,1.541,66.7,1,-150.156,42.621
Arquitetura e Urbanismo (Bacharelado) | Darcy Ribeiro | Noturno | EP_R1_PPI | EP=True | R=R1 | GE=PPI | PCD=False | SM=1.5,34,Arquitetura e Urbanismo (Bacharelado),Darcy Ribeiro,Noturno,EP_R1_PPI,Oscilante,13.172,4.262,50.0,1,-83.201,-60.55
Arquitetura e Urbanismo (Bacharelado) | Darcy Ribeiro | Diurno | EP_R2_NPPI | EP=True | R=R2 | GE=NPPI | PCD=False | SM=1.5,35,Arquitetura e Urbanismo (Bacharelado),Darcy Ribeiro,Diurno,EP_R2_NPPI,Oscilante,-14.289,-8.653,50.0,1,123.259,67.149
Arquitetura e Urbanismo (Bacharelado) | Darcy Ribeiro | Noturno | EP_R2_NPPI | EP=True | R=R2 | GE=NPPI | PCD=False | SM=1.5,36,Arquitetura e Urbanismo (Bacharelado),Darcy Ribeiro,Noturno,EP_R2_NPPI,Oscilante,-6.072,8.55,66.7,2,-43.607,135.25
Arquitetura e Urbanismo (Bacharelado) | Darcy Ribeiro | Diurno | EP_R2_PPI | EP=True | R=R2 | GE=PPI | PCD=False | SM=1.5,39,Arquitetura e Urbanismo (Bacharelado),Darcy Ribeiro,Diurno,EP_R2_PPI,Oscilante,7.835,-0.581,66.7,1,-890.733,61.926
Arquitetura e Urbanismo (Bacharelado) | Darcy Ribeiro | Noturno | EP_R2_PPI | EP=True | R=R2 | GE=PPI | PCD=False | SM=1.5,40,Arquitetura e Urbanismo (Bacharelado),Darcy Ribeiro,Noturno,EP_R2_PPI,Oscilante,-7.335,-7.335,66.7,1,-86.082,-80.25
Arquivologia (Bacharelado) | Darcy Ribeiro | Noturno | AC | EP=False | R=NA | GE=NA | PCD=False | SM=NA,42,Arquivologia (Bacharelado),Darcy Ribeiro,Noturno,AC,Oscilante,-2.891,13.044,75.0,2,-22.257,288.073
Arquivologia (Bacharelado) | Darcy Ribeiro | Noturno | CN | EP=False | R=NA | GE=NEGROS | PCD=False | SM=NA,43,Arquivologia (Bacharelado),Darcy Ribeiro,Noturno,CN,Oscilante,40.724,40.724,50.0,1,-106.442,-106.442
Arquivologia (Bacharelado) | Darcy Ribeiro | Noturno | EP_R1_NPPI | EP=True | R=R1 | GE=NPPI | PCD=False | SM=1.5,44,Arquivologia (Bacharelado),Darcy Ribeiro,Noturno,EP_R1_NPPI,Crescimento,17.256,28.777,100.0,0,-31.009,-60.581
Arquivologia (Bacharelado) | Darcy Ribeiro | Noturno | EP_R2_NPPI | EP=True | R=R2 | GE=NPPI | PCD=False | SM=1.5,45,Arquivologia (Bacharelado),Darcy Ribeiro,Noturno,EP_R2_NPPI,Oscilante,10.556,12.687,50.0,1,-26.605,-32.436
Arquivologia (Bacharelado) | Darcy Ribeiro | Noturno | EP_R2_PPI | EP=True | R=R2 | GE=PPI | PCD=False | SM=1.5,47,Arquivologia (Bacharelado),Darcy Ribeiro,Noturno,EP_R2_PPI,Queda,-30.19,-32.143,100.0,0,-41.601,-45.151
Artes Cênicas (Bacharelado) | Darcy Ribeiro | Diurno | AC | EP=False | R=NA | GE=NA | PCD=False | SM=NA,48,Artes Cênicas (Bacharelado),Darcy Ribeiro,Diurno,AC,Oscilante,11.928,-0.957,60.0,3,-429.767,58.285
Artes Cênicas (Bacharelado) | Darcy Ribeiro | Diurno | EP_R1_PPI | EP=True | R=R1 | GE=PPI | PCD=False | SM=1.5,50,Artes Cênicas (Bacharelado),Darcy Ribeiro,Diurno,EP_R1_PPI,Oscilante,-18.382,-18.382,50.0,1,-145.709,-145.709
Artes Cênicas (Bacharelado) | Darcy Ribeiro | Diurno | EP_R2_NPPI | EP=True | R=R2 | GE=NPPI | PCD=False | SM=1.5,51,Artes Cênicas (Bacharelado),Darcy Ribeiro,Diurno,EP_R2_NPPI,Oscilante,-19.814,-10.789,50.0,1,-906.864,369.438
Artes Cênicas (Literatura) | Darcy Ribeiro | Diurno | AC | EP=False | R=NA | GE=NA | PCD=False | SM=NA,59,Artes Cênicas (Literatura),Darcy Ribeiro,Diurno,AC,Oscilante,17.029,0.726,66.7,2,-168.312,97.563
Artes Cênicas (Literatura) | Darcy Ribeiro | Diurno | EP_R1_NPPI | EP=True | R=R1 | GE=NPPI | PCD=False | SM=1.5,61,Artes Cênicas (Literatura),Darcy Ribeiro,Diurno,EP_R1_NPPI,Queda,-57.025,-20.032,100.0,0,-297.728,285.984
Artes Visuais (Bacharelado) | Darcy Ribeiro | Diurno | AC | EP=False | R=NA | GE=NA | PCD=False | SM=NA,66,Artes Visuais (Bacharelado),Darcy Ribeiro,Diurno,AC,Oscilante,13.562,6.653,60.0,3,-189.563,64.458
Artes Visuais (Bacharelado) | Darcy Ribeiro | Diurno | EP_R2_NPPI | EP=True | R=R2 | GE=NPPI | PCD=False | SM=1.5,68,Artes Visuais (Bacharelado),Darcy Ribeiro,Diurno,EP_R2_NPPI,Oscilante,-18.018,17.03,50.0,1,-161.118,-465.708
Artes Visuais (Licenciatura) | Darcy Ribeiro | Diurno | AC | EP=False | R=NA | GE=NA | PCD=False | SM=NA,70,Artes Visuais (Licenciatura),Darcy Ribeiro,Diurno,AC,Crescimento,24.05,21.265,100.0,0,-80.304,41.965
Artes Visuais (Licenciatura) | Darcy Ribeiro | Diurno | CN | EP=False | R=NA | GE=NEGROS | PCD=False | SM=NA,72,Artes Visuais (Licenciatura),Darcy Ribeiro,Diurno,CN,Queda,-2.392,-2.392,100.0,0,-5.279,-5.279
Artes Visuais (Licenciatura) | Darcy Ribeiro | Diurno | EP_R2_NPPI | EP=True | R=R2 | GE=NPPI | PCD=False | SM=1.5,75,Artes Visuais (Licenciatura),Darcy Ribeiro,Diurno,EP_R2_NPPI,Oscilante,-44.36,-22.954,50.0,1,-256.216,180.539
Artes Visuais (Licenciatura) | Darcy Ribeiro | Diurno | EP_R2_PPI | EP=True | R=R2 | GE=PPI | PCD=False | SM=1.5,76,Artes Visuais (Licenciatura),Darcy Ribeiro,Diurno,EP_R2_PPI,Queda,-4.162,-4.162,100.0,0,-14.671,-14.671
Biblioteconomia (Bacharelado) | Darcy Ribeiro | Diurno | AC | EP=False | R=NA | GE=NA | PCD=False | SM=NA,77,Biblioteconomia (Bacharelado),Darcy Ribeiro,Diurno,AC,Oscilante,-4.907,5.14,50.0,2,-28.248,49.332
Biblioteconomia (Bacharelado) | Darcy Ribeiro | Diurno | CN | EP=False | R=NA | GE=NEGROS | PCD=False | SM=NA,78,Biblioteconomia (Bacharelado),Darcy Ribeiro,Diurno,CN,Queda,-10.839,-10.839,100.0,0,-53.91,-53.91
Biblioteconomia (Bacharelado) | Darcy Ribeiro | Diurno | EP_R1_NPPI | EP=True | R=R1 | GE=NPPI | PCD=False | SM=1.5,79,Biblioteconomia (Bacharelado),Darcy Ribeiro,Diurno,EP_R1_NPPI,Estável,10.491,0.181,50.0,1,-69.382,-49.508
Biblioteconomia (Bacharelado) | Darcy Ribeiro | Diurno | EP_R1_PPI | EP=True | R=R1 | GE=PPI | PCD=False | SM=1.5,80,Biblioteconomia (Bacharelado),Darcy Ribeiro,Diurno,EP_R1_PPI,Queda,-17.8,-17.8,100.0,0,-24.966,-24.966
Biblioteconomia (Bacharelado) | Darcy Ribeiro | Diurno | EP_R2_NPPI | EP=True | R=R2 | GE=NPPI | PCD=False | SM=1.5,81,Biblioteconomia (Bacharelado),Darcy Ribeiro,Diurno,EP_R2_NPPI,Oscilante,-3.985,13.849,66.7,1,-69.542,182.676
Biblioteconomia (Bacharelado) | Darcy Ribeiro | Diurno | EP_R2_PPI | EP=True | R=R2 | GE=PPI | PCD=False | SM=1.5,83,Biblioteconomia (Bacharelado),Darcy Ribeiro,Diurno,EP_R2_PPI,Queda,-17.861,-17.861,100.0,0,-60.969,-60.969
Biologia (Bacharelado) | Darcy Ribeiro | Diurno | AC | EP=False | R=NA | GE=NA | PCD=False | SM=NA,84,Biologia (Bacharelado),Darcy Ribeiro,Diurno,AC,Oscilante,7.789,4.162,50.0,2,28.811,37.439
Biologia (Bacharelado) | Darcy Ribeiro | Diurno | CN | EP=False | R=NA | GE=NEGROS | PCD=False | SM=NA,85,Biologia (Bacharelado),Darcy Ribeiro,Diurno,CN,Oscilante,9.51,7.451,75.0,2,321.567,255.467
Biologia (Bacharelado) | Darcy Ribeiro | Diurno | EP_R1_NPPI | EP=True | R=R1 | GE=NPPI | PCD=False | SM=1.5,86,Biologia (Bacharelado),Darcy Ribeiro,Diurno,EP_R1_NPPI,Oscilante,-2.062,-11.0,66.7,1,-656.206,379.521
Biologia (Bacharelado) | Darcy Ribeiro | Diurno | EP_R1_PPI | EP=True | R=R1 | GE=PPI | PCD=False | SM=1.5,89,Biologia (Bacharelado),Darcy Ribeiro,Diurno,EP_R1_PPI,Oscilante,19.159,5.041,50.0,1,-137.034,180.44
Biologia (Bacharelado) | Darcy Ribeiro | Diurno | EP_R2_NPPI | EP=True | R=R2 | GE=NPPI | PCD=False | SM=1.5,90,Biologia (Bacharelado),Darcy Ribeiro,Diurno,EP_R2_NPPI,Oscilante,0.079,-0.934,66.7,2,86.573,16.062
Biologia (Bacharelado) | Darcy Ribeiro | Diurno | EP_R2_PPI | EP=True | R=R2 | GE=PPI | PCD=False | SM=1.5,93,Biologia (Bacharelado),Darcy Ribeiro,Diurno,EP_R2_PPI,Queda,-13.197,-33.561,100.0,0,-111.373,-1321.842
Biologia (Licenciatura) | Darcy Ribeiro | Noturno | AC | EP=False | R=NA | GE=NA | PCD=False | SM=NA,96,Biologia (Licenciatura),Darcy Ribeiro,Noturno,AC,Oscilante,5.464,,50.0,2,-125.359,
Biologia (Licenciatura) | Darcy Ribeiro | Noturno | CN | EP=False | R=NA | GE=NEGROS | PCD=False | SM=NA,98,Biologia (Licenciatura),Darcy Ribeiro,Noturno,CN,Oscilante,-13.486,-26.58,50.0,1,261.019,162.119
Biologia (Licenciatura) | Darcy Ribeiro | Noturno | EP_R1_NPPI | EP=True | R=R1 | GE=NPPI | PCD=False | SM=1.5,100,Biologia (Licenciatura),Darcy Ribeiro,Noturno,EP_R1_NPPI,Oscilante,-8.068,-15.473,50.0,1,-42.095,-657.756
Biologia (Licenciatura) | Darcy Ribeiro | Noturno | EP_R1_PPI | EP=True | R=R1 | GE=PPI | PCD=False | SM=1.5,102,Biologia (Licenciatura),Darcy Ribeiro,Noturno,EP_R1_PPI,Oscilante,12.688,12.98,50.0,1,-43.708,-397.957
Biologia (Licenciatura) | Darcy Ribeiro | Noturno | EP_R2_NPPI | EP=True | R=R2 | GE=NPPI | PCD=False | SM=1.5,104,Biologia (Licenciatura),Darcy Ribeiro,Noturno,EP_R2_NPPI,Oscilante,7.978,-5.022,66.7,2,-270.632,763.288
Biologia (Licenciatura) | Darcy Ribeiro | Noturno | EP_R2_PPI | EP=True | R=R2 | GE=PPI | PCD=False | SM=1.5,107,Biologia (Licenciatura),Darcy Ribeiro,Noturno,EP_R2_PPI,Oscilante,1.055,9.084,66.7,2,-50.823,-477.601
Biotecnologia (Bacharelado) | Darcy Ribeiro | Diurno | AC | EP=False | R=NA | GE=NA | PCD=False | SM=NA,108,Biotecnologia (Bacharelado),Darcy Ribeiro,Diurno,AC,Oscilante,10.715,10.859,60.0,2,81.938,43.849
Biotecnologia (Bacharelado) | Darcy Ribeiro | Diurno | CN | EP=False | R=NA | GE=NEGROS | PCD=False | SM=NA,109,Biotecnologia (Bacharelado),Darcy Ribeiro,Diurno,CN,Oscilante,26.29,16.416,50.0,1,124.389,68.273
Biotecnologia (Bacharelado) | Darcy Ribeiro | Diurno | EP_R1_NPPI | EP=True | R=R1 | GE=NPPI | PCD=False | SM=1.5,110,Biotecnologia (Bacharelado),Darcy Ribeiro,Diurno,EP_R1_NPPI,Oscilante,10.093,-25.518,66.7,2,-31.168,-1130.824
Biotecnologia (Bacharelado) | Darcy Ribeiro | Diurno | EP_R1_PPI | EP=True | R=R1 | GE=PPI | PCD=False | SM=1.5,112,Biotecnologia (Bacharelado),Darcy Ribeiro,Diurno,EP_R1_PPI,Crescimento,10.644,44.985,100.0,0,-32.901,1614.722
Biotecnologia (Bacharelado) | Darcy Ribeiro | Diurno | EP_R2_NPPI | EP=True | R=R2 | GE=NPPI | PCD=False | SM=1.5,113,Biotecnologia (Bacharelado),Darcy Ribeiro,Diurno,EP_R2_NPPI,Oscilante,-5.942,-14.446,50.0,1,-902.894,116.641
Biotecnologia (Bacharelado) | Darcy Ribeiro | Diurno | EP_R2_PPI | EP=True | R=R2 | GE=PPI | PCD=False | SM=1.5,115,Biotecnologia (Bacharelado),Darcy Ribeiro,Diurno,EP_R2_PPI,Oscilante,5.025,-22.121,66.7,1,-57.03,121.337
Ciência Política (Bacharelado) | Darcy Ribeiro | Diurno | AC | EP=False | R=NA | GE=NA | PCD=False | SM=NA,117,Ciência Política (Bacharelado),Darcy Ribeiro,Diurno,AC,Oscilante,14.339,-1.299,60.0,2,99.746,39.194
Ciência Política (Bacharelado) | Darcy Ribeiro | Diurno | CN | EP=False | R=NA | GE=NEGROS | PCD=False | SM=NA,118,Ciência Política (Bacharelado),Darcy Ribeiro,Diurno,CN,Oscilante,10.96,-3.073,60.0,3,149.594,98.577
Ciência Política (Bacharelado) | Darcy Ribeiro | Diurno | EP_R1_NPPI | EP=True | R=R1 | GE=NPPI | PCD=False | SM=1.5,119,Ciência Política (Bacharelado),Darcy Ribeiro,Diurno,EP_R1_NPPI,Oscilante,0.676,4.168,66.7,1,-35.065,-260.914
Ciência Política (Bacharelado) | Darcy Ribeiro | Diurno | EP_R1_PPI | EP=True | R=R1 | GE=PPI | PCD=False | SM=1.5,121,Ciência Política (Bacharelado),Darcy Ribeiro,Diurno,EP_R1_PPI,Oscilante,1.73,-2.492,66.7,2,-37.412,405.937
Ciência Política (Bacharelado) | Darcy Ribeiro | Diurno | EP_R2_NPPI | EP=True | R=R2 | GE=NPPI | PCD=False | SM=1.5,122,Ciência Política (Bacharelado),Darcy Ribeiro,Diurno,EP_R2_NPPI,Oscilante,21.495,-0.713,66.7,2,-160.279,11.804
Ciência Política (Bacharelado) | Darcy Ribeiro | Diurno | EP_R2_PPI | EP=True | R=R2 | GE=PPI | PCD=False | SM=1.5,125,Ciência Política (Bacharelado),Darcy Ribeiro,Diurno,EP_R2_PPI,Oscilante,12.529,-16.555,66.7,1,-31.287,249.911
Ciência da Computação (Bacharelado) | Darcy Ribeiro | Diurno | AC | EP=False | R=NA | GE=NA | PCD=False | SM=NA,127,Ciência da Computação (Bacharelado),Darcy Ribeiro,Diurno,AC,Oscilante,11.505,5.022,60.0,4,20.409,15.774
Ciência da Computação (Bacharelado) | Darcy Ribeiro | Diurno | CN | EP=False | R=NA | GE=NEGROS | PCD=False | SM=NA,128,Ciência da Computação (Bacharelado),Darcy Ribeiro,Diurno,CN,Oscilante,14.549,11.993,80.0,2,37.577,33.287
Ciência da Computação (Bacharelado) | Darcy Ribeiro | Diurno | EP_R1_NPPI | EP=True | R=R1 | GE=NPPI | PCD=False | SM=1.5,129,Ciência da Computação (Bacharelado),Darcy Ribeiro,Diurno,EP_R1_NPPI,Oscilante,20.982,4.801,50.0,1,2590.027,94.949
Ciência da Computação (Bacharelado) | Darcy Ribeiro | Diurno | EP_R1_PPI | EP=True | R=R1 | GE=PPI | PCD=False | SM=1.5,131,Ciência da Computação (Bacharelado),Darcy Ribeiro,Diurno,EP_R1_PPI,Oscilante,4.21,-1.294,75.0,1,-238.253,170.404
Ciência da Computação (Bacharelado) | Darcy Ribeiro | Diurno | EP_R2_NPPI | EP=True | R=R2 | GE=NPPI | PCD=False | SM=1.5,133,Ciência da Computação (Bacharelado),Darcy Ribeiro,Diurno,EP_R2_NPPI,Oscilante,16.934,-9.58,50.0,1,54.458,29.73
Ciência da Computação (Bacharelado) | Darcy Ribeiro | Diurno | EP_R2_PPI | EP=True | R=R2 | GE=PPI | PCD=False | SM=1.5,137,Ciência da Computação (Bacharelado),Darcy Ribeiro,Diurno,EP_R2_PPI,Oscilante,-6.106,-7.849,50.0,3,104.066,42.62
Ciências Ambientais (Bacharelado) | Darcy Ribeiro | Noturno | AC | EP=False | R=NA | GE=NA | PCD=False | SM=NA,140,Ciências Ambientais (Bacharelado),Darcy Ribeiro,Noturno,AC,Oscilante,6.505,-9.443,75.0,1,-23.596,167.18
Ciências Ambientais (Bacharelado) | Darcy Ribeiro | Noturno | CN | EP=False | R=NA | GE=NEGROS | PCD=False | SM=NA,141,Ciências Ambientais (Bacharelado),Darcy Ribeiro,Noturno,CN,Oscilante,-1.545,-3.163,66.7,1,-34.115,-34.874
Ciências Ambientais (Bacharelado) | Darcy Ribeiro | Noturno | EP_R2_NPPI | EP=True | R=R2 | GE=NPPI | PCD=False | SM=1.5,143,Ciências Ambientais (Bacharelado),Darcy Ribeiro,Noturno,EP_R2_NPPI,Oscilante,10.092,9.86,50.0,1,-458.809,-9441.606
Ciências Ambientais (Bacharelado) | Darcy Ribeiro | Noturno | EP_R2_PPI | EP=True | R=R2 | GE=PPI | PCD=False | SM=1.5,144,Ciências Ambientais (Bacharelado),Darcy Ribeiro,Noturno,EP_R2_PPI,Oscilante,2.821,-6.082,66.7,1,-53.515,-48.178
Ciências Contábeis (Bacharelado) | Darcy Ribeiro | Diurno | AC | EP=False | R=NA | GE=NA | PCD=False | SM=NA,145,Ciências Contábeis (Bacharelado),Darcy Ribeiro,Diurno,AC,Oscilante,19.168,2.48,60.0,3,-243.374,58.591
Ciências Contábeis (Bacharelado) | Darcy Ribeiro | Noturno | AC | EP=False | R=NA | GE=NA | PCD=False | SM=NA,146,Ciências Contábeis (Bacharelado),Darcy Ribeiro,Noturno,AC,Oscilante,10.878,-3.049,50.0,3,-48.493,13.79
Ciências Contábeis (Bacharelado) | Darcy Ribeiro | Diurno | CN | EP=False | R=NA | GE=NEGROS | PCD=False | SM=NA,147,Ciências Contábeis (Bacharelado),Darcy Ribeiro,Diurno,CN,Oscilante,-1.625,,25.0,3,-475.187,
Ciências Contábeis (Bacharelado) | Darcy Ribeiro | Noturno | CN | EP=False | R=NA | GE=NEGROS | PCD=False | SM=NA,148,Ciências Contábeis (Bacharelado),Darcy Ribeiro,Noturno,CN,Oscilante,-19.184,-24.886,50.0,1,-89.78,-363.738
Ciências Contábeis (Bacharelado) | Darcy Ribeiro | Diurno | EP_R1_NPPI | EP=True | R=R1 | GE=NPPI | PCD=False | SM=1.5,149,Ciências Contábeis (Bacharelado),Darcy Ribeiro,Diurno,EP_R1_NPPI,Crescimento,,18.018,100.0,0,,119.958
Ciências Contábeis (Bacharelado) | Darcy Ribeiro | Noturno | EP_R1_NPPI | EP=True | R=R1 | GE=NPPI | PCD=False | SM=1.5,150,Ciências Contábeis (Bacharelado),Darcy Ribeiro,Noturno,EP_R1_NPPI,Oscilante,-0.468,12.491,50.0,1,-7.792,-77.298
Ciências Contábeis (Bacharelado) | Darcy Ribeiro | Diurno | EP_R1_PPI | EP=True | R=R1 | GE=PPI | PCD=False | SM=1.5,152,Ciências Contábeis (Bacharelado),Darcy Ribeiro,Diurno,EP_R1_PPI,Queda,,-36.602,100.0,0,,-126.7
Ciências Contábeis (Bacharelado) | Darcy Ribeiro | Noturno | EP_R1_PPI | EP=True | R=R1 | GE=PPI | PCD=False | SM=1.5,153,Ciências Contábeis (Bacharelado),Darcy Ribeiro,Noturno,EP_R1_PPI,Crescimento,52.212,40.123,100.0,0,-149.988,-152.776
Ciências Contábeis (Bacharelado) | Darcy Ribeiro | Diurno | EP_R2_NPPI | EP=True | R=R2 | GE=NPPI | PCD=False | SM=1.5,154,Ciências Contábeis (Bacharelado),Darcy Ribeiro,Diurno,EP_R2_NPPI,Oscilante,,-14.779,50.0,2,,328.597
Ciências Contábeis (Bacharelado) | Darcy Ribeiro | Noturno | EP_R2_NPPI | EP=True | R=R2 | GE=NPPI | PCD=False | SM=1.5,155,Ciências Contábeis (Bacharelado),Darcy Ribeiro,Noturno,EP_R2_NPPI,Oscilante,4.014,34.714,50.0,1,-11.242,-220.375
Ciências Contábeis (Bacharelado) | Darcy Ribeiro | Diurno | EP_R2_PPI | EP=True | R=R2 | GE=PPI | PCD=False | SM=1.5,158,Ciências Contábeis (Bacharelado),Darcy Ribeiro,Diurno,EP_R2_PPI,Oscilante,,-27.268,66.7,2,,175.923
Ciências Contábeis (Bacharelado) | Darcy Ribeiro | Noturno | EP_R2_PPI | EP=True | R=R2 | GE=PPI | PCD=False | SM=1.5,159,Ciências Contábeis (Bacharelado),Darcy Ribeiro,Noturno,EP_R2_PPI,Oscilante,2.87,2.402,66.7,1,-27.228,-666.26
Ciências Econômicas (Bacharelado) | Darcy Ribeiro | Diurno | AC | EP=False | R=NA | GE=NA | PCD=False | SM=NA,162,Ciências Econômicas (Bacharelado),Darcy Ribeiro,Diurno,AC,Oscilante,11.686,,40.0,4,34.504,
Ciências Econômicas (Bacharelado) | Darcy Ribeiro | Diurno | CN | EP=False | R=NA | GE=NEGROS | PCD=False | SM=NA,163,Ciências Econômicas (Bacharelado),Darcy Ribeiro,Diurno,CN,Oscilante,6.25,5.766,60.0,3,59.614,59.403
Ciências Econômicas (Bacharelado) | Darcy Ribeiro | Diurno | EP_R1_NPPI | EP=True | R=R1 | GE=NPPI | PCD=False | SM=1.5,164,Ciências Econômicas (Bacharelado),Darcy Ribeiro,Diurno,EP_R1_NPPI,Oscilante,-9.231,-23.51,75.0,2,-75.141,386.381
Ciências Econômicas (Bacharelado) | Darcy Ribeiro | Diurno | EP_R1_PPI | EP=True | R=R1 | GE=PPI | PCD=False | SM=1.5,166,Ciências Econômicas (Bacharelado),Darcy Ribeiro,Diurno,EP_R1_PPI,Crescimento,10.532,32.293,100.0,0,-47.344,97.171
Ciências Econômicas (Bacharelado) | Darcy Ribeiro | Diurno | EP_R2_NPPI | EP=True | R=R2 | GE=NPPI | PCD=False | SM=1.5,167,Ciências Econômicas (Bacharelado),Darcy Ribeiro,Diurno,EP_R2_NPPI,Oscilante,-8.276,-23.554,75.0,2,1870.602,87.943
Ciências Econômicas (Bacharelado) | Darcy Ribeiro | Diurno | EP_R2_PPI | EP=True | R=R2 | GE=PPI | PCD=False | SM=1.5,169,Ciências Econômicas (Bacharelado),Darcy Ribeiro,Diurno,EP_R2_PPI,Oscilante,3.808,12.134,66.7,2,-27.333,69.058
Ciências Naturais (Licenciatura) | Planaltina | Diurno | AC | EP=False | R=NA | GE=NA | PCD=False | SM=NA,171,Ciências Naturais (Licenciatura),Planaltina,Diurno,AC,Oscilante,0.048,7.118,50.0,3,-7.221,-384.137
Ciências Naturais (Licenciatura) | Planaltina | Noturno | AC | EP=False | R=NA | GE=NA | PCD=False | SM=NA,172,Ciências Naturais (Licenciatura),Planaltina,Noturno,AC,Oscilante,12.319,14.797,50.0,1,-19.374,-144.551
Ciências Naturais (Licenciatura) | Planaltina | Diurno | EP_R1_PPI | EP=True | R=R1 | GE=PPI | PCD=False | SM=1.5,174,Ciências Naturais (Licenciatura),Planaltina,Diurno,EP_R1_PPI,Queda,-30.158,-30.158,100.0,0,-61.61,-61.61
Ciências Naturais (Licenciatura) | Planaltina | Diurno | EP_R2_PPI | EP=True | R=R2 | GE=PPI | PCD=False | SM=1.5,175,Ciências Naturais (Licenciatura),Planaltina,Diurno,EP_R2_PPI,Queda,1.582,-29.12,100.0,0,-2.995,-93.587
Ciências Sociais – Antropologia/ Sociologia (Bacharelado/Licenciatura) | Darcy Ribeiro | Diurno | AC | EP=False | R=NA | GE=NA | PCD=False | SM=NA,177,Ciências Sociais – Antropologia/ Sociologia (Bacharelado/Licenciatura),Darcy Ribeiro,Diurno,AC,Oscilante,14.478,1.686,50.0,3,-204.03,15.923
Ciências Sociais – Antropologia/ Sociologia (Bacharelado/Licenciatura) | Darcy Ribeiro | Diurno | CN | EP=False | R=NA | GE=NEGROS | PCD=False | SM=NA,178,Ciências Sociais – Antropologia/ Sociologia (Bacharelado/Licenciatura),Darcy Ribeiro,Diurno,CN,Oscilante,-8.125,-13.769,50.0,2,-110.047,411.181
Ciências Sociais – Antropologia/ Sociologia (Bacharelado/Licenciatura) | Darcy Ribeiro | Diurno | EP_R1_NPPI | EP=True | R=R1 | GE=NPPI | PCD=False | SM=1.5,179,Ciências Sociais – Antropologia/ Sociologia (Bacharelado/Licenciatura),Darcy Ribeiro,Diurno,EP_R1_NPPI,Oscilante,-2.153,-5.788,66.7,2,-28.137,11457.633
Ciências Sociais – Antropologia/ Sociologia (Bacharelado/Licenciatura) | Darcy Ribeiro | Diurno | EP_R1_PPI | EP=True | R=R1 | GE=PPI | PCD=False | SM=1.5,181,Ciências Sociais – Antropologia/ Sociologia (Bacharelado/Licenciatura),Darcy Ribeiro,Diurno,EP_R1_PPI,Oscilante,6.142,-15.43,66.7,2,-34.606,-114.814
Ciências Sociais – Antropologia/ Sociologia (Bacharelado/Licenciatura) | Darcy Ribeiro | Diurno | EP_R2_NPPI | EP=True | R=R2 | GE=NPPI | PCD=False | SM=1.5,182,Ciências Sociais – Antropologia/ Sociologia (Bacharelado/Licenciatura),Darcy Ribeiro,Diurno,EP_R2_NPPI,Oscilante,-1.04,9.011,66.7,1,-25.059,70.047
Ciências Sociais – Antropologia/ Sociologia (Bacharelado/Licenciatura) | Darcy Ribeiro | Diurno | EP_R2_PPI | EP=True | R=R2 | GE=PPI | PCD=False | SM=1.5,185,Ciências Sociais – Antropologia/ Sociologia (Bacharelado/Licenciatura),Darcy Ribeiro,Diurno,EP_R2_PPI,Oscilante,1.492,7.658,66.7,2,-15.126,288.421
Computação (Licenciatura) | Darcy Ribeiro | Noturno | AC | EP=False | R=NA | GE=NA | PCD=False | SM=NA,187,Computação (Licenciatura),Darcy Ribeiro,Noturno,AC,Oscilante,14.831,-3.568,60.0,3,-95.655,109.336
Computação (Licenciatura) | Darcy Ribeiro | Noturno | CN | EP=False | R=NA | GE=NEGROS | PCD=False | SM=NA,188,Computação (Licenciatura),Darcy Ribeiro,Noturno,CN,Oscilante,-6.822,-6.822,66.7,2,-300.76,-300.76
Computação (Licenciatura) | Darcy Ribeiro | Noturno | EP_R1_PPI | EP=True | R=R1 | GE=PPI | PCD=False | SM=1.5,190,Computação (Licenciatura),Darcy Ribeiro,Noturno,EP_R1_PPI,Oscilante,-14.033,-14.033,66.7,1,-206.663,-239.538
Computação (Licenciatura) | Darcy Ribeiro | Noturno | EP_R2_NPPI | EP=True | R=R2 | GE=NPPI | PCD=False | SM=1.5,191,Computação (Licenciatura),Darcy Ribeiro,Noturno,EP_R2_NPPI,Oscilante,-7.376,-8.701,66.7,2,-44.688,-192.417
Computação (Licenciatura) | Darcy Ribeiro | Noturno | EP_R2_PPI | EP=True | R=R2 | GE=PPI | PCD=False | SM=1.5,194,Computação (Licenciatura),Darcy Ribeiro,Noturno,EP_R2_PPI,Crescimento,-34.115,34.002,100.0,0,-35.325,-88.638
Comunicação Organizacional (Bacharelado) | Darcy Ribeiro | Noturno | AC | EP=False | R=NA | GE=NA | PCD=False | SM=NA,195,Comunicação Organizacional (Bacharelado),Darcy Ribeiro,Noturno,AC,Oscilante,13.867,1.006,60.0,4,-103.248,71.196
Comunicação Organizacional (Bacharelado) | Darcy Ribeiro | Noturno | CN | EP=False | R=NA | GE=NEGROS | PCD=False | SM=NA,196,Comunicação Organizacional (Bacharelado),Darcy Ribeiro,Noturno,CN,Oscilante,9.291,-2.316,50.0,3,-177.55,-305.527
Comunicação Organizacional (Bacharelado) | Darcy Ribeiro | Noturno | EP_R2_NPPI | EP=True | R=R2 | GE=NPPI | PCD=False | SM=1.5,197,Comunicação Organizacional (Bacharelado),Darcy Ribeiro,Noturno,EP_R2_NPPI,Oscilante,-10.691,-10.691,66.7,2,-33.678,-33.085
Comunicação Organizacional (Bacharelado) | Darcy Ribeiro | Noturno | EP_R2_PPI | EP=True | R=R2 | GE=PPI | PCD=False | SM=1.5,199,Comunicação Organizacional (Bacharelado),Darcy Ribeiro,Noturno,EP_R2_PPI,Crescimento,29.964,8.831,100.0,0,-34.4,-32.851
Comunicação Social - Publicidade e Propaganda (Bacharelado) | Darcy Ribeiro | Diurno | AC | EP=False | R=NA | GE=NA | PCD=False | SM=NA,201,Comunicação Social - Publicidade e Propaganda (Bacharelado),Darcy Ribeiro,Diurno,AC,Oscilante,2.818,,40.0,3,25.232,
Comunicação Social - Publicidade e Propaganda (Bacharelado) | Darcy Ribeiro | Diurno | CN | EP=False | R=NA | GE=NEGROS | PCD=False | SM=NA,202,Comunicação Social - Publicidade e Propaganda (Bacharelado),Darcy Ribeiro,Diurno,CN,Oscilante,1.052,-1.677,60.0,3,121.428,115.78
Comunicação Social - Publicidade e Propaganda (Bacharelado) | Darcy Ribeiro | Diurno | EP_R1_NPPI | EP=True | R=R1 | GE=NPPI | PCD=False | SM=1.5,203,Comunicação Social - Publicidade e Propaganda (Bacharelado),Darcy Ribeiro,Diurno,EP_R1_NPPI,Oscilante,26.259,8.847,66.7,2,-316.467,1075.163
Comunicação Social - Publicidade e Propaganda (Bacharelado) | Darcy Ribeiro | Diurno | EP_R1_PPI | EP=True | R=R1 | GE=PPI | PCD=False | SM=1.5,205,Comunicação Social - Publicidade e Propaganda (Bacharelado),Darcy Ribeiro,Diurno,EP_R1_PPI,Queda,10.734,-10.144,100.0,0,-116.829,124.231
Comunicação Social - Publicidade e Propaganda (Bacharelado) | Darcy Ribeiro | Diurno | EP_R2_NPPI | EP=True | R=R2 | GE=NPPI | PCD=False | SM=1.5,206,Comunicação Social - Publicidade e Propaganda (Bacharelado),Darcy Ribeiro,Diurno,EP_R2_NPPI,Oscilante,-3.133,0.5,50.0,1,295.597,149.186
Comunicação Social - Publicidade e Propaganda (Bacharelado) | Darcy Ribeiro | Diurno | EP_R2_PPI | EP=True | R=R2 | GE=PPI | PCD=False | SM=1.5,208,Comunicação Social - Publicidade e Propaganda (Bacharelado),Darcy Ribeiro,Diurno,EP_R2_PPI,Oscilante,-16.115,-27.776,66.7,1,-192.351,722.813
Comunicação Social – Audiovisual (Bacharelado) | Darcy Ribeiro | Diurno | AC | EP=False | R=NA | GE=NA | PCD=False | SM=NA,210,Comunicação Social – Audiovisual (Bacharelado),Darcy Ribeiro,Diurno,AC,Oscilante,4.288,,40.0,3,26.448,
Comunicação Social – Audiovisual (Bacharelado) | Darcy Ribeiro | Diurno | CN | EP=False | R=NA | GE=NEGROS | PCD=False | SM=NA,211,Comunicação Social – Audiovisual (Bacharelado),Darcy Ribeiro,Diurno,CN,Oscilante,-1.303,-1.303,60.0,3,-465.019,-465.019
Comunicação Social – Audiovisual (Bacharelado) | Darcy Ribeiro | Diurno | EP_R1_NPPI | EP=True | R=R1 | GE=NPPI | PCD=False | SM=1.5,212,Comunicação Social – Audiovisual (Bacharelado),Darcy Ribeiro,Diurno,EP_R1_NPPI,Queda,-41.786,-18.412,100.0,0,-223.267,-841.58
Comunicação Social – Audiovisual (Bacharelado) | Darcy Ribeiro | Diurno | EP_R1_PPI | EP=True | R=R1 | GE=PPI | PCD=False | SM=1.5,213,Comunicação Social – Audiovisual (Bacharelado),Darcy Ribeiro,Diurno,EP_R1_PPI,Oscilante,11.544,-12.065,50.0,1,-39.785,-169.214
Comunicação Social – Audiovisual (Bacharelado) | Darcy Ribeiro | Diurno | EP_R2_NPPI | EP=True | R=R2 | GE=NPPI | PCD=False | SM=1.5,214,Comunicação Social – Audiovisual (Bacharelado),Darcy Ribeiro,Diurno,EP_R2_NPPI,Oscilante,-2.761,-2.423,50.0,3,-102.878,117.415
Comunicação Social – Audiovisual (Bacharelado) | Darcy Ribeiro | Diurno | EP_R2_PPI | EP=True | R=R2 | GE=PPI | PCD=False | SM=1.5,216,Comunicação Social – Audiovisual (Bacharelado),Darcy Ribeiro,Diurno,EP_R2_PPI,Oscilante,-18.325,-38.625,50.0,1,-52.293,-896.756
Design – Programação Visual/Projeto do Produto (Bacharelado) | Darcy Ribeiro | Diurno | AC | EP=False | R=NA | GE=NA | PCD=False | SM=NA,219,Design – Programação Visual/Projeto do Produto (Bacharelado),Darcy Ribeiro,Diurno,AC,Oscilante,1.531,-3.043,60.0,3,14.866,18.361
Design – Programação Visual/Projeto do Produto (Bacharelado) | Darcy Ribeiro | Diurno | CN | EP=False | R=NA | GE=NEGROS | PCD=False | SM=NA,220,Design – Programação Visual/Projeto do Produto (Bacharelado),Darcy Ribeiro,Diurno,CN,Oscilante,-0.699,-5.815,60.0,3,609.43,406.111
Design – Programação Visual/Projeto do Produto (Bacharelado) | Darcy Ribeiro | Diurno | EP_R1_NPPI | EP=True | R=R1 | GE=NPPI | PCD=False | SM=1.5,221,Design – Programação Visual/Projeto do Produto (Bacharelado),Darcy Ribeiro,Diurno,EP_R1_NPPI,Oscilante,-12.582,-15.912,75.0,2,-225.141,-270.456
Design – Programação Visual/Projeto do Produto (Bacharelado) | Darcy Ribeiro | Diurno | EP_R1_PPI | EP=True | R=R1 | GE=PPI | PCD=False | SM=1.5,223,Design – Programação Visual/Projeto do Produto (Bacharelado),Darcy Ribeiro,Diurno,EP_R1_PPI,Oscilante,8.652,4.074,66.7,1,-43.831,-76.482
Design – Programação Visual/Projeto do Produto (Bacharelado) | Darcy Ribeiro | Diurno | EP_R2_PPI | EP=True | R=R2 | GE=PPI | PCD=False | SM=1.5,225,Design – Programação Visual/Projeto do Produto (Bacharelado),Darcy Ribeiro,Diurno,EP_R2_PPI,Oscilante,-9.701,-9.739,75.0,1,-242.815,819.293
Direito (Bacharelado) | Darcy Ribeiro | Diurno | AC | EP=False | R=NA | GE=NA | PCD=False | SM=NA,227,Direito (Bacharelado),Darcy Ribeiro,Diurno,AC,Oscilante,8.916,6.493,50.0,2,12.389,16.001
Direito (Bacharelado) | Darcy Ribeiro | Noturno | AC | EP=False | R=NA | GE=NA | PCD=False | SM=NA,228,Direito (Bacharelado),Darcy Ribeiro,Noturno,AC,Oscilante,9.582,,40.0,4,21.31,
Direito (Bacharelado) | Darcy Ribeiro | Diurno | CN | EP=False | R=NA | GE=NEGROS | PCD=False | SM=NA,229,Direito (Bacharelado),Darcy Ribeiro,Diurno,CN,Oscilante,3.509,0.571,60.0,3,22.765,18.0
Direito (Bacharelado) | Darcy Ribeiro | Noturno | CN | EP=False | R=NA | GE=NEGROS | PCD=False | SM=NA,230,Direito (Bacharelado),Darcy Ribeiro,Noturno,CN,Oscilante,5.201,0.875,60.0,3,36.185,30.789
Direito (Bacharelado) | Darcy Ribeiro | Diurno | EP_R1_NPPI | EP=True | R=R1 | GE=NPPI | PCD=False | SM=1.5,231,Direito (Bacharelado),Darcy Ribeiro,Diurno,EP_R1_NPPI,Oscilante,-8.33,-14.15,50.0,2,57.714,43.516
Direito (Bacharelado) | Darcy Ribeiro | Noturno | EP_R1_NPPI | EP=True | R=R1 | GE=NPPI | PCD=False | SM=1.5,232,Direito (Bacharelado),Darcy Ribeiro,Noturno,EP_R1_NPPI,Oscilante,1.79,-5.434,75.0,1,1692.457,134.787
Direito (Bacharelado) | Darcy Ribeiro | Diurno | EP_R1_PPI | EP=True | R=R1 | GE=PPI | PCD=False | SM=1.5,236,Direito (Bacharelado),Darcy Ribeiro,Diurno,EP_R1_PPI,Oscilante,-2.181,-19.72,50.0,2,-566.572,72.242
Direito (Bacharelado) | Darcy Ribeiro | Noturno | EP_R1_PPI | EP=True | R=R1 | GE=PPI | PCD=False | SM=1.5,237,Direito (Bacharelado),Darcy Ribeiro,Noturno,EP_R1_PPI,Oscilante,7.118,-3.858,66.7,1,-110.203,92.206
Direito (Bacharelado) | Darcy Ribeiro | Diurno | EP_R2_NPPI | EP=True | R=R2 | GE=NPPI | PCD=False | SM=1.5,241,Direito (Bacharelado),Darcy Ribeiro,Diurno,EP_R2_NPPI,Oscilante,20.577,-9.934,66.7,2,44.586,14.477
Direito (Bacharelado) | Darcy Ribeiro | Noturno | EP_R2_NPPI | EP=True | R=R2 | GE=NPPI | PCD=False | SM=1.5,242,Direito (Bacharelado),Darcy Ribeiro,Noturno,EP_R2_NPPI,Oscilante,3.593,-0.394,50.0,2,43.738,19.819
Direito (Bacharelado) | Darcy Ribeiro | Diurno | EP_R2_PPI | EP=True | R=R2 | GE=PPI | PCD=False | SM=1.5,246,Direito (Bacharelado),Darcy Ribeiro,Diurno,EP_R2_PPI,Oscilante,0.717,-0.831,75.0,1,45.248,42.619
Direito (Bacharelado) | Darcy Ribeiro | Noturno | EP_R2_PPI | EP=True | R=R2 | GE=PPI | PCD=False | SM=1.5,247,Direito (Bacharelado),Darcy Ribeiro,Noturno,EP_R2_PPI,Oscilante,-10.976,-17.072,50.0,1,-2991.754,117.093
Educação Física (Bacharelado) | Darcy Ribeiro | Diurno | AC | EP=False | R=NA | GE=NA | PCD=False | SM=NA,250,Educação Física (Bacharelado),Darcy Ribeiro,Diurno,AC,Crescimento,16.284,11.276,100.0,0,3541.599,28.55
Educação Física (Bacharelado) | Darcy Ribeiro | Diurno | CN | EP=False | R=NA | GE=NEGROS | PCD=False | SM=NA,251,Educação Física (Bacharelado),Darcy Ribeiro,Diurno,CN,Oscilante,15.616,1.7,66.7,1,329.631,103.57
Educação Física (Bacharelado) | Darcy Ribeiro | Diurno | EP_R1_NPPI | EP=True | R=R1 | GE=NPPI | PCD=False | SM=1.5,252,Educação Física (Bacharelado),Darcy Ribeiro,Diurno,EP_R1_NPPI,Oscilante,-3.295,18.124,66.7,1,-40.671,-939.884
Educação Física (Bacharelado) | Darcy Ribeiro | Diurno | EP_R1_PPI | EP=True | R=R1 | GE=PPI | PCD=False | SM=1.5,253,Educação Física (Bacharelado),Darcy Ribeiro,Diurno,EP_R1_PPI,Oscilante,-12.632,12.088,66.7,2,-42.306,-120.602
Educação Física (Bacharelado) | Darcy Ribeiro | Diurno | EP_R2_NPPI | EP=True | R=R2 | GE=NPPI | PCD=False | SM=1.5,254,Educação Física (Bacharelado),Darcy Ribeiro,Diurno,EP_R2_NPPI,Oscilante,31.319,2.902,66.7,1,-178.603,99.203
Educação Física (Bacharelado) | Darcy Ribeiro | Diurno | EP_R2_PPI | EP=True | R=R2 | GE=PPI | PCD=False | SM=1.5,255,Educação Física (Bacharelado),Darcy Ribeiro,Diurno,EP_R2_PPI,Oscilante,23.112,-1.985,66.7,1,-62.939,264.03
Educação Física (Licenciatura) | Darcy Ribeiro | Diurno | AC | EP=False | R=NA | GE=NA | PCD=False | SM=NA,256,Educação Física (Licenciatura),Darcy Ribeiro,Diurno,AC,Oscilante,16.96,9.564,66.7,2,-92.24,56.611
Educação Física (Licenciatura) | Darcy Ribeiro | Diurno | CN | EP=False | R=NA | GE=NEGROS | PCD=False | SM=NA,257,Educação Física (Licenciatura),Darcy Ribeiro,Diurno,CN,Oscilante,13.571,7.636,66.7,1,-345.296,-1610.85
Educação Física (Licenciatura) | Darcy Ribeiro | Diurno | EP_R1_NPPI | EP=True | R=R1 | GE=NPPI | PCD=False | SM=1.5,258,Educação Física (Licenciatura),Darcy Ribeiro,Diurno,EP_R1_NPPI,Oscilante,-2.459,-1.614,66.7,2,-36.684,-76.921
Educação Física (Licenciatura) | Darcy Ribeiro | Diurno | EP_R1_PPI | EP=True | R=R1 | GE=PPI | PCD=False | SM=1.5,259,Educação Física (Licenciatura),Darcy Ribeiro,Diurno,EP_R1_PPI,Oscilante,16.413,-1.347,66.7,1,-31.716,-11.133
Educação Física (Licenciatura) | Darcy Ribeiro | Diurno | EP_R2_NPPI | EP=True | R=R2 | GE=NPPI | PCD=False | SM=1.5,260,Educação Física (Licenciatura),Darcy Ribeiro,Diurno,EP_R2_NPPI,Oscilante,18.141,-5.249,66.7,2,-86.793,-271.055
Educação Física (Licenciatura) | Darcy Ribeiro | Diurno | EP_R2_PPI | EP=True | R=R2 | GE=PPI | PCD=False | SM=1.5,261,Educação Física (Licenciatura),Darcy Ribeiro,Diurno,EP_R2_PPI,Oscilante,6.266,-19.171,66.7,1,-46.397,-197.912
Educação Física Ciclo Básico (Bacharelado/Licenciatura) | Darcy Ribeiro | Diurno | AC | EP=False | R=NA | GE=NA | PCD=False | SM=NA,262,Educação Física Ciclo Básico (Bacharelado/Licenciatura),Darcy Ribeiro,Diurno,AC,Crescimento,28.661,51.588,100.0,0,-159.308,297.006
Educação Física Ciclo Básico (Bacharelado/Licenciatura) | Darcy Ribeiro | Diurno | CN | EP=False | R=NA | GE=NEGROS | PCD=False | SM=NA,263,Educação Física Ciclo Básico (Bacharelado/Licenciatura),Darcy Ribeiro,Diurno,CN,Crescimento,15.27,34.335,100.0,0,-40.055,-147.013
Enfermagem (Bacharelado) | Ceilândia | Diurno | AC | EP=False | R=NA | GE=NA | PCD=False | SM=NA,268,Enfermagem (Bacharelado),Ceilândia,Diurno,AC,Oscilante,3.769,4.388,60.0,2,62.184,44.454
Enfermagem (Bacharelado) | Darcy Ribeiro | Diurno | AC | EP=False | R=NA | GE=NA | PCD=False | SM=NA,269,Enfermagem (Bacharelado),Darcy Ribeiro,Diurno,AC,Oscilante,9.42,,40.0,4,52.789,
Enfermagem (Bacharelado) | Ceilândia | Diurno | CN | EP=False | R=NA | GE=NEGROS | PCD=False | SM=NA,270,Enfermagem (Bacharelado),Ceilândia,Diurno,CN,Oscilante,3.337,1.094,60.0,2,387.761,311.91
Enfermagem (Bacharelado) | Darcy Ribeiro | Diurno | CN | EP=False | R=NA | GE=NEGROS | PCD=False | SM=NA,271,Enfermagem (Bacharelado),Darcy Ribeiro,Diurno,CN,Oscilante,1.776,-4.241,60.0,3,58.164,63.632
Enfermagem (Bacharelado) | Ceilândia | Diurno | EP_R1_NPPI | EP=True | R=R1 | GE=NPPI | PCD=False | SM=1.5,272,Enfermagem (Bacharelado),Ceilândia,Diurno,EP_R1_NPPI,Oscilante,-8.373,-11.086,75.0,1,-219.7,186.865
Enfermagem (Bacharelado) | Darcy Ribeiro | Diurno | EP_R1_NPPI | EP=True | R=R1 | GE=NPPI | PCD=False | SM=1.5,273,Enfermagem (Bacharelado),Darcy Ribeiro,Diurno,EP_R1_NPPI,Oscilante,4.165,-2.821,50.0,3,1588.06,70.237
Enfermagem (Bacharelado) | Ceilândia | Diurno | EP_R1_PPI | EP=True | R=R1 | GE=PPI | PCD=False | SM=1.5,276,Enfermagem (Bacharelado),Ceilândia,Diurno,EP_R1_PPI,Oscilante,4.819,-10.727,66.7,1,-75.988,131.27
Enfermagem (Bacharelado) | Darcy Ribeiro | Diurno | EP_R1_PPI | EP=True | R=R1 | GE=PPI | PCD=False | SM=1.5,277,Enfermagem (Bacharelado),Darcy Ribeiro,Diurno,EP_R1_PPI,Oscilante,17.08,-1.29,66.7,1,-299.1,38.733
Enfermagem (Bacharelado) | Ceilândia | Diurno | EP_R2_NPPI | EP=True | R=R2 | GE=NPPI | PCD=False | SM=1.5,278,Enfermagem (Bacharelado),Ceilândia,Diurno,EP_R2_NPPI,Oscilante,-7.095,-11.349,50.0,3,220.12,87.822
Enfermagem (Bacharelado) | Darcy Ribeiro | Diurno | EP_R2_NPPI | EP=True | R=R2 | GE=NPPI | PCD=False | SM=1.5,279,Enfermagem (Bacharelado),Darcy Ribeiro,Diurno,EP_R2_NPPI,Oscilante,4.639,0.506,50.0,1,141.309,61.501
Enfermagem (Bacharelado) | Ceilândia | Diurno | EP_R2_PPI | EP=True | R=R2 | GE=PPI | PCD=False | SM=1.5,283,Enfermagem (Bacharelado),Ceilândia,Diurno,EP_R2_PPI,Oscilante,-14.242,-12.697,50.0,2,-100.164,-445.633
Enfermagem (Bacharelado) | Darcy Ribeiro | Diurno | EP_R2_PPI | EP=True | R=R2 | GE=PPI | PCD=False | SM=1.5,284,Enfermagem (Bacharelado),Darcy Ribeiro,Diurno,EP_R2_PPI,Oscilante,-8.149,-12.654,50.0,3,-224.485,155.088
Engenharia Ambiental (Bacharelado) | Darcy Ribeiro | Diurno | AC | EP=False | R=NA | GE=NA | PCD=False | SM=NA,287,Engenharia Ambiental (Bacharelado),Darcy Ribeiro,Diurno,AC,Oscilante,-1.254,5.186,50.0,1,-285.665,66.045
Engenharia Ambiental (Bacharelado) | Darcy Ribeiro | Diurno | CN | EP=False | R=NA | GE=NEGROS | PCD=False | SM=NA,288,Engenharia Ambiental (Bacharelado),Darcy Ribeiro,Diurno,CN,Oscilante,-41.27,-41.27,66.7,2,238.903,238.903
Engenharia Ambiental (Bacharelado) | Darcy Ribeiro | Diurno | EP_R1_NPPI | EP=True | R=R1 | GE=NPPI | PCD=False | SM=1.5,289,Engenharia Ambiental (Bacharelado),Darcy Ribeiro,Diurno,EP_R1_NPPI,Oscilante,-18.836,-18.836,50.0,1,-4344.623,-4344.623
Engenharia Ambiental (Bacharelado) | Darcy Ribeiro | Diurno | EP_R2_NPPI | EP=True | R=R2 | GE=NPPI | PCD=False | SM=1.5,291,Engenharia Ambiental (Bacharelado),Darcy Ribeiro,Diurno,EP_R2_NPPI,Oscilante,-21.638,5.364,50.0,1,-56.663,223.823
Engenharia Ambiental (Bacharelado) | Darcy Ribeiro | Diurno | EP_R2_PPI | EP=True | R=R2 | GE=PPI | PCD=False | SM=1.5,293,Engenharia Ambiental (Bacharelado),Darcy Ribeiro,Diurno,EP_R2_PPI,Crescimento,52.071,44.539,100.0,0,-775.109,115.679
Engenharia Civil (Bacharelado) | Darcy Ribeiro | Diurno | AC | EP=False | R=NA | GE=NA | PCD=False | SM=NA,294,Engenharia Civil (Bacharelado),Darcy Ribeiro,Diurno,AC,Oscilante,16.348,,40.0,3,112.978,
Engenharia Civil (Bacharelado) | Darcy Ribeiro | Diurno | CN | EP=False | R=NA | GE=NEGROS | PCD=False | SM=NA,295,Engenharia Civil (Bacharelado),Darcy Ribeiro,Diurno,CN,Oscilante,-7.98,-14.926,60.0,3,199.438,193.057
Engenharia Civil (Bacharelado) | Darcy Ribeiro | Diurno | EP_R1_NPPI | EP=True | R=R1 | GE=NPPI | PCD=False | SM=1.5,296,Engenharia Civil (Bacharelado),Darcy Ribeiro,Diurno,EP_R1_NPPI,Crescimento,-4.351,19.309,100.0,0,-29.402,153.301
Engenharia Civil (Bacharelado) | Darcy Ribeiro | Diurno | EP_R1_PPI | EP=True | R=R1 | GE=PPI | PCD=False | SM=1.5,298,Engenharia Civil (Bacharelado),Darcy Ribeiro,Diurno,EP_R1_PPI,Oscilante,-13.049,-13.049,66.7,1,-84.986,-312.437
Engenharia Civil (Bacharelado) | Darcy Ribeiro | Diurno | EP_R2_NPPI | EP=True | R=R2 | GE=NPPI | PCD=False | SM=1.5,299,Engenharia Civil (Bacharelado),Darcy Ribeiro,Diurno,EP_R2_NPPI,Oscilante,13.012,12.576,66.7,1,-89.636,32.286
Engenharia Civil (Bacharelado) | Darcy Ribeiro | Diurno | EP_R2_PPI | EP=True | R=R2 | GE=PPI | PCD=False | SM=1.5,301,Engenharia Civil (Bacharelado),Darcy Ribeiro,Diurno,EP_R2_PPI,Oscilante,-7.544,-4.418,50.0,1,-45.152,191.818
Engenharia Elétrica (Bacharelado) | Darcy Ribeiro | Diurno | AC | EP=False | R=NA | GE=NA | PCD=False | SM=NA,303,Engenharia Elétrica (Bacharelado),Darcy Ribeiro,Diurno,AC,Oscilante,37.884,-5.245,75.0,1,264.102,61.384
Engenharia Elétrica (Bacharelado) | Darcy Ribeiro | Diurno | CN | EP=False | R=NA | GE=NEGROS | PCD=False | SM=NA,304,Engenharia Elétrica (Bacharelado),Darcy Ribeiro,Diurno,CN,Oscilante,10.477,10.477,66.7,1,110.207,110.207
Engenharia Elétrica (Bacharelado) | Darcy Ribeiro | Diurno | EP_R1_NPPI | EP=True | R=R1 | GE=NPPI | PCD=False | SM=1.5,305,Engenharia Elétrica (Bacharelado),Darcy Ribeiro,Diurno,EP_R1_NPPI,Crescimento,4.651,32.982,100.0,0,-13.381,-223.99
Engenharia Elétrica (Bacharelado) | Darcy Ribeiro | Diurno | EP_R1_PPI | EP=True | R=R1 | GE=PPI | PCD=False | SM=1.5,306,Engenharia Elétrica (Bacharelado),Darcy Ribeiro,Diurno,EP_R1_PPI,Oscilante,28.056,13.753,66.7,1,-264.351,227.272
Engenharia Elétrica (Bacharelado) | Darcy Ribeiro | Diurno | EP_R2_NPPI | EP=True | R=R2 | GE=NPPI | PCD=False | SM=1.5,307,Engenharia Elétrica (Bacharelado),Darcy Ribeiro,Diurno,EP_R2_NPPI,Oscilante,23.576,-23.266,66.7,2,-192.916,38.07
Engenharia Elétrica (Bacharelado) | Darcy Ribeiro | Diurno | EP_R2_PPI | EP=True | R=R2 | GE=PPI | PCD=False | SM=1.5,309,Engenharia Elétrica (Bacharelado),Darcy Ribeiro,Diurno,EP_R2_PPI,Oscilante,25.571,13.274,66.7,1,-764.712,57.412
Engenharia Florestal (Bacharelado) | Darcy Ribeiro | Diurno | AC | EP=False | R=NA | GE=NA | PCD=False | SM=NA,311,Engenharia Florestal (Bacharelado),Darcy Ribeiro,Diurno,AC,Oscilante,-0.983,11.979,75.0,2,-15.334,44.79
Engenharia Florestal (Bacharelado) | Darcy Ribeiro | Diurno | CN | EP=False | R=NA | GE=NEGROS | PCD=False | SM=NA,312,Engenharia Florestal (Bacharelado),Darcy Ribeiro,Diurno,CN,Oscilante,-8.097,-16.951,75.0,2,-42.755,-89.311
Engenharia Florestal (Bacharelado) | Darcy Ribeiro | Diurno | EP_R1_NPPI | EP=True | R=R1 | GE=NPPI | PCD=False | SM=1.5,313,Engenharia Florestal (Bacharelado),Darcy Ribeiro,Diurno,EP_R1_NPPI,Crescimento,-13.244,11.826,100.0,0,-105.998,226.007
Engenharia Florestal (Bacharelado) | Darcy Ribeiro | Diurno | EP_R1_PPI | EP=True | R=R1 | GE=PPI | PCD=False | SM=1.5,314,Engenharia Florestal (Bacharelado),Darcy Ribeiro,Diurno,EP_R1_PPI,Queda,50.751,-41.629,100.0,0,-76.611,-4511.287
Engenharia Florestal (Bacharelado) | Darcy Ribeiro | Diurno | EP_R2_NPPI | EP=True | R=R2 | GE=NPPI | PCD=False | SM=1.5,315,Engenharia Florestal (Bacharelado),Darcy Ribeiro,Diurno,EP_R2_NPPI,Oscilante,7.778,7.778,50.0,1,-60.888,-58.168
Engenharia Florestal (Bacharelado) | Darcy Ribeiro | Diurno | EP_R2_PPI | EP=True | R=R2 | GE=PPI | PCD=False | SM=1.5,317,Engenharia Florestal (Bacharelado),Darcy Ribeiro,Diurno,EP_R2_PPI,Oscilante,-4.037,14.844,50.0,1,-72.358,-95.141
Engenharia Mecatrônica (Bacharelado) | Darcy Ribeiro | Diurno | AC | EP=False | R=NA | GE=NA | PCD=False | SM=NA,318,Engenharia Mecatrônica (Bacharelado),Darcy Ribeiro,Diurno,AC,Oscilante,31.097,8.844,50.0,2,131.404,41.13
Engenharia Mecatrônica (Bacharelado) | Darcy Ribeiro | Diurno | CN | EP=False | R=NA | GE=NEGROS | PCD=False | SM=NA,319,Engenharia Mecatrônica (Bacharelado),Darcy Ribeiro,Diurno,CN,Oscilante,11.373,6.0,50.0,3,106.471,88.374
Engenharia Mecatrônica (Bacharelado) | Darcy Ribeiro | Diurno | EP_R1_NPPI | EP=True | R=R1 | GE=NPPI | PCD=False | SM=1.5,320,Engenharia Mecatrônica (Bacharelado),Darcy Ribeiro,Diurno,EP_R1_NPPI,Oscilante,-4.821,-4.255,50.0,1,-19.65,-92.258
Engenharia Mecatrônica (Bacharelado) | Darcy Ribeiro | Diurno | EP_R1_PPI | EP=True | R=R1 | GE=PPI | PCD=False | SM=1.5,322,Engenharia Mecatrônica (Bacharelado),Darcy Ribeiro,Diurno,EP_R1_PPI,Oscilante,6.609,2.702,50.0,1,-23.038,12.38
Engenharia Mecatrônica (Bacharelado) | Darcy Ribeiro | Diurno | EP_R2_NPPI | EP=True | R=R2 | GE=NPPI | PCD=False | SM=1.5,323,Engenharia Mecatrônica (Bacharelado),Darcy Ribeiro,Diurno,EP_R2_NPPI,Oscilante,-21.158,-21.371,50.0,3,-301.302,83.847
Engenharia Mecatrônica (Bacharelado) | Darcy Ribeiro | Diurno | EP_R2_PPI | EP=True | R=R2 | GE=PPI | PCD=False | SM=1.5,325,Engenharia Mecatrônica (Bacharelado),Darcy Ribeiro,Diurno,EP_R2_PPI,Oscilante,24.258,-20.462,50.0,1,-93.604,386.706
Engenharia Mecânica (Bacharelado) | Darcy Ribeiro | Diurno | AC | EP=False | R=NA | GE=NA | PCD=False | SM=NA,327,Engenharia Mecânica (Bacharelado),Darcy Ribeiro,Diurno,AC,Oscilante,37.07,,40.0,3,284.823,
Engenharia Mecânica (Bacharelado) | Darcy Ribeiro | Diurno | CN | EP=False | R=NA | GE=NEGROS | PCD=False | SM=NA,328,Engenharia Mecânica (Bacharelado),Darcy Ribeiro,Diurno,CN,Oscilante,8.17,7.563,60.0,3,166.484,163.399
Engenharia Mecânica (Bacharelado) | Darcy Ribeiro | Diurno | EP_R1_NPPI | EP=True | R=R1 | GE=NPPI | PCD=False | SM=1.5,329,Engenharia Mecânica (Bacharelado),Darcy Ribeiro,Diurno,EP_R1_NPPI,Queda,7.884,-66.147,100.0,0,-15.355,6601.693
Engenharia Mecânica (Bacharelado) | Darcy Ribeiro | Diurno | EP_R1_PPI | EP=True | R=R1 | GE=PPI | PCD=False | SM=1.5,331,Engenharia Mecânica (Bacharelado),Darcy Ribeiro,Diurno,EP_R1_PPI,Oscilante,18.827,5.597,66.7,1,-160.276,-1461.542
Engenharia Mecânica (Bacharelado) | Darcy Ribeiro | Diurno | EP_R2_NPPI | EP=True | R=R2 | GE=NPPI | PCD=False | SM=1.5,332,Engenharia Mecânica (Bacharelado),Darcy Ribeiro,Diurno,EP_R2_NPPI,Oscilante,-4.841,-29.781,66.7,2,-51.933,72.727
Engenharia Mecânica (Bacharelado) | Darcy Ribeiro | Diurno | EP_R2_PPI | EP=True | R=R2 | GE=PPI | PCD=False | SM=1.5,334,Engenharia Mecânica (Bacharelado),Darcy Ribeiro,Diurno,EP_R2_PPI,Oscilante,-31.874,4.63,50.0,1,-79.561,-7603.958
Engenharia Química (Bacharelado) | Darcy Ribeiro | Diurno | AC | EP=False | R=NA | GE=NA | PCD=False | SM=NA,336,Engenharia Química (Bacharelado),Darcy Ribeiro,Diurno,AC,Oscilante,20.361,,40.0,4,197.837,
Engenharia Química (Bacharelado) | Darcy Ribeiro | Diurno | CN | EP=False | R=NA | GE=NEGROS | PCD=False | SM=NA,337,Engenharia Química (Bacharelado),Darcy Ribeiro,Diurno,CN,Oscilante,-2.7,-2.7,50.0,1,114.328,114.328
Engenharia Química (Bacharelado) | Darcy Ribeiro | Diurno | EP_R1_NPPI | EP=True | R=R1 | GE=NPPI | PCD=False | SM=1.5,338,Engenharia Química (Bacharelado),Darcy Ribeiro,Diurno,EP_R1_NPPI,Oscilante,-4.304,-4.304,50.0,1,-12.733,-12.733
Engenharia Química (Bacharelado) | Darcy Ribeiro | Diurno | EP_R1_PPI | EP=True | R=R1 | GE=PPI | PCD=False | SM=1.5,339,Engenharia Química (Bacharelado),Darcy Ribeiro,Diurno,EP_R1_PPI,Oscilante,-3.705,-3.705,66.7,2,366.457,60.245
Engenharia Química (Bacharelado) | Darcy Ribeiro | Diurno | EP_R2_NPPI | EP=True | R=R2 | GE=NPPI | PCD=False | SM=1.5,340,Engenharia Química (Bacharelado),Darcy Ribeiro,Diurno,EP_R2_NPPI,Oscilante,-8.631,,33.3,2,2618.575,
Engenharia Química (Bacharelado) | Darcy Ribeiro | Diurno | EP_R2_PPI | EP=True | R=R2 | GE=PPI | PCD=False | SM=1.5,342,Engenharia Química (Bacharelado),Darcy Ribeiro,Diurno,EP_R2_PPI,Oscilante,22.448,36.546,50.0,1,-461.456,3145.367
Engenharia de Computação (Bacharelado) | Darcy Ribeiro | Diurno | AC | EP=False | R=NA | GE=NA | PCD=False | SM=NA,344,Engenharia de Computação (Bacharelado),Darcy Ribeiro,Diurno,AC,Oscilante,11.187,5.966,50.0,2,17.974,13.728
Engenharia de Computação (Bacharelado) | Darcy Ribeiro | Diurno | CN | EP=False | R=NA | GE=NEGROS | PCD=False | SM=NA,345,Engenharia de Computação (Bacharelado),Darcy Ribeiro,Diurno,CN,Oscilante,9.941,-4.427,60.0,1,41.999,32.502
Engenharia de Computação (Bacharelado) | Darcy Ribeiro | Diurno | EP_R1_NPPI | EP=True | R=R1 | GE=NPPI | PCD=False | SM=1.5,346,Engenharia de Computação (Bacharelado),Darcy Ribeiro,Diurno,EP_R1_NPPI,Oscilante,-14.819,-8.193,66.7,2,-483.808,209.195
Engenharia de Computação (Bacharelado) | Darcy Ribeiro | Diurno | EP_R1_PPI | EP=True | R=R1 | GE=PPI | PCD=False | SM=1.5,348,Engenharia de Computação (Bacharelado),Darcy Ribeiro,Diurno,EP_R1_PPI,Oscilante,20.529,17.404,66.7,2,1266.773,63.259
Engenharia de Computação (Bacharelado) | Darcy Ribeiro | Diurno | EP_R2_NPPI | EP=True | R=R2 | GE=NPPI | PCD=False | SM=1.5,349,Engenharia de Computação (Bacharelado),Darcy Ribeiro,Diurno,EP_R2_NPPI,Oscilante,25.644,1.636,66.7,1,216.808,74.534
Engenharia de Computação (Bacharelado) | Darcy Ribeiro | Diurno | EP_R2_PPI | EP=True | R=R2 | GE=PPI | PCD=False | SM=1.5,352,Engenharia de Computação (Bacharelado),Darcy Ribeiro,Diurno,EP_R2_PPI,Oscilante,-7.643,,50.0,2,-281.79,
Engenharia de Produção (Bacharelado) | Darcy Ribeiro | Noturno | AC | EP=False | R=NA | GE=NA | PCD=False | SM=NA,354,Engenharia de Produção (Bacharelado),Darcy Ribeiro,Noturno,AC,Oscilante,18.863,,40.0,3,-623.961,
Engenharia de Produção (Bacharelado) | Darcy Ribeiro | Noturno | CN | EP=False | R=NA | GE=NEGROS | PCD=False | SM=NA,355,Engenharia de Produção (Bacharelado),Darcy Ribeiro,Noturno,CN,Oscilante,-8.968,-10.129,60.0,3,-217.236,-238.174
Engenharia de Produção (Bacharelado) | Darcy Ribeiro | Noturno | EP_R1_PPI | EP=True | R=R1 | GE=PPI | PCD=False | SM=1.5,358,Engenharia de Produção (Bacharelado),Darcy Ribeiro,Noturno,EP_R1_PPI,Crescimento,16.448,16.448,100.0,0,366.084,366.084
Engenharia de Produção (Bacharelado) | Darcy Ribeiro | Noturno | EP_R2_NPPI | EP=True | R=R2 | GE=NPPI | PCD=False | SM=1.5,359,Engenharia de Produção (Bacharelado),Darcy Ribeiro,Noturno,EP_R2_NPPI,Queda,-77.567,-89.491,100.0,0,682.828,237.158
Engenharia de Redes de Comunicação (Bacharelado) | Darcy Ribeiro | Diurno | AC | EP=False | R=NA | GE=NA | PCD=False | SM=NA,363,Engenharia de Redes de Comunicação (Bacharelado),Darcy Ribeiro,Diurno,AC,Oscilante,13.321,1.656,60.0,2,-312.787,54.615
Engenharia de Redes de Comunicação (Bacharelado) | Darcy Ribeiro | Diurno | CN | EP=False | R=NA | GE=NEGROS | PCD=False | SM=NA,364,Engenharia de Redes de Comunicação (Bacharelado),Darcy Ribeiro,Diurno,CN,Oscilante,-3.561,-3.895,50.0,1,155.349,152.655
Engenharia de Redes de Comunicação (Bacharelado) | Darcy Ribeiro | Diurno | EP_R1_NPPI | EP=True | R=R1 | GE=NPPI | PCD=False | SM=1.5,365,Engenharia de Redes de Comunicação (Bacharelado),Darcy Ribeiro,Diurno,EP_R1_NPPI,Crescimento,-22.625,34.842,100.0,0,-28.996,-93.177
Engenharia de Redes de Comunicação (Bacharelado) | Darcy Ribeiro | Diurno | EP_R1_PPI | EP=True | R=R1 | GE=PPI | PCD=False | SM=1.5,367,Engenharia de Redes de Comunicação (Bacharelado),Darcy Ribeiro,Diurno,EP_R1_PPI,Crescimento,7.33,7.33,100.0,0,-19.769,-19.769
Engenharia de Redes de Comunicação (Bacharelado) | Darcy Ribeiro | Diurno | EP_R2_NPPI | EP=True | R=R2 | GE=NPPI | PCD=False | SM=1.5,368,Engenharia de Redes de Comunicação (Bacharelado),Darcy Ribeiro,Diurno,EP_R2_NPPI,Oscilante,13.712,24.69,66.7,2,-38.123,-100.851
Engenharia de Redes de Comunicação (Bacharelado) | Darcy Ribeiro | Diurno | EP_R2_PPI | EP=True | R=R2 | GE=PPI | PCD=False | SM=1.5,370,Engenharia de Redes de Comunicação (Bacharelado),Darcy Ribeiro,Diurno,EP_R2_PPI,Oscilante,18.218,4.576,50.0,1,-53.504,74.417
Engenharias (FGA) | Gama | Diurno | AC | EP=False | R=NA | GE=NA | PCD=False | SM=NA,372,Engenharias (FGA),Gama,Diurno,AC,Oscilante,32.737,,40.0,3,249.191,
Engenharias (FGA) | Gama | Diurno | CN | EP=False | R=NA | GE=NEGROS | PCD=False | SM=NA,373,Engenharias (FGA),Gama,Diurno,CN,Oscilante,14.867,-4.1,60.0,3,1416.621,53.191
Engenharias (FGA) | Gama | Diurno | EP_R1_NPPI | EP=True | R=R1 | GE=NPPI | PCD=False | SM=1.5,374,Engenharias (FGA),Gama,Diurno,EP_R1_NPPI,Oscilante,3.176,16.514,66.7,2,-19.716,59.974
Engenharias (FGA) | Gama | Diurno | EP_R1_PPI | EP=True | R=R1 | GE=PPI | PCD=False | SM=1.5,376,Engenharias (FGA),Gama,Diurno,EP_R1_PPI,Oscilante,2.948,11.162,66.7,1,-14.052,86.222
Engenharias (FGA) | Gama | Diurno | EP_R2_NPPI | EP=True | R=R2 | GE=NPPI | PCD=False | SM=1.5,377,Engenharias (FGA),Gama,Diurno,EP_R2_NPPI,Oscilante,2.566,-11.955,50.0,3,-192.792,71.408
Engenharias (FGA) | Gama | Diurno | EP_R2_PPI | EP=True | R=R2 | GE=PPI | PCD=False | SM=1.5,380,Engenharias (FGA),Gama,Diurno,EP_R2_PPI,Crescimento,12.066,35.408,100.0,0,-25.188,79.84
Estatística (Bacharelado) | Darcy Ribeiro | Diurno | AC | EP=False | R=NA | GE=NA | PCD=False | SM=NA,382,Estatística (Bacharelado),Darcy Ribeiro,Diurno,AC,Oscilante,17.31,,40.0,4,-466.563,
Estatística (Bacharelado) | Darcy Ribeiro | Diurno | CN | EP=False | R=NA | GE=NEGROS | PCD=False | SM=NA,383,Estatística (Bacharelado),Darcy Ribeiro,Diurno,CN,Oscilante,16.969,4.718,66.7,1,-85.941,-126.186
Estatística (Bacharelado) | Darcy Ribeiro | Diurno | EP_R2_NPPI | EP=True | R=R2 | GE=NPPI | PCD=False | SM=1.5,386,Estatística (Bacharelado),Darcy Ribeiro,Diurno,EP_R2_NPPI,Oscilante,-11.475,-4.339,66.7,2,-81.989,-171.474
Estatística (Bacharelado) | Darcy Ribeiro | Diurno | EP_R2_PPI | EP=True | R=R2 | GE=PPI | PCD=False | SM=1.5,388,Estatística (Bacharelado),Darcy Ribeiro,Diurno,EP_R2_PPI,Queda,-39.216,-39.216,100.0,0,-141.645,-141.645
Farmácia (Bacharelado) | Ceilândia | Diurno | AC | EP=False | R=NA | GE=NA | PCD=False | SM=NA,390,Farmácia (Bacharelado),Ceilândia,Diurno,AC,Crescimento,23.442,2.058,80.0,1,-1002.481,41.116
Farmácia (Bacharelado) | Darcy Ribeiro | Diurno | AC | EP=False | R=NA | GE=NA | PCD=False | SM=NA,391,Farmácia (Bacharelado),Darcy Ribeiro,Diurno,AC,Oscilante,7.633,,40.0,4,48.927,
Farmácia (Bacharelado) | Darcy Ribeiro | Noturno | AC | EP=False | R=NA | GE=NA | PCD=False | SM=NA,392,Farmácia (Bacharelado),Darcy Ribeiro,Noturno,AC,Oscilante,19.987,4.086,60.0,4,-233.143,101.623
Farmácia (Bacharelado) | Ceilândia | Diurno | CN | EP=False | R=NA | GE=NEGROS | PCD=False | SM=NA,393,Farmácia (Bacharelado),Ceilândia,Diurno,CN,Oscilante,8.378,8.292,60.0,2,-1611.592,-1667.062
Farmácia (Bacharelado) | Darcy Ribeiro | Diurno | CN | EP=False | R=NA | GE=NEGROS | PCD=False | SM=NA,394,Farmácia (Bacharelado),Darcy Ribeiro,Diurno,CN,Oscilante,3.779,-2.476,75.0,2,268.556,183.892
Farmácia (Bacharelado) | Darcy Ribeiro | Noturno | CN | EP=False | R=NA | GE=NEGROS | PCD=False | SM=NA,395,Farmácia (Bacharelado),Darcy Ribeiro,Noturno,CN,Queda,-7.188,-7.188,100.0,0,24.713,24.713
Farmácia (Bacharelado) | Ceilândia | Diurno | EP_R1_NPPI | EP=True | R=R1 | GE=NPPI | PCD=False | SM=1.5,396,Farmácia (Bacharelado),Ceilândia,Diurno,EP_R1_NPPI,Oscilante,2.03,-15.905,75.0,1,-35.492,1203.873
Farmácia (Bacharelado) | Darcy Ribeiro | Diurno | EP_R1_NPPI | EP=True | R=R1 | GE=NPPI | PCD=False | SM=1.5,397,Farmácia (Bacharelado),Darcy Ribeiro,Diurno,EP_R1_NPPI,Oscilante,-2.797,18.378,66.7,2,-209.755,172.989
Farmácia (Bacharelado) | Darcy Ribeiro | Noturno | EP_R1_NPPI | EP=True | R=R1 | GE=NPPI | PCD=False | SM=1.5,398,Farmácia (Bacharelado),Darcy Ribeiro,Noturno,EP_R1_NPPI,Oscilante,-1.66,6.756,50.0,1,-40.035,719.154
Farmácia (Bacharelado) | Ceilândia | Diurno | EP_R1_PPI | EP=True | R=R1 | GE=PPI | PCD=False | SM=1.5,402,Farmácia (Bacharelado),Ceilândia,Diurno,EP_R1_PPI,Oscilante,-1.102,12.014,66.7,1,-76.97,-297.619
Farmácia (Bacharelado) | Darcy Ribeiro | Diurno | EP_R1_PPI | EP=True | R=R1 | GE=PPI | PCD=False | SM=1.5,403,Farmácia (Bacharelado),Darcy Ribeiro,Diurno,EP_R1_PPI,Oscilante,8.413,8.144,66.7,1,-102.788,-234.404
Farmácia (Bacharelado) | Darcy Ribeiro | Noturno | EP_R1_PPI | EP=True | R=R1 | GE=PPI | PCD=False | SM=1.5,404,Farmácia (Bacharelado),Darcy Ribeiro,Noturno,EP_R1_PPI,Oscilante,29.844,15.239,66.7,1,-110.751,-419.764
Farmácia (Bacharelado) | Ceilândia | Diurno | EP_R2_NPPI | EP=True | R=R2 | GE=NPPI | PCD=False | SM=1.5,405,Farmácia (Bacharelado),Ceilândia,Diurno,EP_R2_NPPI,Oscilante,-2.457,-3.896,75.0,1,-163.044,153.925
Farmácia (Bacharelado) | Darcy Ribeiro | Diurno | EP_R2_NPPI | EP=True | R=R2 | GE=NPPI | PCD=False | SM=1.5,406,Farmácia (Bacharelado),Darcy Ribeiro,Diurno,EP_R2_NPPI,Oscilante,-2.13,-12.824,75.0,2,184.776,43.277
Farmácia (Bacharelado) | Darcy Ribeiro | Noturno | EP_R2_NPPI | EP=True | R=R2 | GE=NPPI | PCD=False | SM=1.5,407,Farmácia (Bacharelado),Darcy Ribeiro,Noturno,EP_R2_NPPI,Oscilante,15.62,29.802,66.7,1,-165.599,-285.944
Farmácia (Bacharelado) | Ceilândia | Diurno | EP_R2_PPI | EP=True | R=R2 | GE=PPI | PCD=False | SM=1.5,412,Farmácia (Bacharelado),Ceilândia,Diurno,EP_R2_PPI,Oscilante,8.281,-6.068,66.7,2,-52.29,192.272
Farmácia (Bacharelado) | Darcy Ribeiro | Diurno | EP_R2_PPI | EP=True | R=R2 | GE=PPI | PCD=False | SM=1.5,413,Farmácia (Bacharelado),Darcy Ribeiro,Diurno,EP_R2_PPI,Oscilante,-7.485,2.512,66.7,1,-48.112,140.977
Farmácia (Bacharelado) | Darcy Ribeiro | Noturno | EP_R2_PPI | EP=True | R=R2 | GE=PPI | PCD=False | SM=1.5,414,Farmácia (Bacharelado),Darcy Ribeiro,Noturno,EP_R2_PPI,Queda,14.273,-8.084,100.0,0,-23.213,214.624
Filosofia (Bacharelado/Licenciatura) | Darcy Ribeiro | Diurno | AC | EP=False | R=NA | GE=NA | PCD=False | SM=NA,418,Filosofia (Bacharelado/Licenciatura),Darcy Ribeiro,Diurno,AC,Oscilante,-6.898,-17.187,75.0,2,-36.91,81.674
Filosofia (Bacharelado/Licenciatura) | Darcy Ribeiro | Diurno | CN | EP=False | R=NA | GE=NEGROS | PCD=False | SM=NA,419,Filosofia (Bacharelado/Licenciatura),Darcy Ribeiro,Diurno,CN,Queda,-31.302,-53.531,100.0,0,-278.518,1195.016
Filosofia (Bacharelado/Licenciatura) | Darcy Ribeiro | Diurno | EP_R1_NPPI | EP=True | R=R1 | GE=NPPI | PCD=False | SM=1.5,420,Filosofia (Bacharelado/Licenciatura),Darcy Ribeiro,Diurno,EP_R1_NPPI,Oscilante,-0.575,-0.575,50.0,1,-85.486,-85.486
Filosofia (Bacharelado/Licenciatura) | Darcy Ribeiro | Diurno | EP_R1_PPI | EP=True | R=R1 | GE=PPI | PCD=False | SM=1.5,421,Filosofia (Bacharelado/Licenciatura),Darcy Ribeiro,Diurno,EP_R1_PPI,Crescimento,17.801,17.801,100.0,0,-27.095,-27.095
Filosofia (Bacharelado/Licenciatura) | Darcy Ribeiro | Diurno | EP_R2_NPPI | EP=True | R=R2 | GE=NPPI | PCD=False | SM=1.5,422,Filosofia (Bacharelado/Licenciatura),Darcy Ribeiro,Diurno,EP_R2_NPPI,Queda,-56.701,-30.591,100.0,0,-293.647,161.91
Filosofia (Bacharelado/Licenciatura) | Darcy Ribeiro | Diurno | EP_R2_PPI | EP=True | R=R2 | GE=PPI | PCD=False | SM=1.5,423,Filosofia (Bacharelado/Licenciatura),Darcy Ribeiro,Diurno,EP_R2_PPI,Oscilante,-8.138,-4.746,50.0,1,-102.694,-118.245
Filosofia (Licenciatura) | Darcy Ribeiro | Noturno | AC | EP=False | R=NA | GE=NA | PCD=False | SM=NA,425,Filosofia (Licenciatura),Darcy Ribeiro,Noturno,AC,Oscilante,0.275,-10.754,66.7,1,-23.228,-4938.383
Filosofia (Licenciatura) | Darcy Ribeiro | Noturno | EP_R2_PPI | EP=True | R=R2 | GE=PPI | PCD=False | SM=1.5,428,Filosofia (Licenciatura),Darcy Ribeiro,Noturno,EP_R2_PPI,Crescimento,42.83,42.83,100.0,0,-71.811,-71.811
Fisioterapia (Bacharelado) | Ceilândia | Diurno | AC | EP=False | R=NA | GE=NA | PCD=False | SM=NA,429,Fisioterapia (Bacharelado),Ceilândia,Diurno,AC,Oscilante,4.93,,40.0,3,62.074,
Fisioterapia (Bacharelado) | Ceilândia | Diurno | CN | EP=False | R=NA | GE=NEGROS | PCD=False | SM=NA,430,Fisioterapia (Bacharelado),Ceilândia,Diurno,CN,Oscilante,0.63,-4.249,60.0,1,192.324,163.348
Fisioterapia (Bacharelado) | Ceilândia | Diurno | EP_R1_NPPI | EP=True | R=R1 | GE=NPPI | PCD=False | SM=1.5,431,Fisioterapia (Bacharelado),Ceilândia,Diurno,EP_R1_NPPI,Oscilante,-8.735,-19.8,50.0,1,-159.267,362.844
Fisioterapia (Bacharelado) | Ceilândia | Diurno | EP_R1_PPI | EP=True | R=R1 | GE=PPI | PCD=False | SM=1.5,433,Fisioterapia (Bacharelado),Ceilândia,Diurno,EP_R1_PPI,Oscilante,-4.344,-6.499,66.7,2,-67.5,149.839
Fisioterapia (Bacharelado) | Ceilândia | Diurno | EP_R2_NPPI | EP=True | R=R2 | GE=NPPI | PCD=False | SM=1.5,435,Fisioterapia (Bacharelado),Ceilândia,Diurno,EP_R2_NPPI,Oscilante,-4.474,-6.953,75.0,2,264.832,65.718
Fisioterapia (Bacharelado) | Ceilândia | Diurno | EP_R2_PPI | EP=True | R=R2 | GE=PPI | PCD=False | SM=1.5,437,Fisioterapia (Bacharelado),Ceilândia,Diurno,EP_R2_PPI,Queda,-13.287,-21.625,100.0,0,-96.746,-13570.369
Fonoaudiologia (Bacharelado) | Ceilândia | Diurno | AC | EP=False | R=NA | GE=NA | PCD=False | SM=NA,439,Fonoaudiologia (Bacharelado),Ceilândia,Diurno,AC,Oscilante,11.515,-3.355,60.0,3,-449.668,69.387
Fonoaudiologia (Bacharelado) | Ceilândia | Diurno | CN | EP=False | R=NA | GE=NEGROS | PCD=False | SM=NA,440,Fonoaudiologia (Bacharelado),Ceilândia,Diurno,CN,Oscilante,8.583,-9.932,50.0,2,3143.165,186.844
Fonoaudiologia (Bacharelado) | Ceilândia | Diurno | EP_R1_NPPI | EP=True | R=R1 | GE=NPPI | PCD=False | SM=1.5,441,Fonoaudiologia (Bacharelado),Ceilândia,Diurno,EP_R1_NPPI,Oscilante,2.084,-6.212,66.7,1,-47.995,-1838.109
Fonoaudiologia (Bacharelado) | Ceilândia | Diurno | EP_R1_PPI | EP=True | R=R1 | GE=PPI | PCD=False | SM=1.5,443,Fonoaudiologia (Bacharelado),Ceilândia,Diurno,EP_R1_PPI,Oscilante,-20.936,8.75,66.7,2,-92.417,-1213.561
Fonoaudiologia (Bacharelado) | Ceilândia | Diurno | EP_R2_NPPI | EP=True | R=R2 | GE=NPPI | PCD=False | SM=1.5,444,Fonoaudiologia (Bacharelado),Ceilândia,Diurno,EP_R2_NPPI,Oscilante,2.422,-11.093,50.0,3,-122.746,821.098
Fonoaudiologia (Bacharelado) | Ceilândia | Diurno | EP_R2_PPI | EP=True | R=R2 | GE=PPI | PCD=False | SM=1.5,447,Fonoaudiologia (Bacharelado),Ceilândia,Diurno,EP_R2_PPI,Oscilante,-3.148,-11.153,66.7,1,-23.372,-247.497
Física (Bacharelado) | Darcy Ribeiro | Diurno | AC | EP=False | R=NA | GE=NA | PCD=False | SM=NA,449,Física (Bacharelado),Darcy Ribeiro,Diurno,AC,Oscilante,15.836,,25.0,3,374.33,
Física (Bacharelado) | Darcy Ribeiro | Diurno | CN | EP=False | R=NA | GE=NEGROS | PCD=False | SM=NA,450,Física (Bacharelado),Darcy Ribeiro,Diurno,CN,Queda,23.828,-45.883,100.0,0,124.624,63.329
Física (Bacharelado) | Darcy Ribeiro | Diurno | EP_R1_NPPI | EP=True | R=R1 | GE=NPPI | PCD=False | SM=1.5,451,Física (Bacharelado),Darcy Ribeiro,Diurno,EP_R1_NPPI,Queda,21.958,-29.222,100.0,0,-76.383,75.716
Física (Bacharelado) | Darcy Ribeiro | Diurno | EP_R1_PPI | EP=True | R=R1 | GE=PPI | PCD=False | SM=1.5,452,Física (Bacharelado),Darcy Ribeiro,Diurno,EP_R1_PPI,Crescimento,73.748,73.748,100.0,0,622.46,622.46
Física (Bacharelado) | Darcy Ribeiro | Diurno | EP_R2_NPPI | EP=True | R=R2 | GE=NPPI | PCD=False | SM=1.5,453,Física (Bacharelado),Darcy Ribeiro,Diurno,EP_R2_NPPI,Oscilante,-15.208,17.605,66.7,1,-92.339,102.592
Física (Bacharelado) | Darcy Ribeiro | Diurno | EP_R2_PPI | EP=True | R=R2 | GE=PPI | PCD=False | SM=1.5,455,Física (Bacharelado),Darcy Ribeiro,Diurno,EP_R2_PPI,Queda,13.288,-22.979,100.0,0,-220.667,272.742
Física (Licenciatura) | Darcy Ribeiro | Noturno | AC | EP=False | R=NA | GE=NA | PCD=False | SM=NA,457,Física (Licenciatura),Darcy Ribeiro,Noturno,AC,Oscilante,-11.934,21.699,50.0,3,-166.274,51.11
Geofísica (Bacharelado) | Darcy Ribeiro | Diurno | AC | EP=False | R=NA | GE=NA | PCD=False | SM=NA,461,Geofísica (Bacharelado),Darcy Ribeiro,Diurno,AC,Oscilante,8.601,11.933,75.0,2,-37.171,137.114
Geofísica (Bacharelado) | Darcy Ribeiro | Diurno | EP_R1_NPPI | EP=True | R=R1 | GE=NPPI | PCD=False | SM=1.5,463,Geofísica (Bacharelado),Darcy Ribeiro,Diurno,EP_R1_NPPI,Queda,-9.888,-9.888,100.0,0,-15.516,-15.516
Geofísica (Bacharelado) | Darcy Ribeiro | Diurno | EP_R2_NPPI | EP=True | R=R2 | GE=NPPI | PCD=False | SM=1.5,465,Geofísica (Bacharelado),Darcy Ribeiro,Diurno,EP_R2_NPPI,Queda,-21.501,-21.501,100.0,0,-40.21,-40.21
Geografia (Bacharelado/Licenciatura) | Darcy Ribeiro | Diurno | AC | EP=False | R=NA | GE=NA | PCD=False | SM=NA,467,Geografia (Bacharelado/Licenciatura),Darcy Ribeiro,Diurno,AC,Oscilante,-9.503,23.861,75.0,2,-77.002,59.296
Geografia (Bacharelado/Licenciatura) | Darcy Ribeiro | Diurno | CN | EP=False | R=NA | GE=NEGROS | PCD=False | SM=NA,468,Geografia (Bacharelado/Licenciatura),Darcy Ribeiro,Diurno,CN,Crescimento,43.291,33.129,100.0,0,-102.084,-94.059
Geografia (Bacharelado/Licenciatura) | Darcy Ribeiro | Diurno | EP_R1_NPPI | EP=True | R=R1 | GE=NPPI | PCD=False | SM=1.5,469,Geografia (Bacharelado/Licenciatura),Darcy Ribeiro,Diurno,EP_R1_NPPI,Oscilante,17.672,17.672,66.7,2,-199.144,-278.939
Geografia (Bacharelado/Licenciatura) | Darcy Ribeiro | Diurno | EP_R1_PPI | EP=True | R=R1 | GE=PPI | PCD=False | SM=1.5,470,Geografia (Bacharelado/Licenciatura),Darcy Ribeiro,Diurno,EP_R1_PPI,Queda,-28.579,-57.393,100.0,0,-51.55,-163.677
Geografia (Bacharelado/Licenciatura) | Darcy Ribeiro | Diurno | EP_R2_NPPI | EP=True | R=R2 | GE=NPPI | PCD=False | SM=1.5,471,Geografia (Bacharelado/Licenciatura),Darcy Ribeiro,Diurno,EP_R2_NPPI,Oscilante,23.247,16.578,50.0,1,-112.299,250.151
Geografia (Bacharelado/Licenciatura) | Darcy Ribeiro | Diurno | EP_R2_PPI | EP=True | R=R2 | GE=PPI | PCD=False | SM=1.5,473,Geografia (Bacharelado/Licenciatura),Darcy Ribeiro,Diurno,EP_R2_PPI,Crescimento,5.976,13.718,100.0,0,-33.41,-149.138
Geologia (Bacharelado) | Darcy Ribeiro | Diurno | AC | EP=False | R=NA | GE=NA | PCD=False | SM=NA,474,Geologia (Bacharelado),Darcy Ribeiro,Diurno,AC,Oscilante,8.289,10.376,75.0,1,-25.064,30.005
Geologia (Bacharelado) | Darcy Ribeiro | Diurno | CN | EP=False | R=NA | GE=NEGROS | PCD=False | SM=NA,475,Geologia (Bacharelado),Darcy Ribeiro,Diurno,CN,Queda,-2.703,-2.703,100.0,0,-5.412,-5.412
Geologia (Bacharelado) | Darcy Ribeiro | Diurno | EP_R1_PPI | EP=True | R=R1 | GE=PPI | PCD=False | SM=1.5,477,Geologia (Bacharelado),Darcy Ribeiro,Diurno,EP_R1_PPI,Crescimento,27.953,27.953,100.0,0,-114.536,-114.536
Geologia (Bacharelado) | Darcy Ribeiro | Diurno | EP_R2_NPPI | EP=True | R=R2 | GE=NPPI | PCD=False | SM=1.5,478,Geologia (Bacharelado),Darcy Ribeiro,Diurno,EP_R2_NPPI,Oscilante,18.836,18.836,50.0,1,639.433,639.433
Gestão Ambiental (Bacharelado) | Planaltina | Noturno | AC | EP=False | R=NA | GE=NA | PCD=False | SM=NA,480,Gestão Ambiental (Bacharelado),Planaltina,Noturno,AC,Crescimento,15.395,94.13,100.0,0,-19.99,-441.087
Gestão Ambiental (Bacharelado) | Planaltina | Noturno | EP_R2_NPPI | EP=True | R=R2 | GE=NPPI | PCD=False | SM=1.5,481,Gestão Ambiental (Bacharelado),Planaltina,Noturno,EP_R2_NPPI,Queda,62.781,-49.846,100.0,0,-105.4,248.302
Gestão de Agronegócio (Bacharelado) | Darcy Ribeiro | Noturno | AC | EP=False | R=NA | GE=NA | PCD=False | SM=NA,483,Gestão de Agronegócio (Bacharelado),Darcy Ribeiro,Noturno,AC,Oscilante,11.894,14.218,50.0,2,-28.023,-207.021
Gestão de Agronegócio (Bacharelado) | Darcy Ribeiro | Noturno | CN | EP=False | R=NA | GE=NEGROS | PCD=False | SM=NA,484,Gestão de Agronegócio (Bacharelado),Darcy Ribeiro,Noturno,CN,Crescimento,13.501,13.501,100.0,0,-50.86,-50.86
Gestão de Agronegócio (Bacharelado) | Darcy Ribeiro | Noturno | EP_R2_NPPI | EP=True | R=R2 | GE=NPPI | PCD=False | SM=1.5,487,Gestão de Agronegócio (Bacharelado),Darcy Ribeiro,Noturno,EP_R2_NPPI,Queda,23.2,-46.975,100.0,0,-27.472,-134.88
Gestão de Políticas Públicas (Bacharelado) | Darcy Ribeiro | Noturno | AC | EP=False | R=NA | GE=NA | PCD=False | SM=NA,489,Gestão de Políticas Públicas (Bacharelado),Darcy Ribeiro,Noturno,AC,Oscilante,17.389,-2.133,75.0,2,-70.975,29.752
Gestão de Políticas Públicas (Bacharelado) | Darcy Ribeiro | Noturno | CN | EP=False | R=NA | GE=NEGROS | PCD=False | SM=NA,490,Gestão de Políticas Públicas (Bacharelado),Darcy Ribeiro,Noturno,CN,Oscilante,2.386,-8.886,50.0,2,-121.336,-260.815
Gestão de Políticas Públicas (Bacharelado) | Darcy Ribeiro | Noturno | EP_R1_NPPI | EP=True | R=R1 | GE=NPPI | PCD=False | SM=1.5,491,Gestão de Políticas Públicas (Bacharelado),Darcy Ribeiro,Noturno,EP_R1_NPPI,Oscilante,-15.451,-9.538,66.7,2,-66.633,-72.711
Gestão de Políticas Públicas (Bacharelado) | Darcy Ribeiro | Noturno | EP_R1_PPI | EP=True | R=R1 | GE=PPI | PCD=False | SM=1.5,493,Gestão de Políticas Públicas (Bacharelado),Darcy Ribeiro,Noturno,EP_R1_PPI,Oscilante,18.301,7.465,66.7,2,-40.444,-91.047
Gestão de Políticas Públicas (Bacharelado) | Darcy Ribeiro | Noturno | EP_R2_NPPI | EP=True | R=R2 | GE=NPPI | PCD=False | SM=1.5,494,Gestão de Políticas Públicas (Bacharelado),Darcy Ribeiro,Noturno,EP_R2_NPPI,Oscilante,-6.862,9.083,66.7,1,-44.854,-1638.588
Gestão de Políticas Públicas (Bacharelado) | Darcy Ribeiro | Noturno | EP_R2_PPI | EP=True | R=R2 | GE=PPI | PCD=False | SM=1.5,496,Gestão de Políticas Públicas (Bacharelado),Darcy Ribeiro,Noturno,EP_R2_PPI,Oscilante,12.323,-14.812,50.0,1,-29.359,-131.391
Gestão do Agronegócio (Bacharelado) | Planaltina | Diurno | AC | EP=False | R=NA | GE=NA | PCD=False | SM=NA,498,Gestão do Agronegócio (Bacharelado),Planaltina,Diurno,AC,Oscilante,-0.664,5.262,50.0,3,-18.42,-79.946
História (Bacharelado/Licenciatura) | Darcy Ribeiro | Diurno | AC | EP=False | R=NA | GE=NA | PCD=False | SM=NA,501,História (Bacharelado/Licenciatura),Darcy Ribeiro,Diurno,AC,Oscilante,8.601,,40.0,4,85.556,
História (Bacharelado/Licenciatura) | Darcy Ribeiro | Diurno | CN | EP=False | R=NA | GE=NEGROS | PCD=False | SM=NA,502,História (Bacharelado/Licenciatura),Darcy Ribeiro,Diurno,CN,Oscilante,-10.561,-15.069,60.0,3,-393.252,-1100.065
História (Bacharelado/Licenciatura) | Darcy Ribeiro | Diurno | EP_R1_NPPI | EP=True | R=R1 | GE=NPPI | PCD=False | SM=1.5,503,História (Bacharelado/Licenciatura),Darcy Ribeiro,Diurno,EP_R1_NPPI,Oscilante,9.159,11.408,66.7,2,431.617,89.18
História (Bacharelado/Licenciatura) | Darcy Ribeiro | Diurno | EP_R1_PPI | EP=True | R=R1 | GE=PPI | PCD=False | SM=1.5,505,História (Bacharelado/Licenciatura),Darcy Ribeiro,Diurno,EP_R1_PPI,Oscilante,-9.993,-4.734,66.7,2,-134.309,55.636
História (Bacharelado/Licenciatura) | Darcy Ribeiro | Diurno | EP_R2_NPPI | EP=True | R=R2 | GE=NPPI | PCD=False | SM=1.5,506,História (Bacharelado/Licenciatura),Darcy Ribeiro,Diurno,EP_R2_NPPI,Oscilante,-15.077,-14.573,50.0,2,616.729,87.156
História (Bacharelado/Licenciatura) | Darcy Ribeiro | Diurno | EP_R2_PPI | EP=True | R=R2 | GE=PPI | PCD=False | SM=1.5,509,História (Bacharelado/Licenciatura),Darcy Ribeiro,Diurno,EP_R2_PPI,Oscilante,-7.983,-5.824,66.7,2,-81.448,323.108
História (Licenciatura) | Darcy Ribeiro | Noturno | AC | EP=False | R=NA | GE=NA | PCD=False | SM=NA,512,História (Licenciatura),Darcy Ribeiro,Noturno,AC,Oscilante,-7.26,-3.832,50.0,3,-27.334,53.107
História (Licenciatura) | Darcy Ribeiro | Noturno | CN | EP=False | R=NA | GE=NEGROS | PCD=False | SM=NA,513,História (Licenciatura),Darcy Ribeiro,Noturno,CN,Oscilante,16.366,16.366,50.0,1,-207.306,-207.306
História (Licenciatura) | Darcy Ribeiro | Noturno | EP_R1_NPPI | EP=True | R=R1 | GE=NPPI | PCD=False | SM=1.5,514,História (Licenciatura),Darcy Ribeiro,Noturno,EP_R1_NPPI,Oscilante,6.325,23.795,66.7,1,-108.941,-198.378
História (Licenciatura) | Darcy Ribeiro | Noturno | EP_R1_PPI | EP=True | R=R1 | GE=PPI | PCD=False | SM=1.5,515,História (Licenciatura),Darcy Ribeiro,Noturno,EP_R1_PPI,Oscilante,10.311,2.447,66.7,2,-64.87,-241.992
História (Licenciatura) | Darcy Ribeiro | Noturno | EP_R2_NPPI | EP=True | R=R2 | GE=NPPI | PCD=False | SM=1.5,516,História (Licenciatura),Darcy Ribeiro,Noturno,EP_R2_NPPI,Queda,21.496,-29.698,100.0,0,-89.62,350.291
História (Licenciatura) | Darcy Ribeiro | Noturno | EP_R2_PPI | EP=True | R=R2 | GE=PPI | PCD=False | SM=1.5,518,História (Licenciatura),Darcy Ribeiro,Noturno,EP_R2_PPI,Oscilante,18.384,-12.366,50.0,1,-47.466,162.027
Japonês (Licenciatura) | Darcy Ribeiro | Noturno | AC | EP=False | R=NA | GE=NA | PCD=False | SM=NA,519,Japonês (Licenciatura),Darcy Ribeiro,Noturno,AC,Oscilante,-5.677,3.796,50.0,3,-54.877,-211.18
Japonês (Licenciatura) | Darcy Ribeiro | Noturno | CN | EP=False | R=NA | GE=NEGROS | PCD=False | SM=NA,520,Japonês (Licenciatura),Darcy Ribeiro,Noturno,CN,Crescimento,11.003,11.003,100.0,0,-11.973,-11.973
Japonês (Licenciatura) | Darcy Ribeiro | Noturno | EP_R2_NPPI | EP=True | R=R2 | GE=NPPI | PCD=False | SM=1.5,521,Japonês (Licenciatura),Darcy Ribeiro,Noturno,EP_R2_NPPI,Oscilante,-10.401,-10.401,50.0,1,-103.19,-103.19
Jornalismo (Bacharelado) | Darcy Ribeiro | Diurno | AC | EP=False | R=NA | GE=NA | PCD=False | SM=NA,523,Jornalismo (Bacharelado),Darcy Ribeiro,Diurno,AC,Oscilante,0.928,,40.0,4,10.236,
Jornalismo (Bacharelado) | Darcy Ribeiro | Diurno | CN | EP=False | R=NA | GE=NEGROS | PCD=False | SM=NA,524,Jornalismo (Bacharelado),Darcy Ribeiro,Diurno,CN,Oscilante,7.601,5.148,60.0,4,78.056,70.153
Jornalismo (Bacharelado) | Darcy Ribeiro | Diurno | EP_R1_NPPI | EP=True | R=R1 | GE=NPPI | PCD=False | SM=1.5,525,Jornalismo (Bacharelado),Darcy Ribeiro,Diurno,EP_R1_NPPI,Oscilante,-0.739,-0.813,50.0,3,338.254,334.221
Jornalismo (Bacharelado) | Darcy Ribeiro | Diurno | EP_R1_PPI | EP=True | R=R1 | GE=PPI | PCD=False | SM=1.5,527,Jornalismo (Bacharelado),Darcy Ribeiro,Diurno,EP_R1_PPI,Oscilante,21.442,14.079,66.7,2,-218.119,-794.654
Jornalismo (Bacharelado) | Darcy Ribeiro | Diurno | EP_R2_NPPI | EP=True | R=R2 | GE=NPPI | PCD=False | SM=1.5,528,Jornalismo (Bacharelado),Darcy Ribeiro,Diurno,EP_R2_NPPI,Oscilante,2.276,-2.43,75.0,1,80.228,63.768
Jornalismo (Bacharelado) | Darcy Ribeiro | Diurno | EP_R2_PPI | EP=True | R=R2 | GE=PPI | PCD=False | SM=1.5,530,Jornalismo (Bacharelado),Darcy Ribeiro,Diurno,EP_R2_PPI,Oscilante,-12.09,-3.614,50.0,3,-323.996,100.903
Letras - Espanhol (Licenciatura) | Darcy Ribeiro | Noturno | AC | EP=False | R=NA | GE=NA | PCD=False | SM=NA,532,Letras - Espanhol (Licenciatura),Darcy Ribeiro,Noturno,AC,Oscilante,-6.004,-13.82,50.0,3,-29.257,-148.661
Letras - Espanhol (Licenciatura) | Darcy Ribeiro | Noturno | EP_R1_PPI | EP=True | R=R1 | GE=PPI | PCD=False | SM=1.5,534,Letras - Espanhol (Licenciatura),Darcy Ribeiro,Noturno,EP_R1_PPI,Crescimento,-10.572,7.902,100.0,0,-15.075,-13.847
Letras - Espanhol (Licenciatura) | Darcy Ribeiro | Noturno | EP_R2_NPPI | EP=True | R=R2 | GE=NPPI | PCD=False | SM=1.5,535,Letras - Espanhol (Licenciatura),Darcy Ribeiro,Noturno,EP_R2_NPPI,Crescimento,-5.949,59.219,100.0,0,-9.513,-509.077
Letras - Espanhol (Licenciatura) | Darcy Ribeiro | Noturno | EP_R2_PPI | EP=True | R=R2 | GE=PPI | PCD=False | SM=1.5,536,Letras - Espanhol (Licenciatura),Darcy Ribeiro,Noturno,EP_R2_PPI,Crescimento,15.384,15.384,100.0,0,-49.373,-49.373
Letras - Francês (Bacharelado/Licenciatura) | Darcy Ribeiro | Diurno | AC | EP=False | R=NA | GE=NA | PCD=False | SM=NA,537,Letras - Francês (Bacharelado/Licenciatura),Darcy Ribeiro,Diurno,AC,Oscilante,-10.483,-10.432,66.7,1,-28.917,2577.08
Letras - Francês (Bacharelado/Licenciatura) | Darcy Ribeiro | Diurno | EP_R1_NPPI | EP=True | R=R1 | GE=NPPI | PCD=False | SM=1.5,539,Letras - Francês (Bacharelado/Licenciatura),Darcy Ribeiro,Diurno,EP_R1_NPPI,Crescimento,-46.048,2.849,100.0,0,-126.854,-165.195
Letras - Francês (Bacharelado/Licenciatura) | Darcy Ribeiro | Diurno | EP_R2_NPPI | EP=True | R=R2 | GE=NPPI | PCD=False | SM=1.5,540,Letras - Francês (Bacharelado/Licenciatura),Darcy Ribeiro,Diurno,EP_R2_NPPI,Oscilante,-6.812,-6.812,50.0,1,-36.212,-36.212
Letras - Francês (Bacharelado/Licenciatura) | Darcy Ribeiro | Diurno | EP_R2_PPI | EP=True | R=R2 | GE=PPI | PCD=False | SM=1.5,541,Letras - Francês (Bacharelado/Licenciatura),Darcy Ribeiro,Diurno,EP_R2_PPI,Estável,-29.674,0.282,50.0,1,-59.396,-40.44
Letras - Inglês (Bacharelado/Licenciatura) | Darcy Ribeiro | Diurno | AC | EP=False | R=NA | GE=NA | PCD=False | SM=NA,542,Letras - Inglês (Bacharelado/Licenciatura),Darcy Ribeiro,Diurno,AC,Oscilante,5.112,12.473,80.0,2,163.77,62.945
Letras - Inglês (Bacharelado/Licenciatura) | Darcy Ribeiro | Diurno | CN | EP=False | R=NA | GE=NEGROS | PCD=False | SM=NA,543,Letras - Inglês (Bacharelado/Licenciatura),Darcy Ribeiro,Diurno,CN,Oscilante,11.902,7.866,66.7,1,-192.166,-204.705
Letras - Inglês (Bacharelado/Licenciatura) | Darcy Ribeiro | Diurno | EP_R1_NPPI | EP=True | R=R1 | GE=NPPI | PCD=False | SM=1.5,544,Letras - Inglês (Bacharelado/Licenciatura),Darcy Ribeiro,Diurno,EP_R1_NPPI,Oscilante,-2.181,-13.037,75.0,2,-69.443,-416.879
Letras - Inglês (Bacharelado/Licenciatura) | Darcy Ribeiro | Diurno | EP_R1_PPI | EP=True | R=R1 | GE=PPI | PCD=False | SM=1.5,545,Letras - Inglês (Bacharelado/Licenciatura),Darcy Ribeiro,Diurno,EP_R1_PPI,Oscilante,-8.346,-8.028,66.7,2,-97.773,-176.496
Letras - Inglês (Bacharelado/Licenciatura) | Darcy Ribeiro | Diurno | EP_R2_NPPI | EP=True | R=R2 | GE=NPPI | PCD=False | SM=1.5,546,Letras - Inglês (Bacharelado/Licenciatura),Darcy Ribeiro,Diurno,EP_R2_NPPI,Oscilante,-13.737,-10.216,50.0,1,417.85,139.966
Letras - Inglês (Bacharelado/Licenciatura) | Darcy Ribeiro | Diurno | EP_R2_PPI | EP=True | R=R2 | GE=PPI | PCD=False | SM=1.5,548,Letras - Inglês (Bacharelado/Licenciatura),Darcy Ribeiro,Diurno,EP_R2_PPI,Oscilante,-4.632,-22.598,66.7,1,-128.213,-799.026
Letras - Português (Bacharelado/Licenciatura) | Darcy Ribeiro | Diurno | AC | EP=False | R=NA | GE=NA | PCD=False | SM=NA,550,Letras - Português (Bacharelado/Licenciatura),Darcy Ribeiro,Diurno,AC,Oscilante,14.457,5.899,60.0,3,170.163,58.714
Letras - Português (Bacharelado/Licenciatura) | Darcy Ribeiro | Diurno | CN | EP=False | R=NA | GE=NEGROS | PCD=False | SM=NA,551,Letras - Português (Bacharelado/Licenciatura),Darcy Ribeiro,Diurno,CN,Oscilante,15.379,10.309,60.0,4,-880.397,-10897.712
Letras - Português (Bacharelado/Licenciatura) | Darcy Ribeiro | Diurno | EP_R1_NPPI | EP=True | R=R1 | GE=NPPI | PCD=False | SM=1.5,552,Letras - Português (Bacharelado/Licenciatura),Darcy Ribeiro,Diurno,EP_R1_NPPI,Oscilante,-2.36,-2.36,75.0,1,-1174.352,406.735
Letras - Português (Bacharelado/Licenciatura) | Darcy Ribeiro | Diurno | EP_R1_PPI | EP=True | R=R1 | GE=PPI | PCD=False | SM=1.5,554,Letras - Português (Bacharelado/Licenciatura),Darcy Ribeiro,Diurno,EP_R1_PPI,Oscilante,5.968,11.054,66.7,2,-83.741,-1334.73
Letras - Português (Bacharelado/Licenciatura) | Darcy Ribeiro | Diurno | EP_R2_NPPI | EP=True | R=R2 | GE=NPPI | PCD=False | SM=1.5,555,Letras - Português (Bacharelado/Licenciatura),Darcy Ribeiro,Diurno,EP_R2_NPPI,Oscilante,-6.119,-25.143,75.0,2,-837.391,144.0
Letras - Português (Bacharelado/Licenciatura) | Darcy Ribeiro | Diurno | EP_R2_PPI | EP=True | R=R2 | GE=PPI | PCD=False | SM=1.5,557,Letras - Português (Bacharelado/Licenciatura),Darcy Ribeiro,Diurno,EP_R2_PPI,Oscilante,15.96,-2.922,66.7,2,-70.021,4760.281
Letras - Português (Licenciatura) | Darcy Ribeiro | Noturno | AC | EP=False | R=NA | GE=NA | PCD=False | SM=NA,559,Letras - Português (Licenciatura),Darcy Ribeiro,Noturno,AC,Oscilante,-0.605,5.332,50.0,2,-21.845,120.631
Letras - Português (Licenciatura) | Darcy Ribeiro | Noturno | EP_R1_NPPI | EP=True | R=R1 | GE=NPPI | PCD=False | SM=1.5,561,Letras - Português (Licenciatura),Darcy Ribeiro,Noturno,EP_R1_NPPI,Oscilante,-26.152,4.111,50.0,1,-105.732,-344.843
Letras - Português (Licenciatura) | Darcy Ribeiro | Noturno | EP_R2_NPPI | EP=True | R=R2 | GE=NPPI | PCD=False | SM=1.5,563,Letras - Português (Licenciatura),Darcy Ribeiro,Noturno,EP_R2_NPPI,Oscilante,-1.634,-8.506,66.7,2,-99.641,-339.848
Letras - Português (Licenciatura) | Darcy Ribeiro | Noturno | EP_R2_PPI | EP=True | R=R2 | GE=PPI | PCD=False | SM=1.5,564,Letras - Português (Licenciatura),Darcy Ribeiro,Noturno,EP_R2_PPI,Oscilante,5.152,5.152,50.0,1,-35.085,-35.085
Letras – Português do Brasil como Segunda Língua (Licenciatura) | Darcy Ribeiro | Diurno | AC | EP=False | R=NA | GE=NA | PCD=False | SM=NA,565,Letras – Português do Brasil como Segunda Língua (Licenciatura),Darcy Ribeiro,Diurno,AC,Oscilante,-2.555,-8.611,75.0,1,-56.41,68.44
Letras – Português do Brasil como Segunda Língua (Licenciatura) | Darcy Ribeiro | Diurno | CN | EP=False | R=NA | GE=NEGROS | PCD=False | SM=NA,566,Letras – Português do Brasil como Segunda Língua (Licenciatura),Darcy Ribeiro,Diurno,CN,Queda,-18.56,-18.56,100.0,0,-35.974,-35.974
Letras – Português do Brasil como Segunda Língua (Licenciatura) | Darcy Ribeiro | Diurno | EP_R1_NPPI | EP=True | R=R1 | GE=NPPI | PCD=False | SM=1.5,567,Letras – Português do Brasil como Segunda Língua (Licenciatura),Darcy Ribeiro,Diurno,EP_R1_NPPI,Queda,-11.98,-11.98,100.0,0,-39.522,-43.091
Letras – Português do Brasil como Segunda Língua (Licenciatura) | Darcy Ribeiro | Diurno | EP_R1_PPI | EP=True | R=R1 | GE=PPI | PCD=False | SM=1.5,568,Letras – Português do Brasil como Segunda Língua (Licenciatura),Darcy Ribeiro,Diurno,EP_R1_PPI,Oscilante,-6.19,-6.19,50.0,1,-21.4,-21.4
Letras – Português do Brasil como Segunda Língua (Licenciatura) | Darcy Ribeiro | Diurno | EP_R2_NPPI | EP=True | R=R2 | GE=NPPI | PCD=False | SM=1.5,569,Letras – Português do Brasil como Segunda Língua (Licenciatura),Darcy Ribeiro,Diurno,EP_R2_NPPI,Oscilante,9.86,9.86,50.0,1,-83.791,-107.538
Letras – Português do Brasil como Segunda Língua (Licenciatura) | Darcy Ribeiro | Diurno | EP_R2_PPI | EP=True | R=R2 | GE=PPI | PCD=False | SM=1.5,570,Letras – Português do Brasil como Segunda Língua (Licenciatura),Darcy Ribeiro,Diurno,EP_R2_PPI,Crescimento,43.708,27.255,100.0,0,-96.844,-100.978
Letras – Tradução – Espanhol (Bacharelado) | Darcy Ribeiro | Noturno | AC | EP=False | R=NA | GE=NA | PCD=False | SM=NA,571,Letras – Tradução – Espanhol (Bacharelado),Darcy Ribeiro,Noturno,AC,Oscilante,-4.616,-8.986,75.0,1,-26.381,-42.848
Letras – Tradução – Espanhol (Bacharelado) | Darcy Ribeiro | Noturno | EP_R2_NPPI | EP=True | R=R2 | GE=NPPI | PCD=False | SM=1.5,573,Letras – Tradução – Espanhol (Bacharelado),Darcy Ribeiro,Noturno,EP_R2_NPPI,Crescimento,-12.243,12.624,100.0,0,-25.003,-42.547
Letras – Tradução – Francês (Bacharelado) | Darcy Ribeiro | Diurno | AC | EP=False | R=NA | GE=NA | PCD=False | SM=NA,575,Letras – Tradução – Francês (Bacharelado),Darcy Ribeiro,Diurno,AC,Oscilante,12.155,12.155,50.0,3,-59.975,705.726
Letras – Tradução – Inglês (Bacharelado) | Darcy Ribeiro | Diurno | AC | EP=False | R=NA | GE=NA | PCD=False | SM=NA,577,Letras – Tradução – Inglês (Bacharelado),Darcy Ribeiro,Diurno,AC,Oscilante,-0.527,-1.212,60.0,2,-129.237,104.711
Letras – Tradução – Inglês (Bacharelado) | Darcy Ribeiro | Diurno | CN | EP=False | R=NA | GE=NEGROS | PCD=False | SM=NA,578,Letras – Tradução – Inglês (Bacharelado),Darcy Ribeiro,Diurno,CN,Oscilante,19.726,7.278,66.7,1,-130.514,-176.575
Letras – Tradução – Inglês (Bacharelado) | Darcy Ribeiro | Diurno | EP_R1_PPI | EP=True | R=R1 | GE=PPI | PCD=False | SM=1.5,580,Letras – Tradução – Inglês (Bacharelado),Darcy Ribeiro,Diurno,EP_R1_PPI,Crescimento,6.639,20.24,100.0,0,-12.368,-84.534
Letras – Tradução – Inglês (Bacharelado) | Darcy Ribeiro | Diurno | EP_R2_NPPI | EP=True | R=R2 | GE=NPPI | PCD=False | SM=1.5,581,Letras – Tradução – Inglês (Bacharelado),Darcy Ribeiro,Diurno,EP_R2_NPPI,Oscilante,15.32,-11.614,66.7,1,-159.823,259.63
Letras – Tradução – Inglês (Bacharelado) | Darcy Ribeiro | Diurno | EP_R2_PPI | EP=True | R=R2 | GE=PPI | PCD=False | SM=1.5,584,Letras – Tradução – Inglês (Bacharelado),Darcy Ribeiro,Diurno,EP_R2_PPI,Crescimento,-27.199,25.062,100.0,0,-39.669,-158.002
Línguas Estrangeiras Aplicadas (Bacharelado) | Darcy Ribeiro | Diurno | AC | EP=False | R=NA | GE=NA | PCD=False | SM=NA,585,Línguas Estrangeiras Aplicadas (Bacharelado),Darcy Ribeiro,Diurno,AC,Oscilante,-1.38,-15.041,75.0,2,-21.442,58.063
Línguas Estrangeiras Aplicadas (Bacharelado) | Darcy Ribeiro | Diurno | CN | EP=False | R=NA | GE=NEGROS | PCD=False | SM=NA,586,Línguas Estrangeiras Aplicadas (Bacharelado),Darcy Ribeiro,Diurno,CN,Crescimento,79.054,79.054,100.0,0,1105.172,1105.172
Línguas Estrangeiras Aplicadas (Bacharelado) | Darcy Ribeiro | Diurno | EP_R1_NPPI | EP=True | R=R1 | GE=NPPI | PCD=False | SM=1.5,587,Línguas Estrangeiras Aplicadas (Bacharelado),Darcy Ribeiro,Diurno,EP_R1_NPPI,Crescimento,50.427,50.427,100.0,0,158.854,158.854
Línguas Estrangeiras Aplicadas (Bacharelado) | Darcy Ribeiro | Diurno | EP_R1_PPI | EP=True | R=R1 | GE=PPI | PCD=False | SM=1.5,588,Línguas Estrangeiras Aplicadas (Bacharelado),Darcy Ribeiro,Diurno,EP_R1_PPI,Queda,-20.382,-7.302,100.0,0,-40.252,-17.643
Línguas Estrangeiras Aplicadas (Bacharelado) | Darcy Ribeiro | Diurno | EP_R2_NPPI | EP=True | R=R2 | GE=NPPI | PCD=False | SM=1.5,589,Línguas Estrangeiras Aplicadas (Bacharelado),Darcy Ribeiro,Diurno,EP_R2_NPPI,Crescimento,23.034,13.683,100.0,0,-110.594,867.456
Línguas Estrangeiras Aplicadas (Bacharelado) | Darcy Ribeiro | Diurno | EP_R2_PPI | EP=True | R=R2 | GE=PPI | PCD=False | SM=1.5,591,Línguas Estrangeiras Aplicadas (Bacharelado),Darcy Ribeiro,Diurno,EP_R2_PPI,Queda,-18.597,-18.598,100.0,0,-209.161,485.641
Matemática (Bacharelado/Licenciatura) | Darcy Ribeiro | Diurno | AC | EP=False | R=NA | GE=NA | PCD=False | SM=NA,592,Matemática (Bacharelado/Licenciatura),Darcy Ribeiro,Diurno,AC,Oscilante,10.774,5.303,60.0,2,-242.572,40.215
Matemática (Bacharelado/Licenciatura) | Darcy Ribeiro | Diurno | CN | EP=False | R=NA | GE=NEGROS | PCD=False | SM=NA,593,Matemática (Bacharelado/Licenciatura),Darcy Ribeiro,Diurno,CN,Oscilante,15.645,15.645,66.7,1,-174.957,-174.957
Matemática (Bacharelado/Licenciatura) | Darcy Ribeiro | Diurno | EP_R1_NPPI | EP=True | R=R1 | GE=NPPI | PCD=False | SM=1.5,594,Matemática (Bacharelado/Licenciatura),Darcy Ribeiro,Diurno,EP_R1_NPPI,Oscilante,25.58,35.009,66.7,1,-58.464,-290.333
Matemática (Bacharelado/Licenciatura) | Darcy Ribeiro | Diurno | EP_R1_PPI | EP=True | R=R1 | GE=PPI | PCD=False | SM=1.5,595,Matemática (Bacharelado/Licenciatura),Darcy Ribeiro,Diurno,EP_R1_PPI,Oscilante,-1.678,-6.469,66.7,1,-181.336,355.283
Matemática (Bacharelado/Licenciatura) | Darcy Ribeiro | Diurno | EP_R2_NPPI | EP=True | R=R2 | GE=NPPI | PCD=False | SM=1.5,596,Matemática (Bacharelado/Licenciatura),Darcy Ribeiro,Diurno,EP_R2_NPPI,Oscilante,-2.637,-14.863,50.0,3,-918.793,654.743
Matemática (Bacharelado/Licenciatura) | Darcy Ribeiro | Diurno | EP_R2_PPI | EP=True | R=R2 | GE=PPI | PCD=False | SM=1.5,598,Matemática (Bacharelado/Licenciatura),Darcy Ribeiro,Diurno,EP_R2_PPI,Oscilante,0.861,7.788,66.7,1,-6.783,77.572
Matemática (Licenciatura) | Darcy Ribeiro | Noturno | AC | EP=False | R=NA | GE=NA | PCD=False | SM=NA,600,Matemática (Licenciatura),Darcy Ribeiro,Noturno,AC,Oscilante,-1.79,18.965,75.0,2,-20.943,274.916
Matemática (Licenciatura) | Darcy Ribeiro | Noturno | CN | EP=False | R=NA | GE=NEGROS | PCD=False | SM=NA,601,Matemática (Licenciatura),Darcy Ribeiro,Noturno,CN,Oscilante,-33.506,-33.506,50.0,1,-871.03,-871.03
Matemática (Licenciatura) | Darcy Ribeiro | Noturno | EP_R1_PPI | EP=True | R=R1 | GE=PPI | PCD=False | SM=1.5,602,Matemática (Licenciatura),Darcy Ribeiro,Noturno,EP_R1_PPI,Crescimento,61.283,43.775,100.0,0,-574.678,2550.77
Matemática (Licenciatura) | Darcy Ribeiro | Noturno | EP_R2_PPI | EP=True | R=R2 | GE=PPI | PCD=False | SM=1.5,604,Matemática (Licenciatura),Darcy Ribeiro,Noturno,EP_R2_PPI,Queda,-22.03,-39.063,100.0,0,-69.264,767.163
Medicina (Bacharelado) | Darcy Ribeiro | Diurno | AC | EP=False | R=NA | GE=NA | PCD=False | SM=NA,605,Medicina (Bacharelado),Darcy Ribeiro,Diurno,AC,Oscilante,0.472,-0.102,75.0,2,5.332,8.107
Medicina (Bacharelado) | Darcy Ribeiro | Diurno | CN | EP=False | R=NA | GE=NEGROS | PCD=False | SM=NA,606,Medicina (Bacharelado),Darcy Ribeiro,Diurno,CN,Oscilante,-9.304,-9.484,75.0,2,22.231,22.29
Medicina (Bacharelado) | Darcy Ribeiro | Diurno | EP_R1_NPPI | EP=True | R=R1 | GE=NPPI | PCD=False | SM=1.5,607,Medicina (Bacharelado),Darcy Ribeiro,Diurno,EP_R1_NPPI,Oscilante,-1.907,-2.686,66.7,2,3.634,17.032
Medicina (Bacharelado) | Darcy Ribeiro | Diurno | EP_R1_PPI | EP=True | R=R1 | GE=PPI | PCD=False | SM=1.5,610,Medicina (Bacharelado),Darcy Ribeiro,Diurno,EP_R1_PPI,Oscilante,6.737,-8.42,75.0,2,35.757,31.499
Medicina (Bacharelado) | Darcy Ribeiro | Diurno | EP_R1_PPI_PCD | EP=True | R=R1 | GE=PPI | PCD=True | SM=1.5,612,Medicina (Bacharelado),Darcy Ribeiro,Diurno,EP_R1_PPI_PCD,Crescimento,33.337,33.337,100.0,0,-100.93,-100.93
Medicina (Bacharelado) | Darcy Ribeiro | Diurno | EP_R2_NPPI | EP=True | R=R2 | GE=NPPI | PCD=False | SM=1.5,613,Medicina (Bacharelado),Darcy Ribeiro,Diurno,EP_R2_NPPI,Oscilante,5.7,-11.831,66.7,2,9.934,8.379
Medicina (Bacharelado) | Darcy Ribeiro | Diurno | EP_R2_PPI | EP=True | R=R2 | GE=PPI | PCD=False | SM=1.5,617,Medicina (Bacharelado),Darcy Ribeiro,Diurno,EP_R2_PPI,Oscilante,-7.607,-8.985,66.7,2,13.123,13.321
Medicina Veterinária (Bacharelado) | Darcy Ribeiro | Diurno | AC | EP=False | R=NA | GE=NA | PCD=False | SM=NA,620,Medicina Veterinária (Bacharelado),Darcy Ribeiro,Diurno,AC,Oscilante,3.291,,40.0,3,24.469,
Medicina Veterinária (Bacharelado) | Darcy Ribeiro | Diurno | CN | EP=False | R=NA | GE=NEGROS | PCD=False | SM=NA,621,Medicina Veterinária (Bacharelado),Darcy Ribeiro,Diurno,CN,Oscilante,1.658,-6.093,60.0,3,44.297,46.625
Medicina Veterinária (Bacharelado) | Darcy Ribeiro | Diurno | EP_R1_NPPI | EP=True | R=R1 | GE=NPPI | PCD=False | SM=1.5,622,Medicina Veterinária (Bacharelado),Darcy Ribeiro,Diurno,EP_R1_NPPI,Oscilante,-6.239,-7.031,75.0,2,-1367.78,49.956
Medicina Veterinária (Bacharelado) | Darcy Ribeiro | Diurno | EP_R1_PPI | EP=True | R=R1 | GE=PPI | PCD=False | SM=1.5,624,Medicina Veterinária (Bacharelado),Darcy Ribeiro,Diurno,EP_R1_PPI,Oscilante,-4.44,-5.402,66.7,2,-105.298,28.33
Medicina Veterinária (Bacharelado) | Darcy Ribeiro | Diurno | EP_R2_NPPI | EP=True | R=R2 | GE=NPPI | PCD=False | SM=1.5,626,Medicina Veterinária (Bacharelado),Darcy Ribeiro,Diurno,EP_R2_NPPI,Oscilante,4.119,-7.074,75.0,2,35.001,19.471
Medicina Veterinária (Bacharelado) | Darcy Ribeiro | Diurno | EP_R2_PPI | EP=True | R=R2 | GE=PPI | PCD=False | SM=1.5,629,Medicina Veterinária (Bacharelado),Darcy Ribeiro,Diurno,EP_R2_PPI,Oscilante,-16.996,-13.746,50.0,3,418.786,112.609
Museologia (Bacharelado) | Darcy Ribeiro | Diurno | AC | EP=False | R=NA | GE=NA | PCD=False | SM=NA,631,Museologia (Bacharelado),Darcy Ribeiro,Diurno,AC,Oscilante,-3.861,-5.726,50.0,3,-19.543,49.584
Museologia (Bacharelado) | Darcy Ribeiro | Diurno | CN | EP=False | R=NA | GE=NEGROS | PCD=False | SM=NA,632,Museologia (Bacharelado),Darcy Ribeiro,Diurno,CN,Crescimento,14.705,14.705,100.0,0,-27.14,-27.14
Museologia (Bacharelado) | Darcy Ribeiro | Diurno | EP_R2_NPPI | EP=True | R=R2 | GE=NPPI | PCD=False | SM=1.5,634,Museologia (Bacharelado),Darcy Ribeiro,Diurno,EP_R2_NPPI,Crescimento,2.869,57.838,100.0,0,-2.398,-117.343
Museologia (Bacharelado) | Darcy Ribeiro | Diurno | EP_R2_PPI | EP=True | R=R2 | GE=PPI | PCD=False | SM=1.5,635,Museologia (Bacharelado),Darcy Ribeiro,Diurno,EP_R2_PPI,Queda,-23.665,-27.06,100.0,0,-26.294,-30.891
Música (Bacharelado) | Darcy Ribeiro | Diurno | AC | EP=False | R=NA | GE=NA | PCD=False | SM=NA,636,Música (Bacharelado),Darcy Ribeiro,Diurno,AC,Crescimento,9.118,31.806,100.0,0,-143.747,140.792
Música (Licenciatura) | Darcy Ribeiro | Diurno | AC | EP=False | R=NA | GE=NA | PCD=False | SM=NA,637,Música (Licenciatura),Darcy Ribeiro,Diurno,AC,Oscilante,12.586,49.647,75.0,2,-42.91,312.956
Música (Licenciatura) | Darcy Ribeiro | Diurno | EP_R1_NPPI | EP=True | R=R1 | GE=NPPI | PCD=False | SM=1.5,638,Música (Licenciatura),Darcy Ribeiro,Diurno,EP_R1_NPPI,Queda,-83.266,-83.266,100.0,0,-207.998,-207.998
Música (Licenciatura) | Darcy Ribeiro | Diurno | EP_R2_NPPI | EP=True | R=R2 | GE=NPPI | PCD=False | SM=1.5,639,Música (Licenciatura),Darcy Ribeiro,Diurno,EP_R2_NPPI,Crescimento,31.072,42.722,100.0,0,148.364,146.404
Nutrição (Bacharelado) | Darcy Ribeiro | Diurno | AC | EP=False | R=NA | GE=NA | PCD=False | SM=NA,642,Nutrição (Bacharelado),Darcy Ribeiro,Diurno,AC,Oscilante,8.819,-6.255,60.0,3,31.349,24.77
Nutrição (Bacharelado) | Darcy Ribeiro | Diurno | CN | EP=False | R=NA | GE=NEGROS | PCD=False | SM=NA,643,Nutrição (Bacharelado),Darcy Ribeiro,Diurno,CN,Oscilante,9.489,4.837,60.0,4,112.401,87.624
Nutrição (Bacharelado) | Darcy Ribeiro | Diurno | EP_R1_NPPI | EP=True | R=R1 | GE=NPPI | PCD=False | SM=1.5,644,Nutrição (Bacharelado),Darcy Ribeiro,Diurno,EP_R1_NPPI,Oscilante,5.409,4.128,50.0,2,276.751,197.57
Nutrição (Bacharelado) | Darcy Ribeiro | Diurno | EP_R1_PPI | EP=True | R=R1 | GE=PPI | PCD=False | SM=1.5,646,Nutrição (Bacharelado),Darcy Ribeiro,Diurno,EP_R1_PPI,Oscilante,13.341,1.386,66.7,2,-42.466,167.632
Nutrição (Bacharelado) | Darcy Ribeiro | Diurno | EP_R2_NPPI | EP=True | R=R2 | GE=NPPI | PCD=False | SM=1.5,648,Nutrição (Bacharelado),Darcy Ribeiro,Diurno,EP_R2_NPPI,Oscilante,-9.569,-4.127,50.0,3,71.663,42.345
Nutrição (Bacharelado) | Darcy Ribeiro | Diurno | EP_R2_PPI | EP=True | R=R2 | GE=PPI | PCD=False | SM=1.5,650,Nutrição (Bacharelado),Darcy Ribeiro,Diurno,EP_R2_PPI,Oscilante,-15.19,-27.462,50.0,2,-104.298,299.423
Odontologia (Bacharelado) | Darcy Ribeiro | Diurno | AC | EP=False | R=NA | GE=NA | PCD=False | SM=NA,652,Odontologia (Bacharelado),Darcy Ribeiro,Diurno,AC,Oscilante,8.38,,40.0,3,24.806,
Odontologia (Bacharelado) | Darcy Ribeiro | Diurno | CN | EP=False | R=NA | GE=NEGROS | PCD=False | SM=NA,653,Odontologia (Bacharelado),Darcy Ribeiro,Diurno,CN,Oscilante,-4.661,-8.701,60.0,3,59.806,66.989
Odontologia (Bacharelado) | Darcy Ribeiro | Diurno | EP_R1_NPPI | EP=True | R=R1 | GE=NPPI | PCD=False | SM=1.5,654,Odontologia (Bacharelado),Darcy Ribeiro,Diurno,EP_R1_NPPI,Oscilante,-2.668,-11.678,75.0,2,71.002,60.051
Odontologia (Bacharelado) | Darcy Ribeiro | Diurno | EP_R1_PPI | EP=True | R=R1 | GE=PPI | PCD=False | SM=1.5,656,Odontologia (Bacharelado),Darcy Ribeiro,Diurno,EP_R1_PPI,Oscilante,15.459,2.847,66.7,2,-158.961,34.426
Odontologia (Bacharelado) | Darcy Ribeiro | Diurno | EP_R2_NPPI | EP=True | R=R2 | GE=NPPI | PCD=False | SM=1.5,658,Odontologia (Bacharelado),Darcy Ribeiro,Diurno,EP_R2_NPPI,Oscilante,1.247,-5.661,75.0,1,52.108,40.202
Odontologia (Bacharelado) | Darcy Ribeiro | Diurno | EP_R2_PPI | EP=True | R=R2 | GE=PPI | PCD=False | SM=1.5,660,Odontologia (Bacharelado),Darcy Ribeiro,Diurno,EP_R2_PPI,Oscilante,-19.996,-16.013,50.0,2,443.762,90.406
Pedagogia (Licenciatura) | Darcy Ribeiro | Diurno | AC | EP=False | R=NA | GE=NA | PCD=False | SM=NA,662,Pedagogia (Licenciatura),Darcy Ribeiro,Diurno,AC,Oscilante,12.198,8.831,80.0,2,-97.9,84.939
Pedagogia (Licenciatura) | Darcy Ribeiro | Noturno | AC | EP=False | R=NA | GE=NA | PCD=False | SM=NA,663,Pedagogia (Licenciatura),Darcy Ribeiro,Noturno,AC,Oscilante,18.421,3.54,50.0,1,-43.062,-338.414
Pedagogia (Licenciatura) | Darcy Ribeiro | Diurno | CN | EP=False | R=NA | GE=NEGROS | PCD=False | SM=NA,664,Pedagogia (Licenciatura),Darcy Ribeiro,Diurno,CN,Oscilante,15.592,-7.421,75.0,2,-98.842,3890.131
Pedagogia (Licenciatura) | Darcy Ribeiro | Noturno | CN | EP=False | R=NA | GE=NEGROS | PCD=False | SM=NA,665,Pedagogia (Licenciatura),Darcy Ribeiro,Noturno,CN,Oscilante,-0.109,-2.315,50.0,2,-136.847,-149.725
Pedagogia (Licenciatura) | Darcy Ribeiro | Diurno | EP_R1_NPPI | EP=True | R=R1 | GE=NPPI | PCD=False | SM=1.5,666,Pedagogia (Licenciatura),Darcy Ribeiro,Diurno,EP_R1_NPPI,Oscilante,25.255,7.705,66.7,2,-75.035,-38623.405
Pedagogia (Licenciatura) | Darcy Ribeiro | Noturno | EP_R1_NPPI | EP=True | R=R1 | GE=NPPI | PCD=False | SM=1.5,667,Pedagogia (Licenciatura),Darcy Ribeiro,Noturno,EP_R1_NPPI,Oscilante,-5.095,-11.236,50.0,1,-31.386,-71.771
Pedagogia (Licenciatura) | Darcy Ribeiro | Diurno | EP_R1_PPI | EP=True | R=R1 | GE=PPI | PCD=False | SM=1.5,669,Pedagogia (Licenciatura),Darcy Ribeiro,Diurno,EP_R1_PPI,Oscilante,4.008,-4.532,66.7,1,-33.222,263.193
Pedagogia (Licenciatura) | Darcy Ribeiro | Noturno | EP_R1_PPI | EP=True | R=R1 | GE=PPI | PCD=False | SM=1.5,670,Pedagogia (Licenciatura),Darcy Ribeiro,Noturno,EP_R1_PPI,Crescimento,-21.412,11.639,100.0,0,-29.458,-49.799
Pedagogia (Licenciatura) | Darcy Ribeiro | Diurno | EP_R2_NPPI | EP=True | R=R2 | GE=NPPI | PCD=False | SM=1.5,671,Pedagogia (Licenciatura),Darcy Ribeiro,Diurno,EP_R2_NPPI,Oscilante,1.525,-13.256,50.0,3,-90.335,-489.102
Pedagogia (Licenciatura) | Darcy Ribeiro | Noturno | EP_R2_NPPI | EP=True | R=R2 | GE=NPPI | PCD=False | SM=1.5,672,Pedagogia (Licenciatura),Darcy Ribeiro,Noturno,EP_R2_NPPI,Oscilante,-1.407,-4.557,66.7,1,-22.693,-60.003
Pedagogia (Licenciatura) | Darcy Ribeiro | Diurno | EP_R2_PPI | EP=True | R=R2 | GE=PPI | PCD=False | SM=1.5,675,Pedagogia (Licenciatura),Darcy Ribeiro,Diurno,EP_R2_PPI,Oscilante,-3.89,8.901,66.7,2,-41.721,356.975
Pedagogia (Licenciatura) | Darcy Ribeiro | Noturno | EP_R2_PPI | EP=True | R=R2 | GE=PPI | PCD=False | SM=1.5,676,Pedagogia (Licenciatura),Darcy Ribeiro,Noturno,EP_R2_PPI,Estável,23.637,-0.37,66.7,2,-92.988,-34.932
Psicologia (Bacharelado / Licenciatura / Psicólogo) | Darcy Ribeiro | Diurno | AC | EP=False | R=NA | GE=NA | PCD=False | SM=NA,678,Psicologia (Bacharelado / Licenciatura / Psicólogo),Darcy Ribeiro,Diurno,AC,Oscilante,3.054,8.167,50.0,2,11.767,18.196
Psicologia (Bacharelado / Licenciatura / Psicólogo) | Darcy Ribeiro | Diurno | CN | EP=False | R=NA | GE=NEGROS | PCD=False | SM=NA,679,Psicologia (Bacharelado / Licenciatura / Psicólogo),Darcy Ribeiro,Diurno,CN,Oscilante,8.24,1.159,60.0,3,39.869,37.466
Psicologia (Bacharelado / Licenciatura / Psicólogo) | Darcy Ribeiro | Diurno | EP_R1_NPPI | EP=True | R=R1 | GE=NPPI | PCD=False | SM=1.5,680,Psicologia (Bacharelado / Licenciatura / Psicólogo),Darcy Ribeiro,Diurno,EP_R1_NPPI,Oscilante,0.96,-7.667,75.0,1,92.55,53.916
Psicologia (Bacharelado / Licenciatura / Psicólogo) | Darcy Ribeiro | Diurno | EP_R1_PPI | EP=True | R=R1 | GE=PPI | PCD=False | SM=1.5,683,Psicologia (Bacharelado / Licenciatura / Psicólogo),Darcy Ribeiro,Diurno,EP_R1_PPI,Oscilante,-8.529,-18.291,75.0,2,-815.83,128.787
Psicologia (Bacharelado / Licenciatura / Psicólogo) | Darcy Ribeiro | Diurno | EP_R2_NPPI | EP=True | R=R2 | GE=NPPI | PCD=False | SM=1.5,685,Psicologia (Bacharelado / Licenciatura / Psicólogo),Darcy Ribeiro,Diurno,EP_R2_NPPI,Oscilante,0.799,0.668,66.7,1,30.67,20.626
Psicologia (Bacharelado / Licenciatura / Psicólogo) | Darcy Ribeiro | Diurno | EP_R2_PPI | EP=True | R=R2 | GE=PPI | PCD=False | SM=1.5,689,Psicologia (Bacharelado / Licenciatura / Psicólogo),Darcy Ribeiro,Diurno,EP_R2_PPI,Oscilante,-2.594,-18.492,75.0,2,95.012,56.179
Química (Bacharelado) | Darcy Ribeiro | Diurno | AC | EP=False | R=NA | GE=NA | PCD=False | SM=NA,691,Química (Bacharelado),Darcy Ribeiro,Diurno,AC,Oscilante,12.779,11.971,60.0,2,495.446,43.873
Química (Bacharelado) | Darcy Ribeiro | Diurno | CN | EP=False | R=NA | GE=NEGROS | PCD=False | SM=NA,692,Química (Bacharelado),Darcy Ribeiro,Diurno,CN,Oscilante,-4.182,-4.182,75.0,2,-142.521,-142.521
Química (Bacharelado) | Darcy Ribeiro | Diurno | EP_R1_NPPI | EP=True | R=R1 | GE=NPPI | PCD=False | SM=1.5,693,Química (Bacharelado),Darcy Ribeiro,Diurno,EP_R1_NPPI,Oscilante,-13.336,4.836,50.0,1,-221.449,44.931
Química (Bacharelado) | Darcy Ribeiro | Diurno | EP_R2_NPPI | EP=True | R=R2 | GE=NPPI | PCD=False | SM=1.5,695,Química (Bacharelado),Darcy Ribeiro,Diurno,EP_R2_NPPI,Oscilante,-13.198,-24.602,50.0,3,-49.785,603.371
Química (Bacharelado) | Darcy Ribeiro | Diurno | EP_R2_PPI | EP=True | R=R2 | GE=PPI | PCD=False | SM=1.5,697,Química (Bacharelado),Darcy Ribeiro,Diurno,EP_R2_PPI,Queda,-36.964,-36.964,100.0,0,-316.774,1500.579
Química (Licenciatura) | Darcy Ribeiro | Noturno | AC | EP=False | R=NA | GE=NA | PCD=False | SM=NA,699,Química (Licenciatura),Darcy Ribeiro,Noturno,AC,Oscilante,-9.534,15.152,50.0,3,-81.62,462.258
Química (Licenciatura) | Darcy Ribeiro | Noturno | EP_R1_NPPI | EP=True | R=R1 | GE=NPPI | PCD=False | SM=1.5,701,Química (Licenciatura),Darcy Ribeiro,Noturno,EP_R1_NPPI,Queda,-44.265,-44.265,100.0,0,-358.063,-358.063
Química (Licenciatura) | Darcy Ribeiro | Noturno | EP_R2_NPPI | EP=True | R=R2 | GE=NPPI | PCD=False | SM=1.5,703,Química (Licenciatura),Darcy Ribeiro,Noturno,EP_R2_NPPI,Oscilante,17.006,-2.134,66.7,2,-121.467,-127.405
Química (Licenciatura) | Darcy Ribeiro | Noturno | EP_R2_PPI | EP=True | R=R2 | GE=PPI | PCD=False | SM=1.5,704,Química (Licenciatura),Darcy Ribeiro,Noturno,EP_R2_PPI,Crescimento,-11.529,36.357,100.0,0,-27.154,-422.868
Química Tecnológica (Bacharelado) | Darcy Ribeiro | Diurno | AC | EP=False | R=NA | GE=NA | PCD=False | SM=NA,705,Química Tecnológica (Bacharelado),Darcy Ribeiro,Diurno,AC,Oscilante,4.369,35.848,75.0,2,-40.778,98.173
Química Tecnológica (Bacharelado) | Darcy Ribeiro | Diurno | CN | EP=False | R=NA | GE=NEGROS | PCD=False | SM=NA,706,Química Tecnológica (Bacharelado),Darcy Ribeiro,Diurno,CN,Crescimento,30.064,30.064,100.0,0,-123.531,-123.531
Química Tecnológica (Bacharelado) | Darcy Ribeiro | Diurno | EP_R2_NPPI | EP=True | R=R2 | GE=NPPI | PCD=False | SM=1.5,708,Química Tecnológica (Bacharelado),Darcy Ribeiro,Diurno,EP_R2_NPPI,Oscilante,-26.792,-17.908,66.7,2,-178.353,-327.087
Química Tecnológica (Bacharelado) | Darcy Ribeiro | Diurno | EP_R2_PPI | EP=True | R=R2 | GE=PPI | PCD=False | SM=1.5,709,Química Tecnológica (Bacharelado),Darcy Ribeiro,Diurno,EP_R2_PPI,Crescimento,14.645,76.909,100.0,0,-27.091,-766.766
Relações Internacionais (Bacharelado) | Darcy Ribeiro | Diurno | AC | EP=False | R=NA | GE=NA | PCD=False | SM=NA,710,Relações Internacionais (Bacharelado),Darcy Ribeiro,Diurno,AC,Oscilante,6.39,,40.0,3,16.343,
Relações Internacionais (Bacharelado) | Darcy Ribeiro | Diurno | CN | EP=False | R=NA | GE=NEGROS | PCD=False | SM=NA,711,Relações Internacionais (Bacharelado),Darcy Ribeiro,Diurno,CN,Oscilante,12.157,11.548,80.0,2,37.481,36.258
Relações Internacionais (Bacharelado) | Darcy Ribeiro | Diurno | EP_R1_NPPI | EP=True | R=R1 | GE=NPPI | PCD=False | SM=1.5,712,Relações Internacionais (Bacharelado),Darcy Ribeiro,Diurno,EP_R1_NPPI,Oscilante,1.134,-14.652,75.0,1,213.436,64.475
Relações Internacionais (Bacharelado) | Darcy Ribeiro | Diurno | EP_R1_PPI | EP=True | R=R1 | GE=PPI | PCD=False | SM=1.5,714,Relações Internacionais (Bacharelado),Darcy Ribeiro,Diurno,EP_R1_PPI,Oscilante,4.102,38.671,66.7,2,-133.213,197.443
Relações Internacionais (Bacharelado) | Darcy Ribeiro | Diurno | EP_R2_NPPI | EP=True | R=R2 | GE=NPPI | PCD=False | SM=1.5,715,Relações Internacionais (Bacharelado),Darcy Ribeiro,Diurno,EP_R2_NPPI,Oscilante,-0.502,-17.956,66.7,2,33.902,38.496
Relações Internacionais (Bacharelado) | Darcy Ribeiro | Diurno | EP_R2_PPI | EP=True | R=R2 | GE=PPI | PCD=False | SM=1.5,718,Relações Internacionais (Bacharelado),Darcy Ribeiro,Diurno,EP_R2_PPI,Oscilante,-1.541,,50.0,2,-1282.845,
Saúde Coletiva (Bacharelado) | Ceilândia | Diurno | AC | EP=False | R=NA | GE=NA | PCD=False | SM=NA,720,Saúde Coletiva (Bacharelado),Ceilândia,Diurno,AC,Estável,3.518,-0.21,75.0,2,-10.103,-30896.461
Saúde Coletiva (Bacharelado) | Darcy Ribeiro | Noturno | AC | EP=False | R=NA | GE=NA | PCD=False | SM=NA,721,Saúde Coletiva (Bacharelado),Darcy Ribeiro,Noturno,AC,Oscilante,-6.314,3.724,50.0,3,-25.092,-188.11
Saúde Coletiva (Bacharelado) | Ceilândia | Diurno | CN | EP=False | R=NA | GE=NEGROS | PCD=False | SM=NA,722,Saúde Coletiva (Bacharelado),Ceilândia,Diurno,CN,Queda,-20.909,-10.024,100.0,0,-50.447,-29.701
Saúde Coletiva (Bacharelado) | Darcy Ribeiro | Noturno | CN | EP=False | R=NA | GE=NEGROS | PCD=False | SM=NA,723,Saúde Coletiva (Bacharelado),Darcy Ribeiro,Noturno,CN,Crescimento,1.221,1.221,100.0,0,-2.265,-2.265
Saúde Coletiva (Bacharelado) | Ceilândia | Diurno | EP_R1_NPPI | EP=True | R=R1 | GE=NPPI | PCD=False | SM=1.5,724,Saúde Coletiva (Bacharelado),Ceilândia,Diurno,EP_R1_NPPI,Oscilante,-10.661,-24.481,50.0,1,-25.686,-57.766
Saúde Coletiva (Bacharelado) | Darcy Ribeiro | Noturno | EP_R1_NPPI | EP=True | R=R1 | GE=NPPI | PCD=False | SM=1.5,725,Saúde Coletiva (Bacharelado),Darcy Ribeiro,Noturno,EP_R1_NPPI,Queda,-4.106,-4.106,100.0,0,-84.303,-84.303
Saúde Coletiva (Bacharelado) | Ceilândia | Diurno | EP_R1_PPI | EP=True | R=R1 | GE=PPI | PCD=False | SM=1.5,726,Saúde Coletiva (Bacharelado),Ceilândia,Diurno,EP_R1_PPI,Queda,47.809,-32.591,100.0,0,-57.906,-126.758
Saúde Coletiva (Bacharelado) | Darcy Ribeiro | Noturno | EP_R1_PPI | EP=True | R=R1 | GE=PPI | PCD=False | SM=1.5,727,Saúde Coletiva (Bacharelado),Darcy Ribeiro,Noturno,EP_R1_PPI,Oscilante,-7.082,-28.04,50.0,1,-24.904,-61.087
Saúde Coletiva (Bacharelado) | Ceilândia | Diurno | EP_R2_NPPI | EP=True | R=R2 | GE=NPPI | PCD=False | SM=1.5,728,Saúde Coletiva (Bacharelado),Ceilândia,Diurno,EP_R2_NPPI,Oscilante,6.604,6.558,66.7,2,-32.896,-26.501
Saúde Coletiva (Bacharelado) | Darcy Ribeiro | Noturno | EP_R2_NPPI | EP=True | R=R2 | GE=NPPI | PCD=False | SM=1.5,729,Saúde Coletiva (Bacharelado),Darcy Ribeiro,Noturno,EP_R2_NPPI,Queda,-36.865,-19.619,100.0,0,-70.142,-60.79
Saúde Coletiva (Bacharelado) | Ceilândia | Diurno | EP_R2_PPI | EP=True | R=R2 | GE=PPI | PCD=False | SM=1.5,730,Saúde Coletiva (Bacharelado),Ceilândia,Diurno,EP_R2_PPI,Oscilante,-6.412,-2.624,50.0,1,-13.769,-122.632
Saúde Coletiva (Bacharelado) | Darcy Ribeiro | Noturno | EP_R2_PPI | EP=True | R=R2 | GE=PPI | PCD=False | SM=1.5,731,Saúde Coletiva (Bacharelado),Darcy Ribeiro,Noturno,EP_R2_PPI,Crescimento,68.158,25.104,100.0,0,-88.563,-53.968
Serviço Social (Bacharelado) | Darcy Ribeiro | Diurno | AC | EP=False | R=NA | GE=NA | PCD=False | SM=NA,732,Serviço Social (Bacharelado),Darcy Ribeiro,Diurno,AC,Oscilante,2.287,3.117,75.0,2,-71.843,44.146
Serviço Social (Bacharelado) | Darcy Ribeiro | Noturno | AC | EP=False | R=NA | GE=NA | PCD=False | SM=NA,733,Serviço Social (Bacharelado),Darcy Ribeiro,Noturno,AC,Oscilante,-1.42,-3.21,75.0,2,-16.066,13563.793
Serviço Social (Bacharelado) | Darcy Ribeiro | Diurno | CN | EP=False | R=NA | GE=NEGROS | PCD=False | SM=NA,734,Serviço Social (Bacharelado),Darcy Ribeiro,Diurno,CN,Oscilante,-9.371,-15.267,75.0,2,-513.679,10777.62
Serviço Social (Bacharelado) | Darcy Ribeiro | Noturno | CN | EP=False | R=NA | GE=NEGROS | PCD=False | SM=NA,735,Serviço Social (Bacharelado),Darcy Ribeiro,Noturno,CN,Oscilante,15.232,10.602,50.0,1,-58.556,-58.601
Serviço Social (Bacharelado) | Darcy Ribeiro | Diurno | EP_R1_NPPI | EP=True | R=R1 | GE=NPPI | PCD=False | SM=1.5,736,Serviço Social (Bacharelado),Darcy Ribeiro,Diurno,EP_R1_NPPI,Crescimento,76.672,34.809,100.0,0,-93.552,-68.943
Serviço Social (Bacharelado) | Darcy Ribeiro | Noturno | EP_R1_NPPI | EP=True | R=R1 | GE=NPPI | PCD=False | SM=1.5,737,Serviço Social (Bacharelado),Darcy Ribeiro,Noturno,EP_R1_NPPI,Oscilante,1.628,1.628,50.0,1,-29.665,-29.665
Serviço Social (Bacharelado) | Darcy Ribeiro | Diurno | EP_R1_PPI | EP=True | R=R1 | GE=PPI | PCD=False | SM=1.5,738,Serviço Social (Bacharelado),Darcy Ribeiro,Diurno,EP_R1_PPI,Oscilante,13.756,3.419,50.0,1,-74.103,-259.473
Serviço Social (Bacharelado) | Darcy Ribeiro | Noturno | EP_R1_PPI | EP=True | R=R1 | GE=PPI | PCD=False | SM=1.5,739,Serviço Social (Bacharelado),Darcy Ribeiro,Noturno,EP_R1_PPI,Oscilante,-5.927,-5.927,50.0,1,-14.564,-28.916
Serviço Social (Bacharelado) | Darcy Ribeiro | Diurno | EP_R2_NPPI | EP=True | R=R2 | GE=NPPI | PCD=False | SM=1.5,740,Serviço Social (Bacharelado),Darcy Ribeiro,Diurno,EP_R2_NPPI,Oscilante,-3.2,-1.519,66.7,1,-7.162,-77.836
Serviço Social (Bacharelado) | Darcy Ribeiro | Noturno | EP_R2_NPPI | EP=True | R=R2 | GE=NPPI | PCD=False | SM=1.5,741,Serviço Social (Bacharelado),Darcy Ribeiro,Noturno,EP_R2_NPPI,Queda,-14.018,-26.848,100.0,0,-34.144,-103.778
Serviço Social (Bacharelado) | Darcy Ribeiro | Diurno | EP_R2_PPI | EP=True | R=R2 | GE=PPI | PCD=False | SM=1.5,743,Serviço Social (Bacharelado),Darcy Ribeiro,Diurno,EP_R2_PPI,Oscilante,9.322,5.453,50.0,1,-33.445,-146.259
Serviço Social (Bacharelado) | Darcy Ribeiro | Noturno | EP_R2_PPI | EP=True | R=R2 | GE=PPI | PCD=False | SM=1.5,744,Serviço Social (Bacharelado),Darcy Ribeiro,Noturno,EP_R2_PPI,Queda,9.664,-21.487,100.0,0,-13.648,-44.046
"Teoria, Crítica e História da Arte (Bacharelado) | Darcy Ribeiro | Noturno | AC | EP=False | R=NA | GE=NA | PCD=False | SM=NA",746,"Teoria, Crítica e História da Arte (Bacharelado)",Darcy Ribeiro,Noturno,AC,Oscilante,13.15,20.815,50.0,3,-72.011,8098.315
Terapia Ocupacional (Bacharelado) | Ceilândia | Diurno | AC | EP=False | R=NA | GE=NA | PCD=False | SM=NA,751,Terapia Ocupacional (Bacharelado),Ceilândia,Diurno,AC,Oscilante,15.33,5.277,60.0,3,-93.611,86.116
Terapia Ocupacional (Bacharelado) | Ceilândia | Diurno | CN | EP=False | R=NA | GE=NEGROS | PCD=False | SM=NA,752,Terapia Ocupacional (Bacharelado),Ceilândia,Diurno,CN,Oscilante,-5.943,-6.232,75.0,2,-186.133,-194.066
Terapia Ocupacional (Bacharelado) | Ceilândia | Diurno | EP_R1_NPPI | EP=True | R=R1 | GE=NPPI | PCD=False | SM=1.5,753,Terapia Ocupacional (Bacharelado),Ceilândia,Diurno,EP_R1_NPPI,Estável,1.35,0.07,66.7,1,-52.976,-94.301
Terapia Ocupacional (Bacharelado) | Ceilândia | Diurno | EP_R1_PPI | EP=True | R=R1 | GE=PPI | PCD=False | SM=1.5,755,Terapia Ocupacional (Bacharelado),Ceilândia,Diurno,EP_R1_PPI,Oscilante,22.798,10.679,50.0,1,-60.378,27530.354
Terapia Ocupacional (Bacharelado) | Ceilândia | Diurno | EP_R2_NPPI | EP=True | R=R2 | GE=NPPI | PCD=False | SM=1.5,756,Terapia Ocupacional (Bacharelado),Ceilândia,Diurno,EP_R2_NPPI,Oscilante,-5.922,-16.147,50.0,3,-53.621,1614.015
Terapia Ocupacional (Bacharelado) | Ceilândia | Diurno | EP_R2_PPI | EP=True | R=R2 | GE=PPI | PCD=False | SM=1.5,758,Terapia Ocupacional (Bacharelado),Ceilândia,Diurno,EP_R2_PPI,Oscilante,3.733,10.908,50.0,1,-33.008,-257.334
Turismo (Bacharelado) | Darcy Ribeiro | Diurno | AC | EP=False | R=NA | GE=NA | PCD=False | SM=NA,760,Turismo (Bacharelado),Darcy Ribeiro,Diurno,AC,Oscilante,9.808,14.906,75.0,2,-17.429,357.254
Turismo (Bacharelado) | Darcy Ribeiro | Diurno | CN | EP=False | R=NA | GE=NEGROS | PCD=False | SM=NA,761,Turismo (Bacharelado),Darcy Ribeiro,Diurno,CN,Queda,-10.547,-10.547,100.0,0,-45.243,-45.243
Turismo (Bacharelado) | Darcy Ribeiro | Diurno | EP_R1_NPPI | EP=True | R=R1 | GE=NPPI | PCD=False | SM=1.5,762,Turismo (Bacharelado),Darcy Ribeiro,Diurno,EP_R1_NPPI,Oscilante,11.072,14.145,50.0,1,-67.802,-80.088
Turismo (Bacharelado) | Darcy Ribeiro | Diurno | EP_R2_NPPI | EP=True | R=R2 | GE=NPPI | PCD=False | SM=1.5,764,Turismo (Bacharelado),Darcy Ribeiro,Diurno,EP_R2_NPPI,Oscilante,-2.017,4.979,66.7,1,-44.362,-29.061
