id_oferta,id_oferta_num,curso,campus,turno,modalidade_normalizada,classe,velocidade_min,velocidade_max,consistencia,mudancas_direcao,coef_var_min,coef_var_max,indice_confiabilidade,confiabilidade,tendencia
Administração (Bacharelado) | Darcy Ribeiro (Plano Piloto) / DF | Diurno | AC | EP=False | R=NA | GE=NA | PCD=False | SM=NA,3,Administração (Bacharelado),Darcy Ribeiro (Plano Piloto) / DF,Diurno,AC,Oscilante,10.986,7.53,50.0,2,102.867,49.204,61.5,Média,Oscilante (Média)
Administração (Bacharelado) | Darcy Ribeiro (Plano Piloto) / DF | Noturno | AC | EP=False | R=NA | GE=NA | PCD=False | SM=NA,4,Administração (Bacharelado),Darcy Ribeiro (Plano Piloto) / DF,Noturno,AC,Oscilante,22.962,1.479,75.0,2,-97.657,135.17,73.6,Alta,Oscilante (Alta)
Administração (Bacharelado) | Darcy Ribeiro (Plano Piloto) / DF | Diurno | CN | EP=False | R=NA | GE=NEGROS | PCD=False | SM=NA,7,Administração (Bacharelado),Darcy Ribeiro (Plano Piloto) / DF,Diurno,CN,Oscilante,7.057,0.955,50.0,3,-68.919,-459.312,55.0,Média,Oscilante (Média)
Administração (Bacharelado) | Darcy Ribeiro (Plano Piloto) / DF | Noturno | CN | EP=False | R=NA | GE=NEGROS | PCD=False | SM=NA,8,Administração (Bacharelado),Darcy Ribeiro (Plano Piloto) / DF,Noturno,CN,Oscilante,-17.013,-18.347,66.7,1,-94.978,-352.358,76.7,Alta,Oscilante (Alta)
Administração (Bacharelado) | Darcy Ribeiro (Plano Piloto) / DF | Diurno | EP_R1_NPPI | EP=True | R=R1 | GE=NPPI | PCD=False | SM=1.5,11,Administração (Bacharelado),Darcy Ribeiro (Plano Piloto) / DF,Diurno,EP_R1_NPPI,Oscilante,15.702,-8.836,50.0,1,-38.761,-654.2,68.3,Média,Oscilante (Média)
Administração (Bacharelado) | Darcy Ribeiro (Plano Piloto) / DF | Noturno | EP_R1_NPPI | EP=True | R=R1 | GE=NPPI | PCD=False | SM=1.5,12,Administração (Bacharelado),Darcy Ribeiro (Plano Piloto) / DF,Noturno,EP_R1_NPPI,Oscilante,9.3,11.793,50.0,1,-30.909,-133.189,68.3,Média,Oscilante (Média)
Administração (Bacharelado) | Darcy Ribeiro (Plano Piloto) / DF | Diurno | EP_R1_PPI | EP=True | R=R1 | GE=PPI | PCD=False | SM=1.5,16,Administração (Bacharelado),Darcy Ribeiro (Plano Piloto) / DF,Diurno,EP_R1_PPI,Oscilante,-10.75,-4.331,50.0,1,-24.751,739.7,65.4,Média,Oscilante (Média)
Administração (Bacharelado) | Darcy Ribeiro (Plano Piloto) / DF | Noturno | EP_R1_PPI | EP=True | R=R1 | GE=PPI | PCD=False | SM=1.5,17,Administração (Bacharelado),Darcy Ribeiro (Plano Piloto) / DF,Noturno,EP_R1_PPI,Queda,-48.819,-18.928,100.0,0,-156.43,-187.926,100.0,Muito Alta,Queda (Muito Alta)
Administração (Bacharelado) | Darcy Ribeiro (Plano Piloto) / DF | Diurno | EP_R2_NPPI | EP=True | R=R2 | GE=NPPI | PCD=False | SM=1.5,20,Administração (Bacharelado),Darcy Ribeiro (Plano Piloto) / DF,Diurno,EP_R2_NPPI,Oscilante,0.996,-2.398,66.7,1,-138.73,663.203,74.1,Alta,Oscilante (Alta)
Administração (Bacharelado) | Darcy Ribeiro (Plano Piloto) / DF | Noturno | EP_R2_NPPI | EP=True | R=R2 | GE=NPPI | PCD=False | SM=1.5,21,Administração (Bacharelado),Darcy Ribeiro (Plano Piloto) / DF,Noturno,EP_R2_NPPI,Oscilante,-16.512,-9.822,50.0,1,-72.893,91.149,68.0,Média,Oscilante (Média)
Administração (Bacharelado) | Darcy Ribeiro (Plano Piloto) / DF | Diurno | EP_R2_PPI | EP=True | R=R2 | GE=PPI | PCD=False | SM=1.5,26,Administração (Bacharelado),Darcy Ribeiro (Plano Piloto) / DF,Diurno,EP_R2_PPI,Oscilante,7.814,1.621,50.0,1,-61.328,161.844,67.7,Média,Oscilante (Média)
Administração (Bacharelado) | Darcy Ribeiro (Plano Piloto) / DF | Noturno | EP_R2_PPI | EP=True | R=R2 | GE=PPI | PCD=False | SM=1.5,27,Administração (Bacharelado),Darcy Ribeiro (Plano Piloto) / DF,Noturno,EP_R2_PPI,Queda,-9.443,-79.623,100.0,0,-8.404,-126.913,100.0,Muito Alta,Queda (Muito Alta)
Agronomia (Bacharelado) | Darcy Ribeiro (Plano Piloto) / DF | Diurno | AC | EP=False | R=NA | GE=NA | PCD=False | SM=NA,30,Agronomia (Bacharelado),Darcy Ribeiro (Plano Piloto) / DF,Diurno,AC,Oscilante,19.296,18.203,50.0,2,-115.025,114.067,61.2,Média,Oscilante (Média)
Agronomia (Bacharelado) | Darcy Ribeiro (Plano Piloto) / DF | Diurno | CN | EP=False | R=NA | GE=NEGROS | PCD=False | SM=NA,32,Agronomia (Bacharelado),Darcy Ribeiro (Plano Piloto) / DF,Diurno,CN,Oscilante,11.304,-1.507,66.7,2,-47.02,-281.54,70.0,Alta,Oscilante (Alta)
Agronomia (Bacharelado) | Darcy Ribeiro (Plano Piloto) / DF | Diurno | EP_R1_NPPI | EP=True | R=R1 | GE=NPPI | PCD=False | SM=1.5,34,Agronomia (Bacharelado),Darcy Ribeiro (Plano Piloto) / DF,Diurno,EP_R1_NPPI,Crescimento,35.948,83.816,100.0,0,-54.579,-261.791,100.0,Muito Alta,Crescimento (Muito Alta)
Agronomia (Bacharelado) | Darcy Ribeiro (Plano Piloto) / DF | Diurno | EP_R1_PPI | EP=True | R=R1 | GE=PPI | PCD=False | SM=1.5,37,Agronomia (Bacharelado),Darcy Ribeiro (Plano Piloto) / DF,Diurno,EP_R1_PPI,Oscilante,4.38,6.023,50.0,1,-12.282,-81.538,68.3,Média,Oscilante (Média)
Agronomia (Bacharelado) | Darcy Ribeiro (Plano Piloto) / DF | Diurno | EP_R2_NPPI | EP=True | R=R2 | GE=NPPI | PCD=False | SM=1.5,39,Agronomia (Bacharelado),Darcy Ribeiro (Plano Piloto) / DF,Diurno,EP_R2_NPPI,Oscilante,11.507,-10.436,50.0,1,-46.596,81.654,68.0,Média,Oscilante (Média)
Agronomia (Bacharelado) | Darcy Ribeiro (Plano Piloto) / DF | Diurno | EP_R2_PPI | EP=True | R=R2 | GE=PPI | PCD=False | SM=1.5,42,Agronomia (Bacharelado),Darcy Ribeiro (Plano Piloto) / DF,Diurno,EP_R2_PPI,Crescimento,2.995,15.784,100.0,0,-14.265,-70.31,100.0,Muito Alta,Crescimento (Muito Alta)
Arquitetura e Urbanismo (Bacharelado) | Darcy Ribeiro (Plano Piloto) / DF | Diurno | AC | EP=False | R=NA | GE=NA | PCD=False | SM=NA,46,Arquitetura e Urbanismo (Bacharelado),Darcy Ribeiro (Plano Piloto) / DF,Diurno,AC,Oscilante,8.015,8.665,75.0,2,18.239,21.603,74.1,Alta,Oscilante (Alta)
Arquitetura e Urbanismo (Bacharelado) | Darcy Ribeiro (Plano Piloto) / DF | Noturno | AC | EP=False | R=NA | GE=NA | PCD=False | SM=NA,47,Arquitetura e Urbanismo (Bacharelado),Darcy Ribeiro (Plano Piloto) / DF,Noturno,AC,Oscilante,19.99,2.928,75.0,2,165.038,44.674,74.0,Alta,Oscilante (Alta)
Arquitetura e Urbanismo (Bacharelado) | Darcy Ribeiro (Plano Piloto) / DF | Diurno | CN | EP=False | R=NA | GE=NEGROS | PCD=False | SM=NA,50,Arquitetura e Urbanismo (Bacharelado),Darcy Ribeiro (Plano Piloto) / DF,Diurno,CN,Oscilante,4.56,2.685,50.0,3,28.312,27.949,54.9,Baixa,Oscilante (Baixa)
Arquitetura e Urbanismo (Bacharelado) | Darcy Ribeiro (Plano Piloto) / DF | Noturno | CN | EP=False | R=NA | GE=NEGROS | PCD=False | SM=NA,51,Arquitetura e Urbanismo (Bacharelado),Darcy Ribeiro (Plano Piloto) / DF,Noturno,CN,Oscilante,22.374,19.086,75.0,1,-131.752,-134.551,80.8,Alta,Oscilante (Alta)
Arquitetura e Urbanismo (Bacharelado) | Darcy Ribeiro (Plano Piloto) / DF | Diurno | EP_R1_NPPI | EP=True | R=R1 | GE=NPPI | PCD=False | SM=1.5,54,Arquitetura e Urbanismo (Bacharelado),Darcy Ribeiro (Plano Piloto) / DF,Diurno,EP_R1_NPPI,Crescimento,29.794,54.672,100.0,0,-317.973,288.775,98.9,Muito Alta,Crescimento (Muito Alta)
Arquitetura e Urbanismo (Bacharelado) | Darcy Ribeiro (Plano Piloto) / DF | Noturno | EP_R1_NPPI | EP=True | R=R1 | GE=NPPI | PCD=False | SM=1.5,55,Arquitetura e Urbanismo (Bacharelado),Darcy Ribeiro (Plano Piloto) / DF,Noturno,EP_R1_NPPI,Queda,45.238,-25.246,100.0,0,-75.433,-249.185,100.0,Muito Alta,Queda (Muito Alta)
Arquitetura e Urbanismo (Bacharelado) | Darcy Ribeiro (Plano Piloto) / DF | Diurno | EP_R1_PPI | EP=True | R=R1 | GE=PPI | PCD=False | SM=1.5,59,Arquitetura e Urbanismo (Bacharelado),Darcy Ribeiro (Plano Piloto) / DF,Diurno,EP_R1_PPI,Oscilante,10.624,2.311,50.0,1,-52.21,52.77,68.1,Média,Oscilante (Média)
Arquitetura e Urbanismo (Bacharelado) | Darcy Ribeiro (Plano Piloto) / DF | Noturno | EP_R1_PPI | EP=True | R=R1 | GE=PPI | PCD=False | SM=1.5,60,Arquitetura e Urbanismo (Bacharelado),Darcy Ribeiro (Plano Piloto) / DF,Noturno,EP_R1_PPI,Queda,-13.711,-13.711,100.0,0,-72.349,-72.349,100.0,Muito Alta,Queda (Muito Alta)
Arquitetura e Urbanismo (Bacharelado) | Darcy Ribeiro (Plano Piloto) / DF | Diurno | EP_R2_NPPI | EP=True | R=R2 | GE=NPPI | PCD=False | SM=1.5,63,Arquitetura e Urbanismo (Bacharelado),Darcy Ribeiro (Plano Piloto) / DF,Diurno,EP_R2_NPPI,Oscilante,-19.052,-11.538,66.7,1,156.703,78.43,76.4,Alta,Oscilante (Alta)
Arquitetura e Urbanismo (Bacharelado) | Darcy Ribeiro (Plano Piloto) / DF | Noturno | EP_R2_NPPI | EP=True | R=R2 | GE=NPPI | PCD=False | SM=1.5,64,Arquitetura e Urbanismo (Bacharelado),Darcy Ribeiro (Plano Piloto) / DF,Noturno,EP_R2_NPPI,Oscilante,-9.108,12.826,50.0,1,-29.328,160.408,67.7,Média,Oscilante (Média)
Arquitetura e Urbanismo (Bacharelado) | Darcy Ribeiro (Plano Piloto) / DF | Diurno | EP_R2_PPI | EP=True | R=R2 | GE=PPI | PCD=False | SM=1.5,69,Arquitetura e Urbanismo (Bacharelado),Darcy Ribeiro (Plano Piloto) / DF,Diurno,EP_R2_PPI,Oscilante,11.753,-0.871,50.0,1,-246.664,74.657,68.0,Média,Oscilante (Média)
Arquitetura e Urbanismo (Bacharelado) | Darcy Ribeiro (Plano Piloto) / DF | Noturno | EP_R2_PPI | EP=True | R=R2 | GE=PPI | PCD=False | SM=1.5,70,Arquitetura e Urbanismo (Bacharelado),Darcy Ribeiro (Plano Piloto) / DF,Noturno,EP_R2_PPI,Oscilante,-11.003,-11.003,50.0,1,-71.528,-81.9,68.3,Média,Oscilante (Média)
Arquivologia (Bacharelado) | Darcy Ribeiro (Plano Piloto) / DF | Noturno | AC | EP=False | R=NA | GE=NA | PCD=False | SM=NA,73,Arquivologia (Bacharelado),Darcy Ribeiro (Plano Piloto) / DF,Noturno,AC,Oscilante,-3.855,17.392,66.7,2,-25.195,226.545,69.1,Média,Oscilante (Média)
Arquivologia (Bacharelado) | Darcy Ribeiro (Plano Piloto) / DF | Noturno | CN | EP=False | R=NA | GE=NEGROS | PCD=False | SM=NA,75,Arquivologia (Bacharelado),Darcy Ribeiro (Plano Piloto) / DF,Noturno,CN,Crescimento,81.449,81.449,100.0,0,-188.808,-188.808,100.0,Muito Alta,Crescimento (Muito Alta)
Arquivologia (Bacharelado) | Darcy Ribeiro (Plano Piloto) / DF | Noturno | EP_R1_NPPI | EP=True | R=R1 | GE=NPPI | PCD=False | SM=1.5,76,Arquivologia (Bacharelado),Darcy Ribeiro (Plano Piloto) / DF,Noturno,EP_R1_NPPI,Crescimento,17.256,28.777,100.0,0,-31.009,-60.581,100.0,Muito Alta,Crescimento (Muito Alta)
Arquivologia (Bacharelado) | Darcy Ribeiro (Plano Piloto) / DF | Noturno | EP_R2_NPPI | EP=True | R=R2 | GE=NPPI | PCD=False | SM=1.5,78,Arquivologia (Bacharelado),Darcy Ribeiro (Plano Piloto) / DF,Noturno,EP_R2_NPPI,Crescimento,21.112,25.375,100.0,0,-33.027,-41.66,100.0,Muito Alta,Crescimento (Muito Alta)
Arquivologia (Bacharelado) | Darcy Ribeiro (Plano Piloto) / DF | Noturno | EP_R2_PPI | EP=True | R=R2 | GE=PPI | PCD=False | SM=1.5,80,Arquivologia (Bacharelado),Darcy Ribeiro (Plano Piloto) / DF,Noturno,EP_R2_PPI,Queda,-30.19,-32.143,100.0,0,-41.601,-45.151,100.0,Muito Alta,Queda (Muito Alta)
Artes Cênicas (Bacharelado) | Darcy Ribeiro (Plano Piloto) / DF | Diurno | AC | EP=False | R=NA | GE=NA | PCD=False | SM=NA,82,Artes Cênicas (Bacharelado),Darcy Ribeiro (Plano Piloto) / DF,Diurno,AC,Oscilante,14.91,-1.196,75.0,2,-1450.094,54.968,73.9,Alta,Oscilante (Alta)
Artes Cênicas (Bacharelado) | Darcy Ribeiro (Plano Piloto) / DF | Diurno | EP_R1_PPI | EP=True | R=R1 | GE=PPI | PCD=False | SM=1.5,85,Artes Cênicas (Bacharelado),Darcy Ribeiro (Plano Piloto) / DF,Diurno,EP_R1_PPI,Queda,-36.764,-36.764,100.0,0,-107.832,-107.832,100.0,Muito Alta,Queda (Muito Alta)
Artes Cênicas (Bacharelado) | Darcy Ribeiro (Plano Piloto) / DF | Diurno | EP_R2_NPPI | EP=True | R=R2 | GE=NPPI | PCD=False | SM=1.5,86,Artes Cênicas (Bacharelado),Darcy Ribeiro (Plano Piloto) / DF,Diurno,EP_R2_NPPI,Oscilante,-19.814,-10.789,50.0,1,-906.864,369.438,66.9,Média,Oscilante (Média)
Artes Cênicas (Literatura) | Darcy Ribeiro (Plano Piloto) / DF | Diurno | AC | EP=False | R=NA | GE=NA | PCD=False | SM=NA,95,Artes Cênicas (Literatura),Darcy Ribeiro (Plano Piloto) / DF,Diurno,AC,Oscilante,25.544,1.09,50.0,1,-83.98,94.959,68.0,Média,Oscilante (Média)
Artes Cênicas (Literatura) | Darcy Ribeiro (Plano Piloto) / DF | Diurno | EP_R1_NPPI | EP=True | R=R1 | GE=NPPI | PCD=False | SM=1.5,97,Artes Cênicas (Literatura),Darcy Ribeiro (Plano Piloto) / DF,Diurno,EP_R1_NPPI,Queda,-57.025,-20.032,100.0,0,-297.728,285.984,98.9,Muito Alta,Queda (Muito Alta)
Artes Visuais (Bacharelado) | Darcy Ribeiro (Plano Piloto) / DF | Diurno | AC | EP=False | R=NA | GE=NA | PCD=False | SM=NA,103,Artes Visuais (Bacharelado),Darcy Ribeiro (Plano Piloto) / DF,Diurno,AC,Oscilante,16.952,8.316,50.0,2,-321.181,52.273,61.5,Média,Oscilante (Média)
Artes Visuais (Bacharelado) | Darcy Ribeiro (Plano Piloto) / DF | Diurno | EP_R2_NPPI | EP=True | R=R2 | GE=NPPI | PCD=False | SM=1.5,105,Artes Visuais (Bacharelado),Darcy Ribeiro (Plano Piloto) / DF,Diurno,EP_R2_NPPI,Oscilante,-18.018,17.03,50.0,1,-161.118,-465.708,68.3,Média,Oscilante (Média)
Artes Visuais (Licenciatura) | Darcy Ribeiro (Plano Piloto) / DF | Diurno | AC | EP=False | R=NA | GE=NA | PCD=False | SM=NA,107,Artes Visuais (Licenciatura),Darcy Ribeiro (Plano Piloto) / DF,Diurno,AC,Crescimento,24.05,21.265,100.0,0,-80.304,41.965,99.8,Muito Alta,Crescimento (Muito Alta)
Artes Visuais (Licenciatura) | Darcy Ribeiro (Plano Piloto) / DF | Diurno | CN | EP=False | R=NA | GE=NEGROS | PCD=False | SM=NA,109,Artes Visuais (Licenciatura),Darcy Ribeiro (Plano Piloto) / DF,Diurno,CN,Queda,-2.392,-2.392,100.0,0,-5.279,-5.279,100.0,Muito Alta,Queda (Muito Alta)
Artes Visuais (Licenciatura) | Darcy Ribeiro (Plano Piloto) / DF | Diurno | EP_R2_NPPI | EP=True | R=R2 | GE=NPPI | PCD=False | SM=1.5,112,Artes Visuais (Licenciatura),Darcy Ribeiro (Plano Piloto) / DF,Diurno,EP_R2_NPPI,Oscilante,-44.36,-22.954,50.0,1,-256.216,180.539,67.6,Média,Oscilante (Média)
Artes Visuais (Licenciatura) | Darcy Ribeiro (Plano Piloto) / DF | Diurno | EP_R2_PPI | EP=True | R=R2 | GE=PPI | PCD=False | SM=1.5,113,Artes Visuais (Licenciatura),Darcy Ribeiro (Plano Piloto) / DF,Diurno,EP_R2_PPI,Queda,-4.162,-4.162,100.0,0,-14.671,-14.671,100.0,Muito Alta,Queda (Muito Alta)
Biblioteconomia (Bacharelado) | Darcy Ribeiro (Plano Piloto) / DF | Diurno | AC | EP=False | R=NA | GE=NA | PCD=False | SM=NA,115,Biblioteconomia (Bacharelado),Darcy Ribeiro (Plano Piloto) / DF,Diurno,AC,Oscilante,-6.542,6.853,66.7,2,-30.769,31.306,69.9,Média,Oscilante (Média)
Biblioteconomia (Bacharelado) | Darcy Ribeiro (Plano Piloto) / DF | Diurno | CN | EP=False | R=NA | GE=NEGROS | PCD=False | SM=NA,117,Biblioteconomia (Bacharelado),Darcy Ribeiro (Plano Piloto) / DF,Diurno,CN,Queda,-14.402,-14.402,100.0,0,-44.119,-44.119,100.0,Muito Alta,Queda (Muito Alta)
Biblioteconomia (Bacharelado) | Darcy Ribeiro (Plano Piloto) / DF | Diurno | EP_R1_NPPI | EP=True | R=R1 | GE=NPPI | PCD=False | SM=1.5,119,Biblioteconomia (Bacharelado),Darcy Ribeiro (Plano Piloto) / DF,Diurno,EP_R1_NPPI,Crescimento,56.924,19.033,100.0,0,-91.512,-53.749,100.0,Muito Alta,Crescimento (Muito Alta)
Biblioteconomia (Bacharelado) | Darcy Ribeiro (Plano Piloto) / DF | Diurno | EP_R2_NPPI | EP=True | R=R2 | GE=NPPI | PCD=False | SM=1.5,123,Biblioteconomia (Bacharelado),Darcy Ribeiro (Plano Piloto) / DF,Diurno,EP_R2_NPPI,Oscilante,-5.978,20.773,50.0,1,-54.794,197.765,67.6,Média,Oscilante (Média)
Biblioteconomia (Bacharelado) | Darcy Ribeiro (Plano Piloto) / DF | Diurno | EP_R2_PPI | EP=True | R=R2 | GE=PPI | PCD=False | SM=1.5,126,Biblioteconomia (Bacharelado),Darcy Ribeiro (Plano Piloto) / DF,Diurno,EP_R2_PPI,Queda,-0.616,-0.616,100.0,0,-0.961,-0.961,100.0,Muito Alta,Queda (Muito Alta)
Biologia (Bacharelado) | Darcy Ribeiro (Plano Piloto) / DF | Diurno | AC | EP=False | R=NA | GE=NA | PCD=False | SM=NA,127,Biologia (Bacharelado),Darcy Ribeiro (Plano Piloto) / DF,Diurno,AC,Oscilante,7.789,4.162,50.0,2,28.811,37.439,61.5,Média,Oscilante (Média)
Biologia (Bacharelado) | Darcy Ribeiro (Plano Piloto) / DF | Diurno | CN | EP=False | R=NA | GE=NEGROS | PCD=False | SM=NA,128,Biologia (Bacharelado),Darcy Ribeiro (Plano Piloto) / DF,Diurno,CN,Oscilante,9.51,7.451,75.0,2,321.567,255.467,73.2,Alta,Oscilante (Alta)
Biologia (Bacharelado) | Darcy Ribeiro (Plano Piloto) / DF | Diurno | EP_R1_NPPI | EP=True | R=R1 | GE=NPPI | PCD=False | SM=1.5,129,Biologia (Bacharelado),Darcy Ribeiro (Plano Piloto) / DF,Diurno,EP_R1_NPPI,Oscilante,-2.062,-11.0,66.7,1,-656.206,379.521,75.2,Alta,Oscilante (Alta)
Biologia (Bacharelado) | Darcy Ribeiro (Plano Piloto) / DF | Diurno | EP_R1_PPI | EP=True | R=R1 | GE=PPI | PCD=False | SM=1.5,132,Biologia (Bacharelado),Darcy Ribeiro (Plano Piloto) / DF,Diurno,EP_R1_PPI,Oscilante,19.159,5.041,50.0,1,-137.034,180.44,67.6,Média,Oscilante (Média)
Biologia (Bacharelado) | Darcy Ribeiro (Plano Piloto) / DF | Diurno | EP_R2_NPPI | EP=True | R=R2 | GE=NPPI | PCD=False | SM=1.5,133,Biologia (Bacharelado),Darcy Ribeiro (Plano Piloto) / DF,Diurno,EP_R2_NPPI,Oscilante,0.079,-0.934,66.7,2,86.573,16.062,70.0,Alta,Oscilante (Alta)
Biologia (Bacharelado) | Darcy Ribeiro (Plano Piloto) / DF | Diurno | EP_R2_PPI | EP=True | R=R2 | GE=PPI | PCD=False | SM=1.5,136,Biologia (Bacharelado),Darcy Ribeiro (Plano Piloto) / DF,Diurno,EP_R2_PPI,Queda,-13.197,-33.561,100.0,0,-111.373,-1321.842,100.0,Muito Alta,Queda (Muito Alta)
Biologia (Licenciatura) | Darcy Ribeiro (Plano Piloto) / DF | Noturno | AC | EP=False | R=NA | GE=NA | PCD=False | SM=NA,140,Biologia (Licenciatura),Darcy Ribeiro (Plano Piloto) / DF,Noturno,AC,Oscilante,7.285,3.035,66.7,1,-84.947,56.476,76.5,Alta,Oscilante (Alta)
Biologia (Licenciatura) | Darcy Ribeiro (Plano Piloto) / DF | Noturno | CN | EP=False | R=NA | GE=NEGROS | PCD=False | SM=NA,143,Biologia (Licenciatura),Darcy Ribeiro (Plano Piloto) / DF,Noturno,CN,Queda,-26.971,-53.16,100.0,0,-515.791,400.019,98.4,Muito Alta,Queda (Muito Alta)
Biologia (Licenciatura) | Darcy Ribeiro (Plano Piloto) / DF | Noturno | EP_R1_NPPI | EP=True | R=R1 | GE=NPPI | PCD=False | SM=1.5,146,Biologia (Licenciatura),Darcy Ribeiro (Plano Piloto) / DF,Noturno,EP_R1_NPPI,Crescimento,11.173,17.152,100.0,0,-19.822,-71.85,100.0,Muito Alta,Crescimento (Muito Alta)
Biologia (Licenciatura) | Darcy Ribeiro (Plano Piloto) / DF | Noturno | EP_R1_PPI | EP=True | R=R1 | GE=PPI | PCD=False | SM=1.5,149,Biologia (Licenciatura),Darcy Ribeiro (Plano Piloto) / DF,Noturno,EP_R1_PPI,Crescimento,25.375,25.96,100.0,0,-40.116,-60.167,100.0,Muito Alta,Crescimento (Muito Alta)
Biologia (Licenciatura) | Darcy Ribeiro (Plano Piloto) / DF | Noturno | EP_R2_NPPI | EP=True | R=R2 | GE=NPPI | PCD=False | SM=1.5,152,Biologia (Licenciatura),Darcy Ribeiro (Plano Piloto) / DF,Noturno,EP_R2_NPPI,Oscilante,11.967,-7.533,50.0,1,-117.438,-447.098,68.3,Média,Oscilante (Média)
Biologia (Licenciatura) | Darcy Ribeiro (Plano Piloto) / DF | Noturno | EP_R2_PPI | EP=True | R=R2 | GE=PPI | PCD=False | SM=1.5,156,Biologia (Licenciatura),Darcy Ribeiro (Plano Piloto) / DF,Noturno,EP_R2_PPI,Oscilante,1.582,13.626,50.0,1,-63.195,1232.234,63.5,Média,Oscilante (Média)
Biotecnologia (Bacharelado) | Darcy Ribeiro (Plano Piloto) / DF | Diurno | AC | EP=False | R=NA | GE=NA | PCD=False | SM=NA,158,Biotecnologia (Bacharelado),Darcy Ribeiro (Plano Piloto) / DF,Diurno,AC,Oscilante,13.393,13.574,50.0,2,94.771,49.255,61.5,Média,Oscilante (Média)
Biotecnologia (Bacharelado) | Darcy Ribeiro (Plano Piloto) / DF | Diurno | CN | EP=False | R=NA | GE=NEGROS | PCD=False | SM=NA,160,Biotecnologia (Bacharelado),Darcy Ribeiro (Plano Piloto) / DF,Diurno,CN,Oscilante,35.053,21.888,66.7,1,135.092,69.015,76.4,Alta,Oscilante (Alta)
Biotecnologia (Bacharelado) | Darcy Ribeiro (Plano Piloto) / DF | Diurno | EP_R1_NPPI | EP=True | R=R1 | GE=NPPI | PCD=False | SM=1.5,162,Biotecnologia (Bacharelado),Darcy Ribeiro (Plano Piloto) / DF,Diurno,EP_R1_NPPI,Oscilante,9.285,9.285,50.0,1,-25.18,-188.889,68.3,Média,Oscilante (Média)
Biotecnologia (Bacharelado) | Darcy Ribeiro (Plano Piloto) / DF | Diurno | EP_R1_PPI | EP=True | R=R1 | GE=PPI | PCD=False | SM=1.5,165,Biotecnologia (Bacharelado),Darcy Ribeiro (Plano Piloto) / DF,Diurno,EP_R1_PPI,Crescimento,21.287,89.97,100.0,0,-41.202,-2903.624,100.0,Muito Alta,Crescimento (Muito Alta)
Biotecnologia (Bacharelado) | Darcy Ribeiro (Plano Piloto) / DF | Diurno | EP_R2_NPPI | EP=True | R=R2 | GE=NPPI | PCD=False | SM=1.5,167,Biotecnologia (Bacharelado),Darcy Ribeiro (Plano Piloto) / DF,Diurno,EP_R2_NPPI,Oscilante,-7.923,-19.262,66.7,1,-268.304,154.307,76.1,Alta,Oscilante (Alta)
Biotecnologia (Bacharelado) | Darcy Ribeiro (Plano Piloto) / DF | Diurno | EP_R2_PPI | EP=True | R=R2 | GE=PPI | PCD=False | SM=1.5,170,Biotecnologia (Bacharelado),Darcy Ribeiro (Plano Piloto) / DF,Diurno,EP_R2_PPI,Oscilante,7.537,-33.182,50.0,1,-59.319,164.019,67.7,Média,Oscilante (Média)
Ciência Política (Bacharelado) | Darcy Ribeiro (Plano Piloto) / DF | Diurno | AC | EP=False | R=NA | GE=NA | PCD=False | SM=NA,173,Ciência Política (Bacharelado),Darcy Ribeiro (Plano Piloto) / DF,Diurno,AC,Oscilante,17.923,-1.623,75.0,1,120.03,42.548,80.7,Alta,Oscilante (Alta)
Ciência Política (Bacharelado) | Darcy Ribeiro (Plano Piloto) / DF | Diurno | CN | EP=False | R=NA | GE=NEGROS | PCD=False | SM=NA,175,Ciência Política (Bacharelado),Darcy Ribeiro (Plano Piloto) / DF,Diurno,CN,Oscilante,13.7,-3.841,50.0,3,118.038,70.436,54.7,Baixa,Oscilante (Baixa)
Ciência Política (Bacharelado) | Darcy Ribeiro (Plano Piloto) / DF | Diurno | EP_R1_NPPI | EP=True | R=R1 | GE=NPPI | PCD=False | SM=1.5,177,Ciência Política (Bacharelado),Darcy Ribeiro (Plano Piloto) / DF,Diurno,EP_R1_NPPI,Oscilante,1.014,6.252,50.0,1,-41.995,-1597.7,68.3,Média,Oscilante (Média)
Ciência Política (Bacharelado) | Darcy Ribeiro (Plano Piloto) / DF | Diurno | EP_R1_PPI | EP=True | R=R1 | GE=PPI | PCD=False | SM=1.5,180,Ciência Política (Bacharelado),Darcy Ribeiro (Plano Piloto) / DF,Diurno,EP_R1_PPI,Oscilante,2.594,-3.738,50.0,1,-34.82,-204.899,68.3,Média,Oscilante (Média)
Ciência Política (Bacharelado) | Darcy Ribeiro (Plano Piloto) / DF | Diurno | EP_R2_NPPI | EP=True | R=R2 | GE=NPPI | PCD=False | SM=1.5,182,Ciência Política (Bacharelado),Darcy Ribeiro (Plano Piloto) / DF,Diurno,EP_R2_NPPI,Oscilante,32.242,-1.07,50.0,1,-183.284,8.393,68.3,Média,Oscilante (Média)
Ciência Política (Bacharelado) | Darcy Ribeiro (Plano Piloto) / DF | Diurno | EP_R2_PPI | EP=True | R=R2 | GE=PPI | PCD=False | SM=1.5,186,Ciência Política (Bacharelado),Darcy Ribeiro (Plano Piloto) / DF,Diurno,EP_R2_PPI,Oscilante,18.794,-24.832,50.0,1,-38.558,173.098,67.7,Média,Oscilante (Média)
Ciência da Computação (Bacharelado) | Darcy Ribeiro (Plano Piloto) / DF | Diurno | AC | EP=False | R=NA | GE=NA | PCD=False | SM=NA,189,Ciência da Computação (Bacharelado),Darcy Ribeiro (Plano Piloto) / DF,Diurno,AC,Oscilante,14.381,6.278,75.0,2,22.459,15.443,74.1,Alta,Oscilante (Alta)
Ciência da Computação (Bacharelado) | Darcy Ribeiro (Plano Piloto) / DF | Diurno | CN | EP=False | R=NA | GE=NEGROS | PCD=False | SM=NA,191,Ciência da Computação (Bacharelado),Darcy Ribeiro (Plano Piloto) / DF,Diurno,CN,Oscilante,18.186,14.991,75.0,2,41.14,36.086,74.0,Alta,Oscilante (Alta)
Ciência da Computação (Bacharelado) | Darcy Ribeiro (Plano Piloto) / DF | Diurno | EP_R1_NPPI | EP=True | R=R1 | GE=NPPI | PCD=False | SM=1.5,193,Ciência da Computação (Bacharelado),Darcy Ribeiro (Plano Piloto) / DF,Diurno,EP_R1_NPPI,Oscilante,27.976,6.401,66.7,1,-465.516,121.085,76.2,Alta,Oscilante (Alta)
Ciência da Computação (Bacharelado) | Darcy Ribeiro (Plano Piloto) / DF | Diurno | EP_R1_PPI | EP=True | R=R1 | GE=PPI | PCD=False | SM=1.5,196,Ciência da Computação (Bacharelado),Darcy Ribeiro (Plano Piloto) / DF,Diurno,EP_R1_PPI,Oscilante,5.614,-1.725,66.7,1,-156.457,256.511,75.7,Alta,Oscilante (Alta)
Ciência da Computação (Bacharelado) | Darcy Ribeiro (Plano Piloto) / DF | Diurno | EP_R2_NPPI | EP=True | R=R2 | GE=NPPI | PCD=False | SM=1.5,199,Ciência da Computação (Bacharelado),Darcy Ribeiro (Plano Piloto) / DF,Diurno,EP_R2_NPPI,Oscilante,22.578,-12.774,66.7,1,64.665,34.543,76.5,Alta,Oscilante (Alta)
Ciência da Computação (Bacharelado) | Darcy Ribeiro (Plano Piloto) / DF | Diurno | EP_R2_PPI | EP=True | R=R2 | GE=PPI | PCD=False | SM=1.5,204,Ciência da Computação (Bacharelado),Darcy Ribeiro (Plano Piloto) / DF,Diurno,EP_R2_PPI,Oscilante,-8.141,-10.465,66.7,1,126.314,50.094,76.5,Alta,Oscilante (Alta)
Ciências Ambientais (Bacharelado) | Darcy Ribeiro (Plano Piloto) / DF | Noturno | AC | EP=False | R=NA | GE=NA | PCD=False | SM=NA,208,Ciências Ambientais (Bacharelado),Darcy Ribeiro (Plano Piloto) / DF,Noturno,AC,Queda,8.673,-12.59,100.0,0,-25.949,195.394,99.2,Muito Alta,Queda (Muito Alta)
Ciências Ambientais (Bacharelado) | Darcy Ribeiro (Plano Piloto) / DF | Noturno | CN | EP=False | R=NA | GE=NEGROS | PCD=False | SM=NA,210,Ciências Ambientais (Bacharelado),Darcy Ribeiro (Plano Piloto) / DF,Noturno,CN,Queda,-2.318,-4.745,100.0,0,-6.153,-13.819,100.0,Muito Alta,Queda (Muito Alta)
Ciências Ambientais (Bacharelado) | Darcy Ribeiro (Plano Piloto) / DF | Noturno | EP_R2_NPPI | EP=True | R=R2 | GE=NPPI | PCD=False | SM=1.5,212,Ciências Ambientais (Bacharelado),Darcy Ribeiro (Plano Piloto) / DF,Noturno,EP_R2_NPPI,Oscilante,10.092,9.86,50.0,1,-458.809,-9441.606,68.3,Média,Oscilante (Média)
Ciências Ambientais (Bacharelado) | Darcy Ribeiro (Plano Piloto) / DF | Noturno | EP_R2_PPI | EP=True | R=R2 | GE=PPI | PCD=False | SM=1.5,214,Ciências Ambientais (Bacharelado),Darcy Ribeiro (Plano Piloto) / DF,Noturno,EP_R2_PPI,Oscilante,4.231,-9.124,50.0,1,-36.835,-36.371,68.3,Média,Oscilante (Média)
Ciências Contábeis (Bacharelado) | Darcy Ribeiro (Plano Piloto) / DF | Diurno | AC | EP=False | R=NA | GE=NA | PCD=False | SM=NA,217,Ciências Contábeis (Bacharelado),Darcy Ribeiro (Plano Piloto) / DF,Diurno,AC,Oscilante,23.96,3.1,50.0,2,-195.419,66.19,61.4,Média,Oscilante (Média)
Ciências Contábeis (Bacharelado) | Darcy Ribeiro (Plano Piloto) / DF | Noturno | AC | EP=False | R=NA | GE=NA | PCD=False | SM=NA,218,Ciências Contábeis (Bacharelado),Darcy Ribeiro (Plano Piloto) / DF,Noturno,AC,Oscilante,14.504,-4.066,66.7,2,-35.176,14.958,70.0,Alta,Oscilante (Alta)
Ciências Contábeis (Bacharelado) | Darcy Ribeiro (Plano Piloto) / DF | Diurno | CN | EP=False | R=NA | GE=NEGROS | PCD=False | SM=NA,221,Ciências Contábeis (Bacharelado),Darcy Ribeiro (Plano Piloto) / DF,Diurno,CN,Oscilante,-2.166,2.875,66.7,2,1344.588,80.41,69.7,Média,Oscilante (Média)
Ciências Contábeis (Bacharelado) | Darcy Ribeiro (Plano Piloto) / DF | Noturno | CN | EP=False | R=NA | GE=NEGROS | PCD=False | SM=NA,222,Ciências Contábeis (Bacharelado),Darcy Ribeiro (Plano Piloto) / DF,Noturno,CN,Crescimento,29.371,0.653,100.0,0,-37.407,-1.873,100.0,Muito Alta,Crescimento (Muito Alta)
Ciências Contábeis (Bacharelado) | Darcy Ribeiro (Plano Piloto) / DF | Diurno | EP_R1_NPPI | EP=True | R=R1 | GE=NPPI | PCD=False | SM=1.5,225,Ciências Contábeis (Bacharelado),Darcy Ribeiro (Plano Piloto) / DF,Diurno,EP_R1_NPPI,Crescimento,-7.676,27.027,100.0,0,-21.017,128.01,99.5,Muito Alta,Crescimento (Muito Alta)
Ciências Contábeis (Bacharelado) | Darcy Ribeiro (Plano Piloto) / DF | Noturno | EP_R1_NPPI | EP=True | R=R1 | GE=NPPI | PCD=False | SM=1.5,226,Ciências Contábeis (Bacharelado),Darcy Ribeiro (Plano Piloto) / DF,Noturno,EP_R1_NPPI,Crescimento,-0.937,24.982,100.0,0,-1.216,-42.527,100.0,Muito Alta,Crescimento (Muito Alta)
Ciências Contábeis (Bacharelado) | Darcy Ribeiro (Plano Piloto) / DF | Diurno | EP_R1_PPI | EP=True | R=R1 | GE=PPI | PCD=False | SM=1.5,230,Ciências Contábeis (Bacharelado),Darcy Ribeiro (Plano Piloto) / DF,Diurno,EP_R1_PPI,Queda,-14.658,-14.658,100.0,0,-19.732,-19.732,100.0,Muito Alta,Queda (Muito Alta)
Ciências Contábeis (Bacharelado) | Darcy Ribeiro (Plano Piloto) / DF | Diurno | EP_R2_NPPI | EP=True | R=R2 | GE=NPPI | PCD=False | SM=1.5,234,Ciências Contábeis (Bacharelado),Darcy Ribeiro (Plano Piloto) / DF,Diurno,EP_R2_NPPI,Oscilante,-16.647,-19.706,66.7,1,-50.18,351.498,75.3,Alta,Oscilante (Alta)
Ciências Contábeis (Bacharelado) | Darcy Ribeiro (Plano Piloto) / DF | Noturno | EP_R2_NPPI | EP=True | R=R2 | GE=NPPI | PCD=False | SM=1.5,235,Ciências Contábeis (Bacharelado),Darcy Ribeiro (Plano Piloto) / DF,Noturno,EP_R2_NPPI,Queda,15.386,-8.832,100.0,0,-15.919,120.913,99.5,Muito Alta,Queda (Muito Alta)
Ciências Contábeis (Bacharelado) | Darcy Ribeiro (Plano Piloto) / DF | Diurno | EP_R2_PPI | EP=True | R=R2 | GE=PPI | PCD=False | SM=1.5,240,Ciências Contábeis (Bacharelado),Darcy Ribeiro (Plano Piloto) / DF,Diurno,EP_R2_PPI,Queda,10.792,-40.902,100.0,0,-32.754,164.812,99.3,Muito Alta,Queda (Muito Alta)
Ciências Contábeis (Bacharelado) | Darcy Ribeiro (Plano Piloto) / DF | Noturno | EP_R2_PPI | EP=True | R=R2 | GE=PPI | PCD=False | SM=1.5,241,Ciências Contábeis (Bacharelado),Darcy Ribeiro (Plano Piloto) / DF,Noturno,EP_R2_PPI,Oscilante,4.306,3.602,50.0,1,-30.922,-58.14,68.3,Média,Oscilante (Média)
Ciências Econômicas (Bacharelado) | Darcy Ribeiro (Plano Piloto) / DF | Diurno | AC | EP=False | R=NA | GE=NA | PCD=False | SM=NA,245,Ciências Econômicas (Bacharelado),Darcy Ribeiro (Plano Piloto) / DF,Diurno,AC,Oscilante,14.608,-8.618,50.0,3,38.814,26.484,54.9,Baixa,Oscilante (Baixa)
Ciências Econômicas (Bacharelado) | Darcy Ribeiro (Plano Piloto) / DF | Diurno | CN | EP=False | R=NA | GE=NEGROS | PCD=False | SM=NA,247,Ciências Econômicas (Bacharelado),Darcy Ribeiro (Plano Piloto) / DF,Diurno,CN,Oscilante,7.812,7.208,75.0,2,52.559,52.183,74.0,Alta,Oscilante (Alta)
Ciências Econômicas (Bacharelado) | Darcy Ribeiro (Plano Piloto) / DF | Diurno | EP_R1_NPPI | EP=True | R=R1 | GE=NPPI | PCD=False | SM=1.5,249,Ciências Econômicas (Bacharelado),Darcy Ribeiro (Plano Piloto) / DF,Diurno,EP_R1_NPPI,Queda,-12.308,-31.346,100.0,0,-88.418,360.735,98.6,Muito Alta,Queda (Muito Alta)
Ciências Econômicas (Bacharelado) | Darcy Ribeiro (Plano Piloto) / DF | Diurno | EP_R1_PPI | EP=True | R=R1 | GE=PPI | PCD=False | SM=1.5,252,Ciências Econômicas (Bacharelado),Darcy Ribeiro (Plano Piloto) / DF,Diurno,EP_R1_PPI,Crescimento,21.064,64.586,100.0,0,-69.503,128.079,99.5,Muito Alta,Crescimento (Muito Alta)
Ciências Econômicas (Bacharelado) | Darcy Ribeiro (Plano Piloto) / DF | Diurno | EP_R2_NPPI | EP=True | R=R2 | GE=NPPI | PCD=False | SM=1.5,254,Ciências Econômicas (Bacharelado),Darcy Ribeiro (Plano Piloto) / DF,Diurno,EP_R2_NPPI,Oscilante,-11.034,-31.406,66.7,1,-790.75,98.68,76.3,Alta,Oscilante (Alta)
Ciências Econômicas (Bacharelado) | Darcy Ribeiro (Plano Piloto) / DF | Diurno | EP_R2_PPI | EP=True | R=R2 | GE=PPI | PCD=False | SM=1.5,257,Ciências Econômicas (Bacharelado),Darcy Ribeiro (Plano Piloto) / DF,Diurno,EP_R2_PPI,Oscilante,5.712,18.201,50.0,1,-33.719,88.396,68.0,Média,Oscilante (Média)
Ciências Naturais (Licenciatura) | Planaltina / DF | Diurno | AC | EP=False | R=NA | GE=NA | PCD=False | SM=NA,261,Ciências Naturais (Licenciatura),Planaltina / DF,Diurno,AC,Oscilante,0.064,9.49,66.7,2,-7.084,221.696,69.1,Média,Oscilante (Média)
Ciências Naturais (Licenciatura) | Planaltina / DF | Noturno | AC | EP=False | R=NA | GE=NA | PCD=False | SM=NA,262,Ciências Naturais (Licenciatura),Planaltina / DF,Noturno,AC,Crescimento,10.31,48.834,100.0,0,-12.707,-225.81,100.0,Muito Alta,Crescimento (Muito Alta)
Ciências Naturais (Licenciatura) | Planaltina / DF | Diurno | EP_R1_PPI | EP=True | R=R1 | GE=PPI | PCD=False | SM=1.5,264,Ciências Naturais (Licenciatura),Planaltina / DF,Diurno,EP_R1_PPI,Queda,-30.158,-30.158,100.0,0,-61.61,-61.61,100.0,Muito Alta,Queda (Muito Alta)
Ciências Naturais (Licenciatura) | Planaltina / DF | Diurno | EP_R2_PPI | EP=True | R=R2 | GE=PPI | PCD=False | SM=1.5,265,Ciências Naturais (Licenciatura),Planaltina / DF,Diurno,EP_R2_PPI,Queda,1.582,-29.12,100.0,0,-2.995,-93.587,100.0,Muito Alta,Queda (Muito Alta)
Ciências Sociais – Antropologia/ Sociologia (Bacharelado/Licenciatura) | Darcy Ribeiro (Plano Piloto) / DF | Diurno | AC | EP=False | R=NA | GE=NA | PCD=False | SM=NA,268,Ciências Sociais – Antropologia/ Sociologia (Bacharelado/Licenciatura),Darcy Ribeiro (Plano Piloto) / DF,Diurno,AC,Oscilante,19.304,2.248,66.7,1,-146.179,6.335,76.7,Alta,Oscilante (Alta)
Ciências Sociais – Antropologia/ Sociologia (Bacharelado/Licenciatura) | Darcy Ribeiro (Plano Piloto) / DF | Diurno | CN | EP=False | R=NA | GE=NEGROS | PCD=False | SM=NA,270,Ciências Sociais – Antropologia/ Sociologia (Bacharelado/Licenciatura),Darcy Ribeiro (Plano Piloto) / DF,Diurno,CN,Oscilante,-10.833,-18.359,66.7,2,-86.378,512.963,68.0,Média,Oscilante (Média)
Ciências Sociais – Antropologia/ Sociologia (Bacharelado/Licenciatura) | Darcy Ribeiro (Plano Piloto) / DF | Diurno | EP_R1_NPPI | EP=True | R=R1 | GE=NPPI | PCD=False | SM=1.5,272,Ciências Sociais – Antropologia/ Sociologia (Bacharelado/Licenciatura),Darcy Ribeiro (Plano Piloto) / DF,Diurno,EP_R1_NPPI,Queda,-3.23,-8.682,100.0,0,-5.759,162.81,99.4,Muito Alta,Queda (Muito Alta)
Ciências Sociais – Antropologia/ Sociologia (Bacharelado/Licenciatura) | Darcy Ribeiro (Plano Piloto) / DF | Diurno | EP_R1_PPI | EP=True | R=R1 | GE=PPI | PCD=False | SM=1.5,275,Ciências Sociais – Antropologia/ Sociologia (Bacharelado/Licenciatura),Darcy Ribeiro (Plano Piloto) / DF,Diurno,EP_R1_PPI,Queda,9.212,-23.144,100.0,0,-27.199,-163.558,100.0,Muito Alta,Queda (Muito Alta)
Ciências Sociais – Antropologia/ Sociologia (Bacharelado/Licenciatura) | Darcy Ribeiro (Plano Piloto) / DF | Diurno | EP_R2_NPPI | EP=True | R=R2 | GE=NPPI | PCD=False | SM=1.5,277,Ciências Sociais – Antropologia/ Sociologia (Bacharelado/Licenciatura),Darcy Ribeiro (Plano Piloto) / DF,Diurno,EP_R2_NPPI,Oscilante,-1.56,13.516,50.0,1,-13.527,83.771,68.0,Média,Oscilante (Média)
Ciências Sociais – Antropologia/ Sociologia (Bacharelado/Licenciatura) | Darcy Ribeiro (Plano Piloto) / DF | Diurno | EP_R2_PPI | EP=True | R=R2 | GE=PPI | PCD=False | SM=1.5,281,Ciências Sociais – Antropologia/ Sociologia (Bacharelado/Licenciatura),Darcy Ribeiro (Plano Piloto) / DF,Diurno,EP_R2_PPI,Crescimento,2.238,11.487,100.0,0,-18.478,-834.407,100.0,Muito Alta,Crescimento (Muito Alta)
Computação (Licenciatura) | Darcy Ribeiro (Plano Piloto) / DF | Noturno | AC | EP=False | R=NA | GE=NA | PCD=False | SM=NA,284,Computação (Licenciatura),Darcy Ribeiro (Plano Piloto) / DF,Noturno,AC,Oscilante,18.539,-4.46,50.0,2,-92.693,118.031,61.2,Média,Oscilante (Média)
Computação (Licenciatura) | Darcy Ribeiro (Plano Piloto) / DF | Noturno | CN | EP=False | R=NA | GE=NEGROS | PCD=False | SM=NA,286,Computação (Licenciatura),Darcy Ribeiro (Plano Piloto) / DF,Noturno,CN,Oscilante,19.902,19.902,50.0,1,-289.781,-289.781,68.3,Média,Oscilante (Média)
Computação (Licenciatura) | Darcy Ribeiro (Plano Piloto) / DF | Noturno | EP_R1_PPI | EP=True | R=R1 | GE=PPI | PCD=False | SM=1.5,289,Computação (Licenciatura),Darcy Ribeiro (Plano Piloto) / DF,Noturno,EP_R1_PPI,Oscilante,-21.049,-21.05,50.0,1,-704.59,-8413.116,68.3,Média,Oscilante (Média)
Computação (Licenciatura) | Darcy Ribeiro (Plano Piloto) / DF | Noturno | EP_R2_NPPI | EP=True | R=R2 | GE=NPPI | PCD=False | SM=1.5,291,Computação (Licenciatura),Darcy Ribeiro (Plano Piloto) / DF,Noturno,EP_R2_NPPI,Queda,-11.064,-13.052,100.0,0,-47.311,-790.644,100.0,Muito Alta,Queda (Muito Alta)
Comunicação Organizacional (Bacharelado) | Darcy Ribeiro (Plano Piloto) / DF | Noturno | AC | EP=False | R=NA | GE=NA | PCD=False | SM=NA,297,Comunicação Organizacional (Bacharelado),Darcy Ribeiro (Plano Piloto) / DF,Noturno,AC,Oscilante,17.334,1.258,50.0,3,-101.344,83.136,54.7,Baixa,Oscilante (Baixa)
Comunicação Organizacional (Bacharelado) | Darcy Ribeiro (Plano Piloto) / DF | Noturno | CN | EP=False | R=NA | GE=NEGROS | PCD=False | SM=NA,299,Comunicação Organizacional (Bacharelado),Darcy Ribeiro (Plano Piloto) / DF,Noturno,CN,Oscilante,12.388,-3.087,66.7,2,-337.079,387.589,68.5,Média,Oscilante (Média)
Comunicação Organizacional (Bacharelado) | Darcy Ribeiro (Plano Piloto) / DF | Noturno | EP_R2_NPPI | EP=True | R=R2 | GE=NPPI | PCD=False | SM=1.5,301,Comunicação Organizacional (Bacharelado),Darcy Ribeiro (Plano Piloto) / DF,Noturno,EP_R2_NPPI,Queda,-16.037,-16.037,100.0,0,-41.051,-41.051,100.0,Muito Alta,Queda (Muito Alta)
Comunicação Social - Publicidade e Propaganda (Bacharelado) | Darcy Ribeiro (Plano Piloto) / DF | Diurno | AC | EP=False | R=NA | GE=NA | PCD=False | SM=NA,307,Comunicação Social - Publicidade e Propaganda (Bacharelado),Darcy Ribeiro (Plano Piloto) / DF,Diurno,AC,Oscilante,3.522,-2.17,50.0,2,22.92,30.27,61.5,Média,Oscilante (Média)
Comunicação Social - Publicidade e Propaganda (Bacharelado) | Darcy Ribeiro (Plano Piloto) / DF | Diurno | CN | EP=False | R=NA | GE=NEGROS | PCD=False | SM=NA,309,Comunicação Social - Publicidade e Propaganda (Bacharelado),Darcy Ribeiro (Plano Piloto) / DF,Diurno,CN,Oscilante,1.316,-2.096,75.0,2,136.927,128.869,73.7,Alta,Oscilante (Alta)
Comunicação Social - Publicidade e Propaganda (Bacharelado) | Darcy Ribeiro (Plano Piloto) / DF | Diurno | EP_R1_NPPI | EP=True | R=R1 | GE=NPPI | PCD=False | SM=1.5,311,Comunicação Social - Publicidade e Propaganda (Bacharelado),Darcy Ribeiro (Plano Piloto) / DF,Diurno,EP_R1_NPPI,Oscilante,39.389,13.27,50.0,1,-253.537,1957.021,60.6,Média,Oscilante (Média)
Comunicação Social - Publicidade e Propaganda (Bacharelado) | Darcy Ribeiro (Plano Piloto) / DF | Diurno | EP_R1_PPI | EP=True | R=R1 | GE=PPI | PCD=False | SM=1.5,314,Comunicação Social - Publicidade e Propaganda (Bacharelado),Darcy Ribeiro (Plano Piloto) / DF,Diurno,EP_R1_PPI,Queda,16.101,-15.216,100.0,0,-83.681,190.723,99.2,Muito Alta,Queda (Muito Alta)
Comunicação Social - Publicidade e Propaganda (Bacharelado) | Darcy Ribeiro (Plano Piloto) / DF | Diurno | EP_R2_NPPI | EP=True | R=R2 | GE=NPPI | PCD=False | SM=1.5,316,Comunicação Social - Publicidade e Propaganda (Bacharelado),Darcy Ribeiro (Plano Piloto) / DF,Diurno,EP_R2_NPPI,Oscilante,-4.178,0.667,66.7,1,701.494,214.69,75.8,Alta,Oscilante (Alta)
Comunicação Social - Publicidade e Propaganda (Bacharelado) | Darcy Ribeiro (Plano Piloto) / DF | Diurno | EP_R2_PPI | EP=True | R=R2 | GE=PPI | PCD=False | SM=1.5,319,Comunicação Social - Publicidade e Propaganda (Bacharelado),Darcy Ribeiro (Plano Piloto) / DF,Diurno,EP_R2_PPI,Oscilante,-24.172,-41.665,50.0,1,-120.106,-754.957,68.3,Média,Oscilante (Média)
Comunicação Social – Audiovisual (Bacharelado) | Darcy Ribeiro (Plano Piloto) / DF | Diurno | AC | EP=False | R=NA | GE=NA | PCD=False | SM=NA,322,Comunicação Social – Audiovisual (Bacharelado),Darcy Ribeiro (Plano Piloto) / DF,Diurno,AC,Oscilante,5.36,5.922,50.0,2,29.723,37.138,61.5,Média,Oscilante (Média)
Comunicação Social – Audiovisual (Bacharelado) | Darcy Ribeiro (Plano Piloto) / DF | Diurno | CN | EP=False | R=NA | GE=NEGROS | PCD=False | SM=NA,324,Comunicação Social – Audiovisual (Bacharelado),Darcy Ribeiro (Plano Piloto) / DF,Diurno,CN,Oscilante,-1.628,-1.628,50.0,1,-152.017,-152.017,68.3,Média,Oscilante (Média)
Comunicação Social – Audiovisual (Bacharelado) | Darcy Ribeiro (Plano Piloto) / DF | Diurno | EP_R1_NPPI | EP=True | R=R1 | GE=NPPI | PCD=False | SM=1.5,325,Comunicação Social – Audiovisual (Bacharelado),Darcy Ribeiro (Plano Piloto) / DF,Diurno,EP_R1_NPPI,Queda,-41.786,-18.412,100.0,0,-223.267,-841.58,100.0,Muito Alta,Queda (Muito Alta)
Comunicação Social – Audiovisual (Bacharelado) | Darcy Ribeiro (Plano Piloto) / DF | Diurno | EP_R1_PPI | EP=True | R=R1 | GE=PPI | PCD=False | SM=1.5,327,Comunicação Social – Audiovisual (Bacharelado),Darcy Ribeiro (Plano Piloto) / DF,Diurno,EP_R1_PPI,Queda,23.087,-24.129,100.0,0,-57.185,-748.488,100.0,Muito Alta,Queda (Muito Alta)
Comunicação Social – Audiovisual (Bacharelado) | Darcy Ribeiro (Plano Piloto) / DF | Diurno | EP_R2_NPPI | EP=True | R=R2 | GE=NPPI | PCD=False | SM=1.5,329,Comunicação Social – Audiovisual (Bacharelado),Darcy Ribeiro (Plano Piloto) / DF,Diurno,EP_R2_NPPI,Oscilante,-3.681,-3.23,66.7,2,-98.309,153.835,69.4,Média,Oscilante (Média)
Comunicação Social – Audiovisual (Bacharelado) | Darcy Ribeiro (Plano Piloto) / DF | Diurno | EP_R2_PPI | EP=True | R=R2 | GE=PPI | PCD=False | SM=1.5,332,Comunicação Social – Audiovisual (Bacharelado),Darcy Ribeiro (Plano Piloto) / DF,Diurno,EP_R2_PPI,Queda,-36.65,-77.249,100.0,0,-56.882,-216.24,100.0,Muito Alta,Queda (Muito Alta)
Design – Programação Visual/Projeto do Produto (Bacharelado) | Darcy Ribeiro (Plano Piloto) / DF | Diurno | AC | EP=False | R=NA | GE=NA | PCD=False | SM=NA,336,Design – Programação Visual/Projeto do Produto (Bacharelado),Darcy Ribeiro (Plano Piloto) / DF,Diurno,AC,Oscilante,1.913,-3.803,75.0,1,16.392,20.157,80.8,Alta,Oscilante (Alta)
Design – Programação Visual/Projeto do Produto (Bacharelado) | Darcy Ribeiro (Plano Piloto) / DF | Diurno | CN | EP=False | R=NA | GE=NEGROS | PCD=False | SM=NA,338,Design – Programação Visual/Projeto do Produto (Bacharelado),Darcy Ribeiro (Plano Piloto) / DF,Diurno,CN,Oscilante,-0.874,-7.269,75.0,2,1115.972,557.123,72.0,Alta,Oscilante (Alta)
Design – Programação Visual/Projeto do Produto (Bacharelado) | Darcy Ribeiro (Plano Piloto) / DF | Diurno | EP_R1_NPPI | EP=True | R=R1 | GE=NPPI | PCD=False | SM=1.5,340,Design – Programação Visual/Projeto do Produto (Bacharelado),Darcy Ribeiro (Plano Piloto) / DF,Diurno,EP_R1_NPPI,Oscilante,-16.777,-21.216,66.7,1,-396.316,-580.338,76.7,Alta,Oscilante (Alta)
Design – Programação Visual/Projeto do Produto (Bacharelado) | Darcy Ribeiro (Plano Piloto) / DF | Diurno | EP_R1_PPI | EP=True | R=R1 | GE=PPI | PCD=False | SM=1.5,343,Design – Programação Visual/Projeto do Produto (Bacharelado),Darcy Ribeiro (Plano Piloto) / DF,Diurno,EP_R1_PPI,Oscilante,12.978,6.11,50.0,1,-54.621,-101.126,68.3,Média,Oscilante (Média)
Design – Programação Visual/Projeto do Produto (Bacharelado) | Darcy Ribeiro (Plano Piloto) / DF | Diurno | EP_R2_PPI | EP=True | R=R2 | GE=PPI | PCD=False | SM=1.5,346,Design – Programação Visual/Projeto do Produto (Bacharelado),Darcy Ribeiro (Plano Piloto) / DF,Diurno,EP_R2_PPI,Oscilante,-12.935,-12.985,66.7,1,-64.384,-333.292,76.7,Alta,Oscilante (Alta)
Direito (Bacharelado) | Darcy Ribeiro (Plano Piloto) / DF | Diurno | AC | EP=False | R=NA | GE=NA | PCD=False | SM=NA,349,Direito (Bacharelado),Darcy Ribeiro (Plano Piloto) / DF,Diurno,AC,Oscilante,8.916,6.493,50.0,2,12.389,16.001,61.6,Média,Oscilante (Média)
Direito (Bacharelado) | Darcy Ribeiro (Plano Piloto) / DF | Noturno | AC | EP=False | R=NA | GE=NA | PCD=False | SM=NA,350,Direito (Bacharelado),Darcy Ribeiro (Plano Piloto) / DF,Noturno,AC,Oscilante,11.978,0.393,75.0,2,23.04,17.32,74.1,Alta,Oscilante (Alta)
Direito (Bacharelado) | Darcy Ribeiro (Plano Piloto) / DF | Diurno | CN | EP=False | R=NA | GE=NEGROS | PCD=False | SM=NA,353,Direito (Bacharelado),Darcy Ribeiro (Plano Piloto) / DF,Diurno,CN,Oscilante,4.386,0.713,50.0,2,25.158,19.766,61.6,Média,Oscilante (Média)
Direito (Bacharelado) | Darcy Ribeiro (Plano Piloto) / DF | Noturno | CN | EP=False | R=NA | GE=NEGROS | PCD=False | SM=NA,354,Direito (Bacharelado),Darcy Ribeiro (Plano Piloto) / DF,Noturno,CN,Oscilante,6.501,1.094,75.0,2,40.396,34.684,74.0,Alta,Oscilante (Alta)
Direito (Bacharelado) | Darcy Ribeiro (Plano Piloto) / DF | Diurno | EP_R1_NPPI | EP=True | R=R1 | GE=NPPI | PCD=False | SM=1.5,357,Direito (Bacharelado),Darcy Ribeiro (Plano Piloto) / DF,Diurno,EP_R1_NPPI,Oscilante,-11.107,-18.866,66.7,2,67.012,51.053,69.8,Média,Oscilante (Média)
Direito (Bacharelado) | Darcy Ribeiro (Plano Piloto) / DF | Noturno | EP_R1_NPPI | EP=True | R=R1 | GE=NPPI | PCD=False | SM=1.5,358,Direito (Bacharelado),Darcy Ribeiro (Plano Piloto) / DF,Noturno,EP_R1_NPPI,Oscilante,2.387,-7.245,66.7,1,-2822.817,159.887,76.1,Alta,Oscilante (Alta)
Direito (Bacharelado) | Darcy Ribeiro (Plano Piloto) / DF | Diurno | EP_R1_PPI | EP=True | R=R1 | GE=PPI | PCD=False | SM=1.5,364,Direito (Bacharelado),Darcy Ribeiro (Plano Piloto) / DF,Diurno,EP_R1_PPI,Oscilante,-2.908,-26.293,66.7,1,-487.416,85.48,76.3,Alta,Oscilante (Alta)
Direito (Bacharelado) | Darcy Ribeiro (Plano Piloto) / DF | Noturno | EP_R1_PPI | EP=True | R=R1 | GE=PPI | PCD=False | SM=1.5,365,Direito (Bacharelado),Darcy Ribeiro (Plano Piloto) / DF,Noturno,EP_R1_PPI,Oscilante,10.676,-5.787,50.0,1,-66.126,84.845,68.0,Média,Oscilante (Média)
Direito (Bacharelado) | Darcy Ribeiro (Plano Piloto) / DF | Diurno | EP_R2_NPPI | EP=True | R=R2 | GE=NPPI | PCD=False | SM=1.5,370,Direito (Bacharelado),Darcy Ribeiro (Plano Piloto) / DF,Diurno,EP_R2_NPPI,Oscilante,20.577,-9.934,66.7,2,44.586,14.477,70.0,Alta,Oscilante (Alta)
Direito (Bacharelado) | Darcy Ribeiro (Plano Piloto) / DF | Noturno | EP_R2_NPPI | EP=True | R=R2 | GE=NPPI | PCD=False | SM=1.5,371,Direito (Bacharelado),Darcy Ribeiro (Plano Piloto) / DF,Noturno,EP_R2_NPPI,Oscilante,4.791,-0.526,66.7,1,51.441,18.93,76.6,Alta,Oscilante (Alta)
Direito (Bacharelado) | Darcy Ribeiro (Plano Piloto) / DF | Diurno | EP_R2_PPI | EP=True | R=R2 | GE=PPI | PCD=False | SM=1.5,377,Direito (Bacharelado),Darcy Ribeiro (Plano Piloto) / DF,Diurno,EP_R2_PPI,Oscilante,0.955,-1.108,66.7,1,46.094,44.905,76.5,Alta,Oscilante (Alta)
Direito (Bacharelado) | Darcy Ribeiro (Plano Piloto) / DF | Noturno | EP_R2_PPI | EP=True | R=R2 | GE=PPI | PCD=False | SM=1.5,378,Direito (Bacharelado),Darcy Ribeiro (Plano Piloto) / DF,Noturno,EP_R2_PPI,Oscilante,-14.634,-22.763,66.7,1,-312.493,158.482,76.1,Alta,Oscilante (Alta)
Educação Física (Bacharelado) | Darcy Ribeiro (Plano Piloto) / DF | Diurno | AC | EP=False | R=NA | GE=NA | PCD=False | SM=NA,382,Educação Física (Bacharelado),Darcy Ribeiro (Plano Piloto) / DF,Diurno,AC,Crescimento,24.426,16.914,100.0,0,-1400.385,29.727,99.9,Muito Alta,Crescimento (Muito Alta)
Educação Física (Bacharelado) | Darcy Ribeiro (Plano Piloto) / DF | Diurno | CN | EP=False | R=NA | GE=NEGROS | PCD=False | SM=NA,384,Educação Física (Bacharelado),Darcy Ribeiro (Plano Piloto) / DF,Diurno,CN,Oscilante,23.424,2.55,50.0,1,212.873,32.693,68.2,Média,Oscilante (Média)
Educação Física (Bacharelado) | Darcy Ribeiro (Plano Piloto) / DF | Diurno | EP_R1_NPPI | EP=True | R=R1 | GE=NPPI | PCD=False | SM=1.5,386,Educação Física (Bacharelado),Darcy Ribeiro (Plano Piloto) / DF,Diurno,EP_R1_NPPI,Crescimento,-4.943,27.186,100.0,0,-17.903,392.444,98.5,Muito Alta,Crescimento (Muito Alta)
Educação Física (Bacharelado) | Darcy Ribeiro (Plano Piloto) / DF | Diurno | EP_R1_PPI | EP=True | R=R1 | GE=PPI | PCD=False | SM=1.5,388,Educação Física (Bacharelado),Darcy Ribeiro (Plano Piloto) / DF,Diurno,EP_R1_PPI,Oscilante,-18.948,18.132,50.0,1,-41.857,-158.717,68.3,Média,Oscilante (Média)
Educação Física (Bacharelado) | Darcy Ribeiro (Plano Piloto) / DF | Diurno | EP_R2_NPPI | EP=True | R=R2 | GE=NPPI | PCD=False | SM=1.5,390,Educação Física (Bacharelado),Darcy Ribeiro (Plano Piloto) / DF,Diurno,EP_R2_NPPI,Oscilante,46.978,4.354,50.0,1,-134.91,107.984,67.9,Média,Oscilante (Média)
Educação Física (Bacharelado) | Darcy Ribeiro (Plano Piloto) / DF | Diurno | EP_R2_PPI | EP=True | R=R2 | GE=PPI | PCD=False | SM=1.5,392,Educação Física (Bacharelado),Darcy Ribeiro (Plano Piloto) / DF,Diurno,EP_R2_PPI,Queda,34.668,-2.978,100.0,0,-68.33,-230.356,100.0,Muito Alta,Queda (Muito Alta)
Educação Física (Licenciatura) | Darcy Ribeiro (Plano Piloto) / DF | Diurno | AC | EP=False | R=NA | GE=NA | PCD=False | SM=NA,394,Educação Física (Licenciatura),Darcy Ribeiro (Plano Piloto) / DF,Diurno,AC,Crescimento,25.44,14.346,100.0,0,-104.017,61.751,99.8,Muito Alta,Crescimento (Muito Alta)
Educação Física (Licenciatura) | Darcy Ribeiro (Plano Piloto) / DF | Diurno | CN | EP=False | R=NA | GE=NEGROS | PCD=False | SM=NA,396,Educação Física (Licenciatura),Darcy Ribeiro (Plano Piloto) / DF,Diurno,CN,Crescimento,20.357,11.454,100.0,0,-1822.336,274.682,98.9,Muito Alta,Crescimento (Muito Alta)
Educação Física (Licenciatura) | Darcy Ribeiro (Plano Piloto) / DF | Diurno | EP_R1_NPPI | EP=True | R=R1 | GE=NPPI | PCD=False | SM=1.5,398,Educação Física (Licenciatura),Darcy Ribeiro (Plano Piloto) / DF,Diurno,EP_R1_NPPI,Oscilante,-3.689,-2.422,50.0,1,-42.687,-74.71,68.3,Média,Oscilante (Média)
Educação Física (Licenciatura) | Darcy Ribeiro (Plano Piloto) / DF | Diurno | EP_R1_PPI | EP=True | R=R1 | GE=PPI | PCD=False | SM=1.5,400,Educação Física (Licenciatura),Darcy Ribeiro (Plano Piloto) / DF,Diurno,EP_R1_PPI,Queda,24.619,-2.02,100.0,0,-39.238,-7.727,100.0,Muito Alta,Queda (Muito Alta)
Educação Física (Licenciatura) | Darcy Ribeiro (Plano Piloto) / DF | Diurno | EP_R2_NPPI | EP=True | R=R2 | GE=NPPI | PCD=False | SM=1.5,402,Educação Física (Licenciatura),Darcy Ribeiro (Plano Piloto) / DF,Diurno,EP_R2_NPPI,Oscilante,27.211,-7.874,50.0,1,-94.461,-1608.59,68.3,Média,Oscilante (Média)
Educação Física (Licenciatura) | Darcy Ribeiro (Plano Piloto) / DF | Diurno | EP_R2_PPI | EP=True | R=R2 | GE=PPI | PCD=False | SM=1.5,404,Educação Física (Licenciatura),Darcy Ribeiro (Plano Piloto) / DF,Diurno,EP_R2_PPI,Oscilante,9.4,-28.757,50.0,1,-14.699,-197.655,68.3,Média,Oscilante (Média)
Educação Física Ciclo Básico (Bacharelado/Licenciatura) | Darcy Ribeiro (Plano Piloto) / DF | Diurno | AC | EP=False | R=NA | GE=NA | PCD=False | SM=NA,405,Educação Física Ciclo Básico (Bacharelado/Licenciatura),Darcy Ribeiro (Plano Piloto) / DF,Diurno,AC,Crescimento,28.661,51.588,100.0,0,-159.308,297.006,98.8,Muito Alta,Crescimento (Muito Alta)
Educação Física Ciclo Básico (Bacharelado/Licenciatura) | Darcy Ribeiro (Plano Piloto) / DF | Diurno | CN | EP=False | R=NA | GE=NEGROS | PCD=False | SM=NA,406,Educação Física Ciclo Básico (Bacharelado/Licenciatura),Darcy Ribeiro (Plano Piloto) / DF,Diurno,CN,Crescimento,15.27,34.335,100.0,0,-40.055,-147.013,100.0,Muito Alta,Crescimento (Muito Alta)
Enfermagem (Bacharelado) | Ceilândia / DF | Diurno | AC | EP=False | R=NA | GE=NA | PCD=False | SM=NA,412,Enfermagem (Bacharelado),Ceilândia / DF,Diurno,AC,Oscilante,4.711,5.485,50.0,2,71.278,50.423,61.5,Média,Oscilante (Média)
Enfermagem (Bacharelado) | Darcy Ribeiro (Plano Piloto) / DF | Diurno | AC | EP=False | R=NA | GE=NA | PCD=False | SM=NA,414,Enfermagem (Bacharelado),Darcy Ribeiro (Plano Piloto) / DF,Diurno,AC,Oscilante,11.775,-0.605,50.0,3,60.174,41.604,54.8,Baixa,Oscilante (Baixa)
Enfermagem (Bacharelado) | Ceilândia / DF | Diurno | CN | EP=False | R=NA | GE=NEGROS | PCD=False | SM=NA,416,Enfermagem (Bacharelado),Ceilândia / DF,Diurno,CN,Oscilante,4.171,1.367,50.0,2,1934.07,773.275,58.6,Média,Oscilante (Média)
Enfermagem (Bacharelado) | Darcy Ribeiro (Plano Piloto) / DF | Diurno | CN | EP=False | R=NA | GE=NEGROS | PCD=False | SM=NA,418,Enfermagem (Bacharelado),Darcy Ribeiro (Plano Piloto) / DF,Diurno,CN,Oscilante,2.22,-5.301,75.0,1,66.6,71.026,80.6,Alta,Oscilante (Alta)
Enfermagem (Bacharelado) | Ceilândia / DF | Diurno | EP_R1_NPPI | EP=True | R=R1 | GE=NPPI | PCD=False | SM=1.5,420,Enfermagem (Bacharelado),Ceilândia / DF,Diurno,EP_R1_NPPI,Oscilante,-11.164,-14.781,66.7,1,-132.554,235.427,75.8,Alta,Oscilante (Alta)
Enfermagem (Bacharelado) | Darcy Ribeiro (Plano Piloto) / DF | Diurno | EP_R1_NPPI | EP=True | R=R1 | GE=NPPI | PCD=False | SM=1.5,422,Enfermagem (Bacharelado),Darcy Ribeiro (Plano Piloto) / DF,Diurno,EP_R1_NPPI,Oscilante,5.553,-3.761,66.7,2,-334.502,55.651,69.8,Média,Oscilante (Média)
Enfermagem (Bacharelado) | Ceilândia / DF | Diurno | EP_R1_PPI | EP=True | R=R1 | GE=PPI | PCD=False | SM=1.5,426,Enfermagem (Bacharelado),Ceilândia / DF,Diurno,EP_R1_PPI,Oscilante,7.229,-16.091,50.0,1,-18.071,211.525,67.5,Média,Oscilante (Média)
Enfermagem (Bacharelado) | Darcy Ribeiro (Plano Piloto) / DF | Diurno | EP_R1_PPI | EP=True | R=R1 | GE=PPI | PCD=False | SM=1.5,428,Enfermagem (Bacharelado),Darcy Ribeiro (Plano Piloto) / DF,Diurno,EP_R1_PPI,Oscilante,25.62,-1.936,50.0,1,-234.646,48.151,68.1,Média,Oscilante (Média)
Enfermagem (Bacharelado) | Ceilândia / DF | Diurno | EP_R2_NPPI | EP=True | R=R2 | GE=NPPI | PCD=False | SM=1.5,430,Enfermagem (Bacharelado),Ceilândia / DF,Diurno,EP_R2_NPPI,Oscilante,-9.46,-15.132,66.7,2,501.202,108.969,69.6,Média,Oscilante (Média)
Enfermagem (Bacharelado) | Darcy Ribeiro (Plano Piloto) / DF | Diurno | EP_R2_NPPI | EP=True | R=R2 | GE=NPPI | PCD=False | SM=1.5,432,Enfermagem (Bacharelado),Darcy Ribeiro (Plano Piloto) / DF,Diurno,EP_R2_NPPI,Oscilante,6.185,0.674,66.7,1,210.499,72.236,76.4,Alta,Oscilante (Alta)
Enfermagem (Bacharelado) | Ceilândia / DF | Diurno | EP_R2_PPI | EP=True | R=R2 | GE=PPI | PCD=False | SM=1.5,437,Enfermagem (Bacharelado),Ceilândia / DF,Diurno,EP_R2_PPI,Oscilante,-18.989,-16.929,66.7,1,-69.391,-165.683,76.7,Alta,Oscilante (Alta)
Enfermagem (Bacharelado) | Darcy Ribeiro (Plano Piloto) / DF | Diurno | EP_R2_PPI | EP=True | R=R2 | GE=PPI | PCD=False | SM=1.5,439,Enfermagem (Bacharelado),Darcy Ribeiro (Plano Piloto) / DF,Diurno,EP_R2_PPI,Oscilante,-10.866,-16.871,66.7,2,-121.918,228.462,69.1,Média,Oscilante (Média)
Engenharia Ambiental (Bacharelado) | Darcy Ribeiro (Plano Piloto) / DF | Diurno | AC | EP=False | R=NA | GE=NA | PCD=False | SM=NA,443,Engenharia Ambiental (Bacharelado),Darcy Ribeiro (Plano Piloto) / DF,Diurno,AC,Oscilante,-1.672,6.915,66.7,1,-149.563,79.779,76.4,Alta,Oscilante (Alta)
Engenharia Ambiental (Bacharelado) | Darcy Ribeiro (Plano Piloto) / DF | Diurno | CN | EP=False | R=NA | GE=NEGROS | PCD=False | SM=NA,445,Engenharia Ambiental (Bacharelado),Darcy Ribeiro (Plano Piloto) / DF,Diurno,CN,Oscilante,-29.119,-29.119,50.0,1,695.884,695.884,65.6,Média,Oscilante (Média)
Engenharia Ambiental (Bacharelado) | Darcy Ribeiro (Plano Piloto) / DF | Diurno | EP_R1_NPPI | EP=True | R=R1 | GE=NPPI | PCD=False | SM=1.5,446,Engenharia Ambiental (Bacharelado),Darcy Ribeiro (Plano Piloto) / DF,Diurno,EP_R1_NPPI,Oscilante,-18.836,-18.836,50.0,1,-4344.623,-4344.623,68.3,Média,Oscilante (Média)
Engenharia Ambiental (Bacharelado) | Darcy Ribeiro (Plano Piloto) / DF | Diurno | EP_R2_NPPI | EP=True | R=R2 | GE=NPPI | PCD=False | SM=1.5,449,Engenharia Ambiental (Bacharelado),Darcy Ribeiro (Plano Piloto) / DF,Diurno,EP_R2_NPPI,Crescimento,-43.277,10.729,100.0,0,-83.995,114.144,99.5,Muito Alta,Crescimento (Muito Alta)
Engenharia Ambiental (Bacharelado) | Darcy Ribeiro (Plano Piloto) / DF | Diurno | EP_R2_PPI | EP=True | R=R2 | GE=PPI | PCD=False | SM=1.5,452,Engenharia Ambiental (Bacharelado),Darcy Ribeiro (Plano Piloto) / DF,Diurno,EP_R2_PPI,Crescimento,78.107,66.809,100.0,0,3583.84,131.887,99.5,Muito Alta,Crescimento (Muito Alta)
Engenharia Civil (Bacharelado) | Darcy Ribeiro (Plano Piloto) / DF | Diurno | AC | EP=False | R=NA | GE=NA | PCD=False | SM=NA,454,Engenharia Civil (Bacharelado),Darcy Ribeiro (Plano Piloto) / DF,Diurno,AC,Oscilante,20.435,-9.288,75.0,1,139.805,27.327,80.7,Alta,Oscilante (Alta)
Engenharia Civil (Bacharelado) | Darcy Ribeiro (Plano Piloto) / DF | Diurno | CN | EP=False | R=NA | GE=NEGROS | PCD=False | SM=NA,456,Engenharia Civil (Bacharelado),Darcy Ribeiro (Plano Piloto) / DF,Diurno,CN,Oscilante,-9.975,-18.658,50.0,3,212.215,198.021,54.2,Baixa,Oscilante (Baixa)
Engenharia Civil (Bacharelado) | Darcy Ribeiro (Plano Piloto) / DF | Diurno | EP_R1_NPPI | EP=True | R=R1 | GE=NPPI | PCD=False | SM=1.5,458,Engenharia Civil (Bacharelado),Darcy Ribeiro (Plano Piloto) / DF,Diurno,EP_R1_NPPI,Crescimento,-8.702,38.618,100.0,0,-41.545,308.589,98.8,Muito Alta,Crescimento (Muito Alta)
Engenharia Civil (Bacharelado) | Darcy Ribeiro (Plano Piloto) / DF | Diurno | EP_R1_PPI | EP=True | R=R1 | GE=PPI | PCD=False | SM=1.5,461,Engenharia Civil (Bacharelado),Darcy Ribeiro (Plano Piloto) / DF,Diurno,EP_R1_PPI,Queda,-19.574,-19.574,100.0,0,-110.268,-122.677,100.0,Muito Alta,Queda (Muito Alta)
Engenharia Civil (Bacharelado) | Darcy Ribeiro (Plano Piloto) / DF | Diurno | EP_R2_NPPI | EP=True | R=R2 | GE=NPPI | PCD=False | SM=1.5,463,Engenharia Civil (Bacharelado),Darcy Ribeiro (Plano Piloto) / DF,Diurno,EP_R2_NPPI,Oscilante,19.519,18.865,50.0,1,-70.653,35.813,68.2,Média,Oscilante (Média)
Engenharia Civil (Bacharelado) | Darcy Ribeiro (Plano Piloto) / DF | Diurno | EP_R2_PPI | EP=True | R=R2 | GE=PPI | PCD=False | SM=1.5,466,Engenharia Civil (Bacharelado),Darcy Ribeiro (Plano Piloto) / DF,Diurno,EP_R2_PPI,Queda,-15.088,-8.835,100.0,0,-30.035,-227.215,100.0,Muito Alta,Queda (Muito Alta)
Engenharia Elétrica (Bacharelado) | Darcy Ribeiro (Plano Piloto) / DF | Diurno | AC | EP=False | R=NA | GE=NA | PCD=False | SM=NA,468,Engenharia Elétrica (Bacharelado),Darcy Ribeiro (Plano Piloto) / DF,Diurno,AC,Oscilante,37.884,-5.245,75.0,1,264.102,61.384,80.6,Alta,Oscilante (Alta)
Engenharia Elétrica (Bacharelado) | Darcy Ribeiro (Plano Piloto) / DF | Diurno | CN | EP=False | R=NA | GE=NEGROS | PCD=False | SM=NA,469,Engenharia Elétrica (Bacharelado),Darcy Ribeiro (Plano Piloto) / DF,Diurno,CN,Oscilante,10.477,10.477,66.7,1,110.207,110.207,76.2,Alta,Oscilante (Alta)
Engenharia Elétrica (Bacharelado) | Darcy Ribeiro (Plano Piloto) / DF | Diurno | EP_R1_PPI | EP=True | R=R1 | GE=PPI | PCD=False | SM=1.5,473,Engenharia Elétrica (Bacharelado),Darcy Ribeiro (Plano Piloto) / DF,Diurno,EP_R1_PPI,Oscilante,42.084,20.629,50.0,1,-318.436,132.199,67.8,Média,Oscilante (Média)
Engenharia Elétrica (Bacharelado) | Darcy Ribeiro (Plano Piloto) / DF | Diurno | EP_R2_NPPI | EP=True | R=R2 | GE=NPPI | PCD=False | SM=1.5,475,Engenharia Elétrica (Bacharelado),Darcy Ribeiro (Plano Piloto) / DF,Diurno,EP_R2_NPPI,Queda,35.364,-34.899,100.0,0,-265.144,31.638,99.9,Muito Alta,Queda (Muito Alta)
Engenharia Elétrica (Bacharelado) | Darcy Ribeiro (Plano Piloto) / DF | Diurno | EP_R2_PPI | EP=True | R=R2 | GE=PPI | PCD=False | SM=1.5,478,Engenharia Elétrica (Bacharelado),Darcy Ribeiro (Plano Piloto) / DF,Diurno,EP_R2_PPI,Crescimento,38.356,19.911,100.0,0,701.765,48.804,99.8,Muito Alta,Crescimento (Muito Alta)
Engenharia Florestal (Bacharelado) | Darcy Ribeiro (Plano Piloto) / DF | Diurno | AC | EP=False | R=NA | GE=NA | PCD=False | SM=NA,481,Engenharia Florestal (Bacharelado),Darcy Ribeiro (Plano Piloto) / DF,Diurno,AC,Oscilante,-1.311,15.972,66.7,2,-15.327,45.624,69.8,Média,Oscilante (Média)
Engenharia Florestal (Bacharelado) | Darcy Ribeiro (Plano Piloto) / DF | Diurno | CN | EP=False | R=NA | GE=NEGROS | PCD=False | SM=NA,483,Engenharia Florestal (Bacharelado),Darcy Ribeiro (Plano Piloto) / DF,Diurno,CN,Queda,-10.796,-22.601,100.0,0,-48.356,-107.163,100.0,Muito Alta,Queda (Muito Alta)
Engenharia Florestal (Bacharelado) | Darcy Ribeiro (Plano Piloto) / DF | Diurno | EP_R1_PPI | EP=True | R=R1 | GE=PPI | PCD=False | SM=1.5,486,Engenharia Florestal (Bacharelado),Darcy Ribeiro (Plano Piloto) / DF,Diurno,EP_R1_PPI,Queda,50.751,-41.629,100.0,0,-76.611,-4511.287,100.0,Muito Alta,Queda (Muito Alta)
Engenharia Florestal (Bacharelado) | Darcy Ribeiro (Plano Piloto) / DF | Diurno | EP_R2_NPPI | EP=True | R=R2 | GE=NPPI | PCD=False | SM=1.5,488,Engenharia Florestal (Bacharelado),Darcy Ribeiro (Plano Piloto) / DF,Diurno,EP_R2_NPPI,Crescimento,38.862,36.231,100.0,0,-82.237,-79.812,100.0,Muito Alta,Crescimento (Muito Alta)
Engenharia Florestal (Bacharelado) | Darcy Ribeiro (Plano Piloto) / DF | Diurno | EP_R2_PPI | EP=True | R=R2 | GE=PPI | PCD=False | SM=1.5,491,Engenharia Florestal (Bacharelado),Darcy Ribeiro (Plano Piloto) / DF,Diurno,EP_R2_PPI,Crescimento,-8.074,29.689,100.0,0,-12.198,-75.187,100.0,Muito Alta,Crescimento (Muito Alta)
Engenharia Mecatrônica (Bacharelado) | Darcy Ribeiro (Plano Piloto) / DF | Diurno | AC | EP=False | R=NA | GE=NA | PCD=False | SM=NA,492,Engenharia Mecatrônica (Bacharelado),Darcy Ribeiro (Plano Piloto) / DF,Diurno,AC,Oscilante,31.097,8.844,50.0,2,131.404,41.13,61.5,Média,Oscilante (Média)
Engenharia Mecatrônica (Bacharelado) | Darcy Ribeiro (Plano Piloto) / DF | Diurno | CN | EP=False | R=NA | GE=NEGROS | PCD=False | SM=NA,494,Engenharia Mecatrônica (Bacharelado),Darcy Ribeiro (Plano Piloto) / DF,Diurno,CN,Oscilante,15.164,8.001,66.7,1,135.44,109.538,76.3,Alta,Oscilante (Alta)
Engenharia Mecatrônica (Bacharelado) | Darcy Ribeiro (Plano Piloto) / DF | Diurno | EP_R1_NPPI | EP=True | R=R1 | GE=NPPI | PCD=False | SM=1.5,496,Engenharia Mecatrônica (Bacharelado),Darcy Ribeiro (Plano Piloto) / DF,Diurno,EP_R1_NPPI,Queda,-9.642,-8.51,100.0,0,-18.139,-16.254,100.0,Muito Alta,Queda (Muito Alta)
Engenharia Mecatrônica (Bacharelado) | Darcy Ribeiro (Plano Piloto) / DF | Diurno | EP_R1_PPI | EP=True | R=R1 | GE=PPI | PCD=False | SM=1.5,499,Engenharia Mecatrônica (Bacharelado),Darcy Ribeiro (Plano Piloto) / DF,Diurno,EP_R1_PPI,Crescimento,13.218,5.404,100.0,0,-30.041,6.691,100.0,Muito Alta,Crescimento (Muito Alta)
Engenharia Mecatrônica (Bacharelado) | Darcy Ribeiro (Plano Piloto) / DF | Diurno | EP_R2_NPPI | EP=True | R=R2 | GE=NPPI | PCD=False | SM=1.5,501,Engenharia Mecatrônica (Bacharelado),Darcy Ribeiro (Plano Piloto) / DF,Diurno,EP_R2_NPPI,Oscilante,-28.21,-28.494,66.7,2,-112.417,104.167,69.6,Média,Oscilante (Média)
Engenharia Mecatrônica (Bacharelado) | Darcy Ribeiro (Plano Piloto) / DF | Diurno | EP_R2_PPI | EP=True | R=R2 | GE=PPI | PCD=False | SM=1.5,504,Engenharia Mecatrônica (Bacharelado),Darcy Ribeiro (Plano Piloto) / DF,Diurno,EP_R2_PPI,Queda,48.517,-40.923,100.0,0,-153.742,129.151,99.5,Muito Alta,Queda (Muito Alta)
Engenharia Mecânica (Bacharelado) | Darcy Ribeiro (Plano Piloto) / DF | Diurno | AC | EP=False | R=NA | GE=NA | PCD=False | SM=NA,507,Engenharia Mecânica (Bacharelado),Darcy Ribeiro (Plano Piloto) / DF,Diurno,AC,Oscilante,46.338,2.156,50.0,2,480.609,43.797,61.5,Média,Oscilante (Média)
Engenharia Mecânica (Bacharelado) | Darcy Ribeiro (Plano Piloto) / DF | Diurno | CN | EP=False | R=NA | GE=NEGROS | PCD=False | SM=NA,509,Engenharia Mecânica (Bacharelado),Darcy Ribeiro (Plano Piloto) / DF,Diurno,CN,Oscilante,10.213,9.453,50.0,3,186.582,182.398,54.3,Baixa,Oscilante (Baixa)
Engenharia Mecânica (Bacharelado) | Darcy Ribeiro (Plano Piloto) / DF | Diurno | EP_R1_PPI | EP=True | R=R1 | GE=PPI | PCD=False | SM=1.5,514,Engenharia Mecânica (Bacharelado),Darcy Ribeiro (Plano Piloto) / DF,Diurno,EP_R1_PPI,Oscilante,28.241,8.395,50.0,1,-216.38,-3627.917,68.3,Média,Oscilante (Média)
Engenharia Mecânica (Bacharelado) | Darcy Ribeiro (Plano Piloto) / DF | Diurno | EP_R2_NPPI | EP=True | R=R2 | GE=NPPI | PCD=False | SM=1.5,516,Engenharia Mecânica (Bacharelado),Darcy Ribeiro (Plano Piloto) / DF,Diurno,EP_R2_NPPI,Queda,-7.262,-44.671,100.0,0,-52.54,56.924,99.8,Muito Alta,Queda (Muito Alta)
Engenharia Mecânica (Bacharelado) | Darcy Ribeiro (Plano Piloto) / DF | Diurno | EP_R2_PPI | EP=True | R=R2 | GE=PPI | PCD=False | SM=1.5,518,Engenharia Mecânica (Bacharelado),Darcy Ribeiro (Plano Piloto) / DF,Diurno,EP_R2_PPI,Oscilante,-31.874,4.63,50.0,1,-79.561,-7603.958,68.3,Média,Oscilante (Média)
Engenharia Química (Bacharelado) | Darcy Ribeiro (Plano Piloto) / DF | Diurno | AC | EP=False | R=NA | GE=NA | PCD=False | SM=NA,521,Engenharia Química (Bacharelado),Darcy Ribeiro (Plano Piloto) / DF,Diurno,AC,Oscilante,25.451,0.436,50.0,3,299.196,61.388,54.8,Baixa,Oscilante (Baixa)
Engenharia Química (Bacharelado) | Darcy Ribeiro (Plano Piloto) / DF | Diurno | CN | EP=False | R=NA | GE=NEGROS | PCD=False | SM=NA,523,Engenharia Química (Bacharelado),Darcy Ribeiro (Plano Piloto) / DF,Diurno,CN,Queda,-51.229,-51.229,100.0,0,115.517,115.517,99.5,Muito Alta,Queda (Muito Alta)
Engenharia Química (Bacharelado) | Darcy Ribeiro (Plano Piloto) / DF | Diurno | EP_R1_NPPI | EP=True | R=R1 | GE=NPPI | PCD=False | SM=1.5,525,Engenharia Química (Bacharelado),Darcy Ribeiro (Plano Piloto) / DF,Diurno,EP_R1_NPPI,Queda,-12.088,-12.088,100.0,0,-17.189,-17.189,100.0,Muito Alta,Queda (Muito Alta)
Engenharia Química (Bacharelado) | Darcy Ribeiro (Plano Piloto) / DF | Diurno | EP_R1_PPI | EP=True | R=R1 | GE=PPI | PCD=False | SM=1.5,527,Engenharia Química (Bacharelado),Darcy Ribeiro (Plano Piloto) / DF,Diurno,EP_R1_PPI,Oscilante,-5.558,-5.558,50.0,1,71.786,24.427,68.2,Média,Oscilante (Média)
Engenharia Química (Bacharelado) | Darcy Ribeiro (Plano Piloto) / DF | Diurno | EP_R2_NPPI | EP=True | R=R2 | GE=NPPI | PCD=False | SM=1.5,529,Engenharia Química (Bacharelado),Darcy Ribeiro (Plano Piloto) / DF,Diurno,EP_R2_NPPI,Oscilante,-12.946,-3.564,50.0,1,-1997.146,25.859,68.2,Média,Oscilante (Média)
Engenharia Química (Bacharelado) | Darcy Ribeiro (Plano Piloto) / DF | Diurno | EP_R2_PPI | EP=True | R=R2 | GE=PPI | PCD=False | SM=1.5,532,Engenharia Química (Bacharelado),Darcy Ribeiro (Plano Piloto) / DF,Diurno,EP_R2_PPI,Crescimento,44.896,73.093,100.0,0,379.604,230.103,99.1,Muito Alta,Crescimento (Muito Alta)
Engenharia de Computação (Bacharelado) | Darcy Ribeiro (Plano Piloto) / DF | Diurno | AC | EP=False | R=NA | GE=NA | PCD=False | SM=NA,534,Engenharia de Computação (Bacharelado),Darcy Ribeiro (Plano Piloto) / DF,Diurno,AC,Oscilante,11.187,5.966,50.0,2,17.974,13.728,61.6,Média,Oscilante (Média)
Engenharia de Computação (Bacharelado) | Darcy Ribeiro (Plano Piloto) / DF | Diurno | CN | EP=False | R=NA | GE=NEGROS | PCD=False | SM=NA,536,Engenharia de Computação (Bacharelado),Darcy Ribeiro (Plano Piloto) / DF,Diurno,CN,Oscilante,12.426,-5.534,75.0,1,38.105,34.402,80.7,Alta,Oscilante (Alta)
Engenharia de Computação (Bacharelado) | Darcy Ribeiro (Plano Piloto) / DF | Diurno | EP_R1_NPPI | EP=True | R=R1 | GE=NPPI | PCD=False | SM=1.5,538,Engenharia de Computação (Bacharelado),Darcy Ribeiro (Plano Piloto) / DF,Diurno,EP_R1_NPPI,Oscilante,12.869,2.558,50.0,1,-252.366,331.315,67.0,Média,Oscilante (Média)
Engenharia de Computação (Bacharelado) | Darcy Ribeiro (Plano Piloto) / DF | Diurno | EP_R1_PPI | EP=True | R=R1 | GE=PPI | PCD=False | SM=1.5,541,Engenharia de Computação (Bacharelado),Darcy Ribeiro (Plano Piloto) / DF,Diurno,EP_R1_PPI,Crescimento,30.793,26.106,100.0,0,-339.424,64.155,99.7,Muito Alta,Crescimento (Muito Alta)
Engenharia de Computação (Bacharelado) | Darcy Ribeiro (Plano Piloto) / DF | Diurno | EP_R2_NPPI | EP=True | R=R2 | GE=NPPI | PCD=False | SM=1.5,542,Engenharia de Computação (Bacharelado),Darcy Ribeiro (Plano Piloto) / DF,Diurno,EP_R2_NPPI,Oscilante,25.644,1.636,66.7,1,216.808,74.534,76.4,Alta,Oscilante (Alta)
Engenharia de Computação (Bacharelado) | Darcy Ribeiro (Plano Piloto) / DF | Diurno | EP_R2_PPI | EP=True | R=R2 | GE=PPI | PCD=False | SM=1.5,546,Engenharia de Computação (Bacharelado),Darcy Ribeiro (Plano Piloto) / DF,Diurno,EP_R2_PPI,Queda,-10.191,-35.023,100.0,0,-193.401,220.105,99.1,Muito Alta,Queda (Muito Alta)
Engenharia de Produção (Bacharelado) | Darcy Ribeiro (Plano Piloto) / DF | Noturno | AC | EP=False | R=NA | GE=NA | PCD=False | SM=NA,549,Engenharia de Produção (Bacharelado),Darcy Ribeiro (Plano Piloto) / DF,Noturno,AC,Oscilante,23.579,8.081,50.0,2,-300.359,53.681,61.5,Média,Oscilante (Média)
Engenharia de Produção (Bacharelado) | Darcy Ribeiro (Plano Piloto) / DF | Noturno | CN | EP=False | R=NA | GE=NEGROS | PCD=False | SM=NA,551,Engenharia de Produção (Bacharelado),Darcy Ribeiro (Plano Piloto) / DF,Noturno,CN,Oscilante,-11.21,-12.662,50.0,2,-255.85,-285.198,61.7,Média,Oscilante (Média)
Engenharia de Redes de Comunicação (Bacharelado) | Darcy Ribeiro (Plano Piloto) / DF | Diurno | AC | EP=False | R=NA | GE=NA | PCD=False | SM=NA,562,Engenharia de Redes de Comunicação (Bacharelado),Darcy Ribeiro (Plano Piloto) / DF,Diurno,AC,Oscilante,16.652,2.07,50.0,2,-279.312,62.586,61.4,Média,Oscilante (Média)
Engenharia de Redes de Comunicação (Bacharelado) | Darcy Ribeiro (Plano Piloto) / DF | Diurno | CN | EP=False | R=NA | GE=NEGROS | PCD=False | SM=NA,564,Engenharia de Redes de Comunicação (Bacharelado),Darcy Ribeiro (Plano Piloto) / DF,Diurno,CN,Oscilante,-4.748,-5.193,66.7,1,178.568,175.013,76.0,Alta,Oscilante (Alta)
Engenharia de Redes de Comunicação (Bacharelado) | Darcy Ribeiro (Plano Piloto) / DF | Diurno | EP_R1_PPI | EP=True | R=R1 | GE=PPI | PCD=False | SM=1.5,568,Engenharia de Redes de Comunicação (Bacharelado),Darcy Ribeiro (Plano Piloto) / DF,Diurno,EP_R1_PPI,Crescimento,7.33,7.33,100.0,0,-19.769,-19.769,100.0,Muito Alta,Crescimento (Muito Alta)
Engenharia de Redes de Comunicação (Bacharelado) | Darcy Ribeiro (Plano Piloto) / DF | Diurno | EP_R2_NPPI | EP=True | R=R2 | GE=NPPI | PCD=False | SM=1.5,570,Engenharia de Redes de Comunicação (Bacharelado),Darcy Ribeiro (Plano Piloto) / DF,Diurno,EP_R2_NPPI,Crescimento,20.568,37.035,100.0,0,-44.188,-108.351,100.0,Muito Alta,Crescimento (Muito Alta)
Engenharia de Redes de Comunicação (Bacharelado) | Darcy Ribeiro (Plano Piloto) / DF | Diurno | EP_R2_PPI | EP=True | R=R2 | GE=PPI | PCD=False | SM=1.5,573,Engenharia de Redes de Comunicação (Bacharelado),Darcy Ribeiro (Plano Piloto) / DF,Diurno,EP_R2_PPI,Crescimento,36.436,9.151,100.0,0,-79.497,75.979,99.7,Muito Alta,Crescimento (Muito Alta)
Engenharias (FGA) | Gama / DF | Diurno | AC | EP=False | R=NA | GE=NA | PCD=False | SM=NA,576,Engenharias (FGA),Gama / DF,Diurno,AC,Oscilante,40.922,2.893,50.0,2,337.064,36.609,61.5,Média,Oscilante (Média)
Engenharias (FGA) | Gama / DF | Diurno | CN | EP=False | R=NA | GE=NEGROS | PCD=False | SM=NA,578,Engenharias (FGA),Gama / DF,Diurno,CN,Oscilante,18.584,-5.125,50.0,2,1778.782,58.114,61.4,Média,Oscilante (Média)
Engenharias (FGA) | Gama / DF | Diurno | EP_R1_NPPI | EP=True | R=R1 | GE=NPPI | PCD=False | SM=1.5,580,Engenharias (FGA),Gama / DF,Diurno,EP_R1_NPPI,Crescimento,4.764,24.772,100.0,0,-14.963,76.901,99.7,Muito Alta,Crescimento (Muito Alta)
Engenharias (FGA) | Gama / DF | Diurno | EP_R1_PPI | EP=True | R=R1 | GE=PPI | PCD=False | SM=1.5,583,Engenharias (FGA),Gama / DF,Diurno,EP_R1_PPI,Oscilante,4.422,16.742,50.0,1,-8.477,93.899,68.0,Média,Oscilante (Média)
Engenharias (FGA) | Gama / DF | Diurno | EP_R2_NPPI | EP=True | R=R2 | GE=NPPI | PCD=False | SM=1.5,585,Engenharias (FGA),Gama / DF,Diurno,EP_R2_NPPI,Oscilante,3.422,-15.94,66.7,1,-150.342,86.355,76.3,Alta,Oscilante (Alta)
Engenharias (FGA) | Gama / DF | Diurno | EP_R2_PPI | EP=True | R=R2 | GE=PPI | PCD=False | SM=1.5,589,Engenharias (FGA),Gama / DF,Diurno,EP_R2_PPI,Crescimento,18.1,53.112,100.0,0,-28.864,90.358,99.6,Muito Alta,Crescimento (Muito Alta)
Estatística (Bacharelado) | Darcy Ribeiro (Plano Piloto) / DF | Diurno | AC | EP=False | R=NA | GE=NA | PCD=False | SM=NA,592,Estatística (Bacharelado),Darcy Ribeiro (Plano Piloto) / DF,Diurno,AC,Oscilante,21.637,13.382,75.0,2,-262.24,66.073,73.9,Alta,Oscilante (Alta)
Estatística (Bacharelado) | Darcy Ribeiro (Plano Piloto) / DF | Diurno | CN | EP=False | R=NA | GE=NEGROS | PCD=False | SM=NA,594,Estatística (Bacharelado),Darcy Ribeiro (Plano Piloto) / DF,Diurno,CN,Oscilante,25.453,7.078,50.0,1,-113.762,-194.123,68.3,Média,Oscilante (Média)
Estatística (Bacharelado) | Darcy Ribeiro (Plano Piloto) / DF | Diurno | EP_R2_NPPI | EP=True | R=R2 | GE=NPPI | PCD=False | SM=1.5,598,Estatística (Bacharelado),Darcy Ribeiro (Plano Piloto) / DF,Diurno,EP_R2_NPPI,Oscilante,-17.212,-6.509,50.0,1,-90.295,-382.319,68.3,Média,Oscilante (Média)
Farmácia (Bacharelado) | Ceilândia / DF | Diurno | AC | EP=False | R=NA | GE=NA | PCD=False | SM=NA,604,Farmácia (Bacharelado),Ceilândia / DF,Diurno,AC,Oscilante,29.303,2.572,75.0,1,-981.252,46.63,80.6,Alta,Oscilante (Alta)
Farmácia (Bacharelado) | Darcy Ribeiro (Plano Piloto) / DF | Diurno | AC | EP=False | R=NA | GE=NA | PCD=False | SM=NA,607,Farmácia (Bacharelado),Darcy Ribeiro (Plano Piloto) / DF,Diurno,AC,Oscilante,9.541,4.544,75.0,2,55.695,41.791,74.0,Alta,Oscilante (Alta)
Farmácia (Bacharelado) | Darcy Ribeiro (Plano Piloto) / DF | Noturno | AC | EP=False | R=NA | GE=NA | PCD=False | SM=NA,608,Farmácia (Bacharelado),Darcy Ribeiro (Plano Piloto) / DF,Noturno,AC,Oscilante,24.984,5.107,50.0,3,-215.962,111.491,54.6,Baixa,Oscilante (Baixa)
Farmácia (Bacharelado) | Ceilândia / DF | Diurno | CN | EP=False | R=NA | GE=NEGROS | PCD=False | SM=NA,610,Farmácia (Bacharelado),Ceilândia / DF,Diurno,CN,Oscilante,10.472,10.365,50.0,2,-1143.893,-1173.302,61.7,Média,Oscilante (Média)
Farmácia (Bacharelado) | Darcy Ribeiro (Plano Piloto) / DF | Diurno | CN | EP=False | R=NA | GE=NEGROS | PCD=False | SM=NA,613,Farmácia (Bacharelado),Darcy Ribeiro (Plano Piloto) / DF,Diurno,CN,Oscilante,5.039,-3.302,66.7,1,2944.074,353.719,75.3,Alta,Oscilante (Alta)
Farmácia (Bacharelado) | Darcy Ribeiro (Plano Piloto) / DF | Noturno | CN | EP=False | R=NA | GE=NEGROS | PCD=False | SM=NA,614,Farmácia (Bacharelado),Darcy Ribeiro (Plano Piloto) / DF,Noturno,CN,Queda,-2.355,-2.355,100.0,0,6.213,6.213,100.0,Muito Alta,Queda (Muito Alta)
Farmácia (Bacharelado) | Ceilândia / DF | Diurno | EP_R1_NPPI | EP=True | R=R1 | GE=NPPI | PCD=False | SM=1.5,616,Farmácia (Bacharelado),Ceilândia / DF,Diurno,EP_R1_NPPI,Queda,2.706,-21.207,100.0,0,-41.063,-303.223,100.0,Muito Alta,Queda (Muito Alta)
Farmácia (Bacharelado) | Darcy Ribeiro (Plano Piloto) / DF | Diurno | EP_R1_NPPI | EP=True | R=R1 | GE=NPPI | PCD=False | SM=1.5,619,Farmácia (Bacharelado),Darcy Ribeiro (Plano Piloto) / DF,Diurno,EP_R1_NPPI,Oscilante,-4.195,27.567,50.0,1,-28.238,208.929,67.5,Média,Oscilante (Média)
Farmácia (Bacharelado) | Darcy Ribeiro (Plano Piloto) / DF | Noturno | EP_R1_NPPI | EP=True | R=R1 | GE=NPPI | PCD=False | SM=1.5,620,Farmácia (Bacharelado),Darcy Ribeiro (Plano Piloto) / DF,Noturno,EP_R1_NPPI,Queda,9.002,-10.039,100.0,0,-34.348,90.77,99.6,Muito Alta,Queda (Muito Alta)
Farmácia (Bacharelado) | Ceilândia / DF | Diurno | EP_R1_PPI | EP=True | R=R1 | GE=PPI | PCD=False | SM=1.5,625,Farmácia (Bacharelado),Ceilândia / DF,Diurno,EP_R1_PPI,Oscilante,-1.653,18.021,50.0,1,-20.12,-237.511,68.3,Média,Oscilante (Média)
Farmácia (Bacharelado) | Darcy Ribeiro (Plano Piloto) / DF | Diurno | EP_R1_PPI | EP=True | R=R1 | GE=PPI | PCD=False | SM=1.5,628,Farmácia (Bacharelado),Darcy Ribeiro (Plano Piloto) / DF,Diurno,EP_R1_PPI,Oscilante,12.62,12.216,50.0,1,-85.902,-96.147,68.3,Média,Oscilante (Média)
Farmácia (Bacharelado) | Darcy Ribeiro (Plano Piloto) / DF | Noturno | EP_R1_PPI | EP=True | R=R1 | GE=PPI | PCD=False | SM=1.5,629,Farmácia (Bacharelado),Darcy Ribeiro (Plano Piloto) / DF,Noturno,EP_R1_PPI,Oscilante,44.766,22.859,50.0,1,-134.224,-983.664,68.3,Média,Oscilante (Média)
Farmácia (Bacharelado) | Ceilândia / DF | Diurno | EP_R2_NPPI | EP=True | R=R2 | GE=NPPI | PCD=False | SM=1.5,631,Farmácia (Bacharelado),Ceilândia / DF,Diurno,EP_R2_NPPI,Oscilante,-3.276,-5.195,66.7,1,-104.766,180.468,76.0,Alta,Oscilante (Alta)
Farmácia (Bacharelado) | Darcy Ribeiro (Plano Piloto) / DF | Diurno | EP_R2_NPPI | EP=True | R=R2 | GE=NPPI | PCD=False | SM=1.5,634,Farmácia (Bacharelado),Darcy Ribeiro (Plano Piloto) / DF,Diurno,EP_R2_NPPI,Oscilante,-2.84,-17.098,66.7,1,208.647,48.965,76.5,Alta,Oscilante (Alta)
Farmácia (Bacharelado) | Darcy Ribeiro (Plano Piloto) / DF | Noturno | EP_R2_NPPI | EP=True | R=R2 | GE=NPPI | PCD=False | SM=1.5,635,Farmácia (Bacharelado),Darcy Ribeiro (Plano Piloto) / DF,Noturno,EP_R2_NPPI,Oscilante,23.43,44.702,50.0,1,-136.805,-250.313,68.3,Média,Oscilante (Média)
Farmácia (Bacharelado) | Ceilândia / DF | Diurno | EP_R2_PPI | EP=True | R=R2 | GE=PPI | PCD=False | SM=1.5,641,Farmácia (Bacharelado),Ceilândia / DF,Diurno,EP_R2_PPI,Oscilante,12.421,-9.101,50.0,1,-26.942,780.014,65.3,Média,Oscilante (Média)
Farmácia (Bacharelado) | Darcy Ribeiro (Plano Piloto) / DF | Diurno | EP_R2_PPI | EP=True | R=R2 | GE=PPI | PCD=False | SM=1.5,644,Farmácia (Bacharelado),Darcy Ribeiro (Plano Piloto) / DF,Diurno,EP_R2_PPI,Crescimento,-11.227,3.768,100.0,0,-55.354,17.28,99.9,Muito Alta,Crescimento (Muito Alta)
Farmácia (Bacharelado) | Darcy Ribeiro (Plano Piloto) / DF | Noturno | EP_R2_PPI | EP=True | R=R2 | GE=PPI | PCD=False | SM=1.5,645,Farmácia (Bacharelado),Darcy Ribeiro (Plano Piloto) / DF,Noturno,EP_R2_PPI,Queda,28.547,-16.169,100.0,0,-31.943,172.07,99.3,Muito Alta,Queda (Muito Alta)
Filosofia (Bacharelado/Licenciatura) | Darcy Ribeiro (Plano Piloto) / DF | Diurno | AC | EP=False | R=NA | GE=NA | PCD=False | SM=NA,650,Filosofia (Bacharelado/Licenciatura),Darcy Ribeiro (Plano Piloto) / DF,Diurno,AC,Oscilante,-9.198,-22.916,66.7,1,-42.901,87.563,76.3,Alta,Oscilante (Alta)
Filosofia (Bacharelado/Licenciatura) | Darcy Ribeiro (Plano Piloto) / DF | Diurno | CN | EP=False | R=NA | GE=NEGROS | PCD=False | SM=NA,651,Filosofia (Bacharelado/Licenciatura),Darcy Ribeiro (Plano Piloto) / DF,Diurno,CN,Queda,-31.302,-53.531,100.0,0,-278.518,1195.016,95.3,Muito Alta,Queda (Muito Alta)
Filosofia (Bacharelado/Licenciatura) | Darcy Ribeiro (Plano Piloto) / DF | Diurno | EP_R1_NPPI | EP=True | R=R1 | GE=NPPI | PCD=False | SM=1.5,653,Filosofia (Bacharelado/Licenciatura),Darcy Ribeiro (Plano Piloto) / DF,Diurno,EP_R1_NPPI,Queda,-1.151,-1.151,100.0,0,-4.685,-4.685,100.0,Muito Alta,Queda (Muito Alta)
Filosofia (Bacharelado/Licenciatura) | Darcy Ribeiro (Plano Piloto) / DF | Diurno | EP_R1_PPI | EP=True | R=R1 | GE=PPI | PCD=False | SM=1.5,654,Filosofia (Bacharelado/Licenciatura),Darcy Ribeiro (Plano Piloto) / DF,Diurno,EP_R1_PPI,Crescimento,17.801,17.801,100.0,0,-27.095,-27.095,100.0,Muito Alta,Crescimento (Muito Alta)
Filosofia (Bacharelado/Licenciatura) | Darcy Ribeiro (Plano Piloto) / DF | Diurno | EP_R2_NPPI | EP=True | R=R2 | GE=NPPI | PCD=False | SM=1.5,656,Filosofia (Bacharelado/Licenciatura),Darcy Ribeiro (Plano Piloto) / DF,Diurno,EP_R2_NPPI,Queda,-31.326,-45.639,100.0,0,-42.174,470.878,98.1,Muito Alta,Queda (Muito Alta)
Filosofia (Bacharelado/Licenciatura) | Darcy Ribeiro (Plano Piloto) / DF | Diurno | EP_R2_PPI | EP=True | R=R2 | GE=PPI | PCD=False | SM=1.5,658,Filosofia (Bacharelado/Licenciatura),Darcy Ribeiro (Plano Piloto) / DF,Diurno,EP_R2_PPI,Queda,-16.275,-9.493,100.0,0,-68.814,-50.347,100.0,Muito Alta,Queda (Muito Alta)
Filosofia (Licenciatura) | Darcy Ribeiro (Plano Piloto) / DF | Noturno | AC | EP=False | R=NA | GE=NA | PCD=False | SM=NA,661,Filosofia (Licenciatura),Darcy Ribeiro (Plano Piloto) / DF,Noturno,AC,Oscilante,-10.974,1.245,50.0,1,-26.898,-224.528,68.3,Média,Oscilante (Média)
Fisioterapia (Bacharelado) | Ceilândia / DF | Diurno | AC | EP=False | R=NA | GE=NA | PCD=False | SM=NA,667,Fisioterapia (Bacharelado),Ceilândia / DF,Diurno,AC,Oscilante,6.162,6.801,50.0,2,71.681,46.371,61.5,Média,Oscilante (Média)
Fisioterapia (Bacharelado) | Ceilândia / DF | Diurno | CN | EP=False | R=NA | GE=NEGROS | PCD=False | SM=NA,669,Fisioterapia (Bacharelado),Ceilândia / DF,Diurno,CN,Oscilante,0.787,-5.311,50.0,1,341.215,226.794,67.4,Média,Oscilante (Média)
Fisioterapia (Bacharelado) | Ceilândia / DF | Diurno | EP_R1_NPPI | EP=True | R=R1 | GE=NPPI | PCD=False | SM=1.5,671,Fisioterapia (Bacharelado),Ceilândia / DF,Diurno,EP_R1_NPPI,Oscilante,-11.647,-26.401,66.7,1,-136.545,456.563,74.9,Alta,Oscilante (Alta)
Fisioterapia (Bacharelado) | Ceilândia / DF | Diurno | EP_R1_PPI | EP=True | R=R1 | GE=PPI | PCD=False | SM=1.5,674,Fisioterapia (Bacharelado),Ceilândia / DF,Diurno,EP_R1_PPI,Oscilante,-6.517,-9.748,50.0,1,-59.489,154.124,67.7,Média,Oscilante (Média)
Fisioterapia (Bacharelado) | Ceilândia / DF | Diurno | EP_R2_NPPI | EP=True | R=R2 | GE=NPPI | PCD=False | SM=1.5,677,Fisioterapia (Bacharelado),Ceilândia / DF,Diurno,EP_R2_NPPI,Oscilante,-5.965,-9.271,66.7,1,324.141,75.449,76.4,Alta,Oscilante (Alta)
Fisioterapia (Bacharelado) | Ceilândia / DF | Diurno | EP_R2_PPI | EP=True | R=R2 | GE=PPI | PCD=False | SM=1.5,680,Fisioterapia (Bacharelado),Ceilândia / DF,Diurno,EP_R2_PPI,Queda,-17.715,-28.833,100.0,0,-83.585,-707.905,100.0,Muito Alta,Queda (Muito Alta)
Fonoaudiologia (Bacharelado) | Ceilândia / DF | Diurno | AC | EP=False | R=NA | GE=NA | PCD=False | SM=NA,683,Fonoaudiologia (Bacharelado),Ceilândia / DF,Diurno,AC,Oscilante,14.394,-4.193,50.0,3,-775.477,59.456,54.8,Baixa,Oscilante (Baixa)
Fonoaudiologia (Bacharelado) | Ceilândia / DF | Diurno | CN | EP=False | R=NA | GE=NEGROS | PCD=False | SM=NA,685,Fonoaudiologia (Bacharelado),Ceilândia / DF,Diurno,CN,Oscilante,11.444,-13.243,66.7,1,-163.378,343.072,75.3,Alta,Oscilante (Alta)
Fonoaudiologia (Bacharelado) | Ceilândia / DF | Diurno | EP_R1_NPPI | EP=True | R=R1 | GE=NPPI | PCD=False | SM=1.5,687,Fonoaudiologia (Bacharelado),Ceilândia / DF,Diurno,EP_R1_NPPI,Queda,3.127,-9.318,100.0,0,-16.251,-133.385,100.0,Muito Alta,Queda (Muito Alta)
Fonoaudiologia (Bacharelado) | Ceilândia / DF | Diurno | EP_R1_PPI | EP=True | R=R1 | GE=PPI | PCD=False | SM=1.5,690,Fonoaudiologia (Bacharelado),Ceilândia / DF,Diurno,EP_R1_PPI,Oscilante,-31.405,13.124,50.0,1,-83.84,-376.305,68.3,Média,Oscilante (Média)
Fonoaudiologia (Bacharelado) | Ceilândia / DF | Diurno | EP_R2_NPPI | EP=True | R=R2 | GE=NPPI | PCD=False | SM=1.5,692,Fonoaudiologia (Bacharelado),Ceilândia / DF,Diurno,EP_R2_NPPI,Oscilante,3.229,-14.791,66.7,2,-59.551,-1610.007,70.0,Alta,Oscilante (Alta)
Fonoaudiologia (Bacharelado) | Ceilândia / DF | Diurno | EP_R2_PPI | EP=True | R=R2 | GE=PPI | PCD=False | SM=1.5,696,Fonoaudiologia (Bacharelado),Ceilândia / DF,Diurno,EP_R2_PPI,Oscilante,-4.722,-16.73,50.0,1,-12.099,-94.74,68.3,Média,Oscilante (Média)
Física (Bacharelado) | Darcy Ribeiro (Plano Piloto) / DF | Diurno | AC | EP=False | R=NA | GE=NA | PCD=False | SM=NA,699,Física (Bacharelado),Darcy Ribeiro (Plano Piloto) / DF,Diurno,AC,Oscilante,21.115,1.984,66.7,1,-534.0,21.205,76.6,Alta,Oscilante (Alta)
Física (Bacharelado) | Darcy Ribeiro (Plano Piloto) / DF | Diurno | CN | EP=False | R=NA | GE=NEGROS | PCD=False | SM=NA,700,Física (Bacharelado),Darcy Ribeiro (Plano Piloto) / DF,Diurno,CN,Queda,23.828,-45.883,100.0,0,124.624,63.329,99.8,Muito Alta,Queda (Muito Alta)
Física (Bacharelado) | Darcy Ribeiro (Plano Piloto) / DF | Diurno | EP_R1_NPPI | EP=True | R=R1 | GE=NPPI | PCD=False | SM=1.5,702,Física (Bacharelado),Darcy Ribeiro (Plano Piloto) / DF,Diurno,EP_R1_NPPI,Queda,4.722,-36.395,100.0,0,-18.854,100.668,99.6,Muito Alta,Queda (Muito Alta)
Física (Bacharelado) | Darcy Ribeiro (Plano Piloto) / DF | Diurno | EP_R1_PPI | EP=True | R=R1 | GE=PPI | PCD=False | SM=1.5,704,Física (Bacharelado),Darcy Ribeiro (Plano Piloto) / DF,Diurno,EP_R1_PPI,Crescimento,147.497,147.497,100.0,0,-10626.198,-10626.198,100.0,Muito Alta,Crescimento (Muito Alta)
Física (Bacharelado) | Darcy Ribeiro (Plano Piloto) / DF | Diurno | EP_R2_NPPI | EP=True | R=R2 | GE=NPPI | PCD=False | SM=1.5,706,Física (Bacharelado),Darcy Ribeiro (Plano Piloto) / DF,Diurno,EP_R2_NPPI,Oscilante,-22.812,26.408,50.0,1,-67.081,129.723,67.8,Média,Oscilante (Média)
Física (Bacharelado) | Darcy Ribeiro (Plano Piloto) / DF | Diurno | EP_R2_PPI | EP=True | R=R2 | GE=PPI | PCD=False | SM=1.5,709,Física (Bacharelado),Darcy Ribeiro (Plano Piloto) / DF,Diurno,EP_R2_PPI,Queda,26.576,-45.958,100.0,0,-57.568,896.722,96.5,Muito Alta,Queda (Muito Alta)
Física (Licenciatura) | Darcy Ribeiro (Plano Piloto) / DF | Noturno | AC | EP=False | R=NA | GE=NA | PCD=False | SM=NA,712,Física (Licenciatura),Darcy Ribeiro (Plano Piloto) / DF,Noturno,AC,Oscilante,-15.913,28.932,66.7,1,-243.747,59.326,76.4,Alta,Oscilante (Alta)
Geofísica (Bacharelado) | Darcy Ribeiro (Plano Piloto) / DF | Diurno | AC | EP=False | R=NA | GE=NA | PCD=False | SM=NA,717,Geofísica (Bacharelado),Darcy Ribeiro (Plano Piloto) / DF,Diurno,AC,Oscilante,11.468,15.911,66.7,2,-42.135,126.469,69.5,Média,Oscilante (Média)
Geofísica (Bacharelado) | Darcy Ribeiro (Plano Piloto) / DF | Diurno | EP_R1_NPPI | EP=True | R=R1 | GE=NPPI | PCD=False | SM=1.5,719,Geofísica (Bacharelado),Darcy Ribeiro (Plano Piloto) / DF,Diurno,EP_R1_NPPI,Queda,-9.888,-9.888,100.0,0,-15.516,-15.516,100.0,Muito Alta,Queda (Muito Alta)
Geografia (Bacharelado/Licenciatura) | Darcy Ribeiro (Plano Piloto) / DF | Diurno | AC | EP=False | R=NA | GE=NA | PCD=False | SM=NA,725,Geografia (Bacharelado/Licenciatura),Darcy Ribeiro (Plano Piloto) / DF,Diurno,AC,Oscilante,-12.671,31.814,66.7,2,-64.624,59.011,69.8,Média,Oscilante (Média)
Geografia (Bacharelado/Licenciatura) | Darcy Ribeiro (Plano Piloto) / DF | Diurno | EP_R1_NPPI | EP=True | R=R1 | GE=NPPI | PCD=False | SM=1.5,729,Geografia (Bacharelado/Licenciatura),Darcy Ribeiro (Plano Piloto) / DF,Diurno,EP_R1_NPPI,Crescimento,26.508,26.508,100.0,0,-115.711,-155.565,100.0,Muito Alta,Crescimento (Muito Alta)
Geografia (Bacharelado/Licenciatura) | Darcy Ribeiro (Plano Piloto) / DF | Diurno | EP_R2_NPPI | EP=True | R=R2 | GE=NPPI | PCD=False | SM=1.5,733,Geografia (Bacharelado/Licenciatura),Darcy Ribeiro (Plano Piloto) / DF,Diurno,EP_R2_NPPI,Crescimento,46.494,33.155,100.0,0,-104.578,1309.362,94.8,Muito Alta,Crescimento (Muito Alta)
Geografia (Bacharelado/Licenciatura) | Darcy Ribeiro (Plano Piloto) / DF | Diurno | EP_R2_PPI | EP=True | R=R2 | GE=PPI | PCD=False | SM=1.5,736,Geografia (Bacharelado/Licenciatura),Darcy Ribeiro (Plano Piloto) / DF,Diurno,EP_R2_PPI,Crescimento,0.239,23.693,100.0,0,-1.024,-350.528,100.0,Muito Alta,Crescimento (Muito Alta)
Geologia (Bacharelado) | Darcy Ribeiro (Plano Piloto) / DF | Diurno | AC | EP=False | R=NA | GE=NA | PCD=False | SM=NA,738,Geologia (Bacharelado),Darcy Ribeiro (Plano Piloto) / DF,Diurno,AC,Oscilante,11.052,13.835,66.7,1,-29.015,33.949,76.5,Alta,Oscilante (Alta)
Geologia (Bacharelado) | Darcy Ribeiro (Plano Piloto) / DF | Diurno | EP_R1_PPI | EP=True | R=R1 | GE=PPI | PCD=False | SM=1.5,743,Geologia (Bacharelado),Darcy Ribeiro (Plano Piloto) / DF,Diurno,EP_R1_PPI,Crescimento,11.117,11.117,100.0,0,-86.798,-86.798,100.0,Muito Alta,Crescimento (Muito Alta)
Geologia (Bacharelado) | Darcy Ribeiro (Plano Piloto) / DF | Diurno | EP_R2_NPPI | EP=True | R=R2 | GE=NPPI | PCD=False | SM=1.5,745,Geologia (Bacharelado),Darcy Ribeiro (Plano Piloto) / DF,Diurno,EP_R2_NPPI,Crescimento,37.673,37.673,100.0,0,-278.285,-278.285,100.0,Muito Alta,Crescimento (Muito Alta)
Gestão Ambiental (Bacharelado) | Planaltina / DF | Noturno | AC | EP=False | R=NA | GE=NA | PCD=False | SM=NA,747,Gestão Ambiental (Bacharelado),Planaltina / DF,Noturno,AC,Crescimento,15.395,94.13,100.0,0,-19.99,-441.087,100.0,Muito Alta,Crescimento (Muito Alta)
Gestão de Agronegócio (Bacharelado) | Darcy Ribeiro (Plano Piloto) / DF | Noturno | AC | EP=False | R=NA | GE=NA | PCD=False | SM=NA,752,Gestão de Agronegócio (Bacharelado),Darcy Ribeiro (Plano Piloto) / DF,Noturno,AC,Oscilante,15.859,18.957,66.7,2,-30.6,-137.512,70.0,Alta,Oscilante (Alta)
Gestão de Agronegócio (Bacharelado) | Darcy Ribeiro (Plano Piloto) / DF | Noturno | CN | EP=False | R=NA | GE=NEGROS | PCD=False | SM=NA,753,Gestão de Agronegócio (Bacharelado),Darcy Ribeiro (Plano Piloto) / DF,Noturno,CN,Crescimento,13.501,13.501,100.0,0,-50.86,-50.86,100.0,Muito Alta,Crescimento (Muito Alta)
Gestão de Agronegócio (Bacharelado) | Darcy Ribeiro (Plano Piloto) / DF | Noturno | EP_R2_NPPI | EP=True | R=R2 | GE=NPPI | PCD=False | SM=1.5,756,Gestão de Agronegócio (Bacharelado),Darcy Ribeiro (Plano Piloto) / DF,Noturno,EP_R2_NPPI,Queda,23.2,-46.975,100.0,0,-27.472,-134.88,100.0,Muito Alta,Queda (Muito Alta)
Gestão de Políticas Públicas (Bacharelado) | Darcy Ribeiro (Plano Piloto) / DF | Noturno | AC | EP=False | R=NA | GE=NA | PCD=False | SM=NA,759,Gestão de Políticas Públicas (Bacharelado),Darcy Ribeiro (Plano Piloto) / DF,Noturno,AC,Oscilante,23.186,-2.844,66.7,2,-85.368,30.493,69.9,Média,Oscilante (Média)
Gestão de Políticas Públicas (Bacharelado) | Darcy Ribeiro (Plano Piloto) / DF | Noturno | CN | EP=False | R=NA | GE=NEGROS | PCD=False | SM=NA,761,Gestão de Políticas Públicas (Bacharelado),Darcy Ribeiro (Plano Piloto) / DF,Noturno,CN,Oscilante,3.182,-11.848,66.7,2,-105.905,7601.525,40.0,Baixa,Oscilante (Baixa)
Gestão de Políticas Públicas (Bacharelado) | Darcy Ribeiro (Plano Piloto) / DF | Noturno | EP_R1_NPPI | EP=True | R=R1 | GE=NPPI | PCD=False | SM=1.5,763,Gestão de Políticas Públicas (Bacharelado),Darcy Ribeiro (Plano Piloto) / DF,Noturno,EP_R1_NPPI,Queda,-23.177,-14.306,100.0,0,-62.432,-52.115,100.0,Muito Alta,Queda (Muito Alta)
Gestão de Políticas Públicas (Bacharelado) | Darcy Ribeiro (Plano Piloto) / DF | Noturno | EP_R1_PPI | EP=True | R=R1 | GE=PPI | PCD=False | SM=1.5,766,Gestão de Políticas Públicas (Bacharelado),Darcy Ribeiro (Plano Piloto) / DF,Noturno,EP_R1_PPI,Crescimento,27.451,11.197,100.0,0,-50.441,-24.495,100.0,Muito Alta,Crescimento (Muito Alta)
Gestão de Políticas Públicas (Bacharelado) | Darcy Ribeiro (Plano Piloto) / DF | Noturno | EP_R2_NPPI | EP=True | R=R2 | GE=NPPI | PCD=False | SM=1.5,768,Gestão de Políticas Públicas (Bacharelado),Darcy Ribeiro (Plano Piloto) / DF,Noturno,EP_R2_NPPI,Oscilante,-10.293,13.624,50.0,1,-42.899,605.547,65.9,Média,Oscilante (Média)
Gestão de Políticas Públicas (Bacharelado) | Darcy Ribeiro (Plano Piloto) / DF | Noturno | EP_R2_PPI | EP=True | R=R2 | GE=PPI | PCD=False | SM=1.5,771,Gestão de Políticas Públicas (Bacharelado),Darcy Ribeiro (Plano Piloto) / DF,Noturno,EP_R2_PPI,Queda,24.645,-29.625,100.0,0,-35.911,-97.922,100.0,Muito Alta,Queda (Muito Alta)
Gestão do Agronegócio (Bacharelado) | Planaltina / DF | Diurno | AC | EP=False | R=NA | GE=NA | PCD=False | SM=NA,774,Gestão do Agronegócio (Bacharelado),Planaltina / DF,Diurno,AC,Oscilante,-0.885,7.016,66.7,2,-21.217,-83.775,70.0,Alta,Oscilante (Alta)
História (Bacharelado/Licenciatura) | Darcy Ribeiro (Plano Piloto) / DF | Diurno | AC | EP=False | R=NA | GE=NA | PCD=False | SM=NA,778,História (Bacharelado/Licenciatura),Darcy Ribeiro (Plano Piloto) / DF,Diurno,AC,Oscilante,10.751,-0.742,50.0,3,102.079,47.72,54.8,Baixa,Oscilante (Baixa)
História (Bacharelado/Licenciatura) | Darcy Ribeiro (Plano Piloto) / DF | Diurno | CN | EP=False | R=NA | GE=NEGROS | PCD=False | SM=NA,780,História (Bacharelado/Licenciatura),Darcy Ribeiro (Plano Piloto) / DF,Diurno,CN,Oscilante,-13.201,-18.837,50.0,3,-256.557,-571.897,55.0,Média,Oscilante (Média)
História (Bacharelado/Licenciatura) | Darcy Ribeiro (Plano Piloto) / DF | Diurno | EP_R1_NPPI | EP=True | R=R1 | GE=NPPI | PCD=False | SM=1.5,782,História (Bacharelado/Licenciatura),Darcy Ribeiro (Plano Piloto) / DF,Diurno,EP_R1_NPPI,Oscilante,13.739,17.112,50.0,1,2896.045,120.783,67.9,Média,Oscilante (Média)
História (Bacharelado/Licenciatura) | Darcy Ribeiro (Plano Piloto) / DF | Diurno | EP_R1_PPI | EP=True | R=R1 | GE=PPI | PCD=False | SM=1.5,785,História (Bacharelado/Licenciatura),Darcy Ribeiro (Plano Piloto) / DF,Diurno,EP_R1_PPI,Oscilante,-14.99,-7.101,50.0,1,-176.982,57.628,68.1,Média,Oscilante (Média)
História (Bacharelado/Licenciatura) | Darcy Ribeiro (Plano Piloto) / DF | Diurno | EP_R2_NPPI | EP=True | R=R2 | GE=NPPI | PCD=False | SM=1.5,787,História (Bacharelado/Licenciatura),Darcy Ribeiro (Plano Piloto) / DF,Diurno,EP_R2_NPPI,Oscilante,-20.103,-19.43,66.7,2,3820.124,98.251,69.6,Média,Oscilante (Média)
História (Bacharelado/Licenciatura) | Darcy Ribeiro (Plano Piloto) / DF | Diurno | EP_R2_PPI | EP=True | R=R2 | GE=PPI | PCD=False | SM=1.5,791,História (Bacharelado/Licenciatura),Darcy Ribeiro (Plano Piloto) / DF,Diurno,EP_R2_PPI,Oscilante,-11.974,-8.737,50.0,1,-39.001,-363.01,68.3,Média,Oscilante (Média)
História (Licenciatura) | Darcy Ribeiro (Plano Piloto) / DF | Noturno | AC | EP=False | R=NA | GE=NA | PCD=False | SM=NA,795,História (Licenciatura),Darcy Ribeiro (Plano Piloto) / DF,Noturno,AC,Oscilante,-9.68,-5.109,66.7,1,-17.239,50.64,76.5,Alta,Oscilante (Alta)
História (Licenciatura) | Darcy Ribeiro (Plano Piloto) / DF | Noturno | CN | EP=False | R=NA | GE=NEGROS | PCD=False | SM=NA,797,História (Licenciatura),Darcy Ribeiro (Plano Piloto) / DF,Noturno,CN,Crescimento,32.731,32.731,100.0,0,-53.169,-53.169,100.0,Muito Alta,Crescimento (Muito Alta)
História (Licenciatura) | Darcy Ribeiro (Plano Piloto) / DF | Noturno | EP_R1_NPPI | EP=True | R=R1 | GE=NPPI | PCD=False | SM=1.5,799,História (Licenciatura),Darcy Ribeiro (Plano Piloto) / DF,Noturno,EP_R1_NPPI,Oscilante,9.487,35.692,50.0,1,-112.782,-241.436,68.3,Média,Oscilante (Média)
História (Licenciatura) | Darcy Ribeiro (Plano Piloto) / DF | Noturno | EP_R1_PPI | EP=True | R=R1 | GE=PPI | PCD=False | SM=1.5,801,História (Licenciatura),Darcy Ribeiro (Plano Piloto) / DF,Noturno,EP_R1_PPI,Oscilante,15.467,3.67,50.0,1,-45.177,-45.499,68.3,Média,Oscilante (Média)
História (Licenciatura) | Darcy Ribeiro (Plano Piloto) / DF | Noturno | EP_R2_NPPI | EP=True | R=R2 | GE=NPPI | PCD=False | SM=1.5,803,História (Licenciatura),Darcy Ribeiro (Plano Piloto) / DF,Noturno,EP_R2_NPPI,Queda,42.993,-59.395,100.0,0,-64.721,335.6,98.7,Muito Alta,Queda (Muito Alta)
História (Licenciatura) | Darcy Ribeiro (Plano Piloto) / DF | Noturno | EP_R2_PPI | EP=True | R=R2 | GE=PPI | PCD=False | SM=1.5,806,História (Licenciatura),Darcy Ribeiro (Plano Piloto) / DF,Noturno,EP_R2_PPI,Queda,36.769,-24.732,100.0,0,-60.917,640.592,97.5,Muito Alta,Queda (Muito Alta)
Japonês (Licenciatura) | Darcy Ribeiro (Plano Piloto) / DF | Noturno | AC | EP=False | R=NA | GE=NA | PCD=False | SM=NA,808,Japonês (Licenciatura),Darcy Ribeiro (Plano Piloto) / DF,Noturno,AC,Oscilante,-7.569,5.062,66.7,1,-65.251,-130.718,76.7,Alta,Oscilante (Alta)
Japonês (Licenciatura) | Darcy Ribeiro (Plano Piloto) / DF | Noturno | CN | EP=False | R=NA | GE=NEGROS | PCD=False | SM=NA,809,Japonês (Licenciatura),Darcy Ribeiro (Plano Piloto) / DF,Noturno,CN,Crescimento,11.003,11.003,100.0,0,-11.973,-11.973,100.0,Muito Alta,Crescimento (Muito Alta)
Japonês (Licenciatura) | Darcy Ribeiro (Plano Piloto) / DF | Noturno | EP_R2_NPPI | EP=True | R=R2 | GE=NPPI | PCD=False | SM=1.5,811,Japonês (Licenciatura),Darcy Ribeiro (Plano Piloto) / DF,Noturno,EP_R2_NPPI,Crescimento,1.149,1.149,100.0,0,-4.254,-4.254,100.0,Muito Alta,Crescimento (Muito Alta)
Jornalismo (Bacharelado) | Darcy Ribeiro (Plano Piloto) / DF | Diurno | AC | EP=False | R=NA | GE=NA | PCD=False | SM=NA,814,Jornalismo (Bacharelado),Darcy Ribeiro (Plano Piloto) / DF,Diurno,AC,Oscilante,1.16,-2.927,50.0,3,11.424,17.738,54.9,Baixa,Oscilante (Baixa)
Jornalismo (Bacharelado) | Darcy Ribeiro (Plano Piloto) / DF | Diurno | CN | EP=False | R=NA | GE=NEGROS | PCD=False | SM=NA,816,Jornalismo (Bacharelado),Darcy Ribeiro (Plano Piloto) / DF,Diurno,CN,Oscilante,9.501,6.435,75.0,2,83.448,73.086,73.9,Alta,Oscilante (Alta)
Jornalismo (Bacharelado) | Darcy Ribeiro (Plano Piloto) / DF | Diurno | EP_R1_NPPI | EP=True | R=R1 | GE=NPPI | PCD=False | SM=1.5,818,Jornalismo (Bacharelado),Darcy Ribeiro (Plano Piloto) / DF,Diurno,EP_R1_NPPI,Oscilante,-0.985,-1.084,66.7,1,-425.385,-436.356,76.7,Alta,Oscilante (Alta)
Jornalismo (Bacharelado) | Darcy Ribeiro (Plano Piloto) / DF | Diurno | EP_R1_PPI | EP=True | R=R1 | GE=PPI | PCD=False | SM=1.5,821,Jornalismo (Bacharelado),Darcy Ribeiro (Plano Piloto) / DF,Diurno,EP_R1_PPI,Crescimento,32.162,21.118,100.0,0,-166.79,-383.44,100.0,Muito Alta,Crescimento (Muito Alta)
Jornalismo (Bacharelado) | Darcy Ribeiro (Plano Piloto) / DF | Diurno | EP_R2_NPPI | EP=True | R=R2 | GE=NPPI | PCD=False | SM=1.5,823,Jornalismo (Bacharelado),Darcy Ribeiro (Plano Piloto) / DF,Diurno,EP_R2_NPPI,Oscilante,3.035,-3.24,66.7,1,93.07,69.5,76.4,Alta,Oscilante (Alta)
Jornalismo (Bacharelado) | Darcy Ribeiro (Plano Piloto) / DF | Diurno | EP_R2_PPI | EP=True | R=R2 | GE=PPI | PCD=False | SM=1.5,826,Jornalismo (Bacharelado),Darcy Ribeiro (Plano Piloto) / DF,Diurno,EP_R2_PPI,Oscilante,-16.121,-4.819,66.7,2,-149.732,128.232,69.5,Média,Oscilante (Média)
Letras - Espanhol (Licenciatura) | Darcy Ribeiro (Plano Piloto) / DF | Noturno | AC | EP=False | R=NA | GE=NA | PCD=False | SM=NA,829,Letras - Espanhol (Licenciatura),Darcy Ribeiro (Plano Piloto) / DF,Noturno,AC,Oscilante,-8.006,-18.427,66.7,2,-23.501,-90.864,70.0,Alta,Oscilante (Alta)
Letras - Espanhol (Licenciatura) | Darcy Ribeiro (Plano Piloto) / DF | Noturno | EP_R2_NPPI | EP=True | R=R2 | GE=NPPI | PCD=False | SM=1.5,833,Letras - Espanhol (Licenciatura),Darcy Ribeiro (Plano Piloto) / DF,Noturno,EP_R2_NPPI,Crescimento,-5.949,59.219,100.0,0,-9.513,-509.077,100.0,Muito Alta,Crescimento (Muito Alta)
Letras - Espanhol (Licenciatura) | Darcy Ribeiro (Plano Piloto) / DF | Noturno | EP_R2_PPI | EP=True | R=R2 | GE=PPI | PCD=False | SM=1.5,835,Letras - Espanhol (Licenciatura),Darcy Ribeiro (Plano Piloto) / DF,Noturno,EP_R2_PPI,Crescimento,24.089,24.089,100.0,0,-64.184,-64.184,100.0,Muito Alta,Crescimento (Muito Alta)
Letras - Francês (Bacharelado/Licenciatura) | Darcy Ribeiro (Plano Piloto) / DF | Diurno | AC | EP=False | R=NA | GE=NA | PCD=False | SM=NA,837,Letras - Francês (Bacharelado/Licenciatura),Darcy Ribeiro (Plano Piloto) / DF,Diurno,AC,Queda,-15.724,-15.648,100.0,0,-24.061,-193.876,100.0,Muito Alta,Queda (Muito Alta)
Letras - Francês (Bacharelado/Licenciatura) | Darcy Ribeiro (Plano Piloto) / DF | Diurno | EP_R2_NPPI | EP=True | R=R2 | GE=NPPI | PCD=False | SM=1.5,842,Letras - Francês (Bacharelado/Licenciatura),Darcy Ribeiro (Plano Piloto) / DF,Diurno,EP_R2_NPPI,Queda,-13.625,-13.625,100.0,0,-35.693,-35.693,100.0,Muito Alta,Queda (Muito Alta)
Letras - Francês (Bacharelado/Licenciatura) | Darcy Ribeiro (Plano Piloto) / DF | Diurno | EP_R2_PPI | EP=True | R=R2 | GE=PPI | PCD=False | SM=1.5,844,Letras - Francês (Bacharelado/Licenciatura),Darcy Ribeiro (Plano Piloto) / DF,Diurno,EP_R2_PPI,Crescimento,-59.348,0.565,100.0,0,-82.881,-1.94,100.0,Muito Alta,Crescimento (Muito Alta)
Letras - Inglês (Bacharelado/Licenciatura) | Darcy Ribeiro (Plano Piloto) / DF | Diurno | AC | EP=False | R=NA | GE=NA | PCD=False | SM=NA,846,Letras - Inglês (Bacharelado/Licenciatura),Darcy Ribeiro (Plano Piloto) / DF,Diurno,AC,Oscilante,6.39,15.591,75.0,2,234.91,70.938,73.9,Alta,Oscilante (Alta)
Letras - Inglês (Bacharelado/Licenciatura) | Darcy Ribeiro (Plano Piloto) / DF | Diurno | CN | EP=False | R=NA | GE=NEGROS | PCD=False | SM=NA,848,Letras - Inglês (Bacharelado/Licenciatura),Darcy Ribeiro (Plano Piloto) / DF,Diurno,CN,Oscilante,17.852,11.8,50.0,1,-277.571,-331.732,68.3,Média,Oscilante (Média)
Letras - Inglês (Bacharelado/Licenciatura) | Darcy Ribeiro (Plano Piloto) / DF | Diurno | EP_R1_NPPI | EP=True | R=R1 | GE=NPPI | PCD=False | SM=1.5,850,Letras - Inglês (Bacharelado/Licenciatura),Darcy Ribeiro (Plano Piloto) / DF,Diurno,EP_R1_NPPI,Oscilante,-2.908,-17.383,66.7,2,-56.322,-465.555,70.0,Alta,Oscilante (Alta)
Letras - Inglês (Bacharelado/Licenciatura) | Darcy Ribeiro (Plano Piloto) / DF | Diurno | EP_R1_PPI | EP=True | R=R1 | GE=PPI | PCD=False | SM=1.5,852,Letras - Inglês (Bacharelado/Licenciatura),Darcy Ribeiro (Plano Piloto) / DF,Diurno,EP_R1_PPI,Queda,-12.518,-12.042,100.0,0,-132.284,-458.43,100.0,Muito Alta,Queda (Muito Alta)
Letras - Inglês (Bacharelado/Licenciatura) | Darcy Ribeiro (Plano Piloto) / DF | Diurno | EP_R2_NPPI | EP=True | R=R2 | GE=NPPI | PCD=False | SM=1.5,854,Letras - Inglês (Bacharelado/Licenciatura),Darcy Ribeiro (Plano Piloto) / DF,Diurno,EP_R2_NPPI,Oscilante,-18.316,-13.622,66.7,1,1796.155,195.241,75.9,Alta,Oscilante (Alta)
Letras - Inglês (Bacharelado/Licenciatura) | Darcy Ribeiro (Plano Piloto) / DF | Diurno | EP_R2_PPI | EP=True | R=R2 | GE=PPI | PCD=False | SM=1.5,857,Letras - Inglês (Bacharelado/Licenciatura),Darcy Ribeiro (Plano Piloto) / DF,Diurno,EP_R2_PPI,Oscilante,-6.948,-33.896,50.0,1,-97.143,-413.965,68.3,Média,Oscilante (Média)
Letras - Português (Bacharelado/Licenciatura) | Darcy Ribeiro (Plano Piloto) / DF | Diurno | AC | EP=False | R=NA | GE=NA | PCD=False | SM=NA,860,Letras - Português (Bacharelado/Licenciatura),Darcy Ribeiro (Plano Piloto) / DF,Diurno,AC,Oscilante,18.071,7.373,50.0,3,226.953,64.877,54.7,Baixa,Oscilante (Baixa)
Letras - Português (Bacharelado/Licenciatura) | Darcy Ribeiro (Plano Piloto) / DF | Diurno | CN | EP=False | R=NA | GE=NEGROS | PCD=False | SM=NA,862,Letras - Português (Bacharelado/Licenciatura),Darcy Ribeiro (Plano Piloto) / DF,Diurno,CN,Oscilante,19.224,12.886,75.0,2,-616.108,-1885.183,74.2,Alta,Oscilante (Alta)
Letras - Português (Bacharelado/Licenciatura) | Darcy Ribeiro (Plano Piloto) / DF | Diurno | EP_R1_NPPI | EP=True | R=R1 | GE=NPPI | PCD=False | SM=1.5,864,Letras - Português (Bacharelado/Licenciatura),Darcy Ribeiro (Plano Piloto) / DF,Diurno,EP_R1_NPPI,Oscilante,-3.146,-3.146,66.7,1,-608.057,492.881,74.7,Alta,Oscilante (Alta)
Letras - Português (Bacharelado/Licenciatura) | Darcy Ribeiro (Plano Piloto) / DF | Diurno | EP_R1_PPI | EP=True | R=R1 | GE=PPI | PCD=False | SM=1.5,867,Letras - Português (Bacharelado/Licenciatura),Darcy Ribeiro (Plano Piloto) / DF,Diurno,EP_R1_PPI,Crescimento,8.952,16.581,100.0,0,-82.746,-159.562,100.0,Muito Alta,Crescimento (Muito Alta)
Letras - Português (Bacharelado/Licenciatura) | Darcy Ribeiro (Plano Piloto) / DF | Diurno | EP_R2_NPPI | EP=True | R=R2 | GE=NPPI | PCD=False | SM=1.5,869,Letras - Português (Bacharelado/Licenciatura),Darcy Ribeiro (Plano Piloto) / DF,Diurno,EP_R2_NPPI,Oscilante,-8.158,-33.524,66.7,2,-328.368,163.658,69.4,Média,Oscilante (Média)
Letras - Português (Bacharelado/Licenciatura) | Darcy Ribeiro (Plano Piloto) / DF | Diurno | EP_R2_PPI | EP=True | R=R2 | GE=PPI | PCD=False | SM=1.5,872,Letras - Português (Bacharelado/Licenciatura),Darcy Ribeiro (Plano Piloto) / DF,Diurno,EP_R2_PPI,Oscilante,23.94,-4.383,50.0,1,-50.729,-497.584,68.3,Média,Oscilante (Média)
Letras - Português (Licenciatura) | Darcy Ribeiro (Plano Piloto) / DF | Noturno | AC | EP=False | R=NA | GE=NA | PCD=False | SM=NA,875,Letras - Português (Licenciatura),Darcy Ribeiro (Plano Piloto) / DF,Noturno,AC,Oscilante,-0.807,7.109,66.7,2,-24.311,164.111,69.4,Média,Oscilante (Média)
Letras - Português (Licenciatura) | Darcy Ribeiro (Plano Piloto) / DF | Noturno | EP_R1_NPPI | EP=True | R=R1 | GE=NPPI | PCD=False | SM=1.5,878,Letras - Português (Licenciatura),Darcy Ribeiro (Plano Piloto) / DF,Noturno,EP_R1_NPPI,Crescimento,9.382,68.827,100.0,0,-13.153,-247.921,100.0,Muito Alta,Crescimento (Muito Alta)
Letras - Português (Licenciatura) | Darcy Ribeiro (Plano Piloto) / DF | Noturno | EP_R2_NPPI | EP=True | R=R2 | GE=NPPI | PCD=False | SM=1.5,881,Letras - Português (Licenciatura),Darcy Ribeiro (Plano Piloto) / DF,Noturno,EP_R2_NPPI,Queda,-2.452,-12.759,100.0,0,-79.649,242.137,99.0,Muito Alta,Queda (Muito Alta)
Letras - Português (Licenciatura) | Darcy Ribeiro (Plano Piloto) / DF | Noturno | EP_R2_PPI | EP=True | R=R2 | GE=PPI | PCD=False | SM=1.5,883,Letras - Português (Licenciatura),Darcy Ribeiro (Plano Piloto) / DF,Noturno,EP_R2_PPI,Estável,-0.06,-0.06,100.0,0,-0.313,-0.313,100.0,Muito Alta,Estável
Letras – Português do Brasil como Segunda Língua (Licenciatura) | Darcy Ribeiro (Plano Piloto) / DF | Diurno | AC | EP=False | R=NA | GE=NA | PCD=False | SM=NA,885,Letras – Português do Brasil como Segunda Língua (Licenciatura),Darcy Ribeiro (Plano Piloto) / DF,Diurno,AC,Oscilante,-3.407,-11.481,66.7,1,-35.644,82.647,76.4,Alta,Oscilante (Alta)
Letras – Português do Brasil como Segunda Língua (Licenciatura) | Darcy Ribeiro (Plano Piloto) / DF | Diurno | CN | EP=False | R=NA | GE=NEGROS | PCD=False | SM=NA,886,Letras – Português do Brasil como Segunda Língua (Licenciatura),Darcy Ribeiro (Plano Piloto) / DF,Diurno,CN,Queda,-18.56,-18.56,100.0,0,-35.974,-35.974,100.0,Muito Alta,Queda (Muito Alta)
Letras – Português do Brasil como Segunda Língua (Licenciatura) | Darcy Ribeiro (Plano Piloto) / DF | Diurno | EP_R1_NPPI | EP=True | R=R1 | GE=NPPI | PCD=False | SM=1.5,888,Letras – Português do Brasil como Segunda Língua (Licenciatura),Darcy Ribeiro (Plano Piloto) / DF,Diurno,EP_R1_NPPI,Queda,-23.961,-23.961,100.0,0,-57.289,-57.289,100.0,Muito Alta,Queda (Muito Alta)
Letras – Português do Brasil como Segunda Língua (Licenciatura) | Darcy Ribeiro (Plano Piloto) / DF | Diurno | EP_R1_PPI | EP=True | R=R1 | GE=PPI | PCD=False | SM=1.5,890,Letras – Português do Brasil como Segunda Língua (Licenciatura),Darcy Ribeiro (Plano Piloto) / DF,Diurno,EP_R1_PPI,Crescimento,7.4,7.4,100.0,0,-10.051,-10.051,100.0,Muito Alta,Crescimento (Muito Alta)
Letras – Português do Brasil como Segunda Língua (Licenciatura) | Darcy Ribeiro (Plano Piloto) / DF | Diurno | EP_R2_NPPI | EP=True | R=R2 | GE=NPPI | PCD=False | SM=1.5,892,Letras – Português do Brasil como Segunda Língua (Licenciatura),Darcy Ribeiro (Plano Piloto) / DF,Diurno,EP_R2_NPPI,Crescimento,19.72,19.72,100.0,0,-95.829,-95.829,100.0,Muito Alta,Crescimento (Muito Alta)
Letras – Português do Brasil como Segunda Língua (Licenciatura) | Darcy Ribeiro (Plano Piloto) / DF | Diurno | EP_R2_PPI | EP=True | R=R2 | GE=PPI | PCD=False | SM=1.5,894,Letras – Português do Brasil como Segunda Língua (Licenciatura),Darcy Ribeiro (Plano Piloto) / DF,Diurno,EP_R2_PPI,Crescimento,87.417,54.51,100.0,0,-155.257,-165.002,100.0,Muito Alta,Crescimento (Muito Alta)
Letras – Tradução – Espanhol (Bacharelado) | Darcy Ribeiro (Plano Piloto) / DF | Noturno | AC | EP=False | R=NA | GE=NA | PCD=False | SM=NA,896,Letras – Tradução – Espanhol (Bacharelado),Darcy Ribeiro (Plano Piloto) / DF,Noturno,AC,Oscilante,-6.154,-11.982,66.7,1,-30.607,-37.607,76.7,Alta,Oscilante (Alta)
Letras – Tradução – Espanhol (Bacharelado) | Darcy Ribeiro (Plano Piloto) / DF | Noturno | EP_R2_NPPI | EP=True | R=R2 | GE=NPPI | PCD=False | SM=1.5,899,Letras – Tradução – Espanhol (Bacharelado),Darcy Ribeiro (Plano Piloto) / DF,Noturno,EP_R2_NPPI,Crescimento,-24.487,25.247,100.0,0,-27.993,-48.267,100.0,Muito Alta,Crescimento (Muito Alta)
Letras – Tradução – Francês (Bacharelado) | Darcy Ribeiro (Plano Piloto) / DF | Diurno | AC | EP=False | R=NA | GE=NA | PCD=False | SM=NA,902,Letras – Tradução – Francês (Bacharelado),Darcy Ribeiro (Plano Piloto) / DF,Diurno,AC,Oscilante,16.207,16.207,66.7,1,-60.479,942.119,73.0,Alta,Oscilante (Alta)
Letras – Tradução – Inglês (Bacharelado) | Darcy Ribeiro (Plano Piloto) / DF | Diurno | AC | EP=False | R=NA | GE=NA | PCD=False | SM=NA,905,Letras – Tradução – Inglês (Bacharelado),Darcy Ribeiro (Plano Piloto) / DF,Diurno,AC,Oscilante,-0.659,-1.515,50.0,2,-92.896,127.764,61.2,Média,Oscilante (Média)
Letras – Tradução – Inglês (Bacharelado) | Darcy Ribeiro (Plano Piloto) / DF | Diurno | CN | EP=False | R=NA | GE=NEGROS | PCD=False | SM=NA,907,Letras – Tradução – Inglês (Bacharelado),Darcy Ribeiro (Plano Piloto) / DF,Diurno,CN,Crescimento,29.589,10.916,100.0,0,-209.469,-434.837,100.0,Muito Alta,Crescimento (Muito Alta)
Letras – Tradução – Inglês (Bacharelado) | Darcy Ribeiro (Plano Piloto) / DF | Diurno | EP_R1_PPI | EP=True | R=R1 | GE=PPI | PCD=False | SM=1.5,910,Letras – Tradução – Inglês (Bacharelado),Darcy Ribeiro (Plano Piloto) / DF,Diurno,EP_R1_PPI,Crescimento,11.571,35.054,100.0,0,-14.635,-135.138,100.0,Muito Alta,Crescimento (Muito Alta)
Letras – Tradução – Inglês (Bacharelado) | Darcy Ribeiro (Plano Piloto) / DF | Diurno | EP_R2_NPPI | EP=True | R=R2 | GE=NPPI | PCD=False | SM=1.5,912,Letras – Tradução – Inglês (Bacharelado),Darcy Ribeiro (Plano Piloto) / DF,Diurno,EP_R2_NPPI,Queda,22.98,-17.422,100.0,0,-124.994,-1700.807,100.0,Muito Alta,Queda (Muito Alta)
Línguas Estrangeiras Aplicadas (Bacharelado) | Darcy Ribeiro (Plano Piloto) / DF | Diurno | AC | EP=False | R=NA | GE=NA | PCD=False | SM=NA,918,Línguas Estrangeiras Aplicadas (Bacharelado),Darcy Ribeiro (Plano Piloto) / DF,Diurno,AC,Queda,-1.841,-20.055,100.0,0,-24.357,69.31,99.7,Muito Alta,Queda (Muito Alta)
Línguas Estrangeiras Aplicadas (Bacharelado) | Darcy Ribeiro (Plano Piloto) / DF | Diurno | EP_R1_PPI | EP=True | R=R1 | GE=PPI | PCD=False | SM=1.5,923,Línguas Estrangeiras Aplicadas (Bacharelado),Darcy Ribeiro (Plano Piloto) / DF,Diurno,EP_R1_PPI,Queda,-20.382,-7.302,100.0,0,-40.252,-17.643,100.0,Muito Alta,Queda (Muito Alta)
Línguas Estrangeiras Aplicadas (Bacharelado) | Darcy Ribeiro (Plano Piloto) / DF | Diurno | EP_R2_NPPI | EP=True | R=R2 | GE=NPPI | PCD=False | SM=1.5,925,Línguas Estrangeiras Aplicadas (Bacharelado),Darcy Ribeiro (Plano Piloto) / DF,Diurno,EP_R2_NPPI,Crescimento,46.069,27.366,100.0,0,-126.934,674.475,97.3,Muito Alta,Crescimento (Muito Alta)
Línguas Estrangeiras Aplicadas (Bacharelado) | Darcy Ribeiro (Plano Piloto) / DF | Diurno | EP_R2_PPI | EP=True | R=R2 | GE=PPI | PCD=False | SM=1.5,928,Línguas Estrangeiras Aplicadas (Bacharelado),Darcy Ribeiro (Plano Piloto) / DF,Diurno,EP_R2_PPI,Queda,60.85,-21.683,100.0,0,-93.125,-310.525,100.0,Muito Alta,Queda (Muito Alta)
Matemática (Bacharelado/Licenciatura) | Darcy Ribeiro (Plano Piloto) / DF | Diurno | AC | EP=False | R=NA | GE=NA | PCD=False | SM=NA,930,Matemática (Bacharelado/Licenciatura),Darcy Ribeiro (Plano Piloto) / DF,Diurno,AC,Oscilante,13.467,6.629,50.0,2,-167.172,45.424,61.5,Média,Oscilante (Média)
Matemática (Bacharelado/Licenciatura) | Darcy Ribeiro (Plano Piloto) / DF | Diurno | CN | EP=False | R=NA | GE=NEGROS | PCD=False | SM=NA,931,Matemática (Bacharelado/Licenciatura),Darcy Ribeiro (Plano Piloto) / DF,Diurno,CN,Oscilante,15.645,15.645,66.7,1,-174.957,-174.957,76.7,Alta,Oscilante (Alta)
Matemática (Bacharelado/Licenciatura) | Darcy Ribeiro (Plano Piloto) / DF | Diurno | EP_R1_NPPI | EP=True | R=R1 | GE=NPPI | PCD=False | SM=1.5,933,Matemática (Bacharelado/Licenciatura),Darcy Ribeiro (Plano Piloto) / DF,Diurno,EP_R1_NPPI,Oscilante,38.37,52.513,50.0,1,-70.189,-259.989,68.3,Média,Oscilante (Média)
Matemática (Bacharelado/Licenciatura) | Darcy Ribeiro (Plano Piloto) / DF | Diurno | EP_R1_PPI | EP=True | R=R1 | GE=PPI | PCD=False | SM=1.5,935,Matemática (Bacharelado/Licenciatura),Darcy Ribeiro (Plano Piloto) / DF,Diurno,EP_R1_PPI,Oscilante,-2.518,-9.704,50.0,1,-147.955,349.659,67.0,Média,Oscilante (Média)
Matemática (Bacharelado/Licenciatura) | Darcy Ribeiro (Plano Piloto) / DF | Diurno | EP_R2_NPPI | EP=True | R=R2 | GE=NPPI | PCD=False | SM=1.5,937,Matemática (Bacharelado/Licenciatura),Darcy Ribeiro (Plano Piloto) / DF,Diurno,EP_R2_NPPI,Oscilante,-3.516,-19.818,66.7,1,-240.2,-998.022,76.7,Alta,Oscilante (Alta)
Matemática (Bacharelado/Licenciatura) | Darcy Ribeiro (Plano Piloto) / DF | Diurno | EP_R2_PPI | EP=True | R=R2 | GE=PPI | PCD=False | SM=1.5,940,Matemática (Bacharelado/Licenciatura),Darcy Ribeiro (Plano Piloto) / DF,Diurno,EP_R2_PPI,Oscilante,1.291,11.682,50.0,1,-2.562,102.248,67.9,Média,Oscilante (Média)
Matemática (Licenciatura) | Darcy Ribeiro (Plano Piloto) / DF | Noturno | AC | EP=False | R=NA | GE=NA | PCD=False | SM=NA,943,Matemática (Licenciatura),Darcy Ribeiro (Plano Piloto) / DF,Noturno,AC,Oscilante,-2.387,25.286,66.7,2,-23.022,300.856,68.8,Média,Oscilante (Média)
Matemática (Licenciatura) | Darcy Ribeiro (Plano Piloto) / DF | Noturno | CN | EP=False | R=NA | GE=NEGROS | PCD=False | SM=NA,945,Matemática (Licenciatura),Darcy Ribeiro (Plano Piloto) / DF,Noturno,CN,Queda,-107.446,-107.446,100.0,0,-712.719,-712.719,100.0,Muito Alta,Queda (Muito Alta)
Medicina (Bacharelado) | Darcy Ribeiro (Plano Piloto) / DF | Diurno | AC | EP=False | R=NA | GE=NA | PCD=False | SM=NA,951,Medicina (Bacharelado),Darcy Ribeiro (Plano Piloto) / DF,Diurno,AC,Oscilante,0.472,-0.102,75.0,2,5.332,8.107,74.1,Alta,Oscilante (Alta)
Medicina (Bacharelado) | Darcy Ribeiro (Plano Piloto) / DF | Diurno | CN | EP=False | R=NA | GE=NEGROS | PCD=False | SM=NA,952,Medicina (Bacharelado),Darcy Ribeiro (Plano Piloto) / DF,Diurno,CN,Oscilante,-9.304,-9.484,75.0,2,22.231,22.29,74.1,Alta,Oscilante (Alta)
Medicina (Bacharelado) | Darcy Ribeiro (Plano Piloto) / DF | Diurno | EP_R1_NPPI | EP=True | R=R1 | GE=NPPI | PCD=False | SM=1.5,953,Medicina (Bacharelado),Darcy Ribeiro (Plano Piloto) / DF,Diurno,EP_R1_NPPI,Oscilante,-1.907,-2.686,66.7,2,3.634,17.032,69.9,Média,Oscilante (Média)
Medicina (Bacharelado) | Darcy Ribeiro (Plano Piloto) / DF | Diurno | EP_R1_PPI | EP=True | R=R1 | GE=PPI | PCD=False | SM=1.5,957,Medicina (Bacharelado),Darcy Ribeiro (Plano Piloto) / DF,Diurno,EP_R1_PPI,Oscilante,8.983,-11.227,66.7,1,40.132,33.725,76.6,Alta,Oscilante (Alta)
Medicina (Bacharelado) | Darcy Ribeiro (Plano Piloto) / DF | Diurno | EP_R2_NPPI | EP=True | R=R2 | GE=NPPI | PCD=False | SM=1.5,961,Medicina (Bacharelado),Darcy Ribeiro (Plano Piloto) / DF,Diurno,EP_R2_NPPI,Oscilante,5.7,-11.831,66.7,2,9.934,8.379,70.0,Alta,Oscilante (Alta)
Medicina (Bacharelado) | Darcy Ribeiro (Plano Piloto) / DF | Diurno | EP_R2_PPI | EP=True | R=R2 | GE=PPI | PCD=False | SM=1.5,965,Medicina (Bacharelado),Darcy Ribeiro (Plano Piloto) / DF,Diurno,EP_R2_PPI,Oscilante,-7.607,-8.985,66.7,2,13.123,13.321,70.0,Alta,Oscilante (Alta)
Medicina Veterinária (Bacharelado) | Darcy Ribeiro (Plano Piloto) / DF | Diurno | AC | EP=False | R=NA | GE=NA | PCD=False | SM=NA,969,Medicina Veterinária (Bacharelado),Darcy Ribeiro (Plano Piloto) / DF,Diurno,AC,Oscilante,4.114,-4.616,50.0,2,26.135,26.301,61.6,Média,Oscilante (Média)
Medicina Veterinária (Bacharelado) | Darcy Ribeiro (Plano Piloto) / DF | Diurno | CN | EP=False | R=NA | GE=NEGROS | PCD=False | SM=NA,971,Medicina Veterinária (Bacharelado),Darcy Ribeiro (Plano Piloto) / DF,Diurno,CN,Oscilante,2.073,-7.616,50.0,3,49.075,53.089,54.8,Baixa,Oscilante (Baixa)
Medicina Veterinária (Bacharelado) | Darcy Ribeiro (Plano Piloto) / DF | Diurno | EP_R1_NPPI | EP=True | R=R1 | GE=NPPI | PCD=False | SM=1.5,973,Medicina Veterinária (Bacharelado),Darcy Ribeiro (Plano Piloto) / DF,Diurno,EP_R1_NPPI,Oscilante,-8.319,-9.374,66.7,2,-786.797,57.907,69.8,Média,Oscilante (Média)
Medicina Veterinária (Bacharelado) | Darcy Ribeiro (Plano Piloto) / DF | Diurno | EP_R1_PPI | EP=True | R=R1 | GE=PPI | PCD=False | SM=1.5,976,Medicina Veterinária (Bacharelado),Darcy Ribeiro (Plano Piloto) / DF,Diurno,EP_R1_PPI,Queda,-6.66,-8.104,100.0,0,-32.877,22.798,99.9,Muito Alta,Queda (Muito Alta)
Medicina Veterinária (Bacharelado) | Darcy Ribeiro (Plano Piloto) / DF | Diurno | EP_R2_NPPI | EP=True | R=R2 | GE=NPPI | PCD=False | SM=1.5,979,Medicina Veterinária (Bacharelado),Darcy Ribeiro (Plano Piloto) / DF,Diurno,EP_R2_NPPI,Queda,5.491,-9.432,100.0,0,40.695,21.608,99.9,Muito Alta,Queda (Muito Alta)
Medicina Veterinária (Bacharelado) | Darcy Ribeiro (Plano Piloto) / DF | Diurno | EP_R2_PPI | EP=True | R=R2 | GE=PPI | PCD=False | SM=1.5,983,Medicina Veterinária (Bacharelado),Darcy Ribeiro (Plano Piloto) / DF,Diurno,EP_R2_PPI,Oscilante,-22.661,-18.328,66.7,1,-3146.879,148.332,76.1,Alta,Oscilante (Alta)
Museologia (Bacharelado) | Darcy Ribeiro (Plano Piloto) / DF | Diurno | AC | EP=False | R=NA | GE=NA | PCD=False | SM=NA,986,Museologia (Bacharelado),Darcy Ribeiro (Plano Piloto) / DF,Diurno,AC,Oscilante,-5.148,-7.634,66.7,1,-22.287,53.55,76.5,Alta,Oscilante (Alta)
Museologia (Bacharelado) | Darcy Ribeiro (Plano Piloto) / DF | Diurno | CN | EP=False | R=NA | GE=NEGROS | PCD=False | SM=NA,988,Museologia (Bacharelado),Darcy Ribeiro (Plano Piloto) / DF,Diurno,CN,Crescimento,29.409,29.409,100.0,0,-38.793,-38.793,100.0,Muito Alta,Crescimento (Muito Alta)
Música (Bacharelado) | Darcy Ribeiro (Plano Piloto) / DF | Diurno | AC | EP=False | R=NA | GE=NA | PCD=False | SM=NA,994,Música (Bacharelado),Darcy Ribeiro (Plano Piloto) / DF,Diurno,AC,Crescimento,9.118,31.806,100.0,0,-143.747,140.792,99.4,Muito Alta,Crescimento (Muito Alta)
Música (Licenciatura) | Darcy Ribeiro (Plano Piloto) / DF | Diurno | AC | EP=False | R=NA | GE=NA | PCD=False | SM=NA,996,Música (Licenciatura),Darcy Ribeiro (Plano Piloto) / DF,Diurno,AC,Crescimento,16.781,66.196,100.0,0,-50.361,538.618,97.9,Muito Alta,Crescimento (Muito Alta)
Música (Licenciatura) | Darcy Ribeiro (Plano Piloto) / DF | Diurno | EP_R2_NPPI | EP=True | R=R2 | GE=NPPI | PCD=False | SM=1.5,1000,Música (Licenciatura),Darcy Ribeiro (Plano Piloto) / DF,Diurno,EP_R2_NPPI,Crescimento,31.072,42.722,100.0,0,148.364,146.404,99.4,Muito Alta,Crescimento (Muito Alta)
Nutrição (Bacharelado) | Darcy Ribeiro (Plano Piloto) / DF | Diurno | AC | EP=False | R=NA | GE=NA | PCD=False | SM=NA,1003,Nutrição (Bacharelado),Darcy Ribeiro (Plano Piloto) / DF,Diurno,AC,Oscilante,11.024,-7.819,50.0,3,34.901,27.579,54.9,Baixa,Oscilante (Baixa)
Nutrição (Bacharelado) | Darcy Ribeiro (Plano Piloto) / DF | Diurno | CN | EP=False | R=NA | GE=NEGROS | PCD=False | SM=NA,1005,Nutrição (Bacharelado),Darcy Ribeiro (Plano Piloto) / DF,Diurno,CN,Oscilante,11.861,6.046,50.0,3,135.097,101.307,54.6,Baixa,Oscilante (Baixa)
Nutrição (Bacharelado) | Darcy Ribeiro (Plano Piloto) / DF | Diurno | EP_R1_NPPI | EP=True | R=R1 | GE=NPPI | PCD=False | SM=1.5,1007,Nutrição (Bacharelado),Darcy Ribeiro (Plano Piloto) / DF,Diurno,EP_R1_NPPI,Oscilante,7.212,5.505,66.7,2,856.43,388.979,68.5,Média,Oscilante (Média)
Nutrição (Bacharelado) | Darcy Ribeiro (Plano Piloto) / DF | Diurno | EP_R1_PPI | EP=True | R=R1 | GE=PPI | PCD=False | SM=1.5,1010,Nutrição (Bacharelado),Darcy Ribeiro (Plano Piloto) / DF,Diurno,EP_R1_PPI,Crescimento,20.011,2.078,100.0,0,-53.199,186.111,99.3,Muito Alta,Crescimento (Muito Alta)
Nutrição (Bacharelado) | Darcy Ribeiro (Plano Piloto) / DF | Diurno | EP_R2_NPPI | EP=True | R=R2 | GE=NPPI | PCD=False | SM=1.5,1013,Nutrição (Bacharelado),Darcy Ribeiro (Plano Piloto) / DF,Diurno,EP_R2_NPPI,Oscilante,-12.759,-5.503,66.7,2,86.25,48.801,69.8,Média,Oscilante (Média)
Nutrição (Bacharelado) | Darcy Ribeiro (Plano Piloto) / DF | Diurno | EP_R2_PPI | EP=True | R=R2 | GE=PPI | PCD=False | SM=1.5,1016,Nutrição (Bacharelado),Darcy Ribeiro (Plano Piloto) / DF,Diurno,EP_R2_PPI,Oscilante,-20.254,-36.616,66.7,1,-105.405,335.084,75.4,Alta,Oscilante (Alta)
Odontologia (Bacharelado) | Darcy Ribeiro (Plano Piloto) / DF | Diurno | AC | EP=False | R=NA | GE=NA | PCD=False | SM=NA,1019,Odontologia (Bacharelado),Darcy Ribeiro (Plano Piloto) / DF,Diurno,AC,Oscilante,10.476,-2.387,75.0,1,27.874,23.558,80.7,Alta,Oscilante (Alta)
Odontologia (Bacharelado) | Darcy Ribeiro (Plano Piloto) / DF | Diurno | CN | EP=False | R=NA | GE=NEGROS | PCD=False | SM=NA,1021,Odontologia (Bacharelado),Darcy Ribeiro (Plano Piloto) / DF,Diurno,CN,Oscilante,-5.826,-10.876,50.0,3,66.715,77.662,54.7,Baixa,Oscilante (Baixa)
Odontologia (Bacharelado) | Darcy Ribeiro (Plano Piloto) / DF | Diurno | EP_R1_NPPI | EP=True | R=R1 | GE=NPPI | PCD=False | SM=1.5,1023,Odontologia (Bacharelado),Darcy Ribeiro (Plano Piloto) / DF,Diurno,EP_R1_NPPI,Oscilante,-3.557,-15.57,66.7,1,69.581,53.283,76.5,Alta,Oscilante (Alta)
Odontologia (Bacharelado) | Darcy Ribeiro (Plano Piloto) / DF | Diurno | EP_R1_PPI | EP=True | R=R1 | GE=PPI | PCD=False | SM=1.5,1026,Odontologia (Bacharelado),Darcy Ribeiro (Plano Piloto) / DF,Diurno,EP_R1_PPI,Oscilante,23.189,4.271,50.0,1,-80.545,38.788,68.2,Média,Oscilante (Média)
Odontologia (Bacharelado) | Darcy Ribeiro (Plano Piloto) / DF | Diurno | EP_R2_NPPI | EP=True | R=R2 | GE=NPPI | PCD=False | SM=1.5,1029,Odontologia (Bacharelado),Darcy Ribeiro (Plano Piloto) / DF,Diurno,EP_R2_NPPI,Oscilante,1.663,-7.548,66.7,1,60.491,45.557,76.5,Alta,Oscilante (Alta)
Odontologia (Bacharelado) | Darcy Ribeiro (Plano Piloto) / DF | Diurno | EP_R2_PPI | EP=True | R=R2 | GE=PPI | PCD=False | SM=1.5,1032,Odontologia (Bacharelado),Darcy Ribeiro (Plano Piloto) / DF,Diurno,EP_R2_PPI,Oscilante,-26.661,-21.351,66.7,2,2335.111,110.923,69.6,Média,Oscilante (Média)
Pedagogia (Licenciatura) | Darcy Ribeiro (Plano Piloto) / DF | Diurno | AC | EP=False | R=NA | GE=NA | PCD=False | SM=NA,1036,Pedagogia (Licenciatura),Darcy Ribeiro (Plano Piloto) / DF,Diurno,AC,Oscilante,15.248,11.039,75.0,2,-101.691,97.796,73.8,Alta,Oscilante (Alta)
Pedagogia (Licenciatura) | Darcy Ribeiro (Plano Piloto) / DF | Noturno | AC | EP=False | R=NA | GE=NA | PCD=False | SM=NA,1037,Pedagogia (Licenciatura),Darcy Ribeiro (Plano Piloto) / DF,Noturno,AC,Oscilante,24.562,4.72,66.7,1,-48.211,-377.494,76.7,Alta,Oscilante (Alta)
Pedagogia (Licenciatura) | Darcy Ribeiro (Plano Piloto) / DF | Diurno | CN | EP=False | R=NA | GE=NEGROS | PCD=False | SM=NA,1040,Pedagogia (Licenciatura),Darcy Ribeiro (Plano Piloto) / DF,Diurno,CN,Oscilante,20.789,-9.894,66.7,1,-95.571,576.983,74.4,Alta,Oscilante (Alta)
Pedagogia (Licenciatura) | Darcy Ribeiro (Plano Piloto) / DF | Noturno | CN | EP=False | R=NA | GE=NEGROS | PCD=False | SM=NA,1041,Pedagogia (Licenciatura),Darcy Ribeiro (Plano Piloto) / DF,Noturno,CN,Oscilante,-0.145,-3.087,66.7,2,-64.516,-73.93,70.0,Alta,Oscilante (Alta)
Pedagogia (Licenciatura) | Darcy Ribeiro (Plano Piloto) / DF | Diurno | EP_R1_NPPI | EP=True | R=R1 | GE=NPPI | PCD=False | SM=1.5,1044,Pedagogia (Licenciatura),Darcy Ribeiro (Plano Piloto) / DF,Diurno,EP_R1_NPPI,Oscilante,37.883,11.557,50.0,1,-83.46,-484.751,68.3,Média,Oscilante (Média)
Pedagogia (Licenciatura) | Darcy Ribeiro (Plano Piloto) / DF | Noturno | EP_R1_NPPI | EP=True | R=R1 | GE=NPPI | PCD=False | SM=1.5,1045,Pedagogia (Licenciatura),Darcy Ribeiro (Plano Piloto) / DF,Noturno,EP_R1_NPPI,Queda,-10.19,-22.472,100.0,0,-11.917,-38.131,100.0,Muito Alta,Queda (Muito Alta)
Pedagogia (Licenciatura) | Darcy Ribeiro (Plano Piloto) / DF | Diurno | EP_R1_PPI | EP=True | R=R1 | GE=PPI | PCD=False | SM=1.5,1049,Pedagogia (Licenciatura),Darcy Ribeiro (Plano Piloto) / DF,Diurno,EP_R1_PPI,Oscilante,6.013,-6.798,50.0,1,-22.507,-934.627,68.3,Média,Oscilante (Média)
Pedagogia (Licenciatura) | Darcy Ribeiro (Plano Piloto) / DF | Noturno | EP_R1_PPI | EP=True | R=R1 | GE=PPI | PCD=False | SM=1.5,1050,Pedagogia (Licenciatura),Darcy Ribeiro (Plano Piloto) / DF,Noturno,EP_R1_PPI,Crescimento,-3.614,1.004,100.0,0,-2.71,-3.77,100.0,Muito Alta,Crescimento (Muito Alta)
Pedagogia (Licenciatura) | Darcy Ribeiro (Plano Piloto) / DF | Diurno | EP_R2_NPPI | EP=True | R=R2 | GE=NPPI | PCD=False | SM=1.5,1053,Pedagogia (Licenciatura),Darcy Ribeiro (Plano Piloto) / DF,Diurno,EP_R2_NPPI,Oscilante,2.033,-17.674,66.7,2,-85.233,-227.059,70.0,Alta,Oscilante (Alta)
Pedagogia (Licenciatura) | Darcy Ribeiro (Plano Piloto) / DF | Noturno | EP_R2_NPPI | EP=True | R=R2 | GE=NPPI | PCD=False | SM=1.5,1054,Pedagogia (Licenciatura),Darcy Ribeiro (Plano Piloto) / DF,Noturno,EP_R2_NPPI,Oscilante,-2.11,-6.836,50.0,1,-27.583,-66.952,68.3,Média,Oscilante (Média)
Pedagogia (Licenciatura) | Darcy Ribeiro (Plano Piloto) / DF | Diurno | EP_R2_PPI | EP=True | R=R2 | GE=PPI | PCD=False | SM=1.5,1059,Pedagogia (Licenciatura),Darcy Ribeiro (Plano Piloto) / DF,Diurno,EP_R2_PPI,Crescimento,-5.836,13.352,100.0,0,-16.506,655.335,97.4,Muito Alta,Crescimento (Muito Alta)
Pedagogia (Licenciatura) | Darcy Ribeiro (Plano Piloto) / DF | Noturno | EP_R2_PPI | EP=True | R=R2 | GE=PPI | PCD=False | SM=1.5,1060,Pedagogia (Licenciatura),Darcy Ribeiro (Plano Piloto) / DF,Noturno,EP_R2_PPI,Oscilante,35.456,-0.555,50.0,1,-104.793,-7.919,68.3,Média,Oscilante (Média)
Psicologia (Bacharelado / Licenciatura / Psicólogo) | Darcy Ribeiro (Plano Piloto) / DF | Diurno | AC | EP=False | R=NA | GE=NA | PCD=False | SM=NA,1062,Psicologia (Bacharelado / Licenciatura / Psicólogo),Darcy Ribeiro (Plano Piloto) / DF,Diurno,AC,Oscilante,3.054,8.167,50.0,2,11.767,18.196,61.6,Média,Oscilante (Média)
Psicologia (Bacharelado / Licenciatura / Psicólogo) | Darcy Ribeiro (Plano Piloto) / DF | Diurno | CN | EP=False | R=NA | GE=NEGROS | PCD=False | SM=NA,1064,Psicologia (Bacharelado / Licenciatura / Psicólogo),Darcy Ribeiro (Plano Piloto) / DF,Diurno,CN,Oscilante,10.3,1.449,50.0,3,45.171,41.953,54.8,Baixa,Oscilante (Baixa)
Psicologia (Bacharelado / Licenciatura / Psicólogo) | Darcy Ribeiro (Plano Piloto) / DF | Diurno | EP_R1_NPPI | EP=True | R=R1 | GE=NPPI | PCD=False | SM=1.5,1066,Psicologia (Bacharelado / Licenciatura / Psicólogo),Darcy Ribeiro (Plano Piloto) / DF,Diurno,EP_R1_NPPI,Oscilante,1.28,-10.223,66.7,1,113.32,49.942,76.5,Alta,Oscilante (Alta)
Psicologia (Bacharelado / Licenciatura / Psicólogo) | Darcy Ribeiro (Plano Piloto) / DF | Diurno | EP_R1_PPI | EP=True | R=R1 | GE=PPI | PCD=False | SM=1.5,1070,Psicologia (Bacharelado / Licenciatura / Psicólogo),Darcy Ribeiro (Plano Piloto) / DF,Diurno,EP_R1_PPI,Oscilante,-11.372,-24.388,66.7,1,-344.464,155.645,76.1,Alta,Oscilante (Alta)
Psicologia (Bacharelado / Licenciatura / Psicólogo) | Darcy Ribeiro (Plano Piloto) / DF | Diurno | EP_R2_NPPI | EP=True | R=R2 | GE=NPPI | PCD=False | SM=1.5,1072,Psicologia (Bacharelado / Licenciatura / Psicólogo),Darcy Ribeiro (Plano Piloto) / DF,Diurno,EP_R2_NPPI,Oscilante,0.799,0.668,66.7,1,30.67,20.626,76.6,Alta,Oscilante (Alta)
Psicologia (Bacharelado / Licenciatura / Psicólogo) | Darcy Ribeiro (Plano Piloto) / DF | Diurno | EP_R2_PPI | EP=True | R=R2 | GE=PPI | PCD=False | SM=1.5,1077,Psicologia (Bacharelado / Licenciatura / Psicólogo),Darcy Ribeiro (Plano Piloto) / DF,Diurno,EP_R2_PPI,Oscilante,-3.459,-24.656,66.7,2,105.856,67.018,69.8,Média,Oscilante (Média)
Química (Bacharelado) | Darcy Ribeiro (Plano Piloto) / DF | Diurno | AC | EP=False | R=NA | GE=NA | PCD=False | SM=NA,1080,Química (Bacharelado),Darcy Ribeiro (Plano Piloto) / DF,Diurno,AC,Oscilante,15.974,14.964,50.0,2,751.337,49.457,61.5,Média,Oscilante (Média)
Química (Bacharelado) | Darcy Ribeiro (Plano Piloto) / DF | Diurno | CN | EP=False | R=NA | GE=NEGROS | PCD=False | SM=NA,1082,Química (Bacharelado),Darcy Ribeiro (Plano Piloto) / DF,Diurno,CN,Queda,-5.576,-5.576,100.0,0,-205.019,-205.019,100.0,Muito Alta,Queda (Muito Alta)
Química (Bacharelado) | Darcy Ribeiro (Plano Piloto) / DF | Diurno | EP_R1_NPPI | EP=True | R=R1 | GE=NPPI | PCD=False | SM=1.5,1084,Química (Bacharelado),Darcy Ribeiro (Plano Piloto) / DF,Diurno,EP_R1_NPPI,Queda,-86.646,-8.332,100.0,0,-422.859,23.884,99.9,Muito Alta,Queda (Muito Alta)
Química (Bacharelado) | Darcy Ribeiro (Plano Piloto) / DF | Diurno | EP_R2_NPPI | EP=True | R=R2 | GE=NPPI | PCD=False | SM=1.5,1087,Química (Bacharelado),Darcy Ribeiro (Plano Piloto) / DF,Diurno,EP_R2_NPPI,Oscilante,-17.597,-32.802,66.7,2,-55.592,-1599.142,70.0,Alta,Oscilante (Alta)
Química (Bacharelado) | Darcy Ribeiro (Plano Piloto) / DF | Diurno | EP_R2_PPI | EP=True | R=R2 | GE=PPI | PCD=False | SM=1.5,1090,Química (Bacharelado),Darcy Ribeiro (Plano Piloto) / DF,Diurno,EP_R2_PPI,Queda,-73.928,-73.928,100.0,0,-779.293,-779.293,100.0,Muito Alta,Queda (Muito Alta)
Química (Licenciatura) | Darcy Ribeiro (Plano Piloto) / DF | Noturno | AC | EP=False | R=NA | GE=NA | PCD=False | SM=NA,1093,Química (Licenciatura),Darcy Ribeiro (Plano Piloto) / DF,Noturno,AC,Oscilante,-12.713,20.202,66.7,2,-99.835,170.54,69.3,Média,Oscilante (Média)
Química (Licenciatura) | Darcy Ribeiro (Plano Piloto) / DF | Noturno | EP_R2_NPPI | EP=True | R=R2 | GE=NPPI | PCD=False | SM=1.5,1099,Química (Licenciatura),Darcy Ribeiro (Plano Piloto) / DF,Noturno,EP_R2_NPPI,Oscilante,25.508,-3.202,50.0,1,-64.957,-32.451,68.3,Média,Oscilante (Média)
Química Tecnológica (Bacharelado) | Darcy Ribeiro (Plano Piloto) / DF | Diurno | AC | EP=False | R=NA | GE=NA | PCD=False | SM=NA,1103,Química Tecnológica (Bacharelado),Darcy Ribeiro (Plano Piloto) / DF,Diurno,AC,Crescimento,5.825,47.797,100.0,0,-31.585,119.65,99.5,Muito Alta,Crescimento (Muito Alta)
Química Tecnológica (Bacharelado) | Darcy Ribeiro (Plano Piloto) / DF | Diurno | EP_R2_NPPI | EP=True | R=R2 | GE=NPPI | PCD=False | SM=1.5,1108,Química Tecnológica (Bacharelado),Darcy Ribeiro (Plano Piloto) / DF,Diurno,EP_R2_NPPI,Queda,-40.188,-26.862,100.0,0,-255.302,-2189.275,100.0,Muito Alta,Queda (Muito Alta)
Química Tecnológica (Bacharelado) | Darcy Ribeiro (Plano Piloto) / DF | Diurno | EP_R2_PPI | EP=True | R=R2 | GE=PPI | PCD=False | SM=1.5,1109,Química Tecnológica (Bacharelado),Darcy Ribeiro (Plano Piloto) / DF,Diurno,EP_R2_PPI,Crescimento,14.645,76.909,100.0,0,-27.091,-766.766,100.0,Muito Alta,Crescimento (Muito Alta)
Relações Internacionais (Bacharelado) | Darcy Ribeiro (Plano Piloto) / DF | Diurno | AC | EP=False | R=NA | GE=NA | PCD=False | SM=NA,1111,Relações Internacionais (Bacharelado),Darcy Ribeiro (Plano Piloto) / DF,Diurno,AC,Oscilante,7.987,7.152,50.0,2,17.703,23.564,61.6,Média,Oscilante (Média)
Relações Internacionais (Bacharelado) | Darcy Ribeiro (Plano Piloto) / DF | Diurno | CN | EP=False | R=NA | GE=NEGROS | PCD=False | SM=NA,1113,Relações Internacionais (Bacharelado),Darcy Ribeiro (Plano Piloto) / DF,Diurno,CN,Oscilante,15.197,14.436,75.0,2,36.283,34.721,74.0,Alta,Oscilante (Alta)
Relações Internacionais (Bacharelado) | Darcy Ribeiro (Plano Piloto) / DF | Diurno | EP_R1_NPPI | EP=True | R=R1 | GE=NPPI | PCD=False | SM=1.5,1115,Relações Internacionais (Bacharelado),Darcy Ribeiro (Plano Piloto) / DF,Diurno,EP_R1_NPPI,Queda,1.512,-19.535,100.0,0,311.599,75.414,99.7,Muito Alta,Queda (Muito Alta)
Relações Internacionais (Bacharelado) | Darcy Ribeiro (Plano Piloto) / DF | Diurno | EP_R1_PPI | EP=True | R=R1 | GE=PPI | PCD=False | SM=1.5,1118,Relações Internacionais (Bacharelado),Darcy Ribeiro (Plano Piloto) / DF,Diurno,EP_R1_PPI,Crescimento,6.153,58.007,100.0,0,-22.315,424.458,98.3,Muito Alta,Crescimento (Muito Alta)
Relações Internacionais (Bacharelado) | Darcy Ribeiro (Plano Piloto) / DF | Diurno | EP_R2_NPPI | EP=True | R=R2 | GE=NPPI | PCD=False | SM=1.5,1119,Relações Internacionais (Bacharelado),Darcy Ribeiro (Plano Piloto) / DF,Diurno,EP_R2_NPPI,Oscilante,-0.502,-17.956,66.7,2,33.902,38.496,69.9,Média,Oscilante (Média)
Relações Internacionais (Bacharelado) | Darcy Ribeiro (Plano Piloto) / DF | Diurno | EP_R2_PPI | EP=True | R=R2 | GE=PPI | PCD=False | SM=1.5,1123,Relações Internacionais (Bacharelado),Darcy Ribeiro (Plano Piloto) / DF,Diurno,EP_R2_PPI,Oscilante,-2.054,-15.367,66.7,1,-99.946,101.403,76.3,Alta,Oscilante (Alta)
Saúde Coletiva (Bacharelado) | Ceilândia / DF | Diurno | AC | EP=False | R=NA | GE=NA | PCD=False | SM=NA,1126,Saúde Coletiva (Bacharelado),Ceilândia / DF,Diurno,AC,Oscilante,4.691,-0.28,66.7,2,-7.609,773.503,67.0,Média,Oscilante (Média)
Saúde Coletiva (Bacharelado) | Darcy Ribeiro (Plano Piloto) / DF | Noturno | AC | EP=False | R=NA | GE=NA | PCD=False | SM=NA,1128,Saúde Coletiva (Bacharelado),Darcy Ribeiro (Plano Piloto) / DF,Noturno,AC,Oscilante,-8.418,4.966,66.7,2,-25.17,-373.47,70.0,Alta,Oscilante (Alta)
Saúde Coletiva (Bacharelado) | Ceilândia / DF | Diurno | CN | EP=False | R=NA | GE=NEGROS | PCD=False | SM=NA,1129,Saúde Coletiva (Bacharelado),Ceilândia / DF,Diurno,CN,Queda,-20.909,-10.024,100.0,0,-50.447,-29.701,100.0,Muito Alta,Queda (Muito Alta)
Saúde Coletiva (Bacharelado) | Ceilândia / DF | Diurno | EP_R1_NPPI | EP=True | R=R1 | GE=NPPI | PCD=False | SM=1.5,1133,Saúde Coletiva (Bacharelado),Ceilândia / DF,Diurno,EP_R1_NPPI,Queda,-21.323,-48.963,100.0,0,-18.372,-50.729,100.0,Muito Alta,Queda (Muito Alta)
Saúde Coletiva (Bacharelado) | Ceilândia / DF | Diurno | EP_R1_PPI | EP=True | R=R1 | GE=PPI | PCD=False | SM=1.5,1136,Saúde Coletiva (Bacharelado),Ceilândia / DF,Diurno,EP_R1_PPI,Queda,47.809,-32.591,100.0,0,-57.906,-126.758,100.0,Muito Alta,Queda (Muito Alta)
Saúde Coletiva (Bacharelado) | Darcy Ribeiro (Plano Piloto) / DF | Noturno | EP_R1_PPI | EP=True | R=R1 | GE=PPI | PCD=False | SM=1.5,1138,Saúde Coletiva (Bacharelado),Darcy Ribeiro (Plano Piloto) / DF,Noturno,EP_R1_PPI,Crescimento,26.576,26.576,100.0,0,-20.382,-20.382,100.0,Muito Alta,Crescimento (Muito Alta)
Saúde Coletiva (Bacharelado) | Ceilândia / DF | Diurno | EP_R2_NPPI | EP=True | R=R2 | GE=NPPI | PCD=False | SM=1.5,1140,Saúde Coletiva (Bacharelado),Ceilândia / DF,Diurno,EP_R2_NPPI,Crescimento,9.906,9.836,100.0,0,-23.205,-29.927,100.0,Muito Alta,Crescimento (Muito Alta)
Saúde Coletiva (Bacharelado) | Darcy Ribeiro (Plano Piloto) / DF | Noturno | EP_R2_NPPI | EP=True | R=R2 | GE=NPPI | PCD=False | SM=1.5,1142,Saúde Coletiva (Bacharelado),Darcy Ribeiro (Plano Piloto) / DF,Noturno,EP_R2_NPPI,Queda,-73.73,-39.238,100.0,0,-108.216,-89.701,100.0,Muito Alta,Queda (Muito Alta)
Saúde Coletiva (Bacharelado) | Ceilândia / DF | Diurno | EP_R2_PPI | EP=True | R=R2 | GE=PPI | PCD=False | SM=1.5,1144,Saúde Coletiva (Bacharelado),Ceilândia / DF,Diurno,EP_R2_PPI,Queda,-12.823,-5.247,100.0,0,-12.992,-51.771,100.0,Muito Alta,Queda (Muito Alta)
Serviço Social (Bacharelado) | Darcy Ribeiro (Plano Piloto) / DF | Diurno | AC | EP=False | R=NA | GE=NA | PCD=False | SM=NA,1149,Serviço Social (Bacharelado),Darcy Ribeiro (Plano Piloto) / DF,Diurno,AC,Oscilante,3.049,4.156,66.7,1,-32.099,48.754,76.5,Alta,Oscilante (Alta)
Serviço Social (Bacharelado) | Darcy Ribeiro (Plano Piloto) / DF | Noturno | AC | EP=False | R=NA | GE=NA | PCD=False | SM=NA,1150,Serviço Social (Bacharelado),Darcy Ribeiro (Plano Piloto) / DF,Noturno,AC,Oscilante,-1.893,-4.28,66.7,1,-12.979,137.525,76.1,Alta,Oscilante (Alta)
Serviço Social (Bacharelado) | Darcy Ribeiro (Plano Piloto) / DF | Diurno | CN | EP=False | R=NA | GE=NEGROS | PCD=False | SM=NA,1152,Serviço Social (Bacharelado),Darcy Ribeiro (Plano Piloto) / DF,Diurno,CN,Queda,-12.494,-20.356,100.0,0,-253.125,-883.143,100.0,Muito Alta,Queda (Muito Alta)
Serviço Social (Bacharelado) | Darcy Ribeiro (Plano Piloto) / DF | Noturno | CN | EP=False | R=NA | GE=NEGROS | PCD=False | SM=NA,1153,Serviço Social (Bacharelado),Darcy Ribeiro (Plano Piloto) / DF,Noturno,CN,Oscilante,15.232,10.602,50.0,1,-58.556,-58.601,68.3,Média,Oscilante (Média)
Serviço Social (Bacharelado) | Darcy Ribeiro (Plano Piloto) / DF | Diurno | EP_R1_NPPI | EP=True | R=R1 | GE=NPPI | PCD=False | SM=1.5,1155,Serviço Social (Bacharelado),Darcy Ribeiro (Plano Piloto) / DF,Diurno,EP_R1_NPPI,Crescimento,76.672,34.809,100.0,0,-93.552,-68.943,100.0,Muito Alta,Crescimento (Muito Alta)
Serviço Social (Bacharelado) | Darcy Ribeiro (Plano Piloto) / DF | Noturno | EP_R1_NPPI | EP=True | R=R1 | GE=NPPI | PCD=False | SM=1.5,1156,Serviço Social (Bacharelado),Darcy Ribeiro (Plano Piloto) / DF,Noturno,EP_R1_NPPI,Crescimento,22.134,22.134,100.0,0,-36.492,-36.492,100.0,Muito Alta,Crescimento (Muito Alta)
Serviço Social (Bacharelado) | Darcy Ribeiro (Plano Piloto) / DF | Diurno | EP_R1_PPI | EP=True | R=R1 | GE=PPI | PCD=False | SM=1.5,1159,Serviço Social (Bacharelado),Darcy Ribeiro (Plano Piloto) / DF,Diurno,EP_R1_PPI,Crescimento,27.511,6.837,100.0,0,-55.491,-19.557,100.0,Muito Alta,Crescimento (Muito Alta)
Serviço Social (Bacharelado) | Darcy Ribeiro (Plano Piloto) / DF | Noturno | EP_R1_PPI | EP=True | R=R1 | GE=PPI | PCD=False | SM=1.5,1160,Serviço Social (Bacharelado),Darcy Ribeiro (Plano Piloto) / DF,Noturno,EP_R1_PPI,Queda,-11.855,-11.855,100.0,0,-20.587,-20.587,100.0,Muito Alta,Queda (Muito Alta)
Serviço Social (Bacharelado) | Darcy Ribeiro (Plano Piloto) / DF | Diurno | EP_R2_NPPI | EP=True | R=R2 | GE=NPPI | PCD=False | SM=1.5,1163,Serviço Social (Bacharelado),Darcy Ribeiro (Plano Piloto) / DF,Diurno,EP_R2_NPPI,Oscilante,-4.8,-2.278,50.0,1,-8.528,-77.228,68.3,Média,Oscilante (Média)
Serviço Social (Bacharelado) | Darcy Ribeiro (Plano Piloto) / DF | Noturno | EP_R2_NPPI | EP=True | R=R2 | GE=NPPI | PCD=False | SM=1.5,1164,Serviço Social (Bacharelado),Darcy Ribeiro (Plano Piloto) / DF,Noturno,EP_R2_NPPI,Queda,-28.037,-53.695,100.0,0,-41.653,-109.206,100.0,Muito Alta,Queda (Muito Alta)
Serviço Social (Bacharelado) | Darcy Ribeiro (Plano Piloto) / DF | Diurno | EP_R2_PPI | EP=True | R=R2 | GE=PPI | PCD=False | SM=1.5,1167,Serviço Social (Bacharelado),Darcy Ribeiro (Plano Piloto) / DF,Diurno,EP_R2_PPI,Crescimento,18.644,10.907,100.0,0,-23.43,-90.537,100.0,Muito Alta,Crescimento (Muito Alta)
Serviço Social (Bacharelado) | Darcy Ribeiro (Plano Piloto) / DF | Noturno | EP_R2_PPI | EP=True | R=R2 | GE=PPI | PCD=False | SM=1.5,1168,Serviço Social (Bacharelado),Darcy Ribeiro (Plano Piloto) / DF,Noturno,EP_R2_PPI,Queda,9.664,-21.487,100.0,0,-13.648,-44.046,100.0,Muito Alta,Queda (Muito Alta)
"Teoria, Crítica e História da Arte (Bacharelado) | Darcy Ribeiro (Plano Piloto) / DF | Noturno | AC | EP=False | R=NA | GE=NA | PCD=False | SM=NA",1171,"Teoria, Crítica e História da Arte (Bacharelado)",Darcy Ribeiro (Plano Piloto) / DF,Noturno,AC,Oscilante,17.533,27.753,66.7,1,-42.021,-366.994,76.7,Alta,Oscilante (Alta)
Terapia Ocupacional (Bacharelado) | Ceilândia / DF | Diurno | AC | EP=False | R=NA | GE=NA | PCD=False | SM=NA,1177,Terapia Ocupacional (Bacharelado),Ceilândia / DF,Diurno,AC,Oscilante,19.162,6.596,50.0,2,-99.033,89.247,61.3,Média,Oscilante (Média)
Terapia Ocupacional (Bacharelado) | Ceilândia / DF | Diurno | CN | EP=False | R=NA | GE=NEGROS | PCD=False | SM=NA,1179,Terapia Ocupacional (Bacharelado),Ceilândia / DF,Diurno,CN,Oscilante,-7.924,-8.309,66.7,2,-214.062,-224.66,70.0,Alta,Oscilante (Alta)
Terapia Ocupacional (Bacharelado) | Ceilândia / DF | Diurno | EP_R1_NPPI | EP=True | R=R1 | GE=NPPI | PCD=False | SM=1.5,1181,Terapia Ocupacional (Bacharelado),Ceilândia / DF,Diurno,EP_R1_NPPI,Estável,2.025,0.105,50.0,1,-40.891,-127.915,68.3,Média,Estável
Terapia Ocupacional (Bacharelado) | Ceilândia / DF | Diurno | EP_R1_PPI | EP=True | R=R1 | GE=PPI | PCD=False | SM=1.5,1184,Terapia Ocupacional (Bacharelado),Ceilândia / DF,Diurno,EP_R1_PPI,Queda,60.072,-71.995,100.0,0,-90.886,263.821,99.0,Muito Alta,Queda (Muito Alta)
Terapia Ocupacional (Bacharelado) | Ceilândia / DF | Diurno | EP_R2_NPPI | EP=True | R=R2 | GE=NPPI | PCD=False | SM=1.5,1186,Terapia Ocupacional (Bacharelado),Ceilândia / DF,Diurno,EP_R2_NPPI,Oscilante,-7.895,-21.53,66.7,2,-32.366,-397.756,70.0,Alta,Oscilante (Alta)
Terapia Ocupacional (Bacharelado) | Ceilândia / DF | Diurno | EP_R2_PPI | EP=True | R=R2 | GE=PPI | PCD=False | SM=1.5,1189,Terapia Ocupacional (Bacharelado),Ceilândia / DF,Diurno,EP_R2_PPI,Crescimento,7.466,21.817,100.0,0,-12.747,-102.72,100.0,Muito Alta,Crescimento (Muito Alta)
Turismo (Bacharelado) | Darcy Ribeiro (Plano Piloto) / DF | Diurno | AC | EP=False | R=NA | GE=NA | PCD=False | SM=NA,1192,Turismo (Bacharelado),Darcy Ribeiro (Plano Piloto) / DF,Diurno,AC,Oscilante,13.077,19.875,66.7,2,-20.16,462.353,68.2,Média,Oscilante (Média)
Turismo (Bacharelado) | Darcy Ribeiro (Plano Piloto) / DF | Diurno | CN | EP=False | R=NA | GE=NEGROS | PCD=False | SM=NA,1194,Turismo (Bacharelado),Darcy Ribeiro (Plano Piloto) / DF,Diurno,CN,Queda,-15.38,-15.38,100.0,0,-39.499,-39.499,100.0,Muito Alta,Queda (Muito Alta)
Turismo (Bacharelado) | Darcy Ribeiro (Plano Piloto) / DF | Diurno | EP_R1_NPPI | EP=True | R=R1 | GE=NPPI | PCD=False | SM=1.5,1196,Turismo (Bacharelado),Darcy Ribeiro (Plano Piloto) / DF,Diurno,EP_R1_NPPI,Crescimento,22.144,28.29,100.0,0,-64.084,-93.648,100.0,Muito Alta,Crescimento (Muito Alta)
Turismo (Bacharelado) | Darcy Ribeiro (Plano Piloto) / DF | Diurno | EP_R2_NPPI | EP=True | R=R2 | GE=NPPI | PCD=False | SM=1.5,1199,Turismo (Bacharelado),Darcy Ribeiro (Plano Piloto) / DF,Diurno,EP_R2_NPPI,Oscilante,-3.025,7.468,50.0,1,-52.176,-34.235,68.3,Média,Oscilante (Média)
