subprograma,ano_ingresso,campus,curso,turno,curso_id,modalidade_original,modalidade_normalizada,escola_publica,faixa_renda,limite_salario_minimo,grupo_etnico,pcd,nota_min,nota_max
2019-2021,2021,Darcy Ribeiro (Plano Piloto) / DF,Administração (Bacharelado),Diurno,Administração (Bacharelado) | Diurno | Darcy Ribeiro (Plano Piloto) / DF,CN,CN,False,,,NEGROS,False,-5.786,-0.285
2019-2021,2021,Darcy Ribeiro (Plano Piloto) / DF,Administração (Bacharelado),Diurno,Administração (Bacharelado) | Diurno | Darcy Ribeiro (Plano Piloto) / DF,EP_R1_PPI,EP_R1_PPI,True,R1,1.5,PPI,False,-38.327,23.576
2019-2021,2021,Darcy Ribeiro (Plano Piloto) / DF,Administração (Bacharelado),Diurno,Administração (Bacharelado) | Diurno | Darcy Ribeiro (Plano Piloto) / DF,EP_R1_NPPI,EP_R1_NPPI,True,R1,1.5,NPPI,False,-15.383,-0.009
2019-2021,2021,Darcy Ribeiro (Plano Piloto) / DF,Administração (Bacharelado),Diurno,Administração (Bacharelado) | Diurno | Darcy Ribeiro (Plano Piloto) / DF,EP_R2_PPI,EP_R2_PPI,True,R2,1.5,PPI,False,-32.915,0.643
2019-2021,2021,Darcy Ribeiro (Plano Piloto) / DF,Administração (Bacharelado),Diurno,Administração (Bacharelado) | Diurno | Darcy Ribeiro (Plano Piloto) / DF,EP_R2_NPPI,EP_R2_NPPI,True,R2,1.5,NPPI,False,-11.331,85.005
2019-2021,2021,Darcy Ribeiro (Plano Piloto) / DF,Administração (Bacharelado),Diurno,Administração (Bacharelado) | Diurno | Darcy Ribeiro (Plano Piloto) / DF,AC,AC,False,,,,False,36.705,120.3
2019-2021,2021,Darcy Ribeiro (Plano Piloto) / DF,Administração (Bacharelado),Noturno,Administração (Bacharelado) | Noturno | Darcy Ribeiro (Plano Piloto) / DF,CN,CN,False,,,NEGROS,False,-1.176,2.32
2019-2021,2021,Darcy Ribeiro (Plano Piloto) / DF,Administração (Bacharelado),Noturno,Administração (Bacharelado) | Noturno | Darcy Ribeiro (Plano Piloto) / DF,EP_R1_PPI,EP_R1_PPI,True,R1,1.5,PPI,False,-72.089,-12.149
2019-2021,2021,Darcy Ribeiro (Plano Piloto) / DF,Administração (Bacharelado),Noturno,Administração (Bacharelado) | Noturno | Darcy Ribeiro (Plano Piloto) / DF,EP_R1_NPPI,EP_R1_NPPI,True,R1,1.5,NPPI,False,-28.8,11.743
2019-2021,2021,Darcy Ribeiro (Plano Piloto) / DF,Administração (Bacharelado),Noturno,Administração (Bacharelado) | Noturno | Darcy Ribeiro (Plano Piloto) / DF,EP_R2_PPI,EP_R2_PPI,True,R2,1.5,PPI,False,-51.667,-6.11
2019-2021,2021,Darcy Ribeiro (Plano Piloto) / DF,Administração (Bacharelado),Noturno,Administração (Bacharelado) | Noturno | Darcy Ribeiro (Plano Piloto) / DF,EP_R2_NPPI,EP_R2_NPPI,True,R2,1.5,NPPI,False,-8.376,14.991
2019-2021,2021,Darcy Ribeiro (Plano Piloto) / DF,Administração (Bacharelado),Noturno,Administração (Bacharelado) | Noturno | Darcy Ribeiro (Plano Piloto) / DF,AC,AC,False,,,,False,-2.777,98.221
2019-2021,2021,Darcy Ribeiro (Plano Piloto) / DF,Agronomia (Bacharelado),Diurno,Agronomia (Bacharelado) | Diurno | Darcy Ribeiro (Plano Piloto) / DF,CN,CN,False,,,NEGROS,False,-13.14,11.95
2019-2021,2021,Darcy Ribeiro (Plano Piloto) / DF,Agronomia (Bacharelado),Diurno,Agronomia (Bacharelado) | Diurno | Darcy Ribeiro (Plano Piloto) / DF,EP_R1_PPI,EP_R1_PPI,True,R1,1.5,PPI,False,-60.355,-33.373
2019-2021,2021,Darcy Ribeiro (Plano Piloto) / DF,Agronomia (Bacharelado),Diurno,Agronomia (Bacharelado) | Diurno | Darcy Ribeiro (Plano Piloto) / DF,EP_R1_NPPI,EP_R1_NPPI,True,R1,1.5,NPPI,False,-50.337,33.84
2019-2021,2021,Darcy Ribeiro (Plano Piloto) / DF,Agronomia (Bacharelado),Diurno,Agronomia (Bacharelado) | Diurno | Darcy Ribeiro (Plano Piloto) / DF,EP_R2_PPI,EP_R2_PPI,True,R2,1.5,PPI,False,-79.596,
2019-2021,2021,Darcy Ribeiro (Plano Piloto) / DF,Agronomia (Bacharelado),Diurno,Agronomia (Bacharelado) | Diurno | Darcy Ribeiro (Plano Piloto) / DF,EP_R2_NPPI,EP_R2_NPPI,True,R2,1.5,NPPI,False,-47.09,38.297
2019-2021,2021,Darcy Ribeiro (Plano Piloto) / DF,Agronomia (Bacharelado),Diurno,Agronomia (Bacharelado) | Diurno | Darcy Ribeiro (Plano Piloto) / DF,AC,AC,False,,,,False,-9.125,49.697
2019-2021,2021,Darcy Ribeiro (Plano Piloto) / DF,Arquitetura e Urbanismo (Bacharelado),Diurno,Arquitetura e Urbanismo (Bacharelado) | Diurno | Darcy Ribeiro (Plano Piloto) / DF,CN,CN,False,,,NEGROS,False,85.859,85.859
2019-2021,2021,Darcy Ribeiro (Plano Piloto) / DF,Arquitetura e Urbanismo (Bacharelado),Diurno,Arquitetura e Urbanismo (Bacharelado) | Diurno | Darcy Ribeiro (Plano Piloto) / DF,EP_R1_PPI,EP_R1_PPI,True,R1,1.5,PPI,False,16.653,31.35
2019-2021,2021,Darcy Ribeiro (Plano Piloto) / DF,Arquitetura e Urbanismo (Bacharelado),Diurno,Arquitetura e Urbanismo (Bacharelado) | Diurno | Darcy Ribeiro (Plano Piloto) / DF,EP_R1_NPPI,EP_R1_NPPI,True,R1,1.5,NPPI,False,20.353,38.018
2019-2021,2021,Darcy Ribeiro (Plano Piloto) / DF,Arquitetura e Urbanismo (Bacharelado),Diurno,Arquitetura e Urbanismo (Bacharelado) | Diurno | Darcy Ribeiro (Plano Piloto) / DF,EP_R2_PPI,EP_R2_PPI,True,R2,1.5,PPI,False,18.42,53.972
2019-2021,2021,Darcy Ribeiro (Plano Piloto) / DF,Arquitetura e Urbanismo (Bacharelado),Diurno,Arquitetura e Urbanismo (Bacharelado) | Diurno | Darcy Ribeiro (Plano Piloto) / DF,EP_R2_NPPI,EP_R2_NPPI,True,R2,1.5,NPPI,False,49.823,61.77
2019-2021,2021,Darcy Ribeiro (Plano Piloto) / DF,Arquitetura e Urbanismo (Bacharelado),Diurno,Arquitetura e Urbanismo (Bacharelado) | Diurno | Darcy Ribeiro (Plano Piloto) / DF,AC,AC,False,,,,False,74.758,137.056
2019-2021,2021,Darcy Ribeiro (Plano Piloto) / DF,Arquitetura e Urbanismo (Bacharelado),Noturno,Arquitetura e Urbanismo (Bacharelado) | Noturno | Darcy Ribeiro (Plano Piloto) / DF,CN,CN,False,,,NEGROS,False,-2.692,-2.692
2019-2021,2021,Darcy Ribeiro (Plano Piloto) / DF,Arquitetura e Urbanismo (Bacharelado),Noturno,Arquitetura e Urbanismo (Bacharelado) | Noturno | Darcy Ribeiro (Plano Piloto) / DF,EP_R1_PPI,EP_R1_PPI,True,R1,1.5,PPI,False,-46.6,-28.781
2019-2021,2021,Darcy Ribeiro (Plano Piloto) / DF,Arquitetura e Urbanismo (Bacharelado),Noturno,Arquitetura e Urbanismo (Bacharelado) | Noturno | Darcy Ribeiro (Plano Piloto) / DF,EP_R1_NPPI,EP_R1_NPPI,True,R1,1.5,NPPI,False,-2.815,12.718
2019-2021,2021,Darcy Ribeiro (Plano Piloto) / DF,Arquitetura e Urbanismo (Bacharelado),Noturno,Arquitetura e Urbanismo (Bacharelado) | Noturno | Darcy Ribeiro (Plano Piloto) / DF,EP_R2_PPI,EP_R2_PPI,True,R2,1.5,PPI,False,-10.972,-10.972
2019-2021,2021,Darcy Ribeiro (Plano Piloto) / DF,Arquitetura e Urbanismo (Bacharelado),Noturno,Arquitetura e Urbanismo (Bacharelado) | Noturno | Darcy Ribeiro (Plano Piloto) / DF,EP_R2_NPPI,EP_R2_NPPI,True,R2,1.5,NPPI,False,-14.083,12.438
2019-2021,2021,Darcy Ribeiro (Plano Piloto) / DF,Arquitetura e Urbanismo (Bacharelado),Noturno,Arquitetura e Urbanismo (Bacharelado) | Noturno | Darcy Ribeiro (Plano Piloto) / DF,AC,AC,False,,,,False,19.181,76.568
2019-2021,2021,Darcy Ribeiro (Plano Piloto) / DF,Arquivologia,Noturno,Arquivologia | Noturno | Darcy Ribeiro (Plano Piloto) / DF,CN,CN,False,,,NEGROS,False,-72.96,-72.96
2019-2021,2021,Darcy Ribeiro (Plano Piloto) / DF,Arquivologia,Noturno,Arquivologia | Noturno | Darcy Ribeiro (Plano Piloto) / DF,EP_R2_NPPI,EP_R2_NPPI,True,R2,1.5,NPPI,False,-59.094,-59.094
2019-2021,2021,Darcy Ribeiro (Plano Piloto) / DF,Arquivologia,Noturno,Arquivologia | Noturno | Darcy Ribeiro (Plano Piloto) / DF,AC,AC,False,,,,False,-70.173,-5.298
2019-2021,2021,Darcy Ribeiro (Plano Piloto) / DF,Artes Cênicas - Interpretação Teatral (Bacharelado) *,Diurno,Artes Cênicas - Interpretação Teatral (Bacharelado) * | Diurno | Darcy Ribeiro (Plano Piloto) / DF,EP_R1_PPI,EP_R1_PPI,True,R1,1.5,PPI,False,0.432,0.432
2019-2021,2021,Darcy Ribeiro (Plano Piloto) / DF,Artes Cênicas - Interpretação Teatral (Bacharelado) *,Diurno,Artes Cênicas - Interpretação Teatral (Bacharelado) * | Diurno | Darcy Ribeiro (Plano Piloto) / DF,AC,AC,False,,,,False,-31.865,22.845
2019-2021,2021,Darcy Ribeiro (Plano Piloto) / DF,Artes Visuais (Bacharelado)*,Diurno,Artes Visuais (Bacharelado)* | Diurno | Darcy Ribeiro (Plano Piloto) / DF,AC,AC,False,,,,False,-68.761,10.926
2019-2021,2021,Darcy Ribeiro (Plano Piloto) / DF,Biblioteconomia (Bacharelado),Diurno,Biblioteconomia (Bacharelado) | Diurno | Darcy Ribeiro (Plano Piloto) / DF,CN,CN,False,,,NEGROS,False,-13.884,-13.884
2019-2021,2021,Darcy Ribeiro (Plano Piloto) / DF,Biblioteconomia (Bacharelado),Diurno,Biblioteconomia (Bacharelado) | Diurno | Darcy Ribeiro (Plano Piloto) / DF,EP_R1_PPI,EP_R1_PPI,True,R1,1.5,PPI,False,-41.515,-41.515
2019-2021,2021,Darcy Ribeiro (Plano Piloto) / DF,Biblioteconomia (Bacharelado),Diurno,Biblioteconomia (Bacharelado) | Diurno | Darcy Ribeiro (Plano Piloto) / DF,EP_R1_NPPI,EP_R1_NPPI,True,R1,1.5,NPPI,False,-36.505,-15.885
2019-2021,2021,Darcy Ribeiro (Plano Piloto) / DF,Biblioteconomia (Bacharelado),Diurno,Biblioteconomia (Bacharelado) | Diurno | Darcy Ribeiro (Plano Piloto) / DF,EP_R2_PPI,EP_R2_PPI,True,R2,1.5,PPI,False,-9.93,-9.93
2019-2021,2021,Darcy Ribeiro (Plano Piloto) / DF,Biblioteconomia (Bacharelado),Diurno,Biblioteconomia (Bacharelado) | Diurno | Darcy Ribeiro (Plano Piloto) / DF,EP_R2_NPPI,EP_R2_NPPI,True,R2,1.5,NPPI,False,-10.259,9.476
2019-2021,2021,Darcy Ribeiro (Plano Piloto) / DF,Biblioteconomia (Bacharelado),Diurno,Biblioteconomia (Bacharelado) | Diurno | Darcy Ribeiro (Plano Piloto) / DF,AC,AC,False,,,,False,-80.935,60.65
2019-2021,2021,Darcy Ribeiro (Plano Piloto) / DF,Biotecnologia (Bacharelado),Diurno,Biotecnologia (Bacharelado) | Diurno | Darcy Ribeiro (Plano Piloto) / DF,CN,CN,False,,,NEGROS,False,29.186,29.186
2019-2021,2021,Darcy Ribeiro (Plano Piloto) / DF,Biotecnologia (Bacharelado),Diurno,Biotecnologia (Bacharelado) | Diurno | Darcy Ribeiro (Plano Piloto) / DF,EP_R1_PPI,EP_R1_PPI,True,R1,1.5,PPI,False,-29.963,12.895
2019-2021,2021,Darcy Ribeiro (Plano Piloto) / DF,Biotecnologia (Bacharelado),Diurno,Biotecnologia (Bacharelado) | Diurno | Darcy Ribeiro (Plano Piloto) / DF,EP_R1_NPPI,EP_R1_NPPI,True,R1,1.5,NPPI,False,-62.356,44.477
2019-2021,2021,Darcy Ribeiro (Plano Piloto) / DF,Biotecnologia (Bacharelado),Diurno,Biotecnologia (Bacharelado) | Diurno | Darcy Ribeiro (Plano Piloto) / DF,EP_R2_PPI,EP_R2_PPI,True,R2,1.5,PPI,False,-53.337,58.876
2019-2021,2021,Darcy Ribeiro (Plano Piloto) / DF,Biotecnologia (Bacharelado),Diurno,Biotecnologia (Bacharelado) | Diurno | Darcy Ribeiro (Plano Piloto) / DF,EP_R2_NPPI,EP_R2_NPPI,True,R2,1.5,NPPI,False,55.938,88.431
2019-2021,2021,Darcy Ribeiro (Plano Piloto) / DF,Biotecnologia (Bacharelado),Diurno,Biotecnologia (Bacharelado) | Diurno | Darcy Ribeiro (Plano Piloto) / DF,AC,AC,False,,,,False,87.359,154.25
2019-2021,2021,Darcy Ribeiro (Plano Piloto) / DF,Ciência da Computação (Bacharelado),Diurno,Ciência da Computação (Bacharelado) | Diurno | Darcy Ribeiro (Plano Piloto) / DF,CN,CN,False,,,NEGROS,False,82.755,82.755
2019-2021,2021,Darcy Ribeiro (Plano Piloto) / DF,Ciência da Computação (Bacharelado),Diurno,Ciência da Computação (Bacharelado) | Diurno | Darcy Ribeiro (Plano Piloto) / DF,EP_R1_PPI,EP_R1_PPI,True,R1,1.5,PPI,False,9.006,79.464
2019-2021,2021,Darcy Ribeiro (Plano Piloto) / DF,Ciência da Computação (Bacharelado),Diurno,Ciência da Computação (Bacharelado) | Diurno | Darcy Ribeiro (Plano Piloto) / DF,EP_R1_NPPI,EP_R1_NPPI,True,R1,1.5,NPPI,False,46.784,65.016
2019-2021,2021,Darcy Ribeiro (Plano Piloto) / DF,Ciência da Computação (Bacharelado),Diurno,Ciência da Computação (Bacharelado) | Diurno | Darcy Ribeiro (Plano Piloto) / DF,EP_R2_PPI,EP_R2_PPI,True,R2,1.5,PPI,False,29.628,64.873
2019-2021,2021,Darcy Ribeiro (Plano Piloto) / DF,Ciência da Computação (Bacharelado),Diurno,Ciência da Computação (Bacharelado) | Diurno | Darcy Ribeiro (Plano Piloto) / DF,EP_R2_NPPI,EP_R2_NPPI,True,R2,1.5,NPPI,False,114.94,142.35
2019-2021,2021,Darcy Ribeiro (Plano Piloto) / DF,Ciência da Computação (Bacharelado),Diurno,Ciência da Computação (Bacharelado) | Diurno | Darcy Ribeiro (Plano Piloto) / DF,AC,AC,False,,,,False,115.0,192.19
2019-2021,2021,Darcy Ribeiro (Plano Piloto) / DF,Ciência Política (Bacharelado),Diurno,Ciência Política (Bacharelado) | Diurno | Darcy Ribeiro (Plano Piloto) / DF,CN,CN,False,,,NEGROS,False,-6.889,-6.889
2019-2021,2021,Darcy Ribeiro (Plano Piloto) / DF,Ciência Política (Bacharelado),Diurno,Ciência Política (Bacharelado) | Diurno | Darcy Ribeiro (Plano Piloto) / DF,EP_R1_PPI,EP_R1_PPI,True,R1,1.5,PPI,False,-14.082,41.919
2019-2021,2021,Darcy Ribeiro (Plano Piloto) / DF,Ciência Política (Bacharelado),Diurno,Ciência Política (Bacharelado) | Diurno | Darcy Ribeiro (Plano Piloto) / DF,EP_R1_NPPI,EP_R1_NPPI,True,R1,1.5,NPPI,False,-27.935,-27.935
2019-2021,2021,Darcy Ribeiro (Plano Piloto) / DF,Ciência Política (Bacharelado),Diurno,Ciência Política (Bacharelado) | Diurno | Darcy Ribeiro (Plano Piloto) / DF,EP_R2_PPI,EP_R2_PPI,True,R2,1.5,PPI,False,-50.288,-8.471
2019-2021,2021,Darcy Ribeiro (Plano Piloto) / DF,Ciência Política (Bacharelado),Diurno,Ciência Política (Bacharelado) | Diurno | Darcy Ribeiro (Plano Piloto) / DF,EP_R2_NPPI,EP_R2_NPPI,True,R2,1.5,NPPI,False,-13.224,26.979
2019-2021,2021,Darcy Ribeiro (Plano Piloto) / DF,Ciência Política (Bacharelado),Diurno,Ciência Política (Bacharelado) | Diurno | Darcy Ribeiro (Plano Piloto) / DF,AC,AC,False,,,,False,47.264,128.48
2019-2021,2021,Darcy Ribeiro (Plano Piloto) / DF,Ciências Ambientais,Noturno,Ciências Ambientais | Noturno | Darcy Ribeiro (Plano Piloto) / DF,CN,CN,False,,,NEGROS,False,-16.032,-16.032
2019-2021,2021,Darcy Ribeiro (Plano Piloto) / DF,Ciências Ambientais,Noturno,Ciências Ambientais | Noturno | Darcy Ribeiro (Plano Piloto) / DF,EP_R2_PPI,EP_R2_PPI,True,R2,1.5,PPI,False,-15.686,-15.686
2019-2021,2021,Darcy Ribeiro (Plano Piloto) / DF,Ciências Ambientais,Noturno,Ciências Ambientais | Noturno | Darcy Ribeiro (Plano Piloto) / DF,AC,AC,False,,,,False,-63.616,118.33
2019-2021,2021,Darcy Ribeiro (Plano Piloto) / DF,Ciências Biológicas,Diurno,Ciências Biológicas | Diurno | Darcy Ribeiro (Plano Piloto) / DF,CN,CN,False,,,NEGROS,False,45.804,45.804
2019-2021,2021,Darcy Ribeiro (Plano Piloto) / DF,Ciências Biológicas,Diurno,Ciências Biológicas | Diurno | Darcy Ribeiro (Plano Piloto) / DF,EP_R1_PPI,EP_R1_PPI,True,R1,1.5,PPI,False,,-7.024
2019-2021,2021,Darcy Ribeiro (Plano Piloto) / DF,Ciências Biológicas,Diurno,Ciências Biológicas | Diurno | Darcy Ribeiro (Plano Piloto) / DF,EP_R1_NPPI,EP_R1_NPPI,True,R1,1.5,NPPI,False,38.006,47.711
2019-2021,2021,Darcy Ribeiro (Plano Piloto) / DF,Ciências Biológicas,Diurno,Ciências Biológicas | Diurno | Darcy Ribeiro (Plano Piloto) / DF,EP_R2_PPI,EP_R2_PPI,True,R2,1.5,PPI,False,21.358,36.304
2019-2021,2021,Darcy Ribeiro (Plano Piloto) / DF,Ciências Biológicas,Diurno,Ciências Biológicas | Diurno | Darcy Ribeiro (Plano Piloto) / DF,EP_R2_NPPI,EP_R2_NPPI,True,R2,1.5,NPPI,False,51.276,55.29
2019-2021,2021,Darcy Ribeiro (Plano Piloto) / DF,Ciências Biológicas,Diurno,Ciências Biológicas | Diurno | Darcy Ribeiro (Plano Piloto) / DF,AC,AC,False,,,,False,61.373,143.74
2019-2021,2021,Darcy Ribeiro (Plano Piloto) / DF,Ciências Contábeis,Diurno,Ciências Contábeis | Diurno | Darcy Ribeiro (Plano Piloto) / DF,CN,CN,False,,,NEGROS,False,-30.284,
2019-2021,2021,Darcy Ribeiro (Plano Piloto) / DF,Ciências Contábeis,Diurno,Ciências Contábeis | Diurno | Darcy Ribeiro (Plano Piloto) / DF,EP_R1_PPI,EP_R1_PPI,True,R1,1.5,PPI,False,,13.346
2019-2021,2021,Darcy Ribeiro (Plano Piloto) / DF,Ciências Contábeis,Diurno,Ciências Contábeis | Diurno | Darcy Ribeiro (Plano Piloto) / DF,EP_R1_NPPI,EP_R1_NPPI,True,R1,1.5,NPPI,False,,12.234
2019-2021,2021,Darcy Ribeiro (Plano Piloto) / DF,Ciências Contábeis,Diurno,Ciências Contábeis | Diurno | Darcy Ribeiro (Plano Piloto) / DF,EP_R2_PPI,EP_R2_PPI,True,R2,1.5,PPI,False,,4.995
2019-2021,2021,Darcy Ribeiro (Plano Piloto) / DF,Ciências Contábeis,Diurno,Ciências Contábeis | Diurno | Darcy Ribeiro (Plano Piloto) / DF,EP_R2_NPPI,EP_R2_NPPI,True,R2,1.5,NPPI,False,,8.335
2019-2021,2021,Darcy Ribeiro (Plano Piloto) / DF,Ciências Contábeis,Diurno,Ciências Contábeis | Diurno | Darcy Ribeiro (Plano Piloto) / DF,AC,AC,False,,,,False,13.056,64.385
2019-2021,2021,Darcy Ribeiro (Plano Piloto) / DF,Ciências Contábeis (Bacharelado),Noturno,Ciências Contábeis (Bacharelado) | Noturno | Darcy Ribeiro (Plano Piloto) / DF,CN,CN,False,,,NEGROS,False,-2.467,25.446
2019-2021,2021,Darcy Ribeiro (Plano Piloto) / DF,Ciências Contábeis (Bacharelado),Noturno,Ciências Contábeis (Bacharelado) | Noturno | Darcy Ribeiro (Plano Piloto) / DF,EP_R1_PPI,EP_R1_PPI,True,R1,1.5,PPI,False,-50.721,-38.632
2019-2021,2021,Darcy Ribeiro (Plano Piloto) / DF,Ciências Contábeis (Bacharelado),Noturno,Ciências Contábeis (Bacharelado) | Noturno | Darcy Ribeiro (Plano Piloto) / DF,EP_R1_NPPI,EP_R1_NPPI,True,R1,1.5,NPPI,False,-62.154,-7.43
2019-2021,2021,Darcy Ribeiro (Plano Piloto) / DF,Ciências Contábeis (Bacharelado),Noturno,Ciências Contábeis (Bacharelado) | Noturno | Darcy Ribeiro (Plano Piloto) / DF,EP_R2_PPI,EP_R2_PPI,True,R2,1.5,PPI,False,-52.303,16.406
2019-2021,2021,Darcy Ribeiro (Plano Piloto) / DF,Ciências Contábeis (Bacharelado),Noturno,Ciências Contábeis (Bacharelado) | Noturno | Darcy Ribeiro (Plano Piloto) / DF,EP_R2_NPPI,EP_R2_NPPI,True,R2,1.5,NPPI,False,-68.678,-68.678
2019-2021,2021,Darcy Ribeiro (Plano Piloto) / DF,Ciências Contábeis (Bacharelado),Noturno,Ciências Contábeis (Bacharelado) | Noturno | Darcy Ribeiro (Plano Piloto) / DF,AC,AC,False,,,,False,-20.052,46.127
2019-2021,2021,Darcy Ribeiro (Plano Piloto) / DF,Ciências Econômicas (Bacharelado),Diurno,Ciências Econômicas (Bacharelado) | Diurno | Darcy Ribeiro (Plano Piloto) / DF,CN,CN,False,,,NEGROS,False,19.037,19.037
2019-2021,2021,Darcy Ribeiro (Plano Piloto) / DF,Ciências Econômicas (Bacharelado),Diurno,Ciências Econômicas (Bacharelado) | Diurno | Darcy Ribeiro (Plano Piloto) / DF,EP_R1_PPI,EP_R1_PPI,True,R1,1.5,PPI,False,-25.591,29.074
2019-2021,2021,Darcy Ribeiro (Plano Piloto) / DF,Ciências Econômicas (Bacharelado),Diurno,Ciências Econômicas (Bacharelado) | Diurno | Darcy Ribeiro (Plano Piloto) / DF,EP_R1_NPPI,EP_R1_NPPI,True,R1,1.5,NPPI,False,-60.912,0.999
2019-2021,2021,Darcy Ribeiro (Plano Piloto) / DF,Ciências Econômicas (Bacharelado),Diurno,Ciências Econômicas (Bacharelado) | Diurno | Darcy Ribeiro (Plano Piloto) / DF,EP_R2_PPI,EP_R2_PPI,True,R2,1.5,PPI,False,-40.775,55.484
2019-2021,2021,Darcy Ribeiro (Plano Piloto) / DF,Ciências Econômicas (Bacharelado),Diurno,Ciências Econômicas (Bacharelado) | Diurno | Darcy Ribeiro (Plano Piloto) / DF,EP_R2_NPPI,EP_R2_NPPI,True,R2,1.5,NPPI,False,44.978,51.9
2019-2021,2021,Darcy Ribeiro (Plano Piloto) / DF,Ciências Econômicas (Bacharelado),Diurno,Ciências Econômicas (Bacharelado) | Diurno | Darcy Ribeiro (Plano Piloto) / DF,AC,AC,False,,,,False,92.033,175.077
2019-2021,2021,Darcy Ribeiro (Plano Piloto) / DF,Ciências Sociais – Antropologia / Sociologia (Bacharelado/Licenciat ura),Diurno,Ciências Sociais – Antropologia / Sociologia (Bacharelado/Licenciat ura) | Diurno | Darcy Ribeiro (Plano Piloto) / DF,CN,CN,False,,,NEGROS,False,0.428,6.996
2019-2021,2021,Darcy Ribeiro (Plano Piloto) / DF,Ciências Sociais – Antropologia / Sociologia (Bacharelado/Licenciat ura),Diurno,Ciências Sociais – Antropologia / Sociologia (Bacharelado/Licenciat ura) | Diurno | Darcy Ribeiro (Plano Piloto) / DF,EP_R1_PPI,EP_R1_PPI,True,R1,1.5,PPI,False,-35.497,-29.515
2019-2021,2021,Darcy Ribeiro (Plano Piloto) / DF,Ciências Sociais – Antropologia / Sociologia (Bacharelado/Licenciat ura),Diurno,Ciências Sociais – Antropologia / Sociologia (Bacharelado/Licenciat ura) | Diurno | Darcy Ribeiro (Plano Piloto) / DF,EP_R1_NPPI,EP_R1_NPPI,True,R1,1.5,NPPI,False,-32.433,-16.98
2019-2021,2021,Darcy Ribeiro (Plano Piloto) / DF,Ciências Sociais – Antropologia / Sociologia (Bacharelado/Licenciat ura),Diurno,Ciências Sociais – Antropologia / Sociologia (Bacharelado/Licenciat ura) | Diurno | Darcy Ribeiro (Plano Piloto) / DF,EP_R2_PPI,EP_R2_PPI,True,R2,1.5,PPI,False,-70.502,28.724
2019-2021,2021,Darcy Ribeiro (Plano Piloto) / DF,Ciências Sociais – Antropologia / Sociologia (Bacharelado/Licenciat ura),Diurno,Ciências Sociais – Antropologia / Sociologia (Bacharelado/Licenciat ura) | Diurno | Darcy Ribeiro (Plano Piloto) / DF,EP_R2_NPPI,EP_R2_NPPI,True,R2,1.5,NPPI,False,-51.116,31.064
2019-2021,2021,Darcy Ribeiro (Plano Piloto) / DF,Ciências Sociais – Antropologia / Sociologia (Bacharelado/Licenciat ura),Diurno,Ciências Sociais – Antropologia / Sociologia (Bacharelado/Licenciat ura) | Diurno | Darcy Ribeiro (Plano Piloto) / DF,AC,AC,False,,,,False,11.533,94.463
2019-2021,2021,Darcy Ribeiro (Plano Piloto) / DF,Computação (Licenciatura),Noturno,Computação (Licenciatura) | Noturno | Darcy Ribeiro (Plano Piloto) / DF,CN,CN,False,,,NEGROS,False,-3.314,-3.314
2019-2021,2021,Darcy Ribeiro (Plano Piloto) / DF,Computação (Licenciatura),Noturno,Computação (Licenciatura) | Noturno | Darcy Ribeiro (Plano Piloto) / DF,EP_R1_PPI,EP_R1_PPI,True,R1,1.5,PPI,False,-81.096,-81.096
2019-2021,2021,Darcy Ribeiro (Plano Piloto) / DF,Computação (Licenciatura),Noturno,Computação (Licenciatura) | Noturno | Darcy Ribeiro (Plano Piloto) / DF,EP_R2_PPI,EP_R2_PPI,True,R2,1.5,PPI,False,-51.231,-44.126
2019-2021,2021,Darcy Ribeiro (Plano Piloto) / DF,Computação (Licenciatura),Noturno,Computação (Licenciatura) | Noturno | Darcy Ribeiro (Plano Piloto) / DF,EP_R2_NPPI,EP_R2_NPPI,True,R2,1.5,NPPI,False,-57.125,-53.651
2019-2021,2021,Darcy Ribeiro (Plano Piloto) / DF,Computação (Licenciatura),Noturno,Computação (Licenciatura) | Noturno | Darcy Ribeiro (Plano Piloto) / DF,AC,AC,False,,,,False,-20.863,34.167
2019-2021,2021,Darcy Ribeiro (Plano Piloto) / DF,Comunicação Organizacional (Bacharelado),Noturno,Comunicação Organizacional (Bacharelado) | Noturno | Darcy Ribeiro (Plano Piloto) / DF,CN,CN,False,,,NEGROS,False,-78.071,-78.071
2019-2021,2021,Darcy Ribeiro (Plano Piloto) / DF,Comunicação Organizacional (Bacharelado),Noturno,Comunicação Organizacional (Bacharelado) | Noturno | Darcy Ribeiro (Plano Piloto) / DF,EP_R2_PPI,EP_R2_PPI,True,R2,1.5,PPI,False,-76.574,-23.424
2019-2021,2021,Darcy Ribeiro (Plano Piloto) / DF,Comunicação Organizacional (Bacharelado),Noturno,Comunicação Organizacional (Bacharelado) | Noturno | Darcy Ribeiro (Plano Piloto) / DF,EP_R2_NPPI,EP_R2_NPPI,True,R2,1.5,NPPI,False,-49.352,-45.012
2019-2021,2021,Darcy Ribeiro (Plano Piloto) / DF,Comunicação Organizacional (Bacharelado),Noturno,Comunicação Organizacional (Bacharelado) | Noturno | Darcy Ribeiro (Plano Piloto) / DF,AC,AC,False,,,,False,-17.502,62.26
2019-2021,2021,Darcy Ribeiro (Plano Piloto) / DF,Comunicação Social – Audiovisual (Bacharelado),Diurno,Comunicação Social – Audiovisual (Bacharelado) | Diurno | Darcy Ribeiro (Plano Piloto) / DF,CN,CN,False,,,NEGROS,False,48.632,48.632
2019-2021,2021,Darcy Ribeiro (Plano Piloto) / DF,Comunicação Social – Audiovisual (Bacharelado),Diurno,Comunicação Social – Audiovisual (Bacharelado) | Diurno | Darcy Ribeiro (Plano Piloto) / DF,EP_R1_PPI,EP_R1_PPI,True,R1,1.5,PPI,False,-36.365,-36.365
2019-2021,2021,Darcy Ribeiro (Plano Piloto) / DF,Comunicação Social – Audiovisual (Bacharelado),Diurno,Comunicação Social – Audiovisual (Bacharelado) | Diurno | Darcy Ribeiro (Plano Piloto) / DF,EP_R2_PPI,EP_R2_PPI,True,R2,1.5,PPI,False,-28.396,33.343
2019-2021,2021,Darcy Ribeiro (Plano Piloto) / DF,Comunicação Social – Audiovisual (Bacharelado),Diurno,Comunicação Social – Audiovisual (Bacharelado) | Diurno | Darcy Ribeiro (Plano Piloto) / DF,EP_R2_NPPI,EP_R2_NPPI,True,R2,1.5,NPPI,False,-7.569,44.378
2019-2021,2021,Darcy Ribeiro (Plano Piloto) / DF,Comunicação Social – Audiovisual (Bacharelado),Diurno,Comunicação Social – Audiovisual (Bacharelado) | Diurno | Darcy Ribeiro (Plano Piloto) / DF,AC,AC,False,,,,False,64.46,116.156
2019-2021,2021,Darcy Ribeiro (Plano Piloto) / DF,Comunicação Social - Publicidade e Propaganda (Bacharelado),Diurno,Comunicação Social - Publicidade e Propaganda (Bacharelado) | Diurno | Darcy Ribeiro (Plano Piloto) / DF,CN,CN,False,,,NEGROS,False,35.413,35.413
2019-2021,2021,Darcy Ribeiro (Plano Piloto) / DF,Comunicação Social - Publicidade e Propaganda (Bacharelado),Diurno,Comunicação Social - Publicidade e Propaganda (Bacharelado) | Diurno | Darcy Ribeiro (Plano Piloto) / DF,EP_R1_PPI,EP_R1_PPI,True,R1,1.5,PPI,False,1.108,24.992
2019-2021,2021,Darcy Ribeiro (Plano Piloto) / DF,Comunicação Social - Publicidade e Propaganda (Bacharelado),Diurno,Comunicação Social - Publicidade e Propaganda (Bacharelado) | Diurno | Darcy Ribeiro (Plano Piloto) / DF,EP_R1_NPPI,EP_R1_NPPI,True,R1,1.5,NPPI,False,4.223,4.223
2019-2021,2021,Darcy Ribeiro (Plano Piloto) / DF,Comunicação Social - Publicidade e Propaganda (Bacharelado),Diurno,Comunicação Social - Publicidade e Propaganda (Bacharelado) | Diurno | Darcy Ribeiro (Plano Piloto) / DF,EP_R2_PPI,EP_R2_PPI,True,R2,1.5,PPI,False,14.955,56.294
2019-2021,2021,Darcy Ribeiro (Plano Piloto) / DF,Comunicação Social - Publicidade e Propaganda (Bacharelado),Diurno,Comunicação Social - Publicidade e Propaganda (Bacharelado) | Diurno | Darcy Ribeiro (Plano Piloto) / DF,EP_R2_NPPI,EP_R2_NPPI,True,R2,1.5,NPPI,False,54.06,54.06
2019-2021,2021,Darcy Ribeiro (Plano Piloto) / DF,Comunicação Social - Publicidade e Propaganda (Bacharelado),Diurno,Comunicação Social - Publicidade e Propaganda (Bacharelado) | Diurno | Darcy Ribeiro (Plano Piloto) / DF,AC,AC,False,,,,False,77.921,129.694
2019-2021,2021,Darcy Ribeiro (Plano Piloto) / DF,Design – Programação Visual/Projeto do Produto (Bacharelado),Diurno,Design – Programação Visual/Projeto do Produto (Bacharelado) | Diurno | Darcy Ribeiro (Plano Piloto) / DF,CN,CN,False,,,NEGROS,False,24.028,24.028
2019-2021,2021,Darcy Ribeiro (Plano Piloto) / DF,Design – Programação Visual/Projeto do Produto (Bacharelado),Diurno,Design – Programação Visual/Projeto do Produto (Bacharelado) | Diurno | Darcy Ribeiro (Plano Piloto) / DF,EP_R1_PPI,EP_R1_PPI,True,R1,1.5,PPI,False,-31.239,-11.424
2019-2021,2021,Darcy Ribeiro (Plano Piloto) / DF,Design – Programação Visual/Projeto do Produto (Bacharelado),Diurno,Design – Programação Visual/Projeto do Produto (Bacharelado) | Diurno | Darcy Ribeiro (Plano Piloto) / DF,EP_R1_NPPI,EP_R1_NPPI,True,R1,1.5,NPPI,False,-45.596,-45.596
2019-2021,2021,Darcy Ribeiro (Plano Piloto) / DF,Design – Programação Visual/Projeto do Produto (Bacharelado),Diurno,Design – Programação Visual/Projeto do Produto (Bacharelado) | Diurno | Darcy Ribeiro (Plano Piloto) / DF,EP_R2_PPI,EP_R2_PPI,True,R2,1.5,PPI,False,47.464,47.464
2019-2021,2021,Darcy Ribeiro (Plano Piloto) / DF,Design – Programação Visual/Projeto do Produto (Bacharelado),Diurno,Design – Programação Visual/Projeto do Produto (Bacharelado) | Diurno | Darcy Ribeiro (Plano Piloto) / DF,EP_R2_PPI_PCD,EP_R2_PPI_PCD,True,R2,1.5,PPI,True,-41.338,-41.338
2019-2021,2021,Darcy Ribeiro (Plano Piloto) / DF,Design – Programação Visual/Projeto do Produto (Bacharelado),Diurno,Design – Programação Visual/Projeto do Produto (Bacharelado) | Diurno | Darcy Ribeiro (Plano Piloto) / DF,AC,AC,False,,,,False,80.914,98.283
2019-2021,2021,Darcy Ribeiro (Plano Piloto) / DF,Direito (Bacharelado),Diurno,Direito (Bacharelado) | Diurno | Darcy Ribeiro (Plano Piloto) / DF,CN,CN,False,,,NEGROS,False,71.703,98.148
2019-2021,2021,Darcy Ribeiro (Plano Piloto) / DF,Direito (Bacharelado),Diurno,Direito (Bacharelado) | Diurno | Darcy Ribeiro (Plano Piloto) / DF,EP_R1_PPI,EP_R1_PPI,True,R1,1.5,PPI,False,1.027,53.764
2019-2021,2021,Darcy Ribeiro (Plano Piloto) / DF,Direito (Bacharelado),Diurno,Direito (Bacharelado) | Diurno | Darcy Ribeiro (Plano Piloto) / DF,EP_R1_NPPI,EP_R1_NPPI,True,R1,1.5,NPPI,False,28.279,53.85
2019-2021,2021,Darcy Ribeiro (Plano Piloto) / DF,Direito (Bacharelado),Diurno,Direito (Bacharelado) | Diurno | Darcy Ribeiro (Plano Piloto) / DF,EP_R2_PPI,EP_R2_PPI,True,R2,1.5,PPI,False,48.707,52.731
2019-2021,2021,Darcy Ribeiro (Plano Piloto) / DF,Direito (Bacharelado),Diurno,Direito (Bacharelado) | Diurno | Darcy Ribeiro (Plano Piloto) / DF,EP_R2_PPI_PCD,EP_R2_PPI_PCD,True,R2,1.5,PPI,True,29.619,29.619
2019-2021,2021,Darcy Ribeiro (Plano Piloto) / DF,Direito (Bacharelado),Diurno,Direito (Bacharelado) | Diurno | Darcy Ribeiro (Plano Piloto) / DF,EP_R2_NPPI,EP_R2_NPPI,True,R2,1.5,NPPI,False,114.736,145.342
2019-2021,2021,Darcy Ribeiro (Plano Piloto) / DF,Direito (Bacharelado),Diurno,Direito (Bacharelado) | Diurno | Darcy Ribeiro (Plano Piloto) / DF,AC,AC,False,,,,False,113.772,181.764
2019-2021,2021,Darcy Ribeiro (Plano Piloto) / DF,Direito (Bacharelado),Noturno,Direito (Bacharelado) | Noturno | Darcy Ribeiro (Plano Piloto) / DF,CN,CN,False,,,NEGROS,False,52.904,84.592
2019-2021,2021,Darcy Ribeiro (Plano Piloto) / DF,Direito (Bacharelado),Noturno,Direito (Bacharelado) | Noturno | Darcy Ribeiro (Plano Piloto) / DF,EP_R1_PPI,EP_R1_PPI,True,R1,1.5,PPI,False,2.332,42.274
2019-2021,2021,Darcy Ribeiro (Plano Piloto) / DF,Direito (Bacharelado),Noturno,Direito (Bacharelado) | Noturno | Darcy Ribeiro (Plano Piloto) / DF,EP_R1_NPPI,EP_R1_NPPI,True,R1,1.5,NPPI,False,12.304,37.517
2019-2021,2021,Darcy Ribeiro (Plano Piloto) / DF,Direito (Bacharelado),Noturno,Direito (Bacharelado) | Noturno | Darcy Ribeiro (Plano Piloto) / DF,EP_R2_PPI,EP_R2_PPI,True,R2,1.5,PPI,False,38.282,74.352
2019-2021,2021,Darcy Ribeiro (Plano Piloto) / DF,Direito (Bacharelado),Noturno,Direito (Bacharelado) | Noturno | Darcy Ribeiro (Plano Piloto) / DF,EP_R2_NPPI,EP_R2_NPPI,True,R2,1.5,NPPI,False,54.367,61.664
2019-2021,2021,Darcy Ribeiro (Plano Piloto) / DF,Direito (Bacharelado),Noturno,Direito (Bacharelado) | Noturno | Darcy Ribeiro (Plano Piloto) / DF,AC,AC,False,,,,False,77.019,114.418
2019-2021,2021,Darcy Ribeiro (Plano Piloto) / DF,Educação Física (Bacharelado),Diurno,Educação Física (Bacharelado) | Diurno | Darcy Ribeiro (Plano Piloto) / DF,CN,CN,False,,,NEGROS,False,-7.405,-7.405
2019-2021,2021,Darcy Ribeiro (Plano Piloto) / DF,Educação Física (Bacharelado),Diurno,Educação Física (Bacharelado) | Diurno | Darcy Ribeiro (Plano Piloto) / DF,EP_R1_PPI,EP_R1_PPI,True,R1,1.5,PPI,False,-30.501,-17.981
2019-2021,2021,Darcy Ribeiro (Plano Piloto) / DF,Educação Física (Bacharelado),Diurno,Educação Física (Bacharelado) | Diurno | Darcy Ribeiro (Plano Piloto) / DF,EP_R1_NPPI,EP_R1_NPPI,True,R1,1.5,NPPI,False,-54.427,-33.945
2019-2021,2021,Darcy Ribeiro (Plano Piloto) / DF,Educação Física (Bacharelado),Diurno,Educação Física (Bacharelado) | Diurno | Darcy Ribeiro (Plano Piloto) / DF,EP_R2_PPI,EP_R2_PPI,True,R2,1.5,PPI,False,-36.462,24.338
2019-2021,2021,Darcy Ribeiro (Plano Piloto) / DF,Educação Física (Bacharelado),Diurno,Educação Física (Bacharelado) | Diurno | Darcy Ribeiro (Plano Piloto) / DF,EP_R2_NPPI,EP_R2_NPPI,True,R2,1.5,NPPI,False,6.786,12.56
2019-2021,2021,Darcy Ribeiro (Plano Piloto) / DF,Educação Física (Bacharelado),Diurno,Educação Física (Bacharelado) | Diurno | Darcy Ribeiro (Plano Piloto) / DF,AC,AC,False,,,,False,8.352,45.082
2019-2021,2021,Darcy Ribeiro (Plano Piloto) / DF,Educação Física (Licenciatura),Diurno,Educação Física (Licenciatura) | Diurno | Darcy Ribeiro (Plano Piloto) / DF,CN,CN,False,,,NEGROS,False,-18.38,-18.38
2019-2021,2021,Darcy Ribeiro (Plano Piloto) / DF,Educação Física (Licenciatura),Diurno,Educação Física (Licenciatura) | Diurno | Darcy Ribeiro (Plano Piloto) / DF,EP_R1_PPI,EP_R1_PPI,True,R1,1.5,PPI,False,-73.641,-24.238
2019-2021,2021,Darcy Ribeiro (Plano Piloto) / DF,Educação Física (Licenciatura),Diurno,Educação Física (Licenciatura) | Diurno | Darcy Ribeiro (Plano Piloto) / DF,EP_R1_NPPI,EP_R1_NPPI,True,R1,1.5,NPPI,False,-53.868,-18.279
2019-2021,2021,Darcy Ribeiro (Plano Piloto) / DF,Educação Física (Licenciatura),Diurno,Educação Física (Licenciatura) | Diurno | Darcy Ribeiro (Plano Piloto) / DF,EP_R2_PPI,EP_R2_PPI,True,R2,1.5,PPI,False,-21.729,-5.99
2019-2021,2021,Darcy Ribeiro (Plano Piloto) / DF,Educação Física (Licenciatura),Diurno,Educação Física (Licenciatura) | Diurno | Darcy Ribeiro (Plano Piloto) / DF,EP_R2_NPPI,EP_R2_NPPI,True,R2,1.5,NPPI,False,-21.889,-19.463
2019-2021,2021,Darcy Ribeiro (Plano Piloto) / DF,Educação Física (Licenciatura),Diurno,Educação Física (Licenciatura) | Diurno | Darcy Ribeiro (Plano Piloto) / DF,AC,AC,False,,,,False,-21.256,46.723
2019-2021,2021,Darcy Ribeiro (Plano Piloto) / DF,Enfermagem (Bacharelado),Diurno,Enfermagem (Bacharelado) | Diurno | Darcy Ribeiro (Plano Piloto) / DF,CN,CN,False,,,NEGROS,False,33.356,33.356
2019-2021,2021,Darcy Ribeiro (Plano Piloto) / DF,Enfermagem (Bacharelado),Diurno,Enfermagem (Bacharelado) | Diurno | Darcy Ribeiro (Plano Piloto) / DF,EP_R1_PPI,EP_R1_PPI,True,R1,1.5,PPI,False,4.875,33.844
2019-2021,2021,Darcy Ribeiro (Plano Piloto) / DF,Enfermagem (Bacharelado),Diurno,Enfermagem (Bacharelado) | Diurno | Darcy Ribeiro (Plano Piloto) / DF,EP_R1_NPPI,EP_R1_NPPI,True,R1,1.5,NPPI,False,26.39,29.599
2019-2021,2021,Darcy Ribeiro (Plano Piloto) / DF,Enfermagem (Bacharelado),Diurno,Enfermagem (Bacharelado) | Diurno | Darcy Ribeiro (Plano Piloto) / DF,EP_R2_PPI,EP_R2_PPI,True,R2,1.5,PPI,False,19.771,40.127
2019-2021,2021,Darcy Ribeiro (Plano Piloto) / DF,Enfermagem (Bacharelado),Diurno,Enfermagem (Bacharelado) | Diurno | Darcy Ribeiro (Plano Piloto) / DF,EP_R2_NPPI,EP_R2_NPPI,True,R2,1.5,NPPI,False,64.649,65.414
2019-2021,2021,Darcy Ribeiro (Plano Piloto) / DF,Enfermagem (Bacharelado),Diurno,Enfermagem (Bacharelado) | Diurno | Darcy Ribeiro (Plano Piloto) / DF,AC,AC,False,,,,False,53.945,104.45
2019-2021,2021,Darcy Ribeiro (Plano Piloto) / DF,Engenharia Ambiental (Bacharelado),Diurno,Engenharia Ambiental (Bacharelado) | Diurno | Darcy Ribeiro (Plano Piloto) / DF,CN,CN,False,,,NEGROS,False,72.619,72.619
2019-2021,2021,Darcy Ribeiro (Plano Piloto) / DF,Engenharia Ambiental (Bacharelado),Diurno,Engenharia Ambiental (Bacharelado) | Diurno | Darcy Ribeiro (Plano Piloto) / DF,EP_R1_PPI,EP_R1_PPI,True,R1,1.5,PPI,False,-72.216,-72.216
2019-2021,2021,Darcy Ribeiro (Plano Piloto) / DF,Engenharia Ambiental (Bacharelado),Diurno,Engenharia Ambiental (Bacharelado) | Diurno | Darcy Ribeiro (Plano Piloto) / DF,EP_R2_PPI,EP_R2_PPI,True,R2,1.5,PPI,False,-49.389,38.819
2019-2021,2021,Darcy Ribeiro (Plano Piloto) / DF,Engenharia Ambiental (Bacharelado),Diurno,Engenharia Ambiental (Bacharelado) | Diurno | Darcy Ribeiro (Plano Piloto) / DF,EP_R2_NPPI,EP_R2_NPPI,True,R2,1.5,NPPI,False,-55.038,-2.954
2019-2021,2021,Darcy Ribeiro (Plano Piloto) / DF,Engenharia Ambiental (Bacharelado),Diurno,Engenharia Ambiental (Bacharelado) | Diurno | Darcy Ribeiro (Plano Piloto) / DF,AC,AC,False,,,,False,26.947,94.16
2019-2021,2021,Darcy Ribeiro (Plano Piloto) / DF,Engenharia Civil (Bacharelado),Diurno,Engenharia Civil (Bacharelado) | Diurno | Darcy Ribeiro (Plano Piloto) / DF,CN,CN,False,,,NEGROS,False,14.522,14.522
2019-2021,2021,Darcy Ribeiro (Plano Piloto) / DF,Engenharia Civil (Bacharelado),Diurno,Engenharia Civil (Bacharelado) | Diurno | Darcy Ribeiro (Plano Piloto) / DF,EP_R1_PPI,EP_R1_PPI,True,R1,1.5,PPI,False,-28.648,18.511
2019-2021,2021,Darcy Ribeiro (Plano Piloto) / DF,Engenharia Civil (Bacharelado),Diurno,Engenharia Civil (Bacharelado) | Diurno | Darcy Ribeiro (Plano Piloto) / DF,EP_R1_NPPI,EP_R1_NPPI,True,R1,1.5,NPPI,False,-14.773,23.601
2019-2021,2021,Darcy Ribeiro (Plano Piloto) / DF,Engenharia Civil (Bacharelado),Diurno,Engenharia Civil (Bacharelado) | Diurno | Darcy Ribeiro (Plano Piloto) / DF,EP_R2_PPI,EP_R2_PPI,True,R2,1.5,PPI,False,-16.736,85.341
2019-2021,2021,Darcy Ribeiro (Plano Piloto) / DF,Engenharia Civil (Bacharelado),Diurno,Engenharia Civil (Bacharelado) | Diurno | Darcy Ribeiro (Plano Piloto) / DF,EP_R2_NPPI,EP_R2_NPPI,True,R2,1.5,NPPI,False,-6.562,53.596
2019-2021,2021,Darcy Ribeiro (Plano Piloto) / DF,Engenharia Civil (Bacharelado),Diurno,Engenharia Civil (Bacharelado) | Diurno | Darcy Ribeiro (Plano Piloto) / DF,AC,AC,False,,,,False,96.375,155.602
2019-2021,2021,Darcy Ribeiro (Plano Piloto) / DF,Engenharia de Computação (Bacharelado),Diurno,Engenharia de Computação (Bacharelado) | Diurno | Darcy Ribeiro (Plano Piloto) / DF,CN,CN,False,,,NEGROS,False,84.173,84.173
2019-2021,2021,Darcy Ribeiro (Plano Piloto) / DF,Engenharia de Computação (Bacharelado),Diurno,Engenharia de Computação (Bacharelado) | Diurno | Darcy Ribeiro (Plano Piloto) / DF,EP_R1_PPI,EP_R1_PPI,True,R1,1.5,PPI,False,39.279,96.047
2019-2021,2021,Darcy Ribeiro (Plano Piloto) / DF,Engenharia de Computação (Bacharelado),Diurno,Engenharia de Computação (Bacharelado) | Diurno | Darcy Ribeiro (Plano Piloto) / DF,EP_R1_NPPI,EP_R1_NPPI,True,R1,1.5,NPPI,False,17.976,19.536
2019-2021,2021,Darcy Ribeiro (Plano Piloto) / DF,Engenharia de Computação (Bacharelado),Diurno,Engenharia de Computação (Bacharelado) | Diurno | Darcy Ribeiro (Plano Piloto) / DF,EP_R2_PPI,EP_R2_PPI,True,R2,1.5,PPI,False,13.355,139.586
2019-2021,2021,Darcy Ribeiro (Plano Piloto) / DF,Engenharia de Computação (Bacharelado),Diurno,Engenharia de Computação (Bacharelado) | Diurno | Darcy Ribeiro (Plano Piloto) / DF,EP_R2_NPPI,EP_R2_NPPI,True,R2,1.5,NPPI,False,105.068,105.068
2019-2021,2021,Darcy Ribeiro (Plano Piloto) / DF,Engenharia de Computação (Bacharelado),Diurno,Engenharia de Computação (Bacharelado) | Diurno | Darcy Ribeiro (Plano Piloto) / DF,EP_R2_NPPI_PCD,EP_R2_NPPI_PCD,True,R2,1.5,NPPI,True,-46.31,-46.31
2019-2021,2021,Darcy Ribeiro (Plano Piloto) / DF,Engenharia de Computação (Bacharelado),Diurno,Engenharia de Computação (Bacharelado) | Diurno | Darcy Ribeiro (Plano Piloto) / DF,AC,AC,False,,,,False,131.45,163.169
2019-2021,2021,Darcy Ribeiro (Plano Piloto) / DF,Engenharia de Produção (Bacharelado),Noturno,Engenharia de Produção (Bacharelado) | Noturno | Darcy Ribeiro (Plano Piloto) / DF,CN,CN,False,,,NEGROS,False,-20.158,-20.158
2019-2021,2021,Darcy Ribeiro (Plano Piloto) / DF,Engenharia de Produção (Bacharelado),Noturno,Engenharia de Produção (Bacharelado) | Noturno | Darcy Ribeiro (Plano Piloto) / DF,EP_R1_PPI,EP_R1_PPI,True,R1,1.5,PPI,False,-5.047,-5.047
2019-2021,2021,Darcy Ribeiro (Plano Piloto) / DF,Engenharia de Produção (Bacharelado),Noturno,Engenharia de Produção (Bacharelado) | Noturno | Darcy Ribeiro (Plano Piloto) / DF,EP_R1_NPPI,EP_R1_NPPI,True,R1,1.5,NPPI,False,-47.974,-47.974
2019-2021,2021,Darcy Ribeiro (Plano Piloto) / DF,Engenharia de Produção (Bacharelado),Noturno,Engenharia de Produção (Bacharelado) | Noturno | Darcy Ribeiro (Plano Piloto) / DF,EP_R2_PPI,EP_R2_PPI,True,R2,1.5,PPI,False,-86.266,14.269
2019-2021,2021,Darcy Ribeiro (Plano Piloto) / DF,Engenharia de Produção (Bacharelado),Noturno,Engenharia de Produção (Bacharelado) | Noturno | Darcy Ribeiro (Plano Piloto) / DF,EP_R2_NPPI,EP_R2_NPPI,True,R2,1.5,NPPI,False,46.816,71.428
2019-2021,2021,Darcy Ribeiro (Plano Piloto) / DF,Engenharia de Produção (Bacharelado),Noturno,Engenharia de Produção (Bacharelado) | Noturno | Darcy Ribeiro (Plano Piloto) / DF,AC,AC,False,,,,False,42.183,131.038
2019-2021,2021,Darcy Ribeiro (Plano Piloto) / DF,Engenharia de Redes de Comunicação (Bacharelado),Diurno,Engenharia de Redes de Comunicação (Bacharelado) | Diurno | Darcy Ribeiro (Plano Piloto) / DF,CN,CN,False,,,NEGROS,False,24.498,24.498
2019-2021,2021,Darcy Ribeiro (Plano Piloto) / DF,Engenharia de Redes de Comunicação (Bacharelado),Diurno,Engenharia de Redes de Comunicação (Bacharelado) | Diurno | Darcy Ribeiro (Plano Piloto) / DF,EP_R1_NPPI,EP_R1_NPPI,True,R1,1.5,NPPI,False,-43.862,-43.862
2019-2021,2021,Darcy Ribeiro (Plano Piloto) / DF,Engenharia de Redes de Comunicação (Bacharelado),Diurno,Engenharia de Redes de Comunicação (Bacharelado) | Diurno | Darcy Ribeiro (Plano Piloto) / DF,EP_R2_PPI,EP_R2_PPI,True,R2,1.5,PPI,False,-41.369,24.509
2019-2021,2021,Darcy Ribeiro (Plano Piloto) / DF,Engenharia de Redes de Comunicação (Bacharelado),Diurno,Engenharia de Redes de Comunicação (Bacharelado) | Diurno | Darcy Ribeiro (Plano Piloto) / DF,EP_R2_NPPI,EP_R2_NPPI,True,R2,1.5,NPPI,False,-67.492,-21.402
2019-2021,2021,Darcy Ribeiro (Plano Piloto) / DF,Engenharia de Redes de Comunicação (Bacharelado),Diurno,Engenharia de Redes de Comunicação (Bacharelado) | Diurno | Darcy Ribeiro (Plano Piloto) / DF,AC,AC,False,,,,False,1.695,71.841
2019-2021,2021,Darcy Ribeiro (Plano Piloto) / DF,Engenharia Elétrica (Bacharelado),Diurno,Engenharia Elétrica (Bacharelado) | Diurno | Darcy Ribeiro (Plano Piloto) / DF,EP_R1_PPI,EP_R1_PPI,True,R1,1.5,PPI,False,-12.839,-12.839
2019-2021,2021,Darcy Ribeiro (Plano Piloto) / DF,Engenharia Elétrica (Bacharelado),Diurno,Engenharia Elétrica (Bacharelado) | Diurno | Darcy Ribeiro (Plano Piloto) / DF,EP_R1_NPPI,EP_R1_NPPI,True,R1,1.5,NPPI,False,-26.903,-26.903
2019-2021,2021,Darcy Ribeiro (Plano Piloto) / DF,Engenharia Elétrica (Bacharelado),Diurno,Engenharia Elétrica (Bacharelado) | Diurno | Darcy Ribeiro (Plano Piloto) / DF,EP_R2_PPI,EP_R2_PPI,True,R2,1.5,PPI,False,-38.064,19.809
2019-2021,2021,Darcy Ribeiro (Plano Piloto) / DF,Engenharia Elétrica (Bacharelado),Diurno,Engenharia Elétrica (Bacharelado) | Diurno | Darcy Ribeiro (Plano Piloto) / DF,EP_R2_NPPI,EP_R2_NPPI,True,R2,1.5,NPPI,False,-20.572,66.75
2019-2021,2021,Darcy Ribeiro (Plano Piloto) / DF,Engenharia Elétrica (Bacharelado),Diurno,Engenharia Elétrica (Bacharelado) | Diurno | Darcy Ribeiro (Plano Piloto) / DF,AC,AC,False,,,,False,112.072,189.172
2019-2021,2021,Darcy Ribeiro (Plano Piloto) / DF,Engenharia Florestal (Bacharelado),Diurno,Engenharia Florestal (Bacharelado) | Diurno | Darcy Ribeiro (Plano Piloto) / DF,CN,CN,False,,,NEGROS,False,-32.127,-32.127
2019-2021,2021,Darcy Ribeiro (Plano Piloto) / DF,Engenharia Florestal (Bacharelado),Diurno,Engenharia Florestal (Bacharelado) | Diurno | Darcy Ribeiro (Plano Piloto) / DF,EP_R1_NPPI,EP_R1_NPPI,True,R1,1.5,NPPI,False,-2.213,-2.213
2019-2021,2021,Darcy Ribeiro (Plano Piloto) / DF,Engenharia Florestal (Bacharelado),Diurno,Engenharia Florestal (Bacharelado) | Diurno | Darcy Ribeiro (Plano Piloto) / DF,EP_R2_PPI,EP_R2_PPI,True,R2,1.5,PPI,False,-5.848,-5.848
2019-2021,2021,Darcy Ribeiro (Plano Piloto) / DF,Engenharia Florestal (Bacharelado),Diurno,Engenharia Florestal (Bacharelado) | Diurno | Darcy Ribeiro (Plano Piloto) / DF,EP_R2_NPPI,EP_R2_NPPI,True,R2,1.5,NPPI,False,-29.541,-29.541
2019-2021,2021,Darcy Ribeiro (Plano Piloto) / DF,Engenharia Florestal (Bacharelado),Diurno,Engenharia Florestal (Bacharelado) | Diurno | Darcy Ribeiro (Plano Piloto) / DF,AC,AC,False,,,,False,-71.066,30.842
2019-2021,2021,Darcy Ribeiro (Plano Piloto) / DF,Engenharia Mecânica (Bacharelado),Diurno,Engenharia Mecânica (Bacharelado) | Diurno | Darcy Ribeiro (Plano Piloto) / DF,CN,CN,False,,,NEGROS,False,25.588,25.588
2019-2021,2021,Darcy Ribeiro (Plano Piloto) / DF,Engenharia Mecânica (Bacharelado),Diurno,Engenharia Mecânica (Bacharelado) | Diurno | Darcy Ribeiro (Plano Piloto) / DF,EP_R1_PPI,EP_R1_PPI,True,R1,1.5,PPI,False,-21.929,-3.886
2019-2021,2021,Darcy Ribeiro (Plano Piloto) / DF,Engenharia Mecânica (Bacharelado),Diurno,Engenharia Mecânica (Bacharelado) | Diurno | Darcy Ribeiro (Plano Piloto) / DF,EP_R1_NPPI,EP_R1_NPPI,True,R1,1.5,NPPI,False,-40.249,33.782
2019-2021,2021,Darcy Ribeiro (Plano Piloto) / DF,Engenharia Mecânica (Bacharelado),Diurno,Engenharia Mecânica (Bacharelado) | Diurno | Darcy Ribeiro (Plano Piloto) / DF,EP_R2_NPPI,EP_R2_NPPI,True,R2,1.5,NPPI,False,-28.117,20.947
2019-2021,2021,Darcy Ribeiro (Plano Piloto) / DF,Engenharia Mecânica (Bacharelado),Diurno,Engenharia Mecânica (Bacharelado) | Diurno | Darcy Ribeiro (Plano Piloto) / DF,AC,AC,False,,,,False,80.147,128.922
2019-2021,2021,Darcy Ribeiro (Plano Piloto) / DF,Engenharia Mecatrônica – Controle e Automação (Bacharelado),Diurno,Engenharia Mecatrônica – Controle e Automação (Bacharelado) | Diurno | Darcy Ribeiro (Plano Piloto) / DF,CN,CN,False,,,NEGROS,False,84.165,84.165
2019-2021,2021,Darcy Ribeiro (Plano Piloto) / DF,Engenharia Mecatrônica – Controle e Automação (Bacharelado),Diurno,Engenharia Mecatrônica – Controle e Automação (Bacharelado) | Diurno | Darcy Ribeiro (Plano Piloto) / DF,EP_R1_PPI,EP_R1_PPI,True,R1,1.5,PPI,False,-27.662,46.608
2019-2021,2021,Darcy Ribeiro (Plano Piloto) / DF,Engenharia Mecatrônica – Controle e Automação (Bacharelado),Diurno,Engenharia Mecatrônica – Controle e Automação (Bacharelado) | Diurno | Darcy Ribeiro (Plano Piloto) / DF,EP_R1_NPPI,EP_R1_NPPI,True,R1,1.5,NPPI,False,-29.193,1.117
2019-2021,2021,Darcy Ribeiro (Plano Piloto) / DF,Engenharia Mecatrônica – Controle e Automação (Bacharelado),Diurno,Engenharia Mecatrônica – Controle e Automação (Bacharelado) | Diurno | Darcy Ribeiro (Plano Piloto) / DF,EP_R2_PPI,EP_R2_PPI,True,R2,1.5,PPI,False,-39.081,-20.043
2019-2021,2021,Darcy Ribeiro (Plano Piloto) / DF,Engenharia Mecatrônica – Controle e Automação (Bacharelado),Diurno,Engenharia Mecatrônica – Controle e Automação (Bacharelado) | Diurno | Darcy Ribeiro (Plano Piloto) / DF,EP_R2_NPPI,EP_R2_NPPI,True,R2,1.5,NPPI,False,49.02,79.438
2019-2021,2021,Darcy Ribeiro (Plano Piloto) / DF,Engenharia Mecatrônica – Controle e Automação (Bacharelado),Diurno,Engenharia Mecatrônica – Controle e Automação (Bacharelado) | Diurno | Darcy Ribeiro (Plano Piloto) / DF,AC,AC,False,,,,False,115.354,193.348
2019-2021,2021,Darcy Ribeiro (Plano Piloto) / DF,Engenharia Química (Bacharelado),Diurno,Engenharia Química (Bacharelado) | Diurno | Darcy Ribeiro (Plano Piloto) / DF,CN,CN,False,,,NEGROS,False,11.144,11.144
2019-2021,2021,Darcy Ribeiro (Plano Piloto) / DF,Engenharia Química (Bacharelado),Diurno,Engenharia Química (Bacharelado) | Diurno | Darcy Ribeiro (Plano Piloto) / DF,EP_R1_PPI,EP_R1_PPI,True,R1,1.5,PPI,False,-35.915,5.342
2019-2021,2021,Darcy Ribeiro (Plano Piloto) / DF,Engenharia Química (Bacharelado),Diurno,Engenharia Química (Bacharelado) | Diurno | Darcy Ribeiro (Plano Piloto) / DF,EP_R1_NPPI,EP_R1_NPPI,True,R1,1.5,NPPI,False,-47.162,-47.162
2019-2021,2021,Darcy Ribeiro (Plano Piloto) / DF,Engenharia Química (Bacharelado),Diurno,Engenharia Química (Bacharelado) | Diurno | Darcy Ribeiro (Plano Piloto) / DF,EP_R2_PPI,EP_R2_PPI,True,R2,1.5,PPI,False,-40.025,-40.025
2019-2021,2021,Darcy Ribeiro (Plano Piloto) / DF,Engenharia Química (Bacharelado),Diurno,Engenharia Química (Bacharelado) | Diurno | Darcy Ribeiro (Plano Piloto) / DF,EP_R2_NPPI,EP_R2_NPPI,True,R2,1.5,NPPI,False,13.493,131.365
2019-2021,2021,Darcy Ribeiro (Plano Piloto) / DF,Engenharia Química (Bacharelado),Diurno,Engenharia Química (Bacharelado) | Diurno | Darcy Ribeiro (Plano Piloto) / DF,AC,AC,False,,,,False,70.109,168.79
2019-2021,2021,Darcy Ribeiro (Plano Piloto) / DF,Estatística (Bacharelado),Diurno,Estatística (Bacharelado) | Diurno | Darcy Ribeiro (Plano Piloto) / DF,CN,CN,False,,,NEGROS,False,-38.073,-38.073
2019-2021,2021,Darcy Ribeiro (Plano Piloto) / DF,Estatística (Bacharelado),Diurno,Estatística (Bacharelado) | Diurno | Darcy Ribeiro (Plano Piloto) / DF,EP_R1_PPI,EP_R1_PPI,True,R1,1.5,PPI,False,-20.062,-12.041
2019-2021,2021,Darcy Ribeiro (Plano Piloto) / DF,Estatística (Bacharelado),Diurno,Estatística (Bacharelado) | Diurno | Darcy Ribeiro (Plano Piloto) / DF,EP_R2_PPI,EP_R2_PPI,True,R2,1.5,PPI,False,-39.185,-39.185
2019-2021,2021,Darcy Ribeiro (Plano Piloto) / DF,Estatística (Bacharelado),Diurno,Estatística (Bacharelado) | Diurno | Darcy Ribeiro (Plano Piloto) / DF,EP_R2_NPPI,EP_R2_NPPI,True,R2,1.5,NPPI,False,-19.116,-19.116
2019-2021,2021,Darcy Ribeiro (Plano Piloto) / DF,Estatística (Bacharelado),Diurno,Estatística (Bacharelado) | Diurno | Darcy Ribeiro (Plano Piloto) / DF,AC,AC,False,,,,False,34.508,121.268
2019-2021,2021,Darcy Ribeiro (Plano Piloto) / DF,Farmácia (Bacharelado),Diurno,Farmácia (Bacharelado) | Diurno | Darcy Ribeiro (Plano Piloto) / DF,CN,CN,False,,,NEGROS,False,51.589,51.589
2019-2021,2021,Darcy Ribeiro (Plano Piloto) / DF,Farmácia (Bacharelado),Diurno,Farmácia (Bacharelado) | Diurno | Darcy Ribeiro (Plano Piloto) / DF,EP_R1_PPI,EP_R1_PPI,True,R1,1.5,PPI,False,-5.174,25.813
2019-2021,2021,Darcy Ribeiro (Plano Piloto) / DF,Farmácia (Bacharelado),Diurno,Farmácia (Bacharelado) | Diurno | Darcy Ribeiro (Plano Piloto) / DF,EP_R1_NPPI,EP_R1_NPPI,True,R1,1.5,NPPI,False,15.342,15.796
2019-2021,2021,Darcy Ribeiro (Plano Piloto) / DF,Farmácia (Bacharelado),Diurno,Farmácia (Bacharelado) | Diurno | Darcy Ribeiro (Plano Piloto) / DF,EP_R2_PPI,EP_R2_PPI,True,R2,1.5,PPI,False,-34.082,-15.667
2019-2021,2021,Darcy Ribeiro (Plano Piloto) / DF,Farmácia (Bacharelado),Diurno,Farmácia (Bacharelado) | Diurno | Darcy Ribeiro (Plano Piloto) / DF,EP_R2_NPPI,EP_R2_NPPI,True,R2,1.5,NPPI,False,18.037,52.683
2019-2021,2021,Darcy Ribeiro (Plano Piloto) / DF,Farmácia (Bacharelado),Diurno,Farmácia (Bacharelado) | Diurno | Darcy Ribeiro (Plano Piloto) / DF,AC,AC,False,,,,False,60.297,114.584
2019-2021,2021,Darcy Ribeiro (Plano Piloto) / DF,Farmácia (Bacharelado),Noturno,Farmácia (Bacharelado) | Noturno | Darcy Ribeiro (Plano Piloto) / DF,CN,CN,False,,,NEGROS,False,39.999,39.999
2019-2021,2021,Darcy Ribeiro (Plano Piloto) / DF,Farmácia (Bacharelado),Noturno,Farmácia (Bacharelado) | Noturno | Darcy Ribeiro (Plano Piloto) / DF,EP_R1_PPI,EP_R1_PPI,True,R1,1.5,PPI,False,-35.372,-22.447
2019-2021,2021,Darcy Ribeiro (Plano Piloto) / DF,Farmácia (Bacharelado),Noturno,Farmácia (Bacharelado) | Noturno | Darcy Ribeiro (Plano Piloto) / DF,EP_R1_NPPI,EP_R1_NPPI,True,R1,1.5,NPPI,False,-10.711,-10.711
2019-2021,2021,Darcy Ribeiro (Plano Piloto) / DF,Farmácia (Bacharelado),Noturno,Farmácia (Bacharelado) | Noturno | Darcy Ribeiro (Plano Piloto) / DF,EP_R2_PPI,EP_R2_PPI,True,R2,1.5,PPI,False,-73.518,-0.575
2019-2021,2021,Darcy Ribeiro (Plano Piloto) / DF,Farmácia (Bacharelado),Noturno,Farmácia (Bacharelado) | Noturno | Darcy Ribeiro (Plano Piloto) / DF,EP_R2_NPPI,EP_R2_NPPI,True,R2,1.5,NPPI,False,1.051,1.051
2019-2021,2021,Darcy Ribeiro (Plano Piloto) / DF,Farmácia (Bacharelado),Noturno,Farmácia (Bacharelado) | Noturno | Darcy Ribeiro (Plano Piloto) / DF,AC,AC,False,,,,False,-1.557,29.537
2019-2021,2021,Darcy Ribeiro (Plano Piloto) / DF,Filosofia (Bacharelado/Licenciat ura),Diurno,Filosofia (Bacharelado/Licenciat ura) | Diurno | Darcy Ribeiro (Plano Piloto) / DF,EP_R1_NPPI,EP_R1_NPPI,True,R1,1.5,NPPI,False,-68.136,-68.136
2019-2021,2021,Darcy Ribeiro (Plano Piloto) / DF,Filosofia (Bacharelado/Licenciat ura),Diurno,Filosofia (Bacharelado/Licenciat ura) | Diurno | Darcy Ribeiro (Plano Piloto) / DF,EP_R2_PPI,EP_R2_PPI,True,R2,1.5,PPI,False,-86.322,1.642
2019-2021,2021,Darcy Ribeiro (Plano Piloto) / DF,Filosofia (Bacharelado/Licenciat ura),Diurno,Filosofia (Bacharelado/Licenciat ura) | Diurno | Darcy Ribeiro (Plano Piloto) / DF,EP_R2_NPPI,EP_R2_NPPI,True,R2,1.5,NPPI,False,45.216,45.216
2019-2021,2021,Darcy Ribeiro (Plano Piloto) / DF,Filosofia (Bacharelado/Licenciat ura),Diurno,Filosofia (Bacharelado/Licenciat ura) | Diurno | Darcy Ribeiro (Plano Piloto) / DF,AC,AC,False,,,,False,-69.896,33.582
2019-2021,2021,Darcy Ribeiro (Plano Piloto) / DF,Filosofia (Licenciatura),Noturno,Filosofia (Licenciatura) | Noturno | Darcy Ribeiro (Plano Piloto) / DF,EP_R1_PPI,EP_R1_PPI,True,R1,1.5,PPI,False,-59.768,-59.768
2019-2021,2021,Darcy Ribeiro (Plano Piloto) / DF,Filosofia (Licenciatura),Noturno,Filosofia (Licenciatura) | Noturno | Darcy Ribeiro (Plano Piloto) / DF,EP_R2_PPI,EP_R2_PPI,True,R2,1.5,PPI,False,-63.589,-63.589
2019-2021,2021,Darcy Ribeiro (Plano Piloto) / DF,Filosofia (Licenciatura),Noturno,Filosofia (Licenciatura) | Noturno | Darcy Ribeiro (Plano Piloto) / DF,AC,AC,False,,,,False,-52.983,37.478
2019-2021,2021,Darcy Ribeiro (Plano Piloto) / DF,Física (Bacharelado),Diurno,Física (Bacharelado) | Diurno | Darcy Ribeiro (Plano Piloto) / DF,EP_R1_PPI,EP_R1_PPI,True,R1,1.5,PPI,False,39.226,39.226
2019-2021,2021,Darcy Ribeiro (Plano Piloto) / DF,Física (Bacharelado),Diurno,Física (Bacharelado) | Diurno | Darcy Ribeiro (Plano Piloto) / DF,EP_R1_NPPI,EP_R1_NPPI,True,R1,1.5,NPPI,False,-59.265,65.812
2019-2021,2021,Darcy Ribeiro (Plano Piloto) / DF,Física (Bacharelado),Diurno,Física (Bacharelado) | Diurno | Darcy Ribeiro (Plano Piloto) / DF,EP_R2_PPI,EP_R2_PPI,True,R2,1.5,PPI,False,20.11,20.11
2019-2021,2021,Darcy Ribeiro (Plano Piloto) / DF,Física (Bacharelado),Diurno,Física (Bacharelado) | Diurno | Darcy Ribeiro (Plano Piloto) / DF,EP_R2_NPPI,EP_R2_NPPI,True,R2,1.5,NPPI,False,-4.154,48.857
2019-2021,2021,Darcy Ribeiro (Plano Piloto) / DF,Física (Bacharelado),Diurno,Física (Bacharelado) | Diurno | Darcy Ribeiro (Plano Piloto) / DF,AC,AC,False,,,,False,91.722,138.765
2019-2021,2021,Darcy Ribeiro (Plano Piloto) / DF,Geofísica (Bacharelado),Diurno,Geofísica (Bacharelado) | Diurno | Darcy Ribeiro (Plano Piloto) / DF,CN,CN,False,,,NEGROS,False,-6.216,-6.216
2019-2021,2021,Darcy Ribeiro (Plano Piloto) / DF,Geofísica (Bacharelado),Diurno,Geofísica (Bacharelado) | Diurno | Darcy Ribeiro (Plano Piloto) / DF,EP_R2_NPPI,EP_R2_NPPI,True,R2,1.5,NPPI,False,-27.06,-27.06
2019-2021,2021,Darcy Ribeiro (Plano Piloto) / DF,Geofísica (Bacharelado),Diurno,Geofísica (Bacharelado) | Diurno | Darcy Ribeiro (Plano Piloto) / DF,AC,AC,False,,,,False,-48.237,8.279
2019-2021,2021,Darcy Ribeiro (Plano Piloto) / DF,Geografia (Bacharelado/Licenciat ura),Diurno,Geografia (Bacharelado/Licenciat ura) | Diurno | Darcy Ribeiro (Plano Piloto) / DF,CN,CN,False,,,NEGROS,False,-8.341,-8.341
2019-2021,2021,Darcy Ribeiro (Plano Piloto) / DF,Geografia (Bacharelado/Licenciat ura),Diurno,Geografia (Bacharelado/Licenciat ura) | Diurno | Darcy Ribeiro (Plano Piloto) / DF,EP_R1_PPI,EP_R1_PPI,True,R1,1.5,PPI,False,-24.912,3.902
2019-2021,2021,Darcy Ribeiro (Plano Piloto) / DF,Geografia (Bacharelado/Licenciat ura),Diurno,Geografia (Bacharelado/Licenciat ura) | Diurno | Darcy Ribeiro (Plano Piloto) / DF,EP_R1_NPPI,EP_R1_NPPI,True,R1,1.5,NPPI,False,13.323,13.323
2019-2021,2021,Darcy Ribeiro (Plano Piloto) / DF,Geografia (Bacharelado/Licenciat ura),Diurno,Geografia (Bacharelado/Licenciat ura) | Diurno | Darcy Ribeiro (Plano Piloto) / DF,EP_R2_PPI,EP_R2_PPI,True,R2,1.5,PPI,False,-28.339,-20.368
2019-2021,2021,Darcy Ribeiro (Plano Piloto) / DF,Geografia (Bacharelado/Licenciat ura),Diurno,Geografia (Bacharelado/Licenciat ura) | Diurno | Darcy Ribeiro (Plano Piloto) / DF,EP_R2_NPPI,EP_R2_NPPI,True,R2,1.5,NPPI,False,-8.556,19.938
2019-2021,2021,Darcy Ribeiro (Plano Piloto) / DF,Geografia (Bacharelado/Licenciat ura),Diurno,Geografia (Bacharelado/Licenciat ura) | Diurno | Darcy Ribeiro (Plano Piloto) / DF,AC,AC,False,,,,False,-11.709,44.499
2019-2021,2021,Darcy Ribeiro (Plano Piloto) / DF,Geologia (Bacharelado),Diurno,Geologia (Bacharelado) | Diurno | Darcy Ribeiro (Plano Piloto) / DF,CN,CN,False,,,NEGROS,False,-33.967,-33.967
2019-2021,2021,Darcy Ribeiro (Plano Piloto) / DF,Geologia (Bacharelado),Diurno,Geologia (Bacharelado) | Diurno | Darcy Ribeiro (Plano Piloto) / DF,EP_R1_PPI,EP_R1_PPI,True,R1,1.5,PPI,False,-59.404,-59.404
2019-2021,2021,Darcy Ribeiro (Plano Piloto) / DF,Geologia (Bacharelado),Diurno,Geologia (Bacharelado) | Diurno | Darcy Ribeiro (Plano Piloto) / DF,EP_R1_NPPI,EP_R1_NPPI,True,R1,1.5,NPPI,False,-36.351,-36.351
2019-2021,2021,Darcy Ribeiro (Plano Piloto) / DF,Geologia (Bacharelado),Diurno,Geologia (Bacharelado) | Diurno | Darcy Ribeiro (Plano Piloto) / DF,EP_R2_NPPI,EP_R2_NPPI,True,R2,1.5,NPPI,False,33.859,33.859
2019-2021,2021,Darcy Ribeiro (Plano Piloto) / DF,Geologia (Bacharelado),Diurno,Geologia (Bacharelado) | Diurno | Darcy Ribeiro (Plano Piloto) / DF,AC,AC,False,,,,False,-68.729,68.345
2019-2021,2021,Darcy Ribeiro (Plano Piloto) / DF,Gestão de Agronegócio (Bacharelado),Noturno,Gestão de Agronegócio (Bacharelado) | Noturno | Darcy Ribeiro (Plano Piloto) / DF,EP_R1_PPI,EP_R1_PPI,True,R1,1.5,PPI,False,-57.616,-57.616
2019-2021,2021,Darcy Ribeiro (Plano Piloto) / DF,Gestão de Agronegócio (Bacharelado),Noturno,Gestão de Agronegócio (Bacharelado) | Noturno | Darcy Ribeiro (Plano Piloto) / DF,EP_R2_PPI,EP_R2_PPI,True,R2,1.5,PPI,False,-44.795,-33.635
2019-2021,2021,Darcy Ribeiro (Plano Piloto) / DF,Gestão de Agronegócio (Bacharelado),Noturno,Gestão de Agronegócio (Bacharelado) | Noturno | Darcy Ribeiro (Plano Piloto) / DF,AC,AC,False,,,,False,-61.028,11.189
2019-2021,2021,Darcy Ribeiro (Plano Piloto) / DF,Gestão de Políticas Públicas (Bacharelado),Noturno,Gestão de Políticas Públicas (Bacharelado) | Noturno | Darcy Ribeiro (Plano Piloto) / DF,CN,CN,False,,,NEGROS,False,-66.75,-66.75
2019-2021,2021,Darcy Ribeiro (Plano Piloto) / DF,Gestão de Políticas Públicas (Bacharelado),Noturno,Gestão de Políticas Públicas (Bacharelado) | Noturno | Darcy Ribeiro (Plano Piloto) / DF,EP_R1_PPI,EP_R1_PPI,True,R1,1.5,PPI,False,-67.263,9.475
2019-2021,2021,Darcy Ribeiro (Plano Piloto) / DF,Gestão de Políticas Públicas (Bacharelado),Noturno,Gestão de Políticas Públicas (Bacharelado) | Noturno | Darcy Ribeiro (Plano Piloto) / DF,EP_R1_NPPI,EP_R1_NPPI,True,R1,1.5,NPPI,False,-94.961,-94.961
2019-2021,2021,Darcy Ribeiro (Plano Piloto) / DF,Gestão de Políticas Públicas (Bacharelado),Noturno,Gestão de Políticas Públicas (Bacharelado) | Noturno | Darcy Ribeiro (Plano Piloto) / DF,EP_R2_PPI,EP_R2_PPI,True,R2,1.5,PPI,False,-66.12,-0.681
2019-2021,2021,Darcy Ribeiro (Plano Piloto) / DF,Gestão de Políticas Públicas (Bacharelado),Noturno,Gestão de Políticas Públicas (Bacharelado) | Noturno | Darcy Ribeiro (Plano Piloto) / DF,EP_R2_NPPI,EP_R2_NPPI,True,R2,1.5,NPPI,False,-81.612,-11.424
2019-2021,2021,Darcy Ribeiro (Plano Piloto) / DF,Gestão de Políticas Públicas (Bacharelado),Noturno,Gestão de Políticas Públicas (Bacharelado) | Noturno | Darcy Ribeiro (Plano Piloto) / DF,AC,AC,False,,,,False,-51.535,51.644
2019-2021,2021,Darcy Ribeiro (Plano Piloto) / DF,História (Bacharelado/Licenciat ura),Diurno,História (Bacharelado/Licenciat ura) | Diurno | Darcy Ribeiro (Plano Piloto) / DF,CN,CN,False,,,NEGROS,False,13.241,13.241
2019-2021,2021,Darcy Ribeiro (Plano Piloto) / DF,História (Bacharelado/Licenciat ura),Diurno,História (Bacharelado/Licenciat ura) | Diurno | Darcy Ribeiro (Plano Piloto) / DF,EP_R1_PPI,EP_R1_PPI,True,R1,1.5,PPI,False,-11.321,15.341
2019-2021,2021,Darcy Ribeiro (Plano Piloto) / DF,História (Bacharelado/Licenciat ura),Diurno,História (Bacharelado/Licenciat ura) | Diurno | Darcy Ribeiro (Plano Piloto) / DF,EP_R1_NPPI,EP_R1_NPPI,True,R1,1.5,NPPI,False,11.681,53.113
2019-2021,2021,Darcy Ribeiro (Plano Piloto) / DF,História (Bacharelado/Licenciat ura),Diurno,História (Bacharelado/Licenciat ura) | Diurno | Darcy Ribeiro (Plano Piloto) / DF,EP_R2_PPI,EP_R2_PPI,True,R2,1.5,PPI,False,0.911,44.728
2019-2021,2021,Darcy Ribeiro (Plano Piloto) / DF,História (Bacharelado/Licenciat ura),Diurno,História (Bacharelado/Licenciat ura) | Diurno | Darcy Ribeiro (Plano Piloto) / DF,EP_R2_NPPI,EP_R2_NPPI,True,R2,1.5,NPPI,False,24.189,24.459
2019-2021,2021,Darcy Ribeiro (Plano Piloto) / DF,História (Bacharelado/Licenciat ura),Diurno,História (Bacharelado/Licenciat ura) | Diurno | Darcy Ribeiro (Plano Piloto) / DF,AC,AC,False,,,,False,44.047,105.499
2019-2021,2021,Darcy Ribeiro (Plano Piloto) / DF,História (Licenciatura),Noturno,História (Licenciatura) | Noturno | Darcy Ribeiro (Plano Piloto) / DF,CN,CN,False,,,NEGROS,False,25.055,25.055
2019-2021,2021,Darcy Ribeiro (Plano Piloto) / DF,História (Licenciatura),Noturno,História (Licenciatura) | Noturno | Darcy Ribeiro (Plano Piloto) / DF,EP_R1_PPI,EP_R1_PPI,True,R1,1.5,PPI,False,-9.043,32.413
2019-2021,2021,Darcy Ribeiro (Plano Piloto) / DF,História (Licenciatura),Noturno,História (Licenciatura) | Noturno | Darcy Ribeiro (Plano Piloto) / DF,EP_R1_NPPI,EP_R1_NPPI,True,R1,1.5,NPPI,False,-17.651,-17.222
2019-2021,2021,Darcy Ribeiro (Plano Piloto) / DF,História (Licenciatura),Noturno,História (Licenciatura) | Noturno | Darcy Ribeiro (Plano Piloto) / DF,EP_R2_PPI,EP_R2_PPI,True,R2,1.5,PPI,False,-34.556,50.644
2019-2021,2021,Darcy Ribeiro (Plano Piloto) / DF,História (Licenciatura),Noturno,História (Licenciatura) | Noturno | Darcy Ribeiro (Plano Piloto) / DF,EP_R2_NPPI,EP_R2_NPPI,True,R2,1.5,NPPI,False,-8.931,1.031
2019-2021,2021,Darcy Ribeiro (Plano Piloto) / DF,História (Licenciatura),Noturno,História (Licenciatura) | Noturno | Darcy Ribeiro (Plano Piloto) / DF,AC,AC,False,,,,False,-38.56,24.313
2019-2021,2021,Darcy Ribeiro (Plano Piloto) / DF,Jornalismo (Bacharelado),Diurno,Jornalismo (Bacharelado) | Diurno | Darcy Ribeiro (Plano Piloto) / DF,CN,CN,False,,,NEGROS,False,76.01,76.01
2019-2021,2021,Darcy Ribeiro (Plano Piloto) / DF,Jornalismo (Bacharelado),Diurno,Jornalismo (Bacharelado) | Diurno | Darcy Ribeiro (Plano Piloto) / DF,EP_R1_PPI,EP_R1_PPI,True,R1,1.5,PPI,False,5.241,7.797
2019-2021,2021,Darcy Ribeiro (Plano Piloto) / DF,Jornalismo (Bacharelado),Diurno,Jornalismo (Bacharelado) | Diurno | Darcy Ribeiro (Plano Piloto) / DF,EP_R1_NPPI,EP_R1_NPPI,True,R1,1.5,NPPI,False,40.539,40.539
2019-2021,2021,Darcy Ribeiro (Plano Piloto) / DF,Jornalismo (Bacharelado),Diurno,Jornalismo (Bacharelado) | Diurno | Darcy Ribeiro (Plano Piloto) / DF,EP_R2_PPI,EP_R2_PPI,True,R2,1.5,PPI,False,23.778,43.842
2019-2021,2021,Darcy Ribeiro (Plano Piloto) / DF,Jornalismo (Bacharelado),Diurno,Jornalismo (Bacharelado) | Diurno | Darcy Ribeiro (Plano Piloto) / DF,EP_R2_NPPI,EP_R2_NPPI,True,R2,1.5,NPPI,False,69.465,69.465
2019-2021,2021,Darcy Ribeiro (Plano Piloto) / DF,Jornalismo (Bacharelado),Diurno,Jornalismo (Bacharelado) | Diurno | Darcy Ribeiro (Plano Piloto) / DF,AC,AC,False,,,,False,85.007,117.234
2019-2021,2021,Darcy Ribeiro (Plano Piloto) / DF,Letras – Português do Brasil como Segunda Língua (Licenciatura),Diurno,Letras – Português do Brasil como Segunda Língua (Licenciatura) | Diurno | Darcy Ribeiro (Plano Piloto) / DF,EP_R1_PPI,EP_R1_PPI,True,R1,1.5,PPI,False,-35.98,-35.98
2019-2021,2021,Darcy Ribeiro (Plano Piloto) / DF,Letras – Português do Brasil como Segunda Língua (Licenciatura),Diurno,Letras – Português do Brasil como Segunda Língua (Licenciatura) | Diurno | Darcy Ribeiro (Plano Piloto) / DF,EP_R1_NPPI,EP_R1_NPPI,True,R1,1.5,NPPI,False,-35.816,-25.7
2019-2021,2021,Darcy Ribeiro (Plano Piloto) / DF,Letras – Português do Brasil como Segunda Língua (Licenciatura),Diurno,Letras – Português do Brasil como Segunda Língua (Licenciatura) | Diurno | Darcy Ribeiro (Plano Piloto) / DF,EP_R2_PPI,EP_R2_PPI,True,R2,1.5,PPI,False,-60.95,-38.117
2019-2021,2021,Darcy Ribeiro (Plano Piloto) / DF,Letras – Português do Brasil como Segunda Língua (Licenciatura),Diurno,Letras – Português do Brasil como Segunda Língua (Licenciatura) | Diurno | Darcy Ribeiro (Plano Piloto) / DF,EP_R2_NPPI,EP_R2_NPPI,True,R2,1.5,NPPI,False,-47.365,-3.586
2019-2021,2021,Darcy Ribeiro (Plano Piloto) / DF,Letras – Português do Brasil como Segunda Língua (Licenciatura),Diurno,Letras – Português do Brasil como Segunda Língua (Licenciatura) | Diurno | Darcy Ribeiro (Plano Piloto) / DF,AC,AC,False,,,,False,-10.942,45.035
2019-2021,2021,Darcy Ribeiro (Plano Piloto) / DF,Letras – Tradução – Francês (Bacharelado),Diurno,Letras – Tradução – Francês (Bacharelado) | Diurno | Darcy Ribeiro (Plano Piloto) / DF,AC,AC,False,,,,False,-28.614,14.02
2019-2021,2021,Darcy Ribeiro (Plano Piloto) / DF,Letras – Tradução – Inglês (Bacharelado),Diurno,Letras – Tradução – Inglês (Bacharelado) | Diurno | Darcy Ribeiro (Plano Piloto) / DF,CN,CN,False,,,NEGROS,False,-51.286,-51.286
2019-2021,2021,Darcy Ribeiro (Plano Piloto) / DF,Letras – Tradução – Inglês (Bacharelado),Diurno,Letras – Tradução – Inglês (Bacharelado) | Diurno | Darcy Ribeiro (Plano Piloto) / DF,EP_R1_PPI,EP_R1_PPI,True,R1,1.5,PPI,False,-63.398,-41.295
2019-2021,2021,Darcy Ribeiro (Plano Piloto) / DF,Letras – Tradução – Inglês (Bacharelado),Diurno,Letras – Tradução – Inglês (Bacharelado) | Diurno | Darcy Ribeiro (Plano Piloto) / DF,EP_R2_PPI,EP_R2_PPI,True,R2,1.5,PPI,False,-34.883,-23.747
2019-2021,2021,Darcy Ribeiro (Plano Piloto) / DF,Letras – Tradução – Inglês (Bacharelado),Diurno,Letras – Tradução – Inglês (Bacharelado) | Diurno | Darcy Ribeiro (Plano Piloto) / DF,EP_R2_NPPI,EP_R2_NPPI,True,R2,1.5,NPPI,False,2.798,45.052
2019-2021,2021,Darcy Ribeiro (Plano Piloto) / DF,Letras – Tradução – Inglês (Bacharelado),Diurno,Letras – Tradução – Inglês (Bacharelado) | Diurno | Darcy Ribeiro (Plano Piloto) / DF,AC,AC,False,,,,False,14.876,72.134
2019-2021,2021,Darcy Ribeiro (Plano Piloto) / DF,Letras – Tradução Espanhol (Bacharelado),Noturno,Letras – Tradução Espanhol (Bacharelado) | Noturno | Darcy Ribeiro (Plano Piloto) / DF,EP_R2_NPPI,EP_R2_NPPI,True,R2,1.5,NPPI,False,-48.799,-25.873
2019-2021,2021,Darcy Ribeiro (Plano Piloto) / DF,Letras – Tradução Espanhol (Bacharelado),Noturno,Letras – Tradução Espanhol (Bacharelado) | Noturno | Darcy Ribeiro (Plano Piloto) / DF,AC,AC,False,,,,False,-59.585,-24.422
2019-2021,2021,Darcy Ribeiro (Plano Piloto) / DF,Licenciatura em Artes Cênicas*,Noturno,Licenciatura em Artes Cênicas* | Noturno | Darcy Ribeiro (Plano Piloto) / DF,EP_R1_PPI,EP_R1_PPI,True,R1,1.5,PPI,False,-10.798,-10.798
2019-2021,2021,Darcy Ribeiro (Plano Piloto) / DF,Licenciatura em Artes Cênicas*,Diurno,Licenciatura em Artes Cênicas* | Diurno | Darcy Ribeiro (Plano Piloto) / DF,EP_R2_PPI,EP_R2_PPI,True,R2,1.5,PPI,False,-49.617,-49.617
2019-2021,2021,Darcy Ribeiro (Plano Piloto) / DF,Licenciatura em Artes Cênicas*,Diurno,Licenciatura em Artes Cênicas* | Diurno | Darcy Ribeiro (Plano Piloto) / DF,AC,AC,False,,,,False,18.627,18.627
2019-2021,2021,Darcy Ribeiro (Plano Piloto) / DF,Licenciatura em Ciências Biológicas,Noturno,Licenciatura em Ciências Biológicas | Noturno | Darcy Ribeiro (Plano Piloto) / DF,CN,CN,False,,,NEGROS,False,40.662,40.662
2019-2021,2021,Darcy Ribeiro (Plano Piloto) / DF,Licenciatura em Ciências Biológicas,Noturno,Licenciatura em Ciências Biológicas | Noturno | Darcy Ribeiro (Plano Piloto) / DF,EP_R1_PPI,EP_R1_PPI,True,R1,1.5,PPI,False,-25.71,32.075
2019-2021,2021,Darcy Ribeiro (Plano Piloto) / DF,Licenciatura em Ciências Biológicas,Noturno,Licenciatura em Ciências Biológicas | Noturno | Darcy Ribeiro (Plano Piloto) / DF,EP_R1_NPPI,EP_R1_NPPI,True,R1,1.5,NPPI,False,-18.134,22.642
2019-2021,2021,Darcy Ribeiro (Plano Piloto) / DF,Licenciatura em Ciências Biológicas,Noturno,Licenciatura em Ciências Biológicas | Noturno | Darcy Ribeiro (Plano Piloto) / DF,EP_R2_PPI,EP_R2_PPI,True,R2,1.5,PPI,False,-26.888,-17.786
2019-2021,2021,Darcy Ribeiro (Plano Piloto) / DF,Licenciatura em Ciências Biológicas,Noturno,Licenciatura em Ciências Biológicas | Noturno | Darcy Ribeiro (Plano Piloto) / DF,EP_R2_NPPI,EP_R2_NPPI,True,R2,1.5,NPPI,False,19.703,40.899
2019-2021,2021,Darcy Ribeiro (Plano Piloto) / DF,Licenciatura em Ciências Biológicas,Noturno,Licenciatura em Ciências Biológicas | Noturno | Darcy Ribeiro (Plano Piloto) / DF,AC,AC,False,,,,False,5.948,116.233
2019-2021,2021,Darcy Ribeiro (Plano Piloto) / DF,Licenciatura em Física,Noturno,Licenciatura em Física | Noturno | Darcy Ribeiro (Plano Piloto) / DF,EP_R2_NPPI,EP_R2_NPPI,True,R2,1.5,NPPI,False,-30.161,26.655
2019-2021,2021,Darcy Ribeiro (Plano Piloto) / DF,Licenciatura em Física,Noturno,Licenciatura em Física | Noturno | Darcy Ribeiro (Plano Piloto) / DF,AC,AC,False,,,,False,-68.138,94.263
2019-2021,2021,Darcy Ribeiro (Plano Piloto) / DF,Licenciatura em Matemática,Noturno,Licenciatura em Matemática | Noturno | Darcy Ribeiro (Plano Piloto) / DF,CN,CN,False,,,NEGROS,False,2.629,2.629
2019-2021,2021,Darcy Ribeiro (Plano Piloto) / DF,Licenciatura em Matemática,Noturno,Licenciatura em Matemática | Noturno | Darcy Ribeiro (Plano Piloto) / DF,EP_R1_PPI,EP_R1_PPI,True,R1,1.5,PPI,False,-38.182,-20.674
2019-2021,2021,Darcy Ribeiro (Plano Piloto) / DF,Licenciatura em Matemática,Noturno,Licenciatura em Matemática | Noturno | Darcy Ribeiro (Plano Piloto) / DF,EP_R2_PPI,EP_R2_PPI,True,R2,1.5,PPI,False,-11.475,23.132
2019-2021,2021,Darcy Ribeiro (Plano Piloto) / DF,Licenciatura em Matemática,Noturno,Licenciatura em Matemática | Noturno | Darcy Ribeiro (Plano Piloto) / DF,EP_R2_NPPI,EP_R2_NPPI,True,R2,1.5,NPPI,False,-54.593,1.689
2019-2021,2021,Darcy Ribeiro (Plano Piloto) / DF,Licenciatura em Matemática,Noturno,Licenciatura em Matemática | Noturno | Darcy Ribeiro (Plano Piloto) / DF,AC,AC,False,,,,False,-49.204,9.671
2019-2021,2021,Darcy Ribeiro (Plano Piloto) / DF,Licenciatura em Música*,Noturno,Licenciatura em Música* | Noturno | Darcy Ribeiro (Plano Piloto) / DF,EP_R2_NPPI,EP_R2_NPPI,True,R2,1.5,NPPI,False,17.12,17.12
2019-2021,2021,Darcy Ribeiro (Plano Piloto) / DF,Licenciatura em Química,Noturno,Licenciatura em Química | Noturno | Darcy Ribeiro (Plano Piloto) / DF,CN,CN,False,,,NEGROS,False,-44.645,-44.645
2019-2021,2021,Darcy Ribeiro (Plano Piloto) / DF,Licenciatura em Química,Noturno,Licenciatura em Química | Noturno | Darcy Ribeiro (Plano Piloto) / DF,EP_R1_NPPI,EP_R1_NPPI,True,R1,1.5,NPPI,False,13.391,13.391
2019-2021,2021,Darcy Ribeiro (Plano Piloto) / DF,Licenciatura em Química,Noturno,Licenciatura em Química | Noturno | Darcy Ribeiro (Plano Piloto) / DF,EP_R2_PPI,EP_R2_PPI,True,R2,1.5,PPI,False,-24.258,-24.258
2019-2021,2021,Darcy Ribeiro (Plano Piloto) / DF,Licenciatura em Química,Noturno,Licenciatura em Química | Noturno | Darcy Ribeiro (Plano Piloto) / DF,EP_R2_NPPI,EP_R2_NPPI,True,R2,1.5,NPPI,False,11.482,11.482
2019-2021,2021,Darcy Ribeiro (Plano Piloto) / DF,Licenciatura em Química,Noturno,Licenciatura em Química | Noturno | Darcy Ribeiro (Plano Piloto) / DF,AC,AC,False,,,,False,-32.77,-32.77
2019-2021,2021,Darcy Ribeiro (Plano Piloto) / DF,Língua e Literatura Japonesa (Licenciatura),Noturno,Língua e Literatura Japonesa (Licenciatura) | Noturno | Darcy Ribeiro (Plano Piloto) / DF,EP_R2_PPI_PCD,EP_R2_PPI_PCD,True,R2,1.5,PPI,True,5.9,5.9
2019-2021,2021,Darcy Ribeiro (Plano Piloto) / DF,Língua e Literatura Japonesa (Licenciatura),Noturno,Língua e Literatura Japonesa (Licenciatura) | Noturno | Darcy Ribeiro (Plano Piloto) / DF,EP_R2_NPPI,EP_R2_NPPI,True,R2,1.5,NPPI,False,2.278,2.278
2019-2021,2021,Darcy Ribeiro (Plano Piloto) / DF,Língua e Literatura Japonesa (Licenciatura),Noturno,Língua e Literatura Japonesa (Licenciatura) | Noturno | Darcy Ribeiro (Plano Piloto) / DF,AC,AC,False,,,,False,-62.925,18.808
2019-2021,2021,Darcy Ribeiro (Plano Piloto) / DF,Língua Espanhola e Literatura Espanhola e Hispano-Americana (Licenciatura),Noturno,Língua Espanhola e Literatura Espanhola e Hispano-Americana (Licenciatura) | Noturno | Darcy Ribeiro (Plano Piloto) / DF,EP_R1_PPI,EP_R1_PPI,True,R1,1.5,PPI,False,-54.875,-36.401
2019-2021,2021,Darcy Ribeiro (Plano Piloto) / DF,Língua Espanhola e Literatura Espanhola e Hispano-Americana (Licenciatura),Noturno,Língua Espanhola e Literatura Espanhola e Hispano-Americana (Licenciatura) | Noturno | Darcy Ribeiro (Plano Piloto) / DF,EP_R1_NPPI,EP_R1_NPPI,True,R1,1.5,NPPI,False,-27.424,-27.424
2019-2021,2021,Darcy Ribeiro (Plano Piloto) / DF,Língua Espanhola e Literatura Espanhola e Hispano-Americana (Licenciatura),Noturno,Língua Espanhola e Literatura Espanhola e Hispano-Americana (Licenciatura) | Noturno | Darcy Ribeiro (Plano Piloto) / DF,EP_R2_PPI,EP_R2_PPI,True,R2,1.5,PPI,False,-45.262,-45.262
2019-2021,2021,Darcy Ribeiro (Plano Piloto) / DF,Língua Espanhola e Literatura Espanhola e Hispano-Americana (Licenciatura),Noturno,Língua Espanhola e Literatura Espanhola e Hispano-Americana (Licenciatura) | Noturno | Darcy Ribeiro (Plano Piloto) / DF,AC,AC,False,,,,False,-98.76,13.701
2019-2021,2021,Darcy Ribeiro (Plano Piloto) / DF,Língua Estrangeira Aplicada – Multilinguismo e Sociedade da Informação (Bacharelado),Diurno,Língua Estrangeira Aplicada – Multilinguismo e Sociedade da Informação (Bacharelado) | Diurno | Darcy Ribeiro (Plano Piloto) / DF,CN,CN,False,,,NEGROS,False,-34.469,-34.469
2019-2021,2021,Darcy Ribeiro (Plano Piloto) / DF,Língua Estrangeira Aplicada – Multilinguismo e Sociedade da Informação (Bacharelado),Diurno,Língua Estrangeira Aplicada – Multilinguismo e Sociedade da Informação (Bacharelado) | Diurno | Darcy Ribeiro (Plano Piloto) / DF,EP_R1_NPPI,EP_R1_NPPI,True,R1,1.5,NPPI,False,47.66,47.66
2019-2021,2021,Darcy Ribeiro (Plano Piloto) / DF,Língua Estrangeira Aplicada – Multilinguismo e Sociedade da Informação (Bacharelado),Diurno,Língua Estrangeira Aplicada – Multilinguismo e Sociedade da Informação (Bacharelado) | Diurno | Darcy Ribeiro (Plano Piloto) / DF,EP_R2_PPI,EP_R2_PPI,True,R2,1.5,PPI,False,21.416,21.416
2019-2021,2021,Darcy Ribeiro (Plano Piloto) / DF,Língua Estrangeira Aplicada – Multilinguismo e Sociedade da Informação (Bacharelado),Diurno,Língua Estrangeira Aplicada – Multilinguismo e Sociedade da Informação (Bacharelado) | Diurno | Darcy Ribeiro (Plano Piloto) / DF,EP_R2_NPPI,EP_R2_NPPI,True,R2,1.5,NPPI,False,-13.842,-0.945
2019-2021,2021,Darcy Ribeiro (Plano Piloto) / DF,Língua Estrangeira Aplicada – Multilinguismo e Sociedade da Informação (Bacharelado),Diurno,Língua Estrangeira Aplicada – Multilinguismo e Sociedade da Informação (Bacharelado) | Diurno | Darcy Ribeiro (Plano Piloto) / DF,AC,AC,False,,,,False,-55.946,50.274
2019-2021,2021,Darcy Ribeiro (Plano Piloto) / DF,Língua Francesa e Respectiva Literatura (Bacharelado/Licenciat ura),Diurno,Língua Francesa e Respectiva Literatura (Bacharelado/Licenciat ura) | Diurno | Darcy Ribeiro (Plano Piloto) / DF,EP_R1_NPPI,EP_R1_NPPI,True,R1,1.5,NPPI,False,-2.644,-2.644
2019-2021,2021,Darcy Ribeiro (Plano Piloto) / DF,Língua Francesa e Respectiva Literatura (Bacharelado/Licenciat ura),Diurno,Língua Francesa e Respectiva Literatura (Bacharelado/Licenciat ura) | Diurno | Darcy Ribeiro (Plano Piloto) / DF,EP_R2_PPI,EP_R2_PPI,True,R2,1.5,PPI,False,-48.718,-8.908
2019-2021,2021,Darcy Ribeiro (Plano Piloto) / DF,Língua Francesa e Respectiva Literatura (Bacharelado/Licenciat ura),Diurno,Língua Francesa e Respectiva Literatura (Bacharelado/Licenciat ura) | Diurno | Darcy Ribeiro (Plano Piloto) / DF,EP_R2_NPPI,EP_R2_NPPI,True,R2,1.5,NPPI,False,-43.649,-43.649
2019-2021,2021,Darcy Ribeiro (Plano Piloto) / DF,Língua Francesa e Respectiva Literatura (Bacharelado/Licenciat ura),Diurno,Língua Francesa e Respectiva Literatura (Bacharelado/Licenciat ura) | Diurno | Darcy Ribeiro (Plano Piloto) / DF,AC,AC,False,,,,False,-44.511,28.361
2019-2021,2021,Darcy Ribeiro (Plano Piloto) / DF,Língua Inglesa e Respectiva Literatura (Bacharelado/Licenciat ura),Diurno,Língua Inglesa e Respectiva Literatura (Bacharelado/Licenciat ura) | Diurno | Darcy Ribeiro (Plano Piloto) / DF,CN,CN,False,,,NEGROS,False,-25.636,-25.636
2019-2021,2021,Darcy Ribeiro (Plano Piloto) / DF,Língua Inglesa e Respectiva Literatura (Bacharelado/Licenciat ura),Diurno,Língua Inglesa e Respectiva Literatura (Bacharelado/Licenciat ura) | Diurno | Darcy Ribeiro (Plano Piloto) / DF,EP_R1_PPI,EP_R1_PPI,True,R1,1.5,PPI,False,-42.015,-39.516
2019-2021,2021,Darcy Ribeiro (Plano Piloto) / DF,Língua Inglesa e Respectiva Literatura (Bacharelado/Licenciat ura),Diurno,Língua Inglesa e Respectiva Literatura (Bacharelado/Licenciat ura) | Diurno | Darcy Ribeiro (Plano Piloto) / DF,EP_R1_NPPI,EP_R1_NPPI,True,R1,1.5,NPPI,False,-3.967,-3.967
2019-2021,2021,Darcy Ribeiro (Plano Piloto) / DF,Língua Inglesa e Respectiva Literatura (Bacharelado/Licenciat ura),Diurno,Língua Inglesa e Respectiva Literatura (Bacharelado/Licenciat ura) | Diurno | Darcy Ribeiro (Plano Piloto) / DF,EP_R2_PPI,EP_R2_PPI,True,R2,1.5,PPI,False,1.85,17.924
2019-2021,2021,Darcy Ribeiro (Plano Piloto) / DF,Língua Inglesa e Respectiva Literatura (Bacharelado/Licenciat ura),Diurno,Língua Inglesa e Respectiva Literatura (Bacharelado/Licenciat ura) | Diurno | Darcy Ribeiro (Plano Piloto) / DF,EP_R2_NPPI,EP_R2_NPPI,True,R2,1.5,NPPI,False,27.842,27.842
2019-2021,2021,Darcy Ribeiro (Plano Piloto) / DF,Língua Inglesa e Respectiva Literatura (Bacharelado/Licenciat ura),Diurno,Língua Inglesa e Respectiva Literatura (Bacharelado/Licenciat ura) | Diurno | Darcy Ribeiro (Plano Piloto) / DF,AC,AC,False,,,,False,32.546,50.645
2019-2021,2021,Darcy Ribeiro (Plano Piloto) / DF,Língua Portuguesa e Respectiva Literatura (Bacharelado/Licenciat ura),Diurno,Língua Portuguesa e Respectiva Literatura (Bacharelado/Licenciat ura) | Diurno | Darcy Ribeiro (Plano Piloto) / DF,CN,CN,False,,,NEGROS,False,8.583,8.583
2019-2021,2021,Darcy Ribeiro (Plano Piloto) / DF,Língua Portuguesa e Respectiva Literatura (Bacharelado/Licenciat ura),Diurno,Língua Portuguesa e Respectiva Literatura (Bacharelado/Licenciat ura) | Diurno | Darcy Ribeiro (Plano Piloto) / DF,EP_R1_PPI,EP_R1_PPI,True,R1,1.5,PPI,False,-10.113,26.323
2019-2021,2021,Darcy Ribeiro (Plano Piloto) / DF,Língua Portuguesa e Respectiva Literatura (Bacharelado/Licenciat ura),Diurno,Língua Portuguesa e Respectiva Literatura (Bacharelado/Licenciat ura) | Diurno | Darcy Ribeiro (Plano Piloto) / DF,EP_R1_NPPI,EP_R1_NPPI,True,R1,1.5,NPPI,False,8.396,8.396
2019-2021,2021,Darcy Ribeiro (Plano Piloto) / DF,Língua Portuguesa e Respectiva Literatura (Bacharelado/Licenciat ura),Diurno,Língua Portuguesa e Respectiva Literatura (Bacharelado/Licenciat ura) | Diurno | Darcy Ribeiro (Plano Piloto) / DF,EP_R2_PPI,EP_R2_PPI,True,R2,1.5,PPI,False,-13.148,25.795
2019-2021,2021,Darcy Ribeiro (Plano Piloto) / DF,Língua Portuguesa e Respectiva Literatura (Bacharelado/Licenciat ura),Diurno,Língua Portuguesa e Respectiva Literatura (Bacharelado/Licenciat ura) | Diurno | Darcy Ribeiro (Plano Piloto) / DF,EP_R2_NPPI,EP_R2_NPPI,True,R2,1.5,NPPI,False,23.426,23.426
2019-2021,2021,Darcy Ribeiro (Plano Piloto) / DF,Língua Portuguesa e Respectiva Literatura (Bacharelado/Licenciat ura),Diurno,Língua Portuguesa e Respectiva Literatura (Bacharelado/Licenciat ura) | Diurno | Darcy Ribeiro (Plano Piloto) / DF,AC,AC,False,,,,False,41.363,52.962
2019-2021,2021,Darcy Ribeiro (Plano Piloto) / DF,Língua Portuguesa e Respectiva Literatura (Licenciatura),Noturno,Língua Portuguesa e Respectiva Literatura (Licenciatura) | Noturno | Darcy Ribeiro (Plano Piloto) / DF,EP_R1_NPPI,EP_R1_NPPI,True,R1,1.5,NPPI,False,6.56,6.56
2019-2021,2021,Darcy Ribeiro (Plano Piloto) / DF,Língua Portuguesa e Respectiva Literatura (Licenciatura),Noturno,Língua Portuguesa e Respectiva Literatura (Licenciatura) | Noturno | Darcy Ribeiro (Plano Piloto) / DF,EP_R2_PPI,EP_R2_PPI,True,R2,1.5,PPI,False,-23.897,-23.897
2019-2021,2021,Darcy Ribeiro (Plano Piloto) / DF,Língua Portuguesa e Respectiva Literatura (Licenciatura),Noturno,Língua Portuguesa e Respectiva Literatura (Licenciatura) | Noturno | Darcy Ribeiro (Plano Piloto) / DF,EP_R2_NPPI,EP_R2_NPPI,True,R2,1.5,NPPI,False,-51.267,-51.267
2019-2021,2021,Darcy Ribeiro (Plano Piloto) / DF,Língua Portuguesa e Respectiva Literatura (Licenciatura),Noturno,Língua Portuguesa e Respectiva Literatura (Licenciatura) | Noturno | Darcy Ribeiro (Plano Piloto) / DF,AC,AC,False,,,,False,-70.531,78.089
2019-2021,2021,Darcy Ribeiro (Plano Piloto) / DF,Matemática (Bacharelado/Licenciat ura),Diurno,Matemática (Bacharelado/Licenciat ura) | Diurno | Darcy Ribeiro (Plano Piloto) / DF,EP_R1_PPI,EP_R1_PPI,True,R1,1.5,PPI,False,1.929,1.929
2019-2021,2021,Darcy Ribeiro (Plano Piloto) / DF,Matemática (Bacharelado/Licenciat ura),Diurno,Matemática (Bacharelado/Licenciat ura) | Diurno | Darcy Ribeiro (Plano Piloto) / DF,EP_R1_NPPI,EP_R1_NPPI,True,R1,1.5,NPPI,False,-51.323,-0.098
2019-2021,2021,Darcy Ribeiro (Plano Piloto) / DF,Matemática (Bacharelado/Licenciat ura),Diurno,Matemática (Bacharelado/Licenciat ura) | Diurno | Darcy Ribeiro (Plano Piloto) / DF,EP_R2_PPI,EP_R2_PPI,True,R2,1.5,PPI,False,-60.003,32.678
2019-2021,2021,Darcy Ribeiro (Plano Piloto) / DF,Matemática (Bacharelado/Licenciat ura),Diurno,Matemática (Bacharelado/Licenciat ura) | Diurno | Darcy Ribeiro (Plano Piloto) / DF,EP_R2_NPPI,EP_R2_NPPI,True,R2,1.5,NPPI,False,40.087,40.087
2019-2021,2021,Darcy Ribeiro (Plano Piloto) / DF,Matemática (Bacharelado/Licenciat ura),Diurno,Matemática (Bacharelado/Licenciat ura) | Diurno | Darcy Ribeiro (Plano Piloto) / DF,AC,AC,False,,,,False,22.51,91.155
2019-2021,2021,Darcy Ribeiro (Plano Piloto) / DF,Medicina (Bacharelado),Diurno,Medicina (Bacharelado) | Diurno | Darcy Ribeiro (Plano Piloto) / DF,CN,CN,False,,,NEGROS,False,130.611,130.611
2019-2021,2021,Darcy Ribeiro (Plano Piloto) / DF,Medicina (Bacharelado),Diurno,Medicina (Bacharelado) | Diurno | Darcy Ribeiro (Plano Piloto) / DF,EP_R1_PPI,EP_R1_PPI,True,R1,1.5,PPI,False,70.434,77.743
2019-2021,2021,Darcy Ribeiro (Plano Piloto) / DF,Medicina (Bacharelado),Diurno,Medicina (Bacharelado) | Diurno | Darcy Ribeiro (Plano Piloto) / DF,EP_R1_PPI_PCD,EP_R1_PPI_PCD,True,R1,1.5,PPI,True,-6.687,-6.687
2019-2021,2021,Darcy Ribeiro (Plano Piloto) / DF,Medicina (Bacharelado),Diurno,Medicina (Bacharelado) | Diurno | Darcy Ribeiro (Plano Piloto) / DF,EP_R1_NPPI,EP_R1_NPPI,True,R1,1.5,NPPI,False,117.211,117.211
2019-2021,2021,Darcy Ribeiro (Plano Piloto) / DF,Medicina (Bacharelado),Diurno,Medicina (Bacharelado) | Diurno | Darcy Ribeiro (Plano Piloto) / DF,EP_R1_NPPI_PCD,EP_R1_NPPI_PCD,True,R1,1.5,NPPI,True,-22.108,-22.108
2019-2021,2021,Darcy Ribeiro (Plano Piloto) / DF,Medicina (Bacharelado),Diurno,Medicina (Bacharelado) | Diurno | Darcy Ribeiro (Plano Piloto) / DF,EP_R2_PPI,EP_R2_PPI,True,R2,1.5,PPI,False,115.852,166.333
2019-2021,2021,Darcy Ribeiro (Plano Piloto) / DF,Medicina (Bacharelado),Diurno,Medicina (Bacharelado) | Diurno | Darcy Ribeiro (Plano Piloto) / DF,EP_R2_NPPI,EP_R2_NPPI,True,R2,1.5,NPPI,False,186.191,186.191
2019-2021,2021,Darcy Ribeiro (Plano Piloto) / DF,Medicina (Bacharelado),Diurno,Medicina (Bacharelado) | Diurno | Darcy Ribeiro (Plano Piloto) / DF,EP_R2_NPPI_PCD,EP_R2_NPPI_PCD,True,R2,1.5,NPPI,True,-17.084,-17.084
2019-2021,2021,Darcy Ribeiro (Plano Piloto) / DF,Medicina (Bacharelado),Diurno,Medicina (Bacharelado) | Diurno | Darcy Ribeiro (Plano Piloto) / DF,AC,AC,False,,,,False,173.841,206.948
2019-2021,2021,Darcy Ribeiro (Plano Piloto) / DF,Medicina Veterinária (Bacharelado),Diurno,Medicina Veterinária (Bacharelado) | Diurno | Darcy Ribeiro (Plano Piloto) / DF,CN,CN,False,,,NEGROS,False,68.27,68.27
2019-2021,2021,Darcy Ribeiro (Plano Piloto) / DF,Medicina Veterinária (Bacharelado),Diurno,Medicina Veterinária (Bacharelado) | Diurno | Darcy Ribeiro (Plano Piloto) / DF,EP_R1_PPI,EP_R1_PPI,True,R1,1.5,PPI,False,9.779,22.881
2019-2021,2021,Darcy Ribeiro (Plano Piloto) / DF,Medicina Veterinária (Bacharelado),Diurno,Medicina Veterinária (Bacharelado) | Diurno | Darcy Ribeiro (Plano Piloto) / DF,EP_R1_NPPI,EP_R1_NPPI,True,R1,1.5,NPPI,False,7.066,34.654
2019-2021,2021,Darcy Ribeiro (Plano Piloto) / DF,Medicina Veterinária (Bacharelado),Diurno,Medicina Veterinária (Bacharelado) | Diurno | Darcy Ribeiro (Plano Piloto) / DF,EP_R2_PPI,EP_R2_PPI,True,R2,1.5,PPI,False,60.745,65.444
2019-2021,2021,Darcy Ribeiro (Plano Piloto) / DF,Medicina Veterinária (Bacharelado),Diurno,Medicina Veterinária (Bacharelado) | Diurno | Darcy Ribeiro (Plano Piloto) / DF,EP_R2_NPPI,EP_R2_NPPI,True,R2,1.5,NPPI,False,50.944,54.202
2019-2021,2021,Darcy Ribeiro (Plano Piloto) / DF,Medicina Veterinária (Bacharelado),Diurno,Medicina Veterinária (Bacharelado) | Diurno | Darcy Ribeiro (Plano Piloto) / DF,AC,AC,False,,,,False,82.802,179.56
2019-2021,2021,Darcy Ribeiro (Plano Piloto) / DF,Museologia (Bacharelado),Diurno,Museologia (Bacharelado) | Diurno | Darcy Ribeiro (Plano Piloto) / DF,CN,CN,False,,,NEGROS,False,-59.2,-59.2
2019-2021,2021,Darcy Ribeiro (Plano Piloto) / DF,Museologia (Bacharelado),Diurno,Museologia (Bacharelado) | Diurno | Darcy Ribeiro (Plano Piloto) / DF,EP_R2_PPI,EP_R2_PPI,True,R2,1.5,PPI,False,-51.807,-48.412
2019-2021,2021,Darcy Ribeiro (Plano Piloto) / DF,Museologia (Bacharelado),Diurno,Museologia (Bacharelado) | Diurno | Darcy Ribeiro (Plano Piloto) / DF,EP_R2_NPPI,EP_R2_NPPI,True,R2,1.5,NPPI,False,-83.171,-5.934
2019-2021,2021,Darcy Ribeiro (Plano Piloto) / DF,Museologia (Bacharelado),Diurno,Museologia (Bacharelado) | Diurno | Darcy Ribeiro (Plano Piloto) / DF,AC,AC,False,,,,False,-69.548,21.708
2019-2021,2021,Darcy Ribeiro (Plano Piloto) / DF,Música (Licenciatura)*,Diurno,Música (Licenciatura)* | Diurno | Darcy Ribeiro (Plano Piloto) / DF,EP_R1_NPPI,EP_R1_NPPI,True,R1,1.5,NPPI,False,13.326,13.326
2019-2021,2021,Darcy Ribeiro (Plano Piloto) / DF,Música (Licenciatura)*,Diurno,Música (Licenciatura)* | Diurno | Darcy Ribeiro (Plano Piloto) / DF,AC,AC,False,,,,False,-52.883,59.144
2019-2021,2021,Darcy Ribeiro (Plano Piloto) / DF,Nutrição (Bacharelado),Diurno,Nutrição (Bacharelado) | Diurno | Darcy Ribeiro (Plano Piloto) / DF,CN,CN,False,,,NEGROS,False,27.706,27.706
2019-2021,2021,Darcy Ribeiro (Plano Piloto) / DF,Nutrição (Bacharelado),Diurno,Nutrição (Bacharelado) | Diurno | Darcy Ribeiro (Plano Piloto) / DF,EP_R1_PPI,EP_R1_PPI,True,R1,1.5,PPI,False,-47.36,22.813
2019-2021,2021,Darcy Ribeiro (Plano Piloto) / DF,Nutrição (Bacharelado),Diurno,Nutrição (Bacharelado) | Diurno | Darcy Ribeiro (Plano Piloto) / DF,EP_R1_NPPI,EP_R1_NPPI,True,R1,1.5,NPPI,False,18.954,18.954
2019-2021,2021,Darcy Ribeiro (Plano Piloto) / DF,Nutrição (Bacharelado),Diurno,Nutrição (Bacharelado) | Diurno | Darcy Ribeiro (Plano Piloto) / DF,EP_R2_PPI,EP_R2_PPI,True,R2,1.5,PPI,False,-13.868,14.264
2019-2021,2021,Darcy Ribeiro (Plano Piloto) / DF,Nutrição (Bacharelado),Diurno,Nutrição (Bacharelado) | Diurno | Darcy Ribeiro (Plano Piloto) / DF,EP_R2_NPPI,EP_R2_NPPI,True,R2,1.5,NPPI,False,48.358,48.358
2019-2021,2021,Darcy Ribeiro (Plano Piloto) / DF,Nutrição (Bacharelado),Diurno,Nutrição (Bacharelado) | Diurno | Darcy Ribeiro (Plano Piloto) / DF,AC,AC,False,,,,False,64.371,93.954
2019-2021,2021,Darcy Ribeiro (Plano Piloto) / DF,Odontologia (Bacharelado),Diurno,Odontologia (Bacharelado) | Diurno | Darcy Ribeiro (Plano Piloto) / DF,CN,CN,False,,,NEGROS,False,71.784,71.784
2019-2021,2021,Darcy Ribeiro (Plano Piloto) / DF,Odontologia (Bacharelado),Diurno,Odontologia (Bacharelado) | Diurno | Darcy Ribeiro (Plano Piloto) / DF,EP_R1_PPI,EP_R1_PPI,True,R1,1.5,PPI,False,16.771,54.234
2019-2021,2021,Darcy Ribeiro (Plano Piloto) / DF,Odontologia (Bacharelado),Diurno,Odontologia (Bacharelado) | Diurno | Darcy Ribeiro (Plano Piloto) / DF,EP_R1_NPPI,EP_R1_NPPI,True,R1,1.5,NPPI,False,19.788,19.788
2019-2021,2021,Darcy Ribeiro (Plano Piloto) / DF,Odontologia (Bacharelado),Diurno,Odontologia (Bacharelado) | Diurno | Darcy Ribeiro (Plano Piloto) / DF,EP_R2_PPI,EP_R2_PPI,True,R2,1.5,PPI,False,41.185,97.122
2019-2021,2021,Darcy Ribeiro (Plano Piloto) / DF,Odontologia (Bacharelado),Diurno,Odontologia (Bacharelado) | Diurno | Darcy Ribeiro (Plano Piloto) / DF,EP_R2_NPPI,EP_R2_NPPI,True,R2,1.5,NPPI,False,66.216,66.216
2019-2021,2021,Darcy Ribeiro (Plano Piloto) / DF,Odontologia (Bacharelado),Diurno,Odontologia (Bacharelado) | Diurno | Darcy Ribeiro (Plano Piloto) / DF,AC,AC,False,,,,False,81.777,129.578
2019-2021,2021,Darcy Ribeiro (Plano Piloto) / DF,Pedagogia (Licenciatura),Diurno,Pedagogia (Licenciatura) | Diurno | Darcy Ribeiro (Plano Piloto) / DF,CN,CN,False,,,NEGROS,False,-15.759,-9.929
2019-2021,2021,Darcy Ribeiro (Plano Piloto) / DF,Pedagogia (Licenciatura),Diurno,Pedagogia (Licenciatura) | Diurno | Darcy Ribeiro (Plano Piloto) / DF,EP_R1_PPI,EP_R1_PPI,True,R1,1.5,PPI,False,-36.471,26.623
2019-2021,2021,Darcy Ribeiro (Plano Piloto) / DF,Pedagogia (Licenciatura),Diurno,Pedagogia (Licenciatura) | Diurno | Darcy Ribeiro (Plano Piloto) / DF,EP_R1_NPPI,EP_R1_NPPI,True,R1,1.5,NPPI,False,-34.756,25.725
2019-2021,2021,Darcy Ribeiro (Plano Piloto) / DF,Pedagogia (Licenciatura),Diurno,Pedagogia (Licenciatura) | Diurno | Darcy Ribeiro (Plano Piloto) / DF,EP_R2_PPI,EP_R2_PPI,True,R2,1.5,PPI,False,-28.413,6.627
2019-2021,2021,Darcy Ribeiro (Plano Piloto) / DF,Pedagogia (Licenciatura),Diurno,Pedagogia (Licenciatura) | Diurno | Darcy Ribeiro (Plano Piloto) / DF,EP_R2_NPPI,EP_R2_NPPI,True,R2,1.5,NPPI,False,-15.683,22.02
2019-2021,2021,Darcy Ribeiro (Plano Piloto) / DF,Pedagogia (Licenciatura),Diurno,Pedagogia (Licenciatura) | Diurno | Darcy Ribeiro (Plano Piloto) / DF,AC,AC,False,,,,False,-20.971,44.375
2019-2021,2021,Darcy Ribeiro (Plano Piloto) / DF,Pedagogia (Licenciatura),Noturno,Pedagogia (Licenciatura) | Noturno | Darcy Ribeiro (Plano Piloto) / DF,CN,CN,False,,,NEGROS,False,17.691,17.691
2019-2021,2021,Darcy Ribeiro (Plano Piloto) / DF,Pedagogia (Licenciatura),Noturno,Pedagogia (Licenciatura) | Noturno | Darcy Ribeiro (Plano Piloto) / DF,EP_R1_PPI,EP_R1_PPI,True,R1,1.5,PPI,False,-53.278,-41.609
2019-2021,2021,Darcy Ribeiro (Plano Piloto) / DF,Pedagogia (Licenciatura),Noturno,Pedagogia (Licenciatura) | Noturno | Darcy Ribeiro (Plano Piloto) / DF,EP_R1_NPPI,EP_R1_NPPI,True,R1,1.5,NPPI,False,-33.843,-8.815
2019-2021,2021,Darcy Ribeiro (Plano Piloto) / DF,Pedagogia (Licenciatura),Noturno,Pedagogia (Licenciatura) | Noturno | Darcy Ribeiro (Plano Piloto) / DF,EP_R2_PPI,EP_R2_PPI,True,R2,1.5,PPI,False,-28.92,-28.92
2019-2021,2021,Darcy Ribeiro (Plano Piloto) / DF,Pedagogia (Licenciatura),Noturno,Pedagogia (Licenciatura) | Noturno | Darcy Ribeiro (Plano Piloto) / DF,EP_R2_NPPI,EP_R2_NPPI,True,R2,1.5,NPPI,False,-62.622,-17.576
2019-2021,2021,Darcy Ribeiro (Plano Piloto) / DF,Pedagogia (Licenciatura),Noturno,Pedagogia (Licenciatura) | Noturno | Darcy Ribeiro (Plano Piloto) / DF,AC,AC,False,,,,False,-58.685,-3.162
2019-2021,2021,Darcy Ribeiro (Plano Piloto) / DF,Psicologia (Bacharelado / Licenciatura / Psicólogo),Diurno,Psicologia (Bacharelado / Licenciatura / Psicólogo) | Diurno | Darcy Ribeiro (Plano Piloto) / DF,CN,CN,False,,,NEGROS,False,60.228,60.228
2019-2021,2021,Darcy Ribeiro (Plano Piloto) / DF,Psicologia (Bacharelado / Licenciatura / Psicólogo),Diurno,Psicologia (Bacharelado / Licenciatura / Psicólogo) | Diurno | Darcy Ribeiro (Plano Piloto) / DF,EP_R1_PPI,EP_R1_PPI,True,R1,1.5,PPI,False,23.235,34.134
2019-2021,2021,Darcy Ribeiro (Plano Piloto) / DF,Psicologia (Bacharelado / Licenciatura / Psicólogo),Diurno,Psicologia (Bacharelado / Licenciatura / Psicólogo) | Diurno | Darcy Ribeiro (Plano Piloto) / DF,EP_R1_NPPI,EP_R1_NPPI,True,R1,1.5,NPPI,False,47.859,69.85
2019-2021,2021,Darcy Ribeiro (Plano Piloto) / DF,Psicologia (Bacharelado / Licenciatura / Psicólogo),Diurno,Psicologia (Bacharelado / Licenciatura / Psicólogo) | Diurno | Darcy Ribeiro (Plano Piloto) / DF,EP_R2_PPI,EP_R2_PPI,True,R2,1.5,PPI,False,43.34,66.078
2019-2021,2021,Darcy Ribeiro (Plano Piloto) / DF,Psicologia (Bacharelado / Licenciatura / Psicólogo),Diurno,Psicologia (Bacharelado / Licenciatura / Psicólogo) | Diurno | Darcy Ribeiro (Plano Piloto) / DF,EP_R2_NPPI,EP_R2_NPPI,True,R2,1.5,NPPI,False,110.305,135.373
2019-2021,2021,Darcy Ribeiro (Plano Piloto) / DF,Psicologia (Bacharelado / Licenciatura / Psicólogo),Diurno,Psicologia (Bacharelado / Licenciatura / Psicólogo) | Diurno | Darcy Ribeiro (Plano Piloto) / DF,AC,AC,False,,,,False,107.286,137.756
2019-2021,2021,Darcy Ribeiro (Plano Piloto) / DF,Química (Bacharelado),Diurno,Química (Bacharelado) | Diurno | Darcy Ribeiro (Plano Piloto) / DF,CN,CN,False,,,NEGROS,False,-22.823,-22.823
2019-2021,2021,Darcy Ribeiro (Plano Piloto) / DF,Química (Bacharelado),Diurno,Química (Bacharelado) | Diurno | Darcy Ribeiro (Plano Piloto) / DF,EP_R1_NPPI,EP_R1_NPPI,True,R1,1.5,NPPI,False,-31.14,10.829
2019-2021,2021,Darcy Ribeiro (Plano Piloto) / DF,Química (Bacharelado),Diurno,Química (Bacharelado) | Diurno | Darcy Ribeiro (Plano Piloto) / DF,EP_R2_PPI,EP_R2_PPI,True,R2,1.5,PPI,False,-22.661,21.491
2019-2021,2021,Darcy Ribeiro (Plano Piloto) / DF,Química (Bacharelado),Diurno,Química (Bacharelado) | Diurno | Darcy Ribeiro (Plano Piloto) / DF,EP_R2_NPPI,EP_R2_NPPI,True,R2,1.5,NPPI,False,-37.593,57.929
2019-2021,2021,Darcy Ribeiro (Plano Piloto) / DF,Química (Bacharelado),Diurno,Química (Bacharelado) | Diurno | Darcy Ribeiro (Plano Piloto) / DF,AC,AC,False,,,,False,16.702,89.253
2019-2021,2021,Darcy Ribeiro (Plano Piloto) / DF,Química Tecnológica (Bacharelado),Diurno,Química Tecnológica (Bacharelado) | Diurno | Darcy Ribeiro (Plano Piloto) / DF,CN,CN,False,,,NEGROS,False,-2.177,-2.177
2019-2021,2021,Darcy Ribeiro (Plano Piloto) / DF,Química Tecnológica (Bacharelado),Diurno,Química Tecnológica (Bacharelado) | Diurno | Darcy Ribeiro (Plano Piloto) / DF,EP_R1_NPPI,EP_R1_NPPI,True,R1,1.5,NPPI,False,23.339,23.339
2019-2021,2021,Darcy Ribeiro (Plano Piloto) / DF,Química Tecnológica (Bacharelado),Diurno,Química Tecnológica (Bacharelado) | Diurno | Darcy Ribeiro (Plano Piloto) / DF,EP_R2_NPPI,EP_R2_NPPI,True,R2,1.5,NPPI,False,-27.683,-27.683
2019-2021,2021,Darcy Ribeiro (Plano Piloto) / DF,Química Tecnológica (Bacharelado),Diurno,Química Tecnológica (Bacharelado) | Diurno | Darcy Ribeiro (Plano Piloto) / DF,AC,AC,False,,,,False,-23.379,65.907
2019-2021,2021,Darcy Ribeiro (Plano Piloto) / DF,Relações Internacionais (Bacharelado),Diurno,Relações Internacionais (Bacharelado) | Diurno | Darcy Ribeiro (Plano Piloto) / DF,CN,CN,False,,,NEGROS,False,47.562,47.562
2019-2021,2021,Darcy Ribeiro (Plano Piloto) / DF,Relações Internacionais (Bacharelado),Diurno,Relações Internacionais (Bacharelado) | Diurno | Darcy Ribeiro (Plano Piloto) / DF,EP_R1_PPI,EP_R1_PPI,True,R1,1.5,PPI,False,17.31,73.797
2019-2021,2021,Darcy Ribeiro (Plano Piloto) / DF,Relações Internacionais (Bacharelado),Diurno,Relações Internacionais (Bacharelado) | Diurno | Darcy Ribeiro (Plano Piloto) / DF,EP_R1_NPPI,EP_R1_NPPI,True,R1,1.5,NPPI,False,11.118,64.536
2019-2021,2021,Darcy Ribeiro (Plano Piloto) / DF,Relações Internacionais (Bacharelado),Diurno,Relações Internacionais (Bacharelado) | Diurno | Darcy Ribeiro (Plano Piloto) / DF,EP_R2_PPI,EP_R2_PPI,True,R2,1.5,PPI,False,46.911,136.108
2019-2021,2021,Darcy Ribeiro (Plano Piloto) / DF,Relações Internacionais (Bacharelado),Diurno,Relações Internacionais (Bacharelado) | Diurno | Darcy Ribeiro (Plano Piloto) / DF,EP_R2_NPPI,EP_R2_NPPI,True,R2,1.5,NPPI,False,111.332,111.332
2019-2021,2021,Darcy Ribeiro (Plano Piloto) / DF,Relações Internacionais (Bacharelado),Diurno,Relações Internacionais (Bacharelado) | Diurno | Darcy Ribeiro (Plano Piloto) / DF,EP_R2_NPPI_PCD,EP_R2_NPPI_PCD,True,R2,1.5,NPPI,True,-63.46,-63.46
2019-2021,2021,Darcy Ribeiro (Plano Piloto) / DF,Relações Internacionais (Bacharelado),Diurno,Relações Internacionais (Bacharelado) | Diurno | Darcy Ribeiro (Plano Piloto) / DF,AC,AC,False,,,,False,98.313,152.744
2019-2021,2021,Darcy Ribeiro (Plano Piloto) / DF,Saúde Coletiva (Bacharelado),Noturno,Saúde Coletiva (Bacharelado) | Noturno | Darcy Ribeiro (Plano Piloto) / DF,CN,CN,False,,,NEGROS,False,-38.727,-38.727
2019-2021,2021,Darcy Ribeiro (Plano Piloto) / DF,Saúde Coletiva (Bacharelado),Noturno,Saúde Coletiva (Bacharelado) | Noturno | Darcy Ribeiro (Plano Piloto) / DF,EP_R1_PPI,EP_R1_PPI,True,R1,1.5,PPI,False,-64.747,-22.831
2019-2021,2021,Darcy Ribeiro (Plano Piloto) / DF,Saúde Coletiva (Bacharelado),Noturno,Saúde Coletiva (Bacharelado) | Noturno | Darcy Ribeiro (Plano Piloto) / DF,EP_R1_NPPI,EP_R1_NPPI,True,R1,1.5,NPPI,False,-1.391,-1.391
2019-2021,2021,Darcy Ribeiro (Plano Piloto) / DF,Saúde Coletiva (Bacharelado),Noturno,Saúde Coletiva (Bacharelado) | Noturno | Darcy Ribeiro (Plano Piloto) / DF,EP_R2_PPI,EP_R2_PPI,True,R2,1.5,PPI,False,-20.34,-20.34
2019-2021,2021,Darcy Ribeiro (Plano Piloto) / DF,Saúde Coletiva (Bacharelado),Noturno,Saúde Coletiva (Bacharelado) | Noturno | Darcy Ribeiro (Plano Piloto) / DF,EP_R2_NPPI,EP_R2_NPPI,True,R2,1.5,NPPI,False,-71.558,-36.051
2019-2021,2021,Darcy Ribeiro (Plano Piloto) / DF,Saúde Coletiva (Bacharelado),Noturno,Saúde Coletiva (Bacharelado) | Noturno | Darcy Ribeiro (Plano Piloto) / DF,AC,AC,False,,,,False,-55.136,-44.554
2019-2021,2021,Darcy Ribeiro (Plano Piloto) / DF,Serviço Social (Bacharelado),Noturno,Serviço Social (Bacharelado) | Noturno | Darcy Ribeiro (Plano Piloto) / DF,EP_R1_PPI,EP_R1_PPI,True,R1,1.5,PPI,False,-42.517,-26.01
2019-2021,2021,Darcy Ribeiro (Plano Piloto) / DF,Serviço Social (Bacharelado),Noturno,Serviço Social (Bacharelado) | Noturno | Darcy Ribeiro (Plano Piloto) / DF,EP_R1_NPPI,EP_R1_NPPI,True,R1,1.5,NPPI,False,-35.078,-35.078
2019-2021,2021,Darcy Ribeiro (Plano Piloto) / DF,Serviço Social (Bacharelado),Noturno,Serviço Social (Bacharelado) | Noturno | Darcy Ribeiro (Plano Piloto) / DF,EP_R2_NPPI,EP_R2_NPPI,True,R2,1.5,NPPI,False,-37.74,-14.877
2019-2021,2021,Darcy Ribeiro (Plano Piloto) / DF,Serviço Social (Bacharelado),Noturno,Serviço Social (Bacharelado) | Noturno | Darcy Ribeiro (Plano Piloto) / DF,AC,AC,False,,,,False,-76.148,-17.915
2019-2021,2021,Darcy Ribeiro (Plano Piloto) / DF,Serviço Social (Bacharelado),Diurno,Serviço Social (Bacharelado) | Diurno | Darcy Ribeiro (Plano Piloto) / DF,CN,CN,False,,,NEGROS,False,14.694,14.694
2019-2021,2021,Darcy Ribeiro (Plano Piloto) / DF,Serviço Social (Bacharelado),Diurno,Serviço Social (Bacharelado) | Diurno | Darcy Ribeiro (Plano Piloto) / DF,EP_R1_PPI,EP_R1_PPI,True,R1,1.5,PPI,False,-10.261,19.595
2019-2021,2021,Darcy Ribeiro (Plano Piloto) / DF,Serviço Social (Bacharelado),Diurno,Serviço Social (Bacharelado) | Diurno | Darcy Ribeiro (Plano Piloto) / DF,EP_R2_PPI,EP_R2_PPI,True,R2,1.5,PPI,False,-33.215,1.085
2019-2021,2021,Darcy Ribeiro (Plano Piloto) / DF,Serviço Social (Bacharelado),Diurno,Serviço Social (Bacharelado) | Diurno | Darcy Ribeiro (Plano Piloto) / DF,EP_R2_NPPI,EP_R2_NPPI,True,R2,1.5,NPPI,False,-58.673,-11.65
2019-2021,2021,Darcy Ribeiro (Plano Piloto) / DF,Serviço Social (Bacharelado),Diurno,Serviço Social (Bacharelado) | Diurno | Darcy Ribeiro (Plano Piloto) / DF,AC,AC,False,,,,False,3.922,58.117
2019-2021,2021,Darcy Ribeiro (Plano Piloto) / DF,"Teoria, Crítica e História da Arte (Bacharelado)",Noturno,"Teoria, Crítica e História da Arte (Bacharelado) | Noturno | Darcy Ribeiro (Plano Piloto) / DF",EP_R2_NPPI,EP_R2_NPPI,True,R2,1.5,NPPI,False,-27.615,-13.504
2019-2021,2021,Darcy Ribeiro (Plano Piloto) / DF,"Teoria, Crítica e História da Arte (Bacharelado)",Noturno,"Teoria, Crítica e História da Arte (Bacharelado) | Noturno | Darcy Ribeiro (Plano Piloto) / DF",AC,AC,False,,,,False,-0.054,50.763
2019-2021,2021,Darcy Ribeiro (Plano Piloto) / DF,Turismo (Bacharelado),Diurno,Turismo (Bacharelado) | Diurno | Darcy Ribeiro (Plano Piloto) / DF,CN,CN,False,,,NEGROS,False,-21.951,-21.951
2019-2021,2021,Darcy Ribeiro (Plano Piloto) / DF,Turismo (Bacharelado),Diurno,Turismo (Bacharelado) | Diurno | Darcy Ribeiro (Plano Piloto) / DF,EP_R1_PPI,EP_R1_PPI,True,R1,1.5,PPI,False,-54.814,-54.814
2019-2021,2021,Darcy Ribeiro (Plano Piloto) / DF,Turismo (Bacharelado),Diurno,Turismo (Bacharelado) | Diurno | Darcy Ribeiro (Plano Piloto) / DF,EP_R1_NPPI,EP_R1_NPPI,True,R1,1.5,NPPI,False,-64.42,-64.42
2019-2021,2021,Darcy Ribeiro (Plano Piloto) / DF,Turismo (Bacharelado),Diurno,Turismo (Bacharelado) | Diurno | Darcy Ribeiro (Plano Piloto) / DF,EP_R2_NPPI,EP_R2_NPPI,True,R2,1.5,NPPI,False,-79.506,-24.63
2019-2021,2021,Darcy Ribeiro (Plano Piloto) / DF,Turismo (Bacharelado),Diurno,Turismo (Bacharelado) | Diurno | Darcy Ribeiro (Plano Piloto) / DF,AC,AC,False,,,,False,-89.917,12.676
2019-2021,2021,Ceilândia / DF,Enfermagem (Bacharelado),Diurno,Enfermagem (Bacharelado) | Diurno | Ceilândia / DF,CN,CN,False,,,NEGROS,False,36.97,36.97
2019-2021,2021,Ceilândia / DF,Enfermagem (Bacharelado),Diurno,Enfermagem (Bacharelado) | Diurno | Ceilândia / DF,EP_R1_PPI,EP_R1_PPI,True,R1,1.5,PPI,False,3.019,34.414
2019-2021,2021,Ceilândia / DF,Enfermagem (Bacharelado),Diurno,Enfermagem (Bacharelado) | Diurno | Ceilândia / DF,EP_R1_PPI_PCD,EP_R1_PPI_PCD,True,R1,1.5,PPI,True,-61.597,-61.597
2019-2021,2021,Ceilândia / DF,Enfermagem (Bacharelado),Diurno,Enfermagem (Bacharelado) | Diurno | Ceilândia / DF,EP_R1_NPPI,EP_R1_NPPI,True,R1,1.5,NPPI,False,14.131,22.52
2019-2021,2021,Ceilândia / DF,Enfermagem (Bacharelado),Diurno,Enfermagem (Bacharelado) | Diurno | Ceilândia / DF,EP_R2_PPI,EP_R2_PPI,True,R2,1.5,PPI,False,4.949,31.291
2019-2021,2021,Ceilândia / DF,Enfermagem (Bacharelado),Diurno,Enfermagem (Bacharelado) | Diurno | Ceilândia / DF,EP_R2_NPPI,EP_R2_NPPI,True,R2,1.5,NPPI,False,26.36,46.546
2019-2021,2021,Ceilândia / DF,Enfermagem (Bacharelado),Diurno,Enfermagem (Bacharelado) | Diurno | Ceilândia / DF,AC,AC,False,,,,False,26.432,71.32
2019-2021,2021,Ceilândia / DF,Farmácia (Bacharelado),Diurno,Farmácia (Bacharelado) | Diurno | Ceilândia / DF,CN,CN,False,,,NEGROS,False,3.739,3.739
2019-2021,2021,Ceilândia / DF,Farmácia (Bacharelado),Diurno,Farmácia (Bacharelado) | Diurno | Ceilândia / DF,EP_R1_PPI,EP_R1_PPI,True,R1,1.5,PPI,False,2.818,2.818
2019-2021,2021,Ceilândia / DF,Farmácia (Bacharelado),Diurno,Farmácia (Bacharelado) | Diurno | Ceilândia / DF,EP_R1_NPPI,EP_R1_NPPI,True,R1,1.5,NPPI,False,-47.03,60.896
2019-2021,2021,Ceilândia / DF,Farmácia (Bacharelado),Diurno,Farmácia (Bacharelado) | Diurno | Ceilândia / DF,EP_R2_PPI,EP_R2_PPI,True,R2,1.5,PPI,False,-17.25,63.724
2019-2021,2021,Ceilândia / DF,Farmácia (Bacharelado),Diurno,Farmácia (Bacharelado) | Diurno | Ceilândia / DF,EP_R2_NPPI,EP_R2_NPPI,True,R2,1.5,NPPI,False,22.311,28.161
2019-2021,2021,Ceilândia / DF,Farmácia (Bacharelado),Diurno,Farmácia (Bacharelado) | Diurno | Ceilândia / DF,AC,AC,False,,,,False,-1.212,74.556
2019-2021,2021,Ceilândia / DF,Fisioterapia (Bacharelado),Diurno,Fisioterapia (Bacharelado) | Diurno | Ceilândia / DF,CN,CN,False,,,NEGROS,False,23.699,23.699
2019-2021,2021,Ceilândia / DF,Fisioterapia (Bacharelado),Diurno,Fisioterapia (Bacharelado) | Diurno | Ceilândia / DF,EP_R1_PPI,EP_R1_PPI,True,R1,1.5,PPI,False,-13.417,3.499
2019-2021,2021,Ceilândia / DF,Fisioterapia (Bacharelado),Diurno,Fisioterapia (Bacharelado) | Diurno | Ceilândia / DF,EP_R1_NPPI,EP_R1_NPPI,True,R1,1.5,NPPI,False,0.515,17.749
2019-2021,2021,Ceilândia / DF,Fisioterapia (Bacharelado),Diurno,Fisioterapia (Bacharelado) | Diurno | Ceilândia / DF,EP_R2_PPI,EP_R2_PPI,True,R2,1.5,PPI,False,-7.663,20.714
2019-2021,2021,Ceilândia / DF,Fisioterapia (Bacharelado),Diurno,Fisioterapia (Bacharelado) | Diurno | Ceilândia / DF,EP_R2_NPPI,EP_R2_NPPI,True,R2,1.5,NPPI,False,10.703,24.247
2019-2021,2021,Ceilândia / DF,Fisioterapia (Bacharelado),Diurno,Fisioterapia (Bacharelado) | Diurno | Ceilândia / DF,AC,AC,False,,,,False,30.618,121.109
2019-2021,2021,Ceilândia / DF,Fonoaudiologia (Bacharelado),Diurno,Fonoaudiologia (Bacharelado) | Diurno | Ceilândia / DF,CN,CN,False,,,NEGROS,False,46.715,46.715
2019-2021,2021,Ceilândia / DF,Fonoaudiologia (Bacharelado),Diurno,Fonoaudiologia (Bacharelado) | Diurno | Ceilândia / DF,EP_R1_PPI,EP_R1_PPI,True,R1,1.5,PPI,False,-11.763,14.629
2019-2021,2021,Ceilândia / DF,Fonoaudiologia (Bacharelado),Diurno,Fonoaudiologia (Bacharelado) | Diurno | Ceilândia / DF,EP_R1_NPPI,EP_R1_NPPI,True,R1,1.5,NPPI,False,-8.658,18.255
2019-2021,2021,Ceilândia / DF,Fonoaudiologia (Bacharelado),Diurno,Fonoaudiologia (Bacharelado) | Diurno | Ceilândia / DF,EP_R2_PPI,EP_R2_PPI,True,R2,1.5,PPI,False,-69.725,23.483
2019-2021,2021,Ceilândia / DF,Fonoaudiologia (Bacharelado),Diurno,Fonoaudiologia (Bacharelado) | Diurno | Ceilândia / DF,EP_R2_NPPI,EP_R2_NPPI,True,R2,1.5,NPPI,False,25.151,25.151
2019-2021,2021,Ceilândia / DF,Fonoaudiologia (Bacharelado),Diurno,Fonoaudiologia (Bacharelado) | Diurno | Ceilândia / DF,AC,AC,False,,,,False,-14.934,11.358
2019-2021,2021,Ceilândia / DF,Saúde Coletiva (Bacharelado),Diurno,Saúde Coletiva (Bacharelado) | Diurno | Ceilândia / DF,EP_R1_PPI,EP_R1_PPI,True,R1,1.5,PPI,False,-102.502,-102.502
2019-2021,2021,Ceilândia / DF,Saúde Coletiva (Bacharelado),Diurno,Saúde Coletiva (Bacharelado) | Diurno | Ceilândia / DF,EP_R1_NPPI,EP_R1_NPPI,True,R1,1.5,NPPI,False,-55.278,-31.583
2019-2021,2021,Ceilândia / DF,Saúde Coletiva (Bacharelado),Diurno,Saúde Coletiva (Bacharelado) | Diurno | Ceilândia / DF,EP_R2_PPI,EP_R2_PPI,True,R2,1.5,PPI,False,-58.614,-58.614
2019-2021,2021,Ceilândia / DF,Saúde Coletiva (Bacharelado),Diurno,Saúde Coletiva (Bacharelado) | Diurno | Ceilândia / DF,EP_R2_NPPI,EP_R2_NPPI,True,R2,1.5,NPPI,False,-95.903,-28.196
2019-2021,2021,Ceilândia / DF,Saúde Coletiva (Bacharelado),Diurno,Saúde Coletiva (Bacharelado) | Diurno | Ceilândia / DF,AC,AC,False,,,,False,-67.997,-8.405
2019-2021,2021,Ceilândia / DF,Terapia Ocupacional (Bacharelado),Diurno,Terapia Ocupacional (Bacharelado) | Diurno | Ceilândia / DF,CN,CN,False,,,NEGROS,False,-8.712,-8.712
2019-2021,2021,Ceilândia / DF,Terapia Ocupacional (Bacharelado),Diurno,Terapia Ocupacional (Bacharelado) | Diurno | Ceilândia / DF,EP_R1_PPI,EP_R1_PPI,True,R1,1.5,PPI,False,-62.296,-38.06
2019-2021,2021,Ceilândia / DF,Terapia Ocupacional (Bacharelado),Diurno,Terapia Ocupacional (Bacharelado) | Diurno | Ceilândia / DF,EP_R1_NPPI,EP_R1_NPPI,True,R1,1.5,NPPI,False,-29.114,-25.419
2019-2021,2021,Ceilândia / DF,Terapia Ocupacional (Bacharelado),Diurno,Terapia Ocupacional (Bacharelado) | Diurno | Ceilândia / DF,EP_R2_PPI,EP_R2_PPI,True,R2,1.5,PPI,False,-69.768,9.306
2019-2021,2021,Ceilândia / DF,Terapia Ocupacional (Bacharelado),Diurno,Terapia Ocupacional (Bacharelado) | Diurno | Ceilândia / DF,EP_R2_NPPI,EP_R2_NPPI,True,R2,1.5,NPPI,False,-14.518,37.811
2019-2021,2021,Ceilândia / DF,Terapia Ocupacional (Bacharelado),Diurno,Terapia Ocupacional (Bacharelado) | Diurno | Ceilândia / DF,AC,AC,False,,,,False,-21.685,19.322
2019-2021,2021,Gama / DF,Engenharias – Aeroespacial / Automotiva / Eletrônica / Energia / Software (Bacharelados)**,Diurno,Engenharias – Aeroespacial / Automotiva / Eletrônica / Energia / Software (Bacharelados)** | Diurno | Gama / DF,CN,CN,False,,,NEGROS,False,3.555,62.949
2019-2021,2021,Gama / DF,Engenharias – Aeroespacial / Automotiva / Eletrônica / Energia / Software (Bacharelados)**,Diurno,Engenharias – Aeroespacial / Automotiva / Eletrônica / Energia / Software (Bacharelados)** | Diurno | Gama / DF,EP_R1_PPI,EP_R1_PPI,True,R1,1.5,PPI,False,-67.127,17.176
2019-2021,2021,Gama / DF,Engenharias – Aeroespacial / Automotiva / Eletrônica / Energia / Software (Bacharelados)**,Diurno,Engenharias – Aeroespacial / Automotiva / Eletrônica / Energia / Software (Bacharelados)** | Diurno | Gama / DF,EP_R1_NPPI,EP_R1_NPPI,True,R1,1.5,NPPI,False,-53.711,45.621
2019-2021,2021,Gama / DF,Engenharias – Aeroespacial / Automotiva / Eletrônica / Energia / Software (Bacharelados)**,Diurno,Engenharias – Aeroespacial / Automotiva / Eletrônica / Energia / Software (Bacharelados)** | Diurno | Gama / DF,EP_R2_PPI,EP_R2_PPI,True,R2,1.5,PPI,False,-54.926,44.722
2019-2021,2021,Gama / DF,Engenharias – Aeroespacial / Automotiva / Eletrônica / Energia / Software (Bacharelados)**,Diurno,Engenharias – Aeroespacial / Automotiva / Eletrônica / Energia / Software (Bacharelados)** | Diurno | Gama / DF,EP_R2_NPPI,EP_R2_NPPI,True,R2,1.5,NPPI,False,12.504,93.644
2019-2021,2021,Gama / DF,Engenharias – Aeroespacial / Automotiva / Eletrônica / Energia / Software (Bacharelados)**,Diurno,Engenharias – Aeroespacial / Automotiva / Eletrônica / Energia / Software (Bacharelados)** | Diurno | Gama / DF,AC,AC,False,,,,False,50.195,175.146
2019-2021,2021,Planaltina / DF,Ciências Naturais,Diurno,Ciências Naturais | Diurno | Planaltina / DF,AC,AC,False,,,,False,-85.5,-85.5
2019-2021,2021,Planaltina / DF,Ciências Naturais,Noturno,Ciências Naturais | Noturno | Planaltina / DF,CN,CN,False,,,NEGROS,False,-90.203,-90.203
2019-2021,2021,Planaltina / DF,Ciências Naturais,Noturno,Ciências Naturais | Noturno | Planaltina / DF,AC,AC,False,,,,False,-76.854,-20.469
2019-2021,2021,Planaltina / DF,Gestão Ambiental (Bacharelado),Noturno,Gestão Ambiental (Bacharelado) | Noturno | Planaltina / DF,EP_R2_PPI,EP_R2_PPI,True,R2,1.5,PPI,False,-34.138,-34.138
2019-2021,2021,Planaltina / DF,Gestão Ambiental (Bacharelado),Noturno,Gestão Ambiental (Bacharelado) | Noturno | Planaltina / DF,EP_R2_NPPI,EP_R2_NPPI,True,R2,1.5,NPPI,False,-73.509,39.118
2019-2021,2021,Planaltina / DF,Gestão do Agronegócio (Bacharelado),Diurno,Gestão do Agronegócio (Bacharelado) | Diurno | Planaltina / DF,AC,AC,False,,,,False,-78.135,-78.135
